repeat,fold,term_name,coefficient,constraint,alpha
1,1,app_foreground_event_count,0.18125650953291597,>= 0,204.33597178569437
1,1,app_use_diversity,0.20331385904631852,>= 0,204.33597178569437
1,1,unique_foreground_apps,0.14373710701775538,>= 0,204.33597178569437
1,1,gsm_cell_transition_count,9.134748303905525e-27,>= 0,204.33597178569437
1,1,unique_gsm_cell_count,6.944793598372055e-23,>= 0,204.33597178569437
1,1,unique_gsm_lac_count,4.2397806470154346e-27,>= 0,204.33597178569437
1,1,gsm_neighbor_cell_transition_count,-0.0683222369940316,<= 0,204.33597178569437
1,1,unique_gsm_neighbor_cell_count,-0.5738822498306932,<= 0,204.33597178569437
1,1,unique_gsm_neighbor_lac_count,5.2580329079458536e-27,>= 0,204.33597178569437
1,1,keyboard_deletion_event_count,-2.3422356439442445e-24,<= 0,204.33597178569437
1,1,keyboard_inter_event_interval_iqr_ms,-1.4777211403195333e-18,<= 0,204.33597178569437
1,1,keyboard_long_pause_count_2s,-1.8278084069865864e-23,<= 0,204.33597178569437
1,1,keyboard_median_inter_event_interval_ms,-1.4298002857826325e-15,<= 0,204.33597178569437
1,1,keyboard_median_word_completion_time_ms,-0.31506122607413456,<= 0,204.33597178569437
1,1,keyboard_typing_burst_count,-6.659595840164935e-24,<= 0,204.33597178569437
1,1,message_distinct_event_count,-0.03838842242691034,<= 0,204.33597178569437
1,1,activity_active_hour_count,5.196989285318807e-25,>= 0,204.33597178569437
1,1,activity_state_diversity,1.5886728698434352e-14,>= 0,204.33597178569437
1,1,activity_still_fraction,-0.004820760587825272,<= 0,204.33597178569437
1,1,activity_transition_count,5.5525592487282124e-24,>= 0,204.33597178569437
1,1,activity_unknown_fraction,0.09563138835463286,>= 0,204.33597178569437
1,1,median_unlocked_session_duration_seconds,-0.02125110454022411,<= 0,204.33597178569437
1,1,screen_active_hour_count,-3.690398111326774e-13,<= 0,204.33597178569437
1,1,screen_event_count,0.1513595601385495,>= 0,204.33597178569437
1,1,screen_off_event_count,0.11134316650127032,>= 0,204.33597178569437
1,1,screen_on_event_count,0.17587803451398096,>= 0,204.33597178569437
1,1,screen_transition_count,-0.05027727416986279,<= 0,204.33597178569437
1,1,screen_unlock_event_count,0.30357054694555774,>= 0,204.33597178569437
1,1,telephony_event_count,0.08018937312586395,>= 0,204.33597178569437
1,1,telephony_mobile_data_enabled_fraction,-0.5729432734822463,<= 0,204.33597178569437
1,1,telephony_network_type_diversity,0.16026424526377595,>= 0,204.33597178569437
1,1,touch_active_hour_count,-2.4674177139431108e-23,<= 0,204.33597178569437
1,1,touch_app_diversity,6.144542731495097e-28,>= 0,204.33597178569437
1,1,touch_click_event_count,-1.8930321897607408e-24,<= 0,204.33597178569437
1,1,touch_distinct_event_count,-8.638607942123142e-24,<= 0,204.33597178569437
1,1,touch_scroll_direction_change_count,-2.268668107571182e-23,<= 0,204.33597178569437
1,1,touch_scroll_event_count,-3.056780960647676e-23,<= 0,204.33597178569437
1,1,touch_scroll_index_change_median,-1.2117728470248856e-42,<= 0,204.33597178569437
1,1,touch_unique_app_count,0.003941354561241026,>= 0,204.33597178569437
1,1,missing__app_foreground_event_count,-0.06647465772682225,unconstrained,204.33597178569437
1,1,missing__app_use_diversity,-0.06647465772682207,unconstrained,204.33597178569437
1,1,missing__unique_foreground_apps,-0.06647465772682218,unconstrained,204.33597178569437
1,1,missing__gsm_cell_transition_count,0.11409444279568051,unconstrained,204.33597178569437
1,1,missing__unique_gsm_cell_count,0.11409444279568053,unconstrained,204.33597178569437
1,1,missing__unique_gsm_lac_count,0.11409444279568046,unconstrained,204.33597178569437
1,1,missing__gsm_neighbor_cell_transition_count,0.1144692887331447,unconstrained,204.33597178569437
1,1,missing__unique_gsm_neighbor_cell_count,0.1144692887331447,unconstrained,204.33597178569437
1,1,missing__unique_gsm_neighbor_lac_count,0.11446928873314481,unconstrained,204.33597178569437
1,1,missing__keyboard_deletion_event_count,-0.14657451953390294,unconstrained,204.33597178569437
1,1,missing__keyboard_inter_event_interval_iqr_ms,-0.14657451953390313,unconstrained,204.33597178569437
1,1,missing__keyboard_long_pause_count_2s,-0.146574519533903,unconstrained,204.33597178569437
1,1,missing__keyboard_median_inter_event_interval_ms,-0.14657451953390296,unconstrained,204.33597178569437
1,1,missing__keyboard_median_word_completion_time_ms,0.079595424147162,unconstrained,204.33597178569437
1,1,missing__keyboard_typing_burst_count,-0.14657451953390313,unconstrained,204.33597178569437
1,1,missing__message_distinct_event_count,0.07354674182873483,unconstrained,204.33597178569437
1,1,missing__activity_active_hour_count,0.1140944427956805,unconstrained,204.33597178569437
1,1,missing__activity_state_diversity,0.1140944427956805,unconstrained,204.33597178569437
1,1,missing__activity_still_fraction,0.11409444279568051,unconstrained,204.33597178569437
1,1,missing__activity_transition_count,0.11409444279568048,unconstrained,204.33597178569437
1,1,missing__activity_unknown_fraction,0.11409444279568039,unconstrained,204.33597178569437
1,1,missing__median_unlocked_session_duration_seconds,0.11409444279568046,unconstrained,204.33597178569437
1,1,missing__screen_active_hour_count,0.16635150371645316,unconstrained,204.33597178569437
1,1,missing__screen_event_count,0.16635150371645296,unconstrained,204.33597178569437
1,1,missing__screen_off_event_count,0.16635150371645283,unconstrained,204.33597178569437
1,1,missing__screen_on_event_count,0.16635150371645294,unconstrained,204.33597178569437
1,1,missing__screen_transition_count,0.16635150371645294,unconstrained,204.33597178569437
1,1,missing__screen_unlock_event_count,0.16635150371645302,unconstrained,204.33597178569437
1,1,missing__telephony_event_count,0.11409444279568047,unconstrained,204.33597178569437
1,1,missing__telephony_mobile_data_enabled_fraction,0.1140944427956806,unconstrained,204.33597178569437
1,1,missing__telephony_network_type_diversity,0.11409444279568044,unconstrained,204.33597178569437
1,1,missing__touch_active_hour_count,-0.10157945956158614,unconstrained,204.33597178569437
1,1,missing__touch_app_diversity,-0.10157945956158625,unconstrained,204.33597178569437
1,1,missing__touch_click_event_count,-0.10157945956158615,unconstrained,204.33597178569437
1,1,missing__touch_distinct_event_count,-0.10157945956158627,unconstrained,204.33597178569437
1,1,missing__touch_scroll_direction_change_count,0.09240983572898248,unconstrained,204.33597178569437
1,1,missing__touch_scroll_event_count,-0.10157945956158627,unconstrained,204.33597178569437
1,1,missing__touch_scroll_index_change_median,0.0924098357289825,unconstrained,204.33597178569437
1,1,missing__touch_unique_app_count,-0.10157945956158616,unconstrained,204.33597178569437
1,2,app_foreground_event_count,0.0064177978176057264,>= 0,10000.0
1,2,app_use_diversity,0.012275014672778117,>= 0,10000.0
1,2,unique_foreground_apps,0.0078109770843678055,>= 0,10000.0
1,2,gsm_cell_transition_count,1.0312110045991298e-43,>= 0,10000.0
1,2,unique_gsm_cell_count,0.0017138605969924793,>= 0,10000.0
1,2,unique_gsm_lac_count,-3.4564302246906935e-05,<= 0,10000.0
1,2,gsm_neighbor_cell_transition_count,-5.9452157680003616e-24,<= 0,10000.0
1,2,unique_gsm_neighbor_cell_count,-0.0012109673866537544,<= 0,10000.0
1,2,unique_gsm_neighbor_lac_count,-0.004158496903012324,<= 0,10000.0
1,2,keyboard_deletion_event_count,0.0030681369520352097,>= 0,10000.0
1,2,keyboard_inter_event_interval_iqr_ms,-0.0032532406951571676,<= 0,10000.0
1,2,keyboard_long_pause_count_2s,0.0029359257640467692,>= 0,10000.0
1,2,keyboard_median_inter_event_interval_ms,-0.0037245992129817883,<= 0,10000.0
1,2,keyboard_median_word_completion_time_ms,-2.661319274048765e-34,<= 0,10000.0
1,2,keyboard_typing_burst_count,-3.611282674795528e-29,<= 0,10000.0
1,2,message_distinct_event_count,1.1585098635894622e-47,>= 0,10000.0
1,2,activity_active_hour_count,0.0013441860281523516,>= 0,10000.0
1,2,activity_state_diversity,-1.086606090611542e-39,<= 0,10000.0
1,2,activity_still_fraction,-0.006969053225810046,<= 0,10000.0
1,2,activity_transition_count,0.0036627994512635257,>= 0,10000.0
1,2,activity_unknown_fraction,-7.199252235776337e-34,<= 0,10000.0
1,2,median_unlocked_session_duration_seconds,-3.1166911407328036e-33,<= 0,10000.0
1,2,night_screen_event_count,-0.0034961008743817474,<= 0,10000.0
1,2,screen_active_hour_count,-0.005834987193047136,<= 0,10000.0
1,2,screen_event_count,0.003052567982706163,>= 0,10000.0
1,2,screen_off_event_count,-2.1031756990548978e-29,<= 0,10000.0
1,2,screen_on_event_count,0.002240911961907448,>= 0,10000.0
1,2,screen_transition_count,-1.3340733949781244e-14,<= 0,10000.0
1,2,screen_unlock_event_count,0.0026259502797404146,>= 0,10000.0
1,2,telephony_event_count,1.1683713692040068e-22,>= 0,10000.0
1,2,telephony_mobile_data_enabled_fraction,-0.009033104620299867,<= 0,10000.0
1,2,telephony_network_type_diversity,-0.00039063105355565823,<= 0,10000.0
1,2,touch_active_hour_count,-1.2357571460487329e-20,<= 0,10000.0
1,2,touch_app_diversity,-0.0030830527377808323,<= 0,10000.0
1,2,touch_click_event_count,-1.4714693846805686e-32,<= 0,10000.0
1,2,touch_distinct_event_count,0.0036876216265292003,>= 0,10000.0
1,2,touch_scroll_direction_change_count,0.0021209618641857136,>= 0,10000.0
1,2,touch_scroll_event_count,-3.9442721141442225e-30,<= 0,10000.0
1,2,touch_scroll_index_change_median,-1.5907444097902793e-31,<= 0,10000.0
1,2,touch_unique_app_count,0.00418708527291384,>= 0,10000.0
1,2,missing__app_foreground_event_count,0.000603718467527745,unconstrained,10000.0
1,2,missing__app_use_diversity,0.0006037184675277396,unconstrained,10000.0
1,2,missing__unique_foreground_apps,0.0006037184675277594,unconstrained,10000.0
1,2,missing__gsm_cell_transition_count,0.007190320930313433,unconstrained,10000.0
1,2,missing__unique_gsm_cell_count,0.007190320930313435,unconstrained,10000.0
1,2,missing__unique_gsm_lac_count,0.007190320930313426,unconstrained,10000.0
1,2,missing__gsm_neighbor_cell_transition_count,0.0036034450063998852,unconstrained,10000.0
1,2,missing__unique_gsm_neighbor_cell_count,0.003603445006399885,unconstrained,10000.0
1,2,missing__unique_gsm_neighbor_lac_count,0.0036034450063998805,unconstrained,10000.0
1,2,missing__keyboard_deletion_event_count,-0.009566746594948739,unconstrained,10000.0
1,2,missing__keyboard_inter_event_interval_iqr_ms,-0.009566746594948739,unconstrained,10000.0
1,2,missing__keyboard_long_pause_count_2s,-0.00956674659494874,unconstrained,10000.0
1,2,missing__keyboard_median_inter_event_interval_ms,-0.009566746594948735,unconstrained,10000.0
1,2,missing__keyboard_median_word_completion_time_ms,-0.00660542095394415,unconstrained,10000.0
1,2,missing__keyboard_typing_burst_count,-0.009566746594948747,unconstrained,10000.0
1,2,missing__message_distinct_event_count,0.011548043095208306,unconstrained,10000.0
1,2,missing__activity_active_hour_count,0.007190320930313432,unconstrained,10000.0
1,2,missing__activity_state_diversity,0.007190320930313435,unconstrained,10000.0
1,2,missing__activity_still_fraction,0.007190320930313444,unconstrained,10000.0
1,2,missing__activity_transition_count,0.007190320930313427,unconstrained,10000.0
1,2,missing__activity_unknown_fraction,0.007190320930313432,unconstrained,10000.0
1,2,missing__median_unlocked_session_duration_seconds,0.006400377125612915,unconstrained,10000.0
1,2,missing__night_screen_event_count,0.00826739700664788,unconstrained,10000.0
1,2,missing__screen_active_hour_count,0.008267397006647883,unconstrained,10000.0
1,2,missing__screen_event_count,0.008267397006647876,unconstrained,10000.0
1,2,missing__screen_off_event_count,0.008267397006647874,unconstrained,10000.0
1,2,missing__screen_on_event_count,0.008267397006647878,unconstrained,10000.0
1,2,missing__screen_transition_count,0.008267397006647874,unconstrained,10000.0
1,2,missing__screen_unlock_event_count,0.008267397006647881,unconstrained,10000.0
1,2,missing__telephony_event_count,0.007190320930313429,unconstrained,10000.0
1,2,missing__telephony_mobile_data_enabled_fraction,0.007190320930313422,unconstrained,10000.0
1,2,missing__telephony_network_type_diversity,0.007190320930313429,unconstrained,10000.0
1,2,missing__touch_active_hour_count,-0.0037342540243091886,unconstrained,10000.0
1,2,missing__touch_app_diversity,-0.0037342540243091873,unconstrained,10000.0
1,2,missing__touch_click_event_count,-0.003734254024309189,unconstrained,10000.0
1,2,missing__touch_distinct_event_count,-0.003734254024309192,unconstrained,10000.0
1,2,missing__touch_scroll_direction_change_count,-0.0013090984573809203,unconstrained,10000.0
1,2,missing__touch_scroll_event_count,-0.0037342540243091873,unconstrained,10000.0
1,2,missing__touch_scroll_index_change_median,-0.0013090984573809255,unconstrained,10000.0
1,2,missing__touch_unique_app_count,-0.003734254024309188,unconstrained,10000.0
1,3,app_foreground_event_count,0.06888106809477522,>= 0,1082.636733874054
1,3,app_use_diversity,0.13712235315394963,>= 0,1082.636733874054
1,3,unique_foreground_apps,0.0679761897836011,>= 0,1082.636733874054
1,3,gsm_cell_transition_count,2.8870229308069097e-31,>= 0,1082.636733874054
1,3,unique_gsm_cell_count,0.003347164365453446,>= 0,1082.636733874054
1,3,unique_gsm_lac_count,1.7465718523238574e-32,>= 0,1082.636733874054
1,3,gsm_neighbor_cell_transition_count,-8.456794590526088e-52,<= 0,1082.636733874054
1,3,unique_gsm_neighbor_cell_count,-0.10949513879342192,<= 0,1082.636733874054
1,3,unique_gsm_neighbor_lac_count,1.831741113126014e-39,>= 0,1082.636733874054
1,3,keyboard_deletion_event_count,0.09071905022574946,>= 0,1082.636733874054
1,3,keyboard_inter_event_interval_iqr_ms,-0.030009157608952005,<= 0,1082.636733874054
1,3,keyboard_long_pause_count_2s,0.08624077953246294,>= 0,1082.636733874054
1,3,keyboard_median_inter_event_interval_ms,-0.023993222490957755,<= 0,1082.636733874054
1,3,keyboard_median_word_completion_time_ms,-5.213225888992848e-28,<= 0,1082.636733874054
1,3,keyboard_typing_burst_count,-1.3782033448382299e-36,<= 0,1082.636733874054
1,3,message_distinct_event_count,-0.05407780260757706,<= 0,1082.636733874054
1,3,activity_active_hour_count,1.272086431369747e-10,>= 0,1082.636733874054
1,3,activity_state_diversity,-0.031200054935133305,<= 0,1082.636733874054
1,3,activity_still_fraction,0.01922406110063507,>= 0,1082.636733874054
1,3,activity_transition_count,-0.00984783002159214,<= 0,1082.636733874054
1,3,activity_unknown_fraction,-0.024540634736148974,<= 0,1082.636733874054
1,3,median_unlocked_session_duration_seconds,0.06225371487622083,>= 0,1082.636733874054
1,3,night_screen_event_count,-0.060762280215094,<= 0,1082.636733874054
1,3,screen_active_hour_count,-0.025820169104233577,<= 0,1082.636733874054
1,3,screen_event_count,0.016926461549641555,>= 0,1082.636733874054
1,3,screen_off_event_count,0.0025940434083765703,>= 0,1082.636733874054
1,3,screen_on_event_count,-5.136071049836821e-50,<= 0,1082.636733874054
1,3,screen_transition_count,-0.03910674304526118,<= 0,1082.636733874054
1,3,screen_unlock_event_count,0.07845641161208239,>= 0,1082.636733874054
1,3,telephony_event_count,0.03212148307051357,>= 0,1082.636733874054
1,3,telephony_mobile_data_enabled_fraction,-0.13296538966269927,<= 0,1082.636733874054
1,3,telephony_network_type_diversity,0.04291663072003124,>= 0,1082.636733874054
1,3,touch_active_hour_count,-7.8012781524208e-35,<= 0,1082.636733874054
1,3,touch_app_diversity,6.475728002556403e-34,>= 0,1082.636733874054
1,3,touch_click_event_count,-3.411333311336674e-40,<= 0,1082.636733874054
1,3,touch_distinct_event_count,0.052445807072888116,>= 0,1082.636733874054
1,3,touch_scroll_direction_change_count,0.027234203751894514,>= 0,1082.636733874054
1,3,touch_scroll_event_count,-3.9462998022588995e-38,<= 0,1082.636733874054
1,3,touch_scroll_index_change_median,0.06205282684109518,>= 0,1082.636733874054
1,3,touch_unique_app_count,0.02321264515673934,>= 0,1082.636733874054
1,3,missing__app_foreground_event_count,0.0024657902911023586,unconstrained,1082.636733874054
1,3,missing__app_use_diversity,0.0024657902911023695,unconstrained,1082.636733874054
1,3,missing__unique_foreground_apps,0.002465790291102325,unconstrained,1082.636733874054
1,3,missing__gsm_cell_transition_count,0.04785674406054013,unconstrained,1082.636733874054
1,3,missing__unique_gsm_cell_count,0.047856744060540066,unconstrained,1082.636733874054
1,3,missing__unique_gsm_lac_count,0.04785674406054013,unconstrained,1082.636733874054
1,3,missing__gsm_neighbor_cell_transition_count,0.026628072696039222,unconstrained,1082.636733874054
1,3,missing__unique_gsm_neighbor_cell_count,0.026628072696039232,unconstrained,1082.636733874054
1,3,missing__unique_gsm_neighbor_lac_count,0.026628072696039246,unconstrained,1082.636733874054
1,3,missing__keyboard_deletion_event_count,-0.08058889971587473,unconstrained,1082.636733874054
1,3,missing__keyboard_inter_event_interval_iqr_ms,-0.0805888997158747,unconstrained,1082.636733874054
1,3,missing__keyboard_long_pause_count_2s,-0.08058889971587473,unconstrained,1082.636733874054
1,3,missing__keyboard_median_inter_event_interval_ms,-0.08058889971587481,unconstrained,1082.636733874054
1,3,missing__keyboard_median_word_completion_time_ms,-0.05160613802312198,unconstrained,1082.636733874054
1,3,missing__keyboard_typing_burst_count,-0.08058889971587477,unconstrained,1082.636733874054
1,3,missing__message_distinct_event_count,0.04732652178572183,unconstrained,1082.636733874054
1,3,missing__activity_active_hour_count,0.04785674406054008,unconstrained,1082.636733874054
1,3,missing__activity_state_diversity,0.04785674406054005,unconstrained,1082.636733874054
1,3,missing__activity_still_fraction,0.04785674406054,unconstrained,1082.636733874054
1,3,missing__activity_transition_count,0.04785674406054006,unconstrained,1082.636733874054
1,3,missing__activity_unknown_fraction,0.047856744060540066,unconstrained,1082.636733874054
1,3,missing__median_unlocked_session_duration_seconds,0.04092357964779862,unconstrained,1082.636733874054
1,3,missing__night_screen_event_count,0.05862751531626634,unconstrained,1082.636733874054
1,3,missing__screen_active_hour_count,0.058627515316266386,unconstrained,1082.636733874054
1,3,missing__screen_event_count,0.058627515316266386,unconstrained,1082.636733874054
1,3,missing__screen_off_event_count,0.0586275153162663,unconstrained,1082.636733874054
1,3,missing__screen_on_event_count,0.05862751531626635,unconstrained,1082.636733874054
1,3,missing__screen_transition_count,0.05862751531626633,unconstrained,1082.636733874054
1,3,missing__screen_unlock_event_count,0.05862751531626637,unconstrained,1082.636733874054
1,3,missing__telephony_event_count,0.04785674406054004,unconstrained,1082.636733874054
1,3,missing__telephony_mobile_data_enabled_fraction,0.04785674406054005,unconstrained,1082.636733874054
1,3,missing__telephony_network_type_diversity,0.04785674406054008,unconstrained,1082.636733874054
1,3,missing__touch_active_hour_count,-0.03347959860599624,unconstrained,1082.636733874054
1,3,missing__touch_app_diversity,-0.033479598605996225,unconstrained,1082.636733874054
1,3,missing__touch_click_event_count,-0.03347959860599619,unconstrained,1082.636733874054
1,3,missing__touch_distinct_event_count,-0.033479598605996176,unconstrained,1082.636733874054
1,3,missing__touch_scroll_direction_change_count,-0.02023672714956161,unconstrained,1082.636733874054
1,3,missing__touch_scroll_event_count,-0.033479598605996225,unconstrained,1082.636733874054
1,3,missing__touch_scroll_index_change_median,-0.020236727149561585,unconstrained,1082.636733874054
1,3,missing__touch_unique_app_count,-0.03347959860599619,unconstrained,1082.636733874054
1,4,app_foreground_event_count,0.007096658696804042,>= 0,10000.0
1,4,app_use_diversity,0.01584628579089072,>= 0,10000.0
1,4,unique_foreground_apps,-2.3201795572145257e-53,<= 0,10000.0
1,4,call_event_count,-0.007534724948699496,<= 0,10000.0
1,4,incoming_call_count,-2.1178856623471476e-38,<= 0,10000.0
1,4,missed_rejected_blocked_call_count,2.554981683919434e-34,>= 0,10000.0
1,4,outgoing_call_count,-0.010323647416428544,<= 0,10000.0
1,4,total_call_duration_seconds,-0.0015059992728321625,<= 0,10000.0
1,4,gsm_cell_transition_count,2.749209695983513e-47,>= 0,10000.0
1,4,unique_gsm_cell_count,0.0017503596423400715,>= 0,10000.0
1,4,unique_gsm_lac_count,-6.290483866065728e-05,<= 0,10000.0
1,4,gsm_neighbor_cell_transition_count,-1.6830604051954753e-37,<= 0,10000.0
1,4,unique_gsm_neighbor_cell_count,-0.01332534805551119,<= 0,10000.0
1,4,unique_gsm_neighbor_lac_count,-0.014594846221691687,<= 0,10000.0
1,4,keyboard_deletion_event_count,-1.4320264832614288e-47,<= 0,10000.0
1,4,keyboard_inter_event_interval_iqr_ms,-0.008905671503961087,<= 0,10000.0
1,4,keyboard_long_pause_count_2s,-3.261012033468186e-47,<= 0,10000.0
1,4,keyboard_median_inter_event_interval_ms,-0.006236610913294359,<= 0,10000.0
1,4,keyboard_median_word_completion_time_ms,-7.545151606197464e-05,<= 0,10000.0
1,4,keyboard_typing_burst_count,-5e-324,<= 0,10000.0
1,4,message_distinct_event_count,-0.004247795300170973,<= 0,10000.0
1,4,activity_active_hour_count,0.0022059022927720783,>= 0,10000.0
1,4,activity_state_diversity,3.879751843610955e-46,>= 0,10000.0
1,4,activity_still_fraction,0.0062783958717426685,>= 0,10000.0
1,4,activity_transition_count,-0.002525859152073124,<= 0,10000.0
1,4,activity_unknown_fraction,-0.0072635029582834906,<= 0,10000.0
1,4,median_unlocked_session_duration_seconds,-1.1338601574124014e-44,<= 0,10000.0
1,4,night_screen_event_count,-0.010465510199176582,<= 0,10000.0
1,4,screen_active_hour_count,-0.002504278202917086,<= 0,10000.0
1,4,screen_event_count,0.0001823657605455512,>= 0,10000.0
1,4,screen_off_event_count,8.900844482823707e-13,>= 0,10000.0
1,4,screen_on_event_count,0.0009512606857559899,>= 0,10000.0
1,4,screen_transition_count,-0.0010573755415013624,<= 0,10000.0
1,4,screen_unlock_event_count,0.004693095900570429,>= 0,10000.0
1,4,telephony_event_count,1.730020612936368e-27,>= 0,10000.0
1,4,telephony_mobile_data_enabled_fraction,-0.009723200843767519,<= 0,10000.0
1,4,telephony_network_type_diversity,0.0009625181660469907,>= 0,10000.0
1,4,touch_active_hour_count,-6.055510610332087e-45,<= 0,10000.0
1,4,touch_app_diversity,2.808749725283485e-27,>= 0,10000.0
1,4,touch_click_event_count,-5.88555944176109e-47,<= 0,10000.0
1,4,touch_distinct_event_count,-5.438095431776078e-48,<= 0,10000.0
1,4,touch_scroll_direction_change_count,-1.7369619219224508e-47,<= 0,10000.0
1,4,touch_scroll_event_count,-6.212125742709169e-49,<= 0,10000.0
1,4,touch_scroll_index_change_median,0.0069190947341863365,>= 0,10000.0
1,4,touch_unique_app_count,-6.689840264466507e-44,<= 0,10000.0
1,4,missing__app_foreground_event_count,-0.0012421212507651726,unconstrained,10000.0
1,4,missing__app_use_diversity,-0.0012421212507651752,unconstrained,10000.0
1,4,missing__unique_foreground_apps,-0.0012421212507651583,unconstrained,10000.0
1,4,missing__call_event_count,-3.0265263189892883e-05,unconstrained,10000.0
1,4,missing__incoming_call_count,-3.026526318989772e-05,unconstrained,10000.0
1,4,missing__missed_rejected_blocked_call_count,-3.0265263189894147e-05,unconstrained,10000.0
1,4,missing__outgoing_call_count,-3.0265263189893384e-05,unconstrained,10000.0
1,4,missing__total_call_duration_seconds,-3.0265263189899778e-05,unconstrained,10000.0
1,4,missing__gsm_cell_transition_count,0.005387762257512676,unconstrained,10000.0
1,4,missing__unique_gsm_cell_count,0.0053877622575126795,unconstrained,10000.0
1,4,missing__unique_gsm_lac_count,0.005387762257512671,unconstrained,10000.0
1,4,missing__gsm_neighbor_cell_transition_count,0.006544256356220624,unconstrained,10000.0
1,4,missing__unique_gsm_neighbor_cell_count,0.00654425635622064,unconstrained,10000.0
1,4,missing__unique_gsm_neighbor_lac_count,0.006544256356220629,unconstrained,10000.0
1,4,missing__keyboard_deletion_event_count,-0.004417913400978987,unconstrained,10000.0
1,4,missing__keyboard_inter_event_interval_iqr_ms,-0.004417913400978975,unconstrained,10000.0
1,4,missing__keyboard_long_pause_count_2s,-0.004417913400978993,unconstrained,10000.0
1,4,missing__keyboard_median_inter_event_interval_ms,-0.004417913400978988,unconstrained,10000.0
1,4,missing__keyboard_median_word_completion_time_ms,0.0001620343694448717,unconstrained,10000.0
1,4,missing__keyboard_typing_burst_count,-0.004417913400978987,unconstrained,10000.0
1,4,missing__message_distinct_event_count,0.008677511106117695,unconstrained,10000.0
1,4,missing__activity_active_hour_count,0.005387762257512649,unconstrained,10000.0
1,4,missing__activity_state_diversity,0.00538776225751267,unconstrained,10000.0
1,4,missing__activity_still_fraction,0.005387762257512669,unconstrained,10000.0
1,4,missing__activity_transition_count,0.005387762257512685,unconstrained,10000.0
1,4,missing__activity_unknown_fraction,0.005387762257512667,unconstrained,10000.0
1,4,missing__median_unlocked_session_duration_seconds,0.004660875678782806,unconstrained,10000.0
1,4,missing__night_screen_event_count,0.005387762257512677,unconstrained,10000.0
1,4,missing__screen_active_hour_count,0.005387762257512666,unconstrained,10000.0
1,4,missing__screen_event_count,0.005387762257512675,unconstrained,10000.0
1,4,missing__screen_off_event_count,0.005387762257512666,unconstrained,10000.0
1,4,missing__screen_on_event_count,0.005387762257512672,unconstrained,10000.0
1,4,missing__screen_transition_count,0.005387762257512671,unconstrained,10000.0
1,4,missing__screen_unlock_event_count,0.005387762257512666,unconstrained,10000.0
1,4,missing__telephony_event_count,0.005387762257512675,unconstrained,10000.0
1,4,missing__telephony_mobile_data_enabled_fraction,0.0053877622575126734,unconstrained,10000.0
1,4,missing__telephony_network_type_diversity,0.005387762257512661,unconstrained,10000.0
1,4,missing__touch_active_hour_count,-0.005260735660293632,unconstrained,10000.0
1,4,missing__touch_app_diversity,-0.0052607356602936495,unconstrained,10000.0
1,4,missing__touch_click_event_count,-0.0052607356602936365,unconstrained,10000.0
1,4,missing__touch_distinct_event_count,-0.005260735660293637,unconstrained,10000.0
1,4,missing__touch_scroll_direction_change_count,-0.0032586929984593956,unconstrained,10000.0
1,4,missing__touch_scroll_event_count,-0.005260735660293636,unconstrained,10000.0
1,4,missing__touch_scroll_index_change_median,-0.003258692998459391,unconstrained,10000.0
1,4,missing__touch_unique_app_count,-0.0052607356602936296,unconstrained,10000.0
1,5,app_foreground_event_count,0.00959670395235522,>= 0,10000.0
1,5,app_use_diversity,0.018471593518535168,>= 0,10000.0
1,5,unique_foreground_apps,0.011876997475268384,>= 0,10000.0
1,5,gsm_cell_transition_count,0.0018585655632113148,>= 0,10000.0
1,5,unique_gsm_cell_count,0.004398780032920559,>= 0,10000.0
1,5,unique_gsm_lac_count,0.003290761696929118,>= 0,10000.0
1,5,gsm_neighbor_cell_transition_count,-2.1904985490448394e-38,<= 0,10000.0
1,5,unique_gsm_neighbor_cell_count,-0.013587267368516785,<= 0,10000.0
1,5,unique_gsm_neighbor_lac_count,2.5089246795074165e-37,>= 0,10000.0
1,5,keyboard_deletion_event_count,0.0042820891222194336,>= 0,10000.0
1,5,keyboard_inter_event_interval_iqr_ms,5.183364555853712e-28,>= 0,10000.0
1,5,keyboard_long_pause_count_2s,0.0034872058123874023,>= 0,10000.0
1,5,keyboard_median_inter_event_interval_ms,-1.395714443970489e-17,<= 0,10000.0
1,5,keyboard_median_word_completion_time_ms,-3.6497365503765694e-29,<= 0,10000.0
1,5,keyboard_typing_burst_count,0.005117773489744096,>= 0,10000.0
1,5,message_distinct_event_count,0.0014916809007201903,>= 0,10000.0
1,5,activity_active_hour_count,0.0063137133829016924,>= 0,10000.0
1,5,activity_state_diversity,-1.888715046286178e-14,<= 0,10000.0
1,5,activity_still_fraction,-0.0013433865898262122,<= 0,10000.0
1,5,activity_transition_count,0.0019524248341170679,>= 0,10000.0
1,5,activity_unknown_fraction,0.0006481414913269198,>= 0,10000.0
1,5,median_unlocked_session_duration_seconds,0.006594892852000154,>= 0,10000.0
1,5,night_screen_event_count,5.846124625852869e-34,>= 0,10000.0
1,5,screen_active_hour_count,0.003579550600816373,>= 0,10000.0
1,5,screen_event_count,0.005633527791134874,>= 0,10000.0
1,5,screen_off_event_count,0.005066575929336776,>= 0,10000.0
1,5,screen_on_event_count,0.006205668149073116,>= 0,10000.0
1,5,screen_transition_count,0.0019876386444907233,>= 0,10000.0
1,5,screen_unlock_event_count,0.009583880039382075,>= 0,10000.0
1,5,telephony_event_count,0.012859996408424076,>= 0,10000.0
1,5,telephony_mobile_data_enabled_fraction,-0.015953171270141828,<= 0,10000.0
1,5,telephony_network_type_diversity,0.004541680164800295,>= 0,10000.0
1,5,touch_active_hour_count,0.007247541888741876,>= 0,10000.0
1,5,touch_app_diversity,0.007571508829673198,>= 0,10000.0
1,5,touch_click_event_count,-1.0587723342041314e-43,<= 0,10000.0
1,5,touch_distinct_event_count,-4.678941901487398e-46,<= 0,10000.0
1,5,touch_scroll_direction_change_count,0.006119078564141991,>= 0,10000.0
1,5,touch_scroll_event_count,-5e-324,<= 0,10000.0
1,5,touch_scroll_index_change_median,-5.370685557810918e-29,<= 0,10000.0
1,5,touch_unique_app_count,0.008063162493151123,>= 0,10000.0
1,5,missing__app_foreground_event_count,0.0031773879699738563,unconstrained,10000.0
1,5,missing__app_use_diversity,0.0031773879699738554,unconstrained,10000.0
1,5,missing__unique_foreground_apps,0.0031773879699738645,unconstrained,10000.0
1,5,missing__gsm_cell_transition_count,0.003956246078388629,unconstrained,10000.0
1,5,missing__unique_gsm_cell_count,0.003956246078388632,unconstrained,10000.0
1,5,missing__unique_gsm_lac_count,0.003956246078388623,unconstrained,10000.0
1,5,missing__gsm_neighbor_cell_transition_count,5.039049894249097e-05,unconstrained,10000.0
1,5,missing__unique_gsm_neighbor_cell_count,5.039049894249567e-05,unconstrained,10000.0
1,5,missing__unique_gsm_neighbor_lac_count,5.0390498942500966e-05,unconstrained,10000.0
1,5,missing__keyboard_deletion_event_count,-0.007183023595431861,unconstrained,10000.0
1,5,missing__keyboard_inter_event_interval_iqr_ms,-0.0071830235954318524,unconstrained,10000.0
1,5,missing__keyboard_long_pause_count_2s,-0.00718302359543186,unconstrained,10000.0
1,5,missing__keyboard_median_inter_event_interval_ms,-0.007183023595431866,unconstrained,10000.0
1,5,missing__keyboard_median_word_completion_time_ms,-0.004768874726079661,unconstrained,10000.0
1,5,missing__keyboard_typing_burst_count,-0.00718302359543185,unconstrained,10000.0
1,5,missing__message_distinct_event_count,0.00493347375952828,unconstrained,10000.0
1,5,missing__activity_active_hour_count,0.003956246078388627,unconstrained,10000.0
1,5,missing__activity_state_diversity,0.00395624607838863,unconstrained,10000.0
1,5,missing__activity_still_fraction,0.00395624607838863,unconstrained,10000.0
1,5,missing__activity_transition_count,0.003956246078388626,unconstrained,10000.0
1,5,missing__activity_unknown_fraction,0.0039562460783886325,unconstrained,10000.0
1,5,missing__median_unlocked_session_duration_seconds,0.0033131219049815624,unconstrained,10000.0
1,5,missing__night_screen_event_count,0.004908602183679843,unconstrained,10000.0
1,5,missing__screen_active_hour_count,0.00490860218367984,unconstrained,10000.0
1,5,missing__screen_event_count,0.004908602183679855,unconstrained,10000.0
1,5,missing__screen_off_event_count,0.00490860218367985,unconstrained,10000.0
1,5,missing__screen_on_event_count,0.004908602183679843,unconstrained,10000.0
1,5,missing__screen_transition_count,0.0049086021836798515,unconstrained,10000.0
1,5,missing__screen_unlock_event_count,0.004908602183679846,unconstrained,10000.0
1,5,missing__telephony_event_count,0.003956246078388619,unconstrained,10000.0
1,5,missing__telephony_mobile_data_enabled_fraction,0.0039562460783886455,unconstrained,10000.0
1,5,missing__telephony_network_type_diversity,0.003956246078388636,unconstrained,10000.0
1,5,missing__touch_active_hour_count,-0.0015121637039031705,unconstrained,10000.0
1,5,missing__touch_app_diversity,-0.0015121637039031814,unconstrained,10000.0
1,5,missing__touch_click_event_count,-0.0015121637039031777,unconstrained,10000.0
1,5,missing__touch_distinct_event_count,-0.0015121637039031688,unconstrained,10000.0
1,5,missing__touch_scroll_direction_change_count,0.0011509738239896886,unconstrained,10000.0
1,5,missing__touch_scroll_event_count,-0.0015121637039031766,unconstrained,10000.0
1,5,missing__touch_scroll_index_change_median,0.0011509738239896868,unconstrained,10000.0
1,5,missing__touch_unique_app_count,-0.0015121637039031668,unconstrained,10000.0
2,1,app_foreground_event_count,0.007312016901961584,>= 0,10000.0
2,1,app_use_diversity,0.013539255042571871,>= 0,10000.0
2,1,unique_foreground_apps,0.006323962895041261,>= 0,10000.0
2,1,gsm_cell_transition_count,-0.007679075298234668,<= 0,10000.0
2,1,unique_gsm_cell_count,2.9430911126828403e-40,>= 0,10000.0
2,1,unique_gsm_lac_count,-0.006896076476773534,<= 0,10000.0
2,1,gsm_neighbor_cell_transition_count,-0.004804622733788005,<= 0,10000.0
2,1,unique_gsm_neighbor_cell_count,-0.010508344478774112,<= 0,10000.0
2,1,unique_gsm_neighbor_lac_count,-0.012605178070633426,<= 0,10000.0
2,1,keyboard_deletion_event_count,-5.0274457077509326e-33,<= 0,10000.0
2,1,keyboard_inter_event_interval_iqr_ms,-0.0015689345722898452,<= 0,10000.0
2,1,keyboard_long_pause_count_2s,-7.294246664790287e-31,<= 0,10000.0
2,1,keyboard_median_inter_event_interval_ms,-0.0024245538458620352,<= 0,10000.0
2,1,keyboard_median_word_completion_time_ms,-9.81995191298402e-31,<= 0,10000.0
2,1,keyboard_typing_burst_count,-4.5040103313736864e-23,<= 0,10000.0
2,1,message_distinct_event_count,-0.011887989624057063,<= 0,10000.0
2,1,activity_active_hour_count,0.0034217968182286844,>= 0,10000.0
2,1,activity_state_diversity,0.0010173351894598324,>= 0,10000.0
2,1,activity_still_fraction,-0.0016105544340033191,<= 0,10000.0
2,1,activity_transition_count,0.0014789014222585648,>= 0,10000.0
2,1,activity_unknown_fraction,0.004060619667471443,>= 0,10000.0
2,1,median_unlocked_session_duration_seconds,-6.93880769554713e-34,<= 0,10000.0
2,1,night_screen_event_count,-0.004518802150777892,<= 0,10000.0
2,1,screen_active_hour_count,-0.006933758454547874,<= 0,10000.0
2,1,screen_event_count,0.003850280297389722,>= 0,10000.0
2,1,screen_off_event_count,-1.2841249521063925e-34,<= 0,10000.0
2,1,screen_on_event_count,-2.479911747686527e-36,<= 0,10000.0
2,1,screen_transition_count,-0.0024379890257002212,<= 0,10000.0
2,1,screen_unlock_event_count,0.0035378369040450753,>= 0,10000.0
2,1,telephony_event_count,6.535508901272193e-39,>= 0,10000.0
2,1,telephony_mobile_data_enabled_fraction,-0.009421168663646543,<= 0,10000.0
2,1,telephony_network_type_diversity,5e-324,>= 0,10000.0
2,1,touch_active_hour_count,-1.2625151684133411e-15,<= 0,10000.0
2,1,touch_app_diversity,0.0013984918290367192,>= 0,10000.0
2,1,touch_click_event_count,-6.257239936545719e-30,<= 0,10000.0
2,1,touch_distinct_event_count,-6.30532254555085e-31,<= 0,10000.0
2,1,touch_scroll_direction_change_count,-3.8122770932218315e-28,<= 0,10000.0
2,1,touch_scroll_event_count,-3.2775314515757047e-31,<= 0,10000.0
2,1,touch_scroll_index_change_median,-1.138356849902943e-41,<= 0,10000.0
2,1,touch_unique_app_count,-9.284713357780492e-27,<= 0,10000.0
2,1,missing__app_foreground_event_count,0.0036085794457892833,unconstrained,10000.0
2,1,missing__app_use_diversity,0.0036085794457892777,unconstrained,10000.0
2,1,missing__unique_foreground_apps,0.0036085794457892807,unconstrained,10000.0
2,1,missing__gsm_cell_transition_count,0.007167291821547986,unconstrained,10000.0
2,1,missing__unique_gsm_cell_count,0.007167291821547981,unconstrained,10000.0
2,1,missing__unique_gsm_lac_count,0.00716729182154797,unconstrained,10000.0
2,1,missing__gsm_neighbor_cell_transition_count,0.005126086688959751,unconstrained,10000.0
2,1,missing__unique_gsm_neighbor_cell_count,0.005126086688959769,unconstrained,10000.0
2,1,missing__unique_gsm_neighbor_lac_count,0.005126086688959772,unconstrained,10000.0
2,1,missing__keyboard_deletion_event_count,-0.002332554574764724,unconstrained,10000.0
2,1,missing__keyboard_inter_event_interval_iqr_ms,-0.00233255457476473,unconstrained,10000.0
2,1,missing__keyboard_long_pause_count_2s,-0.0023325545747647303,unconstrained,10000.0
2,1,missing__keyboard_median_inter_event_interval_ms,-0.002332554574764729,unconstrained,10000.0
2,1,missing__keyboard_median_word_completion_time_ms,-0.0017435951279330167,unconstrained,10000.0
2,1,missing__keyboard_typing_burst_count,-0.0023325545747647277,unconstrained,10000.0
2,1,missing__message_distinct_event_count,0.008540134557533835,unconstrained,10000.0
2,1,missing__activity_active_hour_count,0.007167291821547961,unconstrained,10000.0
2,1,missing__activity_state_diversity,0.007167291821547976,unconstrained,10000.0
2,1,missing__activity_still_fraction,0.007167291821547972,unconstrained,10000.0
2,1,missing__activity_transition_count,0.007167291821547979,unconstrained,10000.0
2,1,missing__activity_unknown_fraction,0.007167291821547978,unconstrained,10000.0
2,1,missing__median_unlocked_session_duration_seconds,0.006214679306596286,unconstrained,10000.0
2,1,missing__night_screen_event_count,0.008483735860600045,unconstrained,10000.0
2,1,missing__screen_active_hour_count,0.008483735860600033,unconstrained,10000.0
2,1,missing__screen_event_count,0.008483735860600024,unconstrained,10000.0
2,1,missing__screen_off_event_count,0.008483735860600028,unconstrained,10000.0
2,1,missing__screen_on_event_count,0.008483735860600024,unconstrained,10000.0
2,1,missing__screen_transition_count,0.008483735860600044,unconstrained,10000.0
2,1,missing__screen_unlock_event_count,0.00848373586060003,unconstrained,10000.0
2,1,missing__telephony_event_count,0.007167291821547977,unconstrained,10000.0
2,1,missing__telephony_mobile_data_enabled_fraction,0.007167291821547973,unconstrained,10000.0
2,1,missing__telephony_network_type_diversity,0.0071672918215479695,unconstrained,10000.0
2,1,missing__touch_active_hour_count,-0.0013071588527409934,unconstrained,10000.0
2,1,missing__touch_app_diversity,-0.0013071588527409771,unconstrained,10000.0
2,1,missing__touch_click_event_count,-0.0013071588527409671,unconstrained,10000.0
2,1,missing__touch_distinct_event_count,-0.001307158852740964,unconstrained,10000.0
2,1,missing__touch_scroll_direction_change_count,0.0008873792688912991,unconstrained,10000.0
2,1,missing__touch_scroll_event_count,-0.0013071588527409572,unconstrained,10000.0
2,1,missing__touch_scroll_index_change_median,0.0008873792688913011,unconstrained,10000.0
2,1,missing__touch_unique_app_count,-0.0013071588527409851,unconstrained,10000.0
2,2,app_foreground_event_count,0.8286435439609277,>= 0,38.56620421163472
2,2,app_use_diversity,1.1684704582140488,>= 0,38.56620421163472
2,2,unique_foreground_apps,0.5761613293264509,>= 0,38.56620421163472
2,2,call_event_count,-0.3358343776120982,<= 0,38.56620421163472
2,2,incoming_call_count,-1.828441701700922e-38,<= 0,38.56620421163472
2,2,missed_rejected_blocked_call_count,0.46853226831027106,>= 0,38.56620421163472
2,2,outgoing_call_count,-0.5431905038337159,<= 0,38.56620421163472
2,2,total_call_duration_seconds,-5.837681270336103e-34,<= 0,38.56620421163472
2,2,gsm_cell_transition_count,6.366958284686498e-29,>= 0,38.56620421163472
2,2,unique_gsm_cell_count,0.1735725874304236,>= 0,38.56620421163472
2,2,unique_gsm_lac_count,7.457845931198747e-29,>= 0,38.56620421163472
2,2,gsm_neighbor_cell_transition_count,-9.483656262299928e-33,<= 0,38.56620421163472
2,2,unique_gsm_neighbor_cell_count,-1.077866675294083,<= 0,38.56620421163472
2,2,unique_gsm_neighbor_lac_count,5.518417625313787e-29,>= 0,38.56620421163472
2,2,keyboard_deletion_event_count,0.3723772767547392,>= 0,38.56620421163472
2,2,keyboard_inter_event_interval_iqr_ms,-3.3000381270255655e-26,<= 0,38.56620421163472
2,2,keyboard_long_pause_count_2s,0.13018110569041358,>= 0,38.56620421163472
2,2,keyboard_median_inter_event_interval_ms,-8.009146812735368e-19,<= 0,38.56620421163472
2,2,keyboard_median_word_completion_time_ms,-0.1551230000477856,<= 0,38.56620421163472
2,2,keyboard_typing_burst_count,1.658961146614923e-29,>= 0,38.56620421163472
2,2,message_distinct_event_count,-0.6622683303962318,<= 0,38.56620421163472
2,2,activity_active_hour_count,1.5829680436105344e-28,>= 0,38.56620421163472
2,2,activity_state_diversity,0.3187917839980278,>= 0,38.56620421163472
2,2,activity_still_fraction,-0.49876085704172957,<= 0,38.56620421163472
2,2,activity_transition_count,-0.41266761921111095,<= 0,38.56620421163472
2,2,activity_unknown_fraction,-0.2706751879189466,<= 0,38.56620421163472
2,2,median_unlocked_session_duration_seconds,1.7429437292523588e-29,>= 0,38.56620421163472
2,2,night_screen_event_count,-0.4023414671560941,<= 0,38.56620421163472
2,2,screen_active_hour_count,-0.11996410109291569,<= 0,38.56620421163472
2,2,screen_event_count,8.053564797872489e-26,>= 0,38.56620421163472
2,2,screen_off_event_count,1.1287233838270515e-25,>= 0,38.56620421163472
2,2,screen_on_event_count,3.3046053851477622e-25,>= 0,38.56620421163472
2,2,screen_transition_count,-3.7154244912541918e-31,<= 0,38.56620421163472
2,2,screen_unlock_event_count,0.319796169807094,>= 0,38.56620421163472
2,2,telephony_event_count,0.6446508487747057,>= 0,38.56620421163472
2,2,telephony_mobile_data_enabled_fraction,-1.688516474805041,<= 0,38.56620421163472
2,2,telephony_network_type_diversity,0.4456398868981521,>= 0,38.56620421163472
2,2,touch_active_hour_count,6.081080420977833e-39,>= 0,38.56620421163472
2,2,touch_app_diversity,4.5627110015980785e-29,>= 0,38.56620421163472
2,2,touch_click_event_count,0.3498493099419828,>= 0,38.56620421163472
2,2,touch_distinct_event_count,0.27830750079835503,>= 0,38.56620421163472
2,2,touch_scroll_direction_change_count,1.5066469065883682e-27,>= 0,38.56620421163472
2,2,touch_scroll_event_count,-3.8681005187254324e-31,<= 0,38.56620421163472
2,2,touch_scroll_index_change_median,0.26196430368480433,>= 0,38.56620421163472
2,2,touch_unique_app_count,0.032333925088311635,>= 0,38.56620421163472
2,2,missing__app_foreground_event_count,0.09356447516045921,unconstrained,38.56620421163472
2,2,missing__app_use_diversity,0.09356447516045968,unconstrained,38.56620421163472
2,2,missing__unique_foreground_apps,0.09356447516045951,unconstrained,38.56620421163472
2,2,missing__call_event_count,0.07799761631338513,unconstrained,38.56620421163472
2,2,missing__incoming_call_count,0.07799761631338528,unconstrained,38.56620421163472
2,2,missing__missed_rejected_blocked_call_count,0.0779976163133855,unconstrained,38.56620421163472
2,2,missing__outgoing_call_count,0.07799761631338557,unconstrained,38.56620421163472
2,2,missing__total_call_duration_seconds,0.07799761631338543,unconstrained,38.56620421163472
2,2,missing__gsm_cell_transition_count,0.030388691095423716,unconstrained,38.56620421163472
2,2,missing__unique_gsm_cell_count,0.03038869109542379,unconstrained,38.56620421163472
2,2,missing__unique_gsm_lac_count,0.03038869109542356,unconstrained,38.56620421163472
2,2,missing__gsm_neighbor_cell_transition_count,0.49603434743975083,unconstrained,38.56620421163472
2,2,missing__unique_gsm_neighbor_cell_count,0.4960343474397501,unconstrained,38.56620421163472
2,2,missing__unique_gsm_neighbor_lac_count,0.4960343474397502,unconstrained,38.56620421163472
2,2,missing__keyboard_deletion_event_count,-0.1532195184168749,unconstrained,38.56620421163472
2,2,missing__keyboard_inter_event_interval_iqr_ms,-0.15321951841687476,unconstrained,38.56620421163472
2,2,missing__keyboard_long_pause_count_2s,-0.15321951841687412,unconstrained,38.56620421163472
2,2,missing__keyboard_median_inter_event_interval_ms,-0.15321951841687467,unconstrained,38.56620421163472
2,2,missing__keyboard_median_word_completion_time_ms,-0.07141454806360156,unconstrained,38.56620421163472
2,2,missing__keyboard_typing_burst_count,-0.15321951841687448,unconstrained,38.56620421163472
2,2,missing__message_distinct_event_count,0.3708486049443621,unconstrained,38.56620421163472
2,2,missing__activity_active_hour_count,0.030388691095423765,unconstrained,38.56620421163472
2,2,missing__activity_state_diversity,0.030388691095423696,unconstrained,38.56620421163472
2,2,missing__activity_still_fraction,0.030388691095423623,unconstrained,38.56620421163472
2,2,missing__activity_transition_count,0.0303886910954238,unconstrained,38.56620421163472
2,2,missing__activity_unknown_fraction,0.030388691095423817,unconstrained,38.56620421163472
2,2,missing__median_unlocked_session_duration_seconds,0.010933615666819867,unconstrained,38.56620421163472
2,2,missing__night_screen_event_count,0.19604124359188063,unconstrained,38.56620421163472
2,2,missing__screen_active_hour_count,0.1960412435918802,unconstrained,38.56620421163472
2,2,missing__screen_event_count,0.19604124359188063,unconstrained,38.56620421163472
2,2,missing__screen_off_event_count,0.19604124359188077,unconstrained,38.56620421163472
2,2,missing__screen_on_event_count,0.19604124359188077,unconstrained,38.56620421163472
2,2,missing__screen_transition_count,0.19604124359188063,unconstrained,38.56620421163472
2,2,missing__screen_unlock_event_count,0.19604124359188063,unconstrained,38.56620421163472
2,2,missing__telephony_event_count,0.030388691095423713,unconstrained,38.56620421163472
2,2,missing__telephony_mobile_data_enabled_fraction,0.030388691095423713,unconstrained,38.56620421163472
2,2,missing__telephony_network_type_diversity,0.030388691095423498,unconstrained,38.56620421163472
2,2,missing__touch_active_hour_count,-0.19787357788491217,unconstrained,38.56620421163472
2,2,missing__touch_app_diversity,-0.19787357788491225,unconstrained,38.56620421163472
2,2,missing__touch_click_event_count,-0.19787357788491208,unconstrained,38.56620421163472
2,2,missing__touch_distinct_event_count,-0.19787357788491203,unconstrained,38.56620421163472
2,2,missing__touch_scroll_direction_change_count,0.6710389895675982,unconstrained,38.56620421163472
2,2,missing__touch_scroll_event_count,-0.19787357788491203,unconstrained,38.56620421163472
2,2,missing__touch_scroll_index_change_median,0.6710389895675984,unconstrained,38.56620421163472
2,2,missing__touch_unique_app_count,-0.19787357788491153,unconstrained,38.56620421163472
2,3,app_foreground_event_count,-4.273997732529905e-28,<= 0,10000.0
2,3,app_use_diversity,0.004583720863441036,>= 0,10000.0
2,3,unique_foreground_apps,-2.936387010599336e-54,<= 0,10000.0
2,3,gsm_cell_transition_count,0.000823548353783936,>= 0,10000.0
2,3,unique_gsm_cell_count,0.0017460616771317063,>= 0,10000.0
2,3,unique_gsm_lac_count,3.582387742004342e-13,>= 0,10000.0
2,3,gsm_neighbor_cell_transition_count,0.0012448056740865549,>= 0,10000.0
2,3,unique_gsm_neighbor_cell_count,3.809998690339654e-37,>= 0,10000.0
2,3,unique_gsm_neighbor_lac_count,9.727098576476842e-38,>= 0,10000.0
2,3,keyboard_deletion_event_count,-2.0065804281261607e-33,<= 0,10000.0
2,3,keyboard_inter_event_interval_iqr_ms,-0.007466748951653127,<= 0,10000.0
2,3,keyboard_long_pause_count_2s,-1.023533879823171e-32,<= 0,10000.0
2,3,keyboard_median_inter_event_interval_ms,-0.0027575586994568997,<= 0,10000.0
2,3,keyboard_median_word_completion_time_ms,-3.981548465938546e-30,<= 0,10000.0
2,3,keyboard_typing_burst_count,-8.103217688916363e-40,<= 0,10000.0
2,3,message_distinct_event_count,-0.0008370194339537087,<= 0,10000.0
2,3,activity_active_hour_count,0.0012374789607978128,>= 0,10000.0
2,3,activity_state_diversity,0.0011590151420679718,>= 0,10000.0
2,3,activity_still_fraction,-5.555455390256654e-22,<= 0,10000.0
2,3,activity_transition_count,-0.0030109122796694956,<= 0,10000.0
2,3,activity_unknown_fraction,6.89346063160836e-32,>= 0,10000.0
2,3,median_unlocked_session_duration_seconds,-4.844908057293036e-33,<= 0,10000.0
2,3,night_screen_event_count,-0.008629699094276851,<= 0,10000.0
2,3,screen_active_hour_count,6.551780640805269e-29,>= 0,10000.0
2,3,screen_event_count,0.004470768013135072,>= 0,10000.0
2,3,screen_off_event_count,0.003407728420636129,>= 0,10000.0
2,3,screen_on_event_count,0.005788268190572248,>= 0,10000.0
2,3,screen_transition_count,-0.0013498250723389456,<= 0,10000.0
2,3,screen_unlock_event_count,0.010779259817441572,>= 0,10000.0
2,3,telephony_event_count,0.0030122102167397537,>= 0,10000.0
2,3,telephony_mobile_data_enabled_fraction,-0.014229451311731891,<= 0,10000.0
2,3,telephony_network_type_diversity,0.0042615922559303045,>= 0,10000.0
2,3,touch_active_hour_count,0.00036318186091222505,>= 0,10000.0
2,3,touch_app_diversity,7.519350146695939e-34,>= 0,10000.0
2,3,touch_click_event_count,-8.460581552670795e-39,<= 0,10000.0
2,3,touch_distinct_event_count,-2.2284155779365787e-36,<= 0,10000.0
2,3,touch_scroll_direction_change_count,0.0030999491622177404,>= 0,10000.0
2,3,touch_scroll_event_count,-5.082290147302692e-35,<= 0,10000.0
2,3,touch_scroll_index_change_median,-7.046935892382404e-32,<= 0,10000.0
2,3,touch_unique_app_count,-3.5437582229608144e-20,<= 0,10000.0
2,3,missing__app_foreground_event_count,-0.00115672265220174,unconstrained,10000.0
2,3,missing__app_use_diversity,-0.0011567226522017438,unconstrained,10000.0
2,3,missing__unique_foreground_apps,-0.0011567226522017462,unconstrained,10000.0
2,3,missing__gsm_cell_transition_count,0.00565803183868313,unconstrained,10000.0
2,3,missing__unique_gsm_cell_count,0.00565803183868312,unconstrained,10000.0
2,3,missing__unique_gsm_lac_count,0.00565803183868313,unconstrained,10000.0
2,3,missing__gsm_neighbor_cell_transition_count,0.003953031914385983,unconstrained,10000.0
2,3,missing__unique_gsm_neighbor_cell_count,0.003953031914385965,unconstrained,10000.0
2,3,missing__unique_gsm_neighbor_lac_count,0.003953031914385971,unconstrained,10000.0
2,3,missing__keyboard_deletion_event_count,-0.00597126458526347,unconstrained,10000.0
2,3,missing__keyboard_inter_event_interval_iqr_ms,-0.005971264585263454,unconstrained,10000.0
2,3,missing__keyboard_long_pause_count_2s,-0.005971264585263452,unconstrained,10000.0
2,3,missing__keyboard_median_inter_event_interval_ms,-0.005971264585263458,unconstrained,10000.0
2,3,missing__keyboard_median_word_completion_time_ms,-0.0008616351588811808,unconstrained,10000.0
2,3,missing__keyboard_typing_burst_count,-0.005971264585263465,unconstrained,10000.0
2,3,missing__message_distinct_event_count,0.006517185117767049,unconstrained,10000.0
2,3,missing__activity_active_hour_count,0.005658031838683125,unconstrained,10000.0
2,3,missing__activity_state_diversity,0.005658031838683131,unconstrained,10000.0
2,3,missing__activity_still_fraction,0.005658031838683143,unconstrained,10000.0
2,3,missing__activity_transition_count,0.005658031838683144,unconstrained,10000.0
2,3,missing__activity_unknown_fraction,0.005658031838683126,unconstrained,10000.0
2,3,missing__median_unlocked_session_duration_seconds,0.004849757960599192,unconstrained,10000.0
2,3,missing__night_screen_event_count,0.006783841739813612,unconstrained,10000.0
2,3,missing__screen_active_hour_count,0.006783841739813617,unconstrained,10000.0
2,3,missing__screen_event_count,0.006783841739813606,unconstrained,10000.0
2,3,missing__screen_off_event_count,0.0067838417398136145,unconstrained,10000.0
2,3,missing__screen_on_event_count,0.006783841739813614,unconstrained,10000.0
2,3,missing__screen_transition_count,0.006783841739813613,unconstrained,10000.0
2,3,missing__screen_unlock_event_count,0.006783841739813613,unconstrained,10000.0
2,3,missing__telephony_event_count,0.005658031838683125,unconstrained,10000.0
2,3,missing__telephony_mobile_data_enabled_fraction,0.0056580318386831325,unconstrained,10000.0
2,3,missing__telephony_network_type_diversity,0.005658031838683118,unconstrained,10000.0
2,3,missing__touch_active_hour_count,-0.0017931927974139546,unconstrained,10000.0
2,3,missing__touch_app_diversity,-0.001793192797413955,unconstrained,10000.0
2,3,missing__touch_click_event_count,-0.0017931927974139494,unconstrained,10000.0
2,3,missing__touch_distinct_event_count,-0.0017931927974139462,unconstrained,10000.0
2,3,missing__touch_scroll_direction_change_count,0.0005918167872004013,unconstrained,10000.0
2,3,missing__touch_scroll_event_count,-0.0017931927974139642,unconstrained,10000.0
2,3,missing__touch_scroll_index_change_median,0.000591816787200397,unconstrained,10000.0
2,3,missing__touch_unique_app_count,-0.0017931927974139494,unconstrained,10000.0
2,4,app_foreground_event_count,0.19106801124438638,>= 0,356.2247890262444
2,4,app_use_diversity,0.31423033848284426,>= 0,356.2247890262444
2,4,unique_foreground_apps,0.18803578592570197,>= 0,356.2247890262444
2,4,gsm_cell_transition_count,0.031243564671817898,>= 0,356.2247890262444
2,4,unique_gsm_cell_count,0.07509072933797696,>= 0,356.2247890262444
2,4,unique_gsm_lac_count,0.028605710225190453,>= 0,356.2247890262444
2,4,gsm_neighbor_cell_transition_count,-4.6191554322585205e-24,<= 0,356.2247890262444
2,4,unique_gsm_neighbor_cell_count,-0.30805202688006145,<= 0,356.2247890262444
2,4,unique_gsm_neighbor_lac_count,7.371169373932914e-24,>= 0,356.2247890262444
2,4,keyboard_deletion_event_count,0.099325524382236,>= 0,356.2247890262444
2,4,keyboard_inter_event_interval_iqr_ms,-0.15135347275799982,<= 0,356.2247890262444
2,4,keyboard_long_pause_count_2s,0.052712722964249004,>= 0,356.2247890262444
2,4,keyboard_median_inter_event_interval_ms,-0.07575208304015885,<= 0,356.2247890262444
2,4,keyboard_median_word_completion_time_ms,-0.21992286172582626,<= 0,356.2247890262444
2,4,keyboard_typing_burst_count,-6.292480158620894e-25,<= 0,356.2247890262444
2,4,message_distinct_event_count,-0.031306964920806445,<= 0,356.2247890262444
2,4,activity_active_hour_count,0.037407957190406065,>= 0,356.2247890262444
2,4,activity_state_diversity,-0.024588143171715097,<= 0,356.2247890262444
2,4,activity_still_fraction,0.012417837073925847,>= 0,356.2247890262444
2,4,activity_transition_count,-9.679487902889689e-23,<= 0,356.2247890262444
2,4,activity_unknown_fraction,-0.02602159668071292,<= 0,356.2247890262444
2,4,median_unlocked_session_duration_seconds,-0.02241440863294297,<= 0,356.2247890262444
2,4,night_screen_event_count,3.469606724505265e-24,>= 0,356.2247890262444
2,4,screen_active_hour_count,-9.957028573746988e-21,<= 0,356.2247890262444
2,4,screen_event_count,0.03043793396408449,>= 0,356.2247890262444
2,4,screen_off_event_count,0.02617284920289356,>= 0,356.2247890262444
2,4,screen_on_event_count,0.03590517434094146,>= 0,356.2247890262444
2,4,screen_transition_count,2.872980620950889e-13,>= 0,356.2247890262444
2,4,screen_unlock_event_count,0.11335018860034998,>= 0,356.2247890262444
2,4,telephony_event_count,0.04962084734636236,>= 0,356.2247890262444
2,4,telephony_mobile_data_enabled_fraction,-0.25752795327602906,<= 0,356.2247890262444
2,4,telephony_network_type_diversity,0.09844826177690169,>= 0,356.2247890262444
2,4,touch_active_hour_count,0.12929418829672845,>= 0,356.2247890262444
2,4,touch_app_diversity,4.977444815143858e-19,>= 0,356.2247890262444
2,4,touch_click_event_count,-1.4108327777828776e-25,<= 0,356.2247890262444
2,4,touch_distinct_event_count,0.11824306434921683,>= 0,356.2247890262444
2,4,touch_scroll_direction_change_count,-1.160800671437009e-37,<= 0,356.2247890262444
2,4,touch_scroll_event_count,-1.3306794474754713e-29,<= 0,356.2247890262444
2,4,touch_scroll_index_change_median,-8.555488223093482e-24,<= 0,356.2247890262444
2,4,touch_unique_app_count,0.08337373812571026,>= 0,356.2247890262444
2,4,missing__app_foreground_event_count,-0.09043856707634162,unconstrained,356.2247890262444
2,4,missing__app_use_diversity,-0.09043856707634165,unconstrained,356.2247890262444
2,4,missing__unique_foreground_apps,-0.09043856707634161,unconstrained,356.2247890262444
2,4,missing__gsm_cell_transition_count,0.0795630826981867,unconstrained,356.2247890262444
2,4,missing__unique_gsm_cell_count,0.07956308269818664,unconstrained,356.2247890262444
2,4,missing__unique_gsm_lac_count,0.07956308269818674,unconstrained,356.2247890262444
2,4,missing__gsm_neighbor_cell_transition_count,0.06227461889998043,unconstrained,356.2247890262444
2,4,missing__unique_gsm_neighbor_cell_count,0.06227461889998051,unconstrained,356.2247890262444
2,4,missing__unique_gsm_neighbor_lac_count,0.06227461889998043,unconstrained,356.2247890262444
2,4,missing__keyboard_deletion_event_count,-0.1988507003479511,unconstrained,356.2247890262444
2,4,missing__keyboard_inter_event_interval_iqr_ms,-0.19885070034795113,unconstrained,356.2247890262444
2,4,missing__keyboard_long_pause_count_2s,-0.19885070034795116,unconstrained,356.2247890262444
2,4,missing__keyboard_median_inter_event_interval_ms,-0.19885070034795113,unconstrained,356.2247890262444
2,4,missing__keyboard_median_word_completion_time_ms,-0.061109529255751506,unconstrained,356.2247890262444
2,4,missing__keyboard_typing_burst_count,-0.19885070034795105,unconstrained,356.2247890262444
2,4,missing__message_distinct_event_count,0.15079571630022973,unconstrained,356.2247890262444
2,4,missing__activity_active_hour_count,0.07956308269818664,unconstrained,356.2247890262444
2,4,missing__activity_state_diversity,0.07956308269818659,unconstrained,356.2247890262444
2,4,missing__activity_still_fraction,0.07956308269818653,unconstrained,356.2247890262444
2,4,missing__activity_transition_count,0.07956308269818656,unconstrained,356.2247890262444
2,4,missing__activity_unknown_fraction,0.07956308269818663,unconstrained,356.2247890262444
2,4,missing__median_unlocked_session_duration_seconds,0.06481496227422008,unconstrained,356.2247890262444
2,4,missing__night_screen_event_count,0.08204468372516625,unconstrained,356.2247890262444
2,4,missing__screen_active_hour_count,0.08204468372516638,unconstrained,356.2247890262444
2,4,missing__screen_event_count,0.08204468372516624,unconstrained,356.2247890262444
2,4,missing__screen_off_event_count,0.08204468372516623,unconstrained,356.2247890262444
2,4,missing__screen_on_event_count,0.0820446837251662,unconstrained,356.2247890262444
2,4,missing__screen_transition_count,0.08204468372516628,unconstrained,356.2247890262444
2,4,missing__screen_unlock_event_count,0.08204468372516624,unconstrained,356.2247890262444
2,4,missing__telephony_event_count,0.07956308269818656,unconstrained,356.2247890262444
2,4,missing__telephony_mobile_data_enabled_fraction,0.07956308269818659,unconstrained,356.2247890262444
2,4,missing__telephony_network_type_diversity,0.0795630826981866,unconstrained,356.2247890262444
2,4,missing__touch_active_hour_count,-0.14581546395912742,unconstrained,356.2247890262444
2,4,missing__touch_app_diversity,-0.14581546395912753,unconstrained,356.2247890262444
2,4,missing__touch_click_event_count,-0.14581546395912753,unconstrained,356.2247890262444
2,4,missing__touch_distinct_event_count,-0.14581546395912742,unconstrained,356.2247890262444
2,4,missing__touch_scroll_direction_change_count,-0.08298871138676764,unconstrained,356.2247890262444
2,4,missing__touch_scroll_event_count,-0.14581546395912745,unconstrained,356.2247890262444
2,4,missing__touch_scroll_index_change_median,-0.08298871138676754,unconstrained,356.2247890262444
2,4,missing__touch_unique_app_count,-0.14581546395912748,unconstrained,356.2247890262444
2,5,app_foreground_event_count,0.008267852094483186,>= 0,10000.0
2,5,app_use_diversity,0.015740097802498205,>= 0,10000.0
2,5,unique_foreground_apps,0.009835240074485196,>= 0,10000.0
2,5,call_event_count,-0.008345231149979596,<= 0,10000.0
2,5,incoming_call_count,-0.00066073132123701,<= 0,10000.0
2,5,missed_rejected_blocked_call_count,0.0008265582114718428,>= 0,10000.0
2,5,outgoing_call_count,-0.01141453919941588,<= 0,10000.0
2,5,total_call_duration_seconds,-0.0012004129822276713,<= 0,10000.0
2,5,gsm_cell_transition_count,0.001404964778085948,>= 0,10000.0
2,5,unique_gsm_cell_count,0.003975858699315011,>= 0,10000.0
2,5,unique_gsm_lac_count,0.0026422935683091805,>= 0,10000.0
2,5,gsm_neighbor_cell_transition_count,-5.962245465772193e-49,<= 0,10000.0
2,5,unique_gsm_neighbor_cell_count,-0.011197292564182847,<= 0,10000.0
2,5,unique_gsm_neighbor_lac_count,1.51098547648365e-53,>= 0,10000.0
2,5,keyboard_deletion_event_count,0.006986191521581919,>= 0,10000.0
2,5,keyboard_inter_event_interval_iqr_ms,-0.0005542619502580962,<= 0,10000.0
2,5,keyboard_long_pause_count_2s,-1.94063196956352e-59,<= 0,10000.0
2,5,keyboard_median_inter_event_interval_ms,-0.00018596112362727845,<= 0,10000.0
2,5,keyboard_median_word_completion_time_ms,-6.861816367557996e-41,<= 0,10000.0
2,5,keyboard_typing_burst_count,-4.32219986632552e-47,<= 0,10000.0
2,5,message_distinct_event_count,-0.00027021576510549705,<= 0,10000.0
2,5,activity_active_hour_count,0.007868185277534029,>= 0,10000.0
2,5,activity_state_diversity,3.057138520733921e-37,>= 0,10000.0
2,5,activity_still_fraction,-4.711329946968104e-39,<= 0,10000.0
2,5,activity_transition_count,0.003575378695157136,>= 0,10000.0
2,5,activity_unknown_fraction,-0.0010072547638827797,<= 0,10000.0
2,5,median_unlocked_session_duration_seconds,0.006855208291371652,>= 0,10000.0
2,5,night_screen_event_count,-0.006118500566476438,<= 0,10000.0
2,5,screen_active_hour_count,-0.0005071734823555148,<= 0,10000.0
2,5,screen_event_count,0.0011693103049676933,>= 0,10000.0
2,5,screen_off_event_count,6.484498452351536e-07,>= 0,10000.0
2,5,screen_on_event_count,0.0022134805151056416,>= 0,10000.0
2,5,screen_transition_count,-0.0008310000762193046,<= 0,10000.0
2,5,screen_unlock_event_count,0.0063280668045008,>= 0,10000.0
2,5,telephony_event_count,0.00573394515145923,>= 0,10000.0
2,5,telephony_mobile_data_enabled_fraction,-0.014666179701390607,<= 0,10000.0
2,5,telephony_network_type_diversity,0.0052079413965498145,>= 0,10000.0
2,5,touch_active_hour_count,0.006364959108778042,>= 0,10000.0
2,5,touch_app_diversity,0.0037749726914938853,>= 0,10000.0
2,5,touch_click_event_count,-2.6483531255011486e-50,<= 0,10000.0
2,5,touch_distinct_event_count,-3.968259465124879e-51,<= 0,10000.0
2,5,touch_scroll_direction_change_count,0.006176720113858377,>= 0,10000.0
2,5,touch_scroll_event_count,-9.300834422848709e-66,<= 0,10000.0
2,5,touch_scroll_index_change_median,0.010404651791890358,>= 0,10000.0
2,5,touch_unique_app_count,0.005255225328322235,>= 0,10000.0
2,5,missing__app_foreground_event_count,0.0025891532295312584,unconstrained,10000.0
2,5,missing__app_use_diversity,0.002589153229531257,unconstrained,10000.0
2,5,missing__unique_foreground_apps,0.002589153229531255,unconstrained,10000.0
2,5,missing__call_event_count,-0.002954272208495049,unconstrained,10000.0
2,5,missing__incoming_call_count,-0.002954272208495049,unconstrained,10000.0
2,5,missing__missed_rejected_blocked_call_count,-0.002954272208495051,unconstrained,10000.0
2,5,missing__outgoing_call_count,-0.0029542722084950584,unconstrained,10000.0
2,5,missing__total_call_duration_seconds,-0.002954272208495056,unconstrained,10000.0
2,5,missing__gsm_cell_transition_count,0.008677612394660443,unconstrained,10000.0
2,5,missing__unique_gsm_cell_count,0.00867761239466045,unconstrained,10000.0
2,5,missing__unique_gsm_lac_count,0.008677612394660451,unconstrained,10000.0
2,5,missing__gsm_neighbor_cell_transition_count,0.0011204758756111137,unconstrained,10000.0
2,5,missing__unique_gsm_neighbor_cell_count,0.0011204758756111087,unconstrained,10000.0
2,5,missing__unique_gsm_neighbor_lac_count,0.001120475875611108,unconstrained,10000.0
2,5,missing__keyboard_deletion_event_count,-0.006457321074671351,unconstrained,10000.0
2,5,missing__keyboard_inter_event_interval_iqr_ms,-0.006457321074671353,unconstrained,10000.0
2,5,missing__keyboard_long_pause_count_2s,-0.006457321074671347,unconstrained,10000.0
2,5,missing__keyboard_median_inter_event_interval_ms,-0.006457321074671358,unconstrained,10000.0
2,5,missing__keyboard_median_word_completion_time_ms,-0.0006763077603320118,unconstrained,10000.0
2,5,missing__keyboard_typing_burst_count,-0.0064573210746713605,unconstrained,10000.0
2,5,missing__message_distinct_event_count,0.009862742214030875,unconstrained,10000.0
2,5,missing__activity_active_hour_count,0.008677612394660455,unconstrained,10000.0
2,5,missing__activity_state_diversity,0.008677612394660451,unconstrained,10000.0
2,5,missing__activity_still_fraction,0.008677612394660453,unconstrained,10000.0
2,5,missing__activity_transition_count,0.008677612394660448,unconstrained,10000.0
2,5,missing__activity_unknown_fraction,0.008677612394660458,unconstrained,10000.0
2,5,missing__median_unlocked_session_duration_seconds,0.008677612394660453,unconstrained,10000.0
2,5,missing__night_screen_event_count,0.008677612394660455,unconstrained,10000.0
2,5,missing__screen_active_hour_count,0.008677612394660462,unconstrained,10000.0
2,5,missing__screen_event_count,0.008677612394660455,unconstrained,10000.0
2,5,missing__screen_off_event_count,0.008677612394660455,unconstrained,10000.0
2,5,missing__screen_on_event_count,0.00867761239466046,unconstrained,10000.0
2,5,missing__screen_transition_count,0.008677612394660448,unconstrained,10000.0
2,5,missing__screen_unlock_event_count,0.008677612394660453,unconstrained,10000.0
2,5,missing__telephony_event_count,0.008677612394660448,unconstrained,10000.0
2,5,missing__telephony_mobile_data_enabled_fraction,0.008677612394660458,unconstrained,10000.0
2,5,missing__telephony_network_type_diversity,0.008677612394660458,unconstrained,10000.0
2,5,missing__touch_active_hour_count,-0.001144221741332033,unconstrained,10000.0
2,5,missing__touch_app_diversity,-0.0011442217413320426,unconstrained,10000.0
2,5,missing__touch_click_event_count,-0.0011442217413320437,unconstrained,10000.0
2,5,missing__touch_distinct_event_count,-0.0011442217413320489,unconstrained,10000.0
2,5,missing__touch_scroll_direction_change_count,0.0008124055754794468,unconstrained,10000.0
2,5,missing__touch_scroll_event_count,-0.0011442217413320458,unconstrained,10000.0
2,5,missing__touch_scroll_index_change_median,0.0008124055754794308,unconstrained,10000.0
2,5,missing__touch_unique_app_count,-0.00114422174133205,unconstrained,10000.0
3,1,app_foreground_event_count,0.16901083106735204,>= 0,356.2247890262444
3,1,app_use_diversity,0.1364794048037311,>= 0,356.2247890262444
3,1,unique_foreground_apps,0.09258214487937554,>= 0,356.2247890262444
3,1,call_event_count,-0.14236723694996295,<= 0,356.2247890262444
3,1,incoming_call_count,-0.00802803304040953,<= 0,356.2247890262444
3,1,missed_rejected_blocked_call_count,0.051696879505410284,>= 0,356.2247890262444
3,1,outgoing_call_count,-0.19743794476812057,<= 0,356.2247890262444
3,1,total_call_duration_seconds,-0.06812854070494642,<= 0,356.2247890262444
3,1,gsm_cell_transition_count,2.2250815017279998e-32,>= 0,356.2247890262444
3,1,unique_gsm_cell_count,5e-324,>= 0,356.2247890262444
3,1,unique_gsm_lac_count,4.8888360693517785e-39,>= 0,356.2247890262444
3,1,gsm_neighbor_cell_transition_count,-2.523927340259584e-28,<= 0,356.2247890262444
3,1,unique_gsm_neighbor_cell_count,-0.27949420155687293,<= 0,356.2247890262444
3,1,unique_gsm_neighbor_lac_count,-0.4058037738692551,<= 0,356.2247890262444
3,1,keyboard_deletion_event_count,-7.763288790728841e-29,<= 0,356.2247890262444
3,1,keyboard_inter_event_interval_iqr_ms,-0.03989197602719425,<= 0,356.2247890262444
3,1,keyboard_long_pause_count_2s,-1.0923725384993712e-28,<= 0,356.2247890262444
3,1,keyboard_median_inter_event_interval_ms,-4.956659586536499e-26,<= 0,356.2247890262444
3,1,keyboard_median_word_completion_time_ms,-3.011103673609098e-20,<= 0,356.2247890262444
3,1,keyboard_typing_burst_count,0.06024349896767079,>= 0,356.2247890262444
3,1,message_distinct_event_count,-0.07000804702506279,<= 0,356.2247890262444
3,1,activity_active_hour_count,0.11701422550156698,>= 0,356.2247890262444
3,1,activity_state_diversity,0.026588628345707722,>= 0,356.2247890262444
3,1,activity_still_fraction,-0.027093235605056075,<= 0,356.2247890262444
3,1,activity_transition_count,0.025813189334468453,>= 0,356.2247890262444
3,1,activity_unknown_fraction,0.021865840680880662,>= 0,356.2247890262444
3,1,median_unlocked_session_duration_seconds,-0.043014538552371,<= 0,356.2247890262444
3,1,screen_active_hour_count,-0.03945917665495649,<= 0,356.2247890262444
3,1,screen_event_count,0.10938453342598836,>= 0,356.2247890262444
3,1,screen_off_event_count,0.1103494732863809,>= 0,356.2247890262444
3,1,screen_on_event_count,0.10927780674638253,>= 0,356.2247890262444
3,1,screen_transition_count,-0.02679907732108492,<= 0,356.2247890262444
3,1,screen_unlock_event_count,0.19101515276730957,>= 0,356.2247890262444
3,1,telephony_event_count,0.03547448419547435,>= 0,356.2247890262444
3,1,telephony_mobile_data_enabled_fraction,-0.15280510530335195,<= 0,356.2247890262444
3,1,telephony_network_type_diversity,0.10942277441667916,>= 0,356.2247890262444
3,1,touch_active_hour_count,-2.0306890981528567e-29,<= 0,356.2247890262444
3,1,touch_app_diversity,2.5626890353316783e-35,>= 0,356.2247890262444
3,1,touch_click_event_count,-2.4376094697634484e-31,<= 0,356.2247890262444
3,1,touch_distinct_event_count,-2.886396285788746e-31,<= 0,356.2247890262444
3,1,touch_scroll_direction_change_count,-2.535216690203751e-30,<= 0,356.2247890262444
3,1,touch_scroll_event_count,-3.9053326565956372e-31,<= 0,356.2247890262444
3,1,touch_scroll_index_change_median,0.2142360620978256,>= 0,356.2247890262444
3,1,touch_unique_app_count,2.5784578787882266e-34,>= 0,356.2247890262444
3,1,missing__app_foreground_event_count,-0.0983217424027423,unconstrained,356.2247890262444
3,1,missing__app_use_diversity,-0.09832174240274233,unconstrained,356.2247890262444
3,1,missing__unique_foreground_apps,-0.09832174240274223,unconstrained,356.2247890262444
3,1,missing__call_event_count,-0.03801716782107715,unconstrained,356.2247890262444
3,1,missing__incoming_call_count,-0.03801716782107706,unconstrained,356.2247890262444
3,1,missing__missed_rejected_blocked_call_count,-0.03801716782107707,unconstrained,356.2247890262444
3,1,missing__outgoing_call_count,-0.03801716782107706,unconstrained,356.2247890262444
3,1,missing__total_call_duration_seconds,-0.03801716782107698,unconstrained,356.2247890262444
3,1,missing__gsm_cell_transition_count,0.08475184332919322,unconstrained,356.2247890262444
3,1,missing__unique_gsm_cell_count,0.08475184332919329,unconstrained,356.2247890262444
3,1,missing__unique_gsm_lac_count,0.08475184332919325,unconstrained,356.2247890262444
3,1,missing__gsm_neighbor_cell_transition_count,0.04631321914499281,unconstrained,356.2247890262444
3,1,missing__unique_gsm_neighbor_cell_count,0.046313219144992826,unconstrained,356.2247890262444
3,1,missing__unique_gsm_neighbor_lac_count,0.04631321914499275,unconstrained,356.2247890262444
3,1,missing__keyboard_deletion_event_count,-0.09020438687019335,unconstrained,356.2247890262444
3,1,missing__keyboard_inter_event_interval_iqr_ms,-0.09020438687019326,unconstrained,356.2247890262444
3,1,missing__keyboard_long_pause_count_2s,-0.09020438687019322,unconstrained,356.2247890262444
3,1,missing__keyboard_median_inter_event_interval_ms,-0.09020438687019323,unconstrained,356.2247890262444
3,1,missing__keyboard_median_word_completion_time_ms,-0.014117804988781098,unconstrained,356.2247890262444
3,1,missing__keyboard_typing_burst_count,-0.09020438687019318,unconstrained,356.2247890262444
3,1,missing__message_distinct_event_count,0.1317290249112218,unconstrained,356.2247890262444
3,1,missing__activity_active_hour_count,0.08475184332919332,unconstrained,356.2247890262444
3,1,missing__activity_state_diversity,0.08475184332919318,unconstrained,356.2247890262444
3,1,missing__activity_still_fraction,0.08475184332919318,unconstrained,356.2247890262444
3,1,missing__activity_transition_count,0.08475184332919318,unconstrained,356.2247890262444
3,1,missing__activity_unknown_fraction,0.08475184332919324,unconstrained,356.2247890262444
3,1,missing__median_unlocked_session_duration_seconds,0.06364366669709157,unconstrained,356.2247890262444
3,1,missing__screen_active_hour_count,0.1000147499394522,unconstrained,356.2247890262444
3,1,missing__screen_event_count,0.10001474993945214,unconstrained,356.2247890262444
3,1,missing__screen_off_event_count,0.1000147499394521,unconstrained,356.2247890262444
3,1,missing__screen_on_event_count,0.10001474993945227,unconstrained,356.2247890262444
3,1,missing__screen_transition_count,0.10001474993945214,unconstrained,356.2247890262444
3,1,missing__screen_unlock_event_count,0.10001474993945203,unconstrained,356.2247890262444
3,1,missing__telephony_event_count,0.08475184332919332,unconstrained,356.2247890262444
3,1,missing__telephony_mobile_data_enabled_fraction,0.08475184332919322,unconstrained,356.2247890262444
3,1,missing__telephony_network_type_diversity,0.08475184332919325,unconstrained,356.2247890262444
3,1,missing__touch_active_hour_count,-0.1662376435264887,unconstrained,356.2247890262444
3,1,missing__touch_app_diversity,-0.16623764352648876,unconstrained,356.2247890262444
3,1,missing__touch_click_event_count,-0.16623764352648868,unconstrained,356.2247890262444
3,1,missing__touch_distinct_event_count,-0.16623764352648868,unconstrained,356.2247890262444
3,1,missing__touch_scroll_direction_change_count,-0.057724118889511615,unconstrained,356.2247890262444
3,1,missing__touch_scroll_event_count,-0.16623764352648865,unconstrained,356.2247890262444
3,1,missing__touch_scroll_index_change_median,-0.057724118889511664,unconstrained,356.2247890262444
3,1,missing__touch_unique_app_count,-0.1662376435264887,unconstrained,356.2247890262444
3,2,app_foreground_event_count,0.2271580881453779,>= 0,204.33597178569437
3,2,app_use_diversity,0.5268037251635368,>= 0,204.33597178569437
3,2,unique_foreground_apps,0.19466177285832115,>= 0,204.33597178569437
3,2,gsm_cell_transition_count,2.349252203026246e-28,>= 0,204.33597178569437
3,2,unique_gsm_cell_count,0.058624515450534306,>= 0,204.33597178569437
3,2,unique_gsm_lac_count,1.3342636147107595e-22,>= 0,204.33597178569437
3,2,gsm_neighbor_cell_transition_count,-7.913562598047531e-31,<= 0,204.33597178569437
3,2,unique_gsm_neighbor_cell_count,-0.4928989911649594,<= 0,204.33597178569437
3,2,unique_gsm_neighbor_lac_count,-0.49577625990665974,<= 0,204.33597178569437
3,2,keyboard_deletion_event_count,0.313733232953849,>= 0,204.33597178569437
3,2,keyboard_inter_event_interval_iqr_ms,-0.04637145270964746,<= 0,204.33597178569437
3,2,keyboard_long_pause_count_2s,0.14016632522712016,>= 0,204.33597178569437
3,2,keyboard_median_inter_event_interval_ms,-4.76802177732873e-28,<= 0,204.33597178569437
3,2,keyboard_median_word_completion_time_ms,-8.19890847313422e-31,<= 0,204.33597178569437
3,2,keyboard_typing_burst_count,0.02423467689937096,>= 0,204.33597178569437
3,2,message_distinct_event_count,1.0898770212156405e-27,>= 0,204.33597178569437
3,2,activity_active_hour_count,1.586823732413548e-26,>= 0,204.33597178569437
3,2,activity_state_diversity,0.1722600841958025,>= 0,204.33597178569437
3,2,activity_still_fraction,-0.1439157763236334,<= 0,204.33597178569437
3,2,activity_transition_count,0.024556046147527332,>= 0,204.33597178569437
3,2,activity_unknown_fraction,-0.03418590052680299,<= 0,204.33597178569437
3,2,median_unlocked_session_duration_seconds,0.2465476913750161,>= 0,204.33597178569437
3,2,screen_active_hour_count,3.2550573897863766e-28,>= 0,204.33597178569437
3,2,screen_event_count,0.0005260580759326802,>= 0,204.33597178569437
3,2,screen_off_event_count,-0.03314245714121471,<= 0,204.33597178569437
3,2,screen_on_event_count,0.046214187687527754,>= 0,204.33597178569437
3,2,screen_transition_count,-0.10018954670308979,<= 0,204.33597178569437
3,2,screen_unlock_event_count,0.20947534653107874,>= 0,204.33597178569437
3,2,telephony_event_count,0.2920147788057564,>= 0,204.33597178569437
3,2,telephony_mobile_data_enabled_fraction,-0.42749499943211905,<= 0,204.33597178569437
3,2,telephony_network_type_diversity,0.14033585789296624,>= 0,204.33597178569437
3,2,touch_active_hour_count,-0.012673435877260783,<= 0,204.33597178569437
3,2,touch_app_diversity,4.656587579597261e-27,>= 0,204.33597178569437
3,2,touch_click_event_count,-3.008043932772772e-60,<= 0,204.33597178569437
3,2,touch_distinct_event_count,-2.6098048117586127e-30,<= 0,204.33597178569437
3,2,touch_scroll_direction_change_count,0.0005715776283340562,>= 0,204.33597178569437
3,2,touch_scroll_event_count,-0.0035395516559425643,<= 0,204.33597178569437
3,2,touch_scroll_index_change_median,-0.03318168360567315,<= 0,204.33597178569437
3,2,touch_unique_app_count,0.034046341254020916,>= 0,204.33597178569437
3,2,missing__app_foreground_event_count,0.11789980984597545,unconstrained,204.33597178569437
3,2,missing__app_use_diversity,0.11789980984597555,unconstrained,204.33597178569437
3,2,missing__unique_foreground_apps,0.11789980984597559,unconstrained,204.33597178569437
3,2,missing__gsm_cell_transition_count,0.09201928912836377,unconstrained,204.33597178569437
3,2,missing__unique_gsm_cell_count,0.09201928912836373,unconstrained,204.33597178569437
3,2,missing__unique_gsm_lac_count,0.09201928912836375,unconstrained,204.33597178569437
3,2,missing__gsm_neighbor_cell_transition_count,0.018227989279450782,unconstrained,204.33597178569437
3,2,missing__unique_gsm_neighbor_cell_count,0.018227989279450588,unconstrained,204.33597178569437
3,2,missing__unique_gsm_neighbor_lac_count,0.01822798927945061,unconstrained,204.33597178569437
3,2,missing__keyboard_deletion_event_count,-0.15049873756438967,unconstrained,204.33597178569437
3,2,missing__keyboard_inter_event_interval_iqr_ms,-0.15049873756438958,unconstrained,204.33597178569437
3,2,missing__keyboard_long_pause_count_2s,-0.15049873756438953,unconstrained,204.33597178569437
3,2,missing__keyboard_median_inter_event_interval_ms,-0.15049873756438958,unconstrained,204.33597178569437
3,2,missing__keyboard_median_word_completion_time_ms,-0.09881199165016828,unconstrained,204.33597178569437
3,2,missing__keyboard_typing_burst_count,-0.15049873756438956,unconstrained,204.33597178569437
3,2,missing__message_distinct_event_count,0.20610094464303835,unconstrained,204.33597178569437
3,2,missing__activity_active_hour_count,0.09201928912836384,unconstrained,204.33597178569437
3,2,missing__activity_state_diversity,0.09201928912836378,unconstrained,204.33597178569437
3,2,missing__activity_still_fraction,0.09201928912836378,unconstrained,204.33597178569437
3,2,missing__activity_transition_count,0.09201928912836377,unconstrained,204.33597178569437
3,2,missing__activity_unknown_fraction,0.09201928912836371,unconstrained,204.33597178569437
3,2,missing__median_unlocked_session_duration_seconds,0.077074462413369,unconstrained,204.33597178569437
3,2,missing__screen_active_hour_count,0.14539785601238694,unconstrained,204.33597178569437
3,2,missing__screen_event_count,0.14539785601238678,unconstrained,204.33597178569437
3,2,missing__screen_off_event_count,0.14539785601238683,unconstrained,204.33597178569437
3,2,missing__screen_on_event_count,0.1453978560123868,unconstrained,204.33597178569437
3,2,missing__screen_transition_count,0.14539785601238675,unconstrained,204.33597178569437
3,2,missing__screen_unlock_event_count,0.14539785601238675,unconstrained,204.33597178569437
3,2,missing__telephony_event_count,0.09201928912836377,unconstrained,204.33597178569437
3,2,missing__telephony_mobile_data_enabled_fraction,0.09201928912836373,unconstrained,204.33597178569437
3,2,missing__telephony_network_type_diversity,0.09201928912836378,unconstrained,204.33597178569437
3,2,missing__touch_active_hour_count,-0.05523555311005068,unconstrained,204.33597178569437
3,2,missing__touch_app_diversity,-0.05523555311005042,unconstrained,204.33597178569437
3,2,missing__touch_click_event_count,-0.05523555311005061,unconstrained,204.33597178569437
3,2,missing__touch_distinct_event_count,-0.05523555311005062,unconstrained,204.33597178569437
3,2,missing__touch_scroll_direction_change_count,0.11379568327829885,unconstrained,204.33597178569437
3,2,missing__touch_scroll_event_count,-0.05523555311005057,unconstrained,204.33597178569437
3,2,missing__touch_scroll_index_change_median,0.113795683278299,unconstrained,204.33597178569437
3,2,missing__touch_unique_app_count,-0.05523555311005056,unconstrained,204.33597178569437
3,3,app_foreground_event_count,0.22470304833316992,>= 0,204.33597178569437
3,3,app_use_diversity,0.36945854134988265,>= 0,204.33597178569437
3,3,unique_foreground_apps,-1.548703475715046e-35,<= 0,204.33597178569437
3,3,call_event_count,-0.27866882850556807,<= 0,204.33597178569437
3,3,incoming_call_count,-0.1369094208626818,<= 0,204.33597178569437
3,3,missed_rejected_blocked_call_count,0.07282160857365759,>= 0,204.33597178569437
3,3,outgoing_call_count,-0.2824695472430569,<= 0,204.33597178569437
3,3,total_call_duration_seconds,-0.055215816055735126,<= 0,204.33597178569437
3,3,gsm_cell_transition_count,7.397878485956168e-39,>= 0,204.33597178569437
3,3,unique_gsm_cell_count,0.06376181851483999,>= 0,204.33597178569437
3,3,unique_gsm_lac_count,-0.04581264269002287,<= 0,204.33597178569437
3,3,gsm_neighbor_cell_transition_count,-7.7535626444422e-42,<= 0,204.33597178569437
3,3,unique_gsm_neighbor_cell_count,-0.38456944487111816,<= 0,204.33597178569437
3,3,unique_gsm_neighbor_lac_count,1.793662034335766e-43,>= 0,204.33597178569437
3,3,keyboard_deletion_event_count,-8.430353667624854e-31,<= 0,204.33597178569437
3,3,keyboard_inter_event_interval_iqr_ms,-0.11674352501681115,<= 0,204.33597178569437
3,3,keyboard_long_pause_count_2s,-7.659557019025838e-30,<= 0,204.33597178569437
3,3,keyboard_median_inter_event_interval_ms,-0.17594008468541203,<= 0,204.33597178569437
3,3,keyboard_median_word_completion_time_ms,-0.09430536016906292,<= 0,204.33597178569437
3,3,keyboard_typing_burst_count,-1.909827198983231e-28,<= 0,204.33597178569437
3,3,message_distinct_event_count,-0.2130541984546222,<= 0,204.33597178569437
3,3,activity_active_hour_count,1.188299062830783e-12,>= 0,204.33597178569437
3,3,activity_state_diversity,-0.17387765579827966,<= 0,204.33597178569437
3,3,activity_still_fraction,0.17409696862840474,>= 0,204.33597178569437
3,3,activity_transition_count,7.526242338352596e-26,>= 0,204.33597178569437
3,3,activity_unknown_fraction,-0.09369892715959474,<= 0,204.33597178569437
3,3,median_unlocked_session_duration_seconds,0.02882685039887758,>= 0,204.33597178569437
3,3,night_screen_event_count,2.017009634411847e-34,>= 0,204.33597178569437
3,3,screen_active_hour_count,-0.05328648994047258,<= 0,204.33597178569437
3,3,screen_event_count,0.05738498899002159,>= 0,204.33597178569437
3,3,screen_off_event_count,0.015611747274532878,>= 0,204.33597178569437
3,3,screen_on_event_count,0.08488068926502891,>= 0,204.33597178569437
3,3,screen_transition_count,-0.14422904790845542,<= 0,204.33597178569437
3,3,screen_unlock_event_count,0.21962825468557345,>= 0,204.33597178569437
3,3,telephony_event_count,0.14486428970736148,>= 0,204.33597178569437
3,3,telephony_mobile_data_enabled_fraction,-0.6733758492017642,<= 0,204.33597178569437
3,3,telephony_network_type_diversity,0.09265975096958265,>= 0,204.33597178569437
3,3,touch_active_hour_count,-5.271372422352883e-28,<= 0,204.33597178569437
3,3,touch_app_diversity,5.623491505936897e-34,>= 0,204.33597178569437
3,3,touch_click_event_count,-1.140446795734689e-31,<= 0,204.33597178569437
3,3,touch_distinct_event_count,-7.07376230446658e-31,<= 0,204.33597178569437
3,3,touch_scroll_direction_change_count,-6.55232900421795e-29,<= 0,204.33597178569437
3,3,touch_scroll_event_count,-5.08152882456514e-30,<= 0,204.33597178569437
3,3,touch_scroll_index_change_median,0.15538227050939146,>= 0,204.33597178569437
3,3,touch_unique_app_count,-2.3454616678901725e-27,<= 0,204.33597178569437
3,3,missing__app_foreground_event_count,-0.0100258651815322,unconstrained,204.33597178569437
3,3,missing__app_use_diversity,-0.01002586518153238,unconstrained,204.33597178569437
3,3,missing__unique_foreground_apps,-0.010025865181532355,unconstrained,204.33597178569437
3,3,missing__call_event_count,-0.004724855133603383,unconstrained,204.33597178569437
3,3,missing__incoming_call_count,-0.0047248551336033125,unconstrained,204.33597178569437
3,3,missing__missed_rejected_blocked_call_count,-0.004724855133603313,unconstrained,204.33597178569437
3,3,missing__outgoing_call_count,-0.004724855133603428,unconstrained,204.33597178569437
3,3,missing__total_call_duration_seconds,-0.004724855133603308,unconstrained,204.33597178569437
3,3,missing__gsm_cell_transition_count,0.08765602296027342,unconstrained,204.33597178569437
3,3,missing__unique_gsm_cell_count,0.08765602296027336,unconstrained,204.33597178569437
3,3,missing__unique_gsm_lac_count,0.08765602296027339,unconstrained,204.33597178569437
3,3,missing__gsm_neighbor_cell_transition_count,0.24598666823108792,unconstrained,204.33597178569437
3,3,missing__unique_gsm_neighbor_cell_count,0.2459866682310879,unconstrained,204.33597178569437
3,3,missing__unique_gsm_neighbor_lac_count,0.24598666823108806,unconstrained,204.33597178569437
3,3,missing__keyboard_deletion_event_count,-0.2906541956438521,unconstrained,204.33597178569437
3,3,missing__keyboard_inter_event_interval_iqr_ms,-0.290654195643852,unconstrained,204.33597178569437
3,3,missing__keyboard_long_pause_count_2s,-0.2906541956438522,unconstrained,204.33597178569437
3,3,missing__keyboard_median_inter_event_interval_ms,-0.29065419564385225,unconstrained,204.33597178569437
3,3,missing__keyboard_median_word_completion_time_ms,-0.09097818960365064,unconstrained,204.33597178569437
3,3,missing__keyboard_typing_burst_count,-0.290654195643852,unconstrained,204.33597178569437
3,3,missing__message_distinct_event_count,0.14089300716017536,unconstrained,204.33597178569437
3,3,missing__activity_active_hour_count,0.0876560229602734,unconstrained,204.33597178569437
3,3,missing__activity_state_diversity,0.08765602296027333,unconstrained,204.33597178569437
3,3,missing__activity_still_fraction,0.08765602296027339,unconstrained,204.33597178569437
3,3,missing__activity_transition_count,0.08765602296027339,unconstrained,204.33597178569437
3,3,missing__activity_unknown_fraction,0.08765602296027339,unconstrained,204.33597178569437
3,3,missing__median_unlocked_session_duration_seconds,0.0876560229602733,unconstrained,204.33597178569437
3,3,missing__night_screen_event_count,0.11100214774178938,unconstrained,204.33597178569437
3,3,missing__screen_active_hour_count,0.11100214774178946,unconstrained,204.33597178569437
3,3,missing__screen_event_count,0.1110021477417893,unconstrained,204.33597178569437
3,3,missing__screen_off_event_count,0.1110021477417892,unconstrained,204.33597178569437
3,3,missing__screen_on_event_count,0.11100214774178935,unconstrained,204.33597178569437
3,3,missing__screen_transition_count,0.11100214774178938,unconstrained,204.33597178569437
3,3,missing__screen_unlock_event_count,0.11100214774178925,unconstrained,204.33597178569437
3,3,missing__telephony_event_count,0.08765602296027336,unconstrained,204.33597178569437
3,3,missing__telephony_mobile_data_enabled_fraction,0.0876560229602734,unconstrained,204.33597178569437
3,3,missing__telephony_network_type_diversity,0.08765602296027336,unconstrained,204.33597178569437
3,3,missing__touch_active_hour_count,-0.08834192716160205,unconstrained,204.33597178569437
3,3,missing__touch_app_diversity,-0.08834192716160226,unconstrained,204.33597178569437
3,3,missing__touch_click_event_count,-0.08834192716160229,unconstrained,204.33597178569437
3,3,missing__touch_distinct_event_count,-0.08834192716160229,unconstrained,204.33597178569437
3,3,missing__touch_scroll_direction_change_count,-0.08834192716160236,unconstrained,204.33597178569437
3,3,missing__touch_scroll_event_count,-0.08834192716160227,unconstrained,204.33597178569437
3,3,missing__touch_scroll_index_change_median,-0.08834192716160237,unconstrained,204.33597178569437
3,3,missing__touch_unique_app_count,-0.0883419271616022,unconstrained,204.33597178569437
3,4,app_foreground_event_count,0.00749888331633562,>= 0,10000.0
3,4,app_use_diversity,0.01828458086858303,>= 0,10000.0
3,4,unique_foreground_apps,0.011440470366089849,>= 0,10000.0
3,4,call_event_count,-0.005353298676908529,<= 0,10000.0
3,4,incoming_call_count,-0.000709976815798762,<= 0,10000.0
3,4,missed_rejected_blocked_call_count,0.0067785810401118475,>= 0,10000.0
3,4,outgoing_call_count,-0.008013723604036278,<= 0,10000.0
3,4,total_call_duration_seconds,-0.0003208383480915969,<= 0,10000.0
3,4,gsm_cell_transition_count,0.00046159454639569135,>= 0,10000.0
3,4,unique_gsm_cell_count,0.003300053687994513,>= 0,10000.0
3,4,unique_gsm_lac_count,0.0017046744387151345,>= 0,10000.0
3,4,gsm_neighbor_cell_transition_count,-3.9664181238759754e-30,<= 0,10000.0
3,4,unique_gsm_neighbor_cell_count,-0.012751478713650885,<= 0,10000.0
3,4,unique_gsm_neighbor_lac_count,-0.014860788204756538,<= 0,10000.0
3,4,keyboard_deletion_event_count,-6.427298061776436e-38,<= 0,10000.0
3,4,keyboard_inter_event_interval_iqr_ms,-0.0067750437141957985,<= 0,10000.0
3,4,keyboard_long_pause_count_2s,0.004913780828625443,>= 0,10000.0
3,4,keyboard_median_inter_event_interval_ms,-0.002940867183715187,<= 0,10000.0
3,4,keyboard_median_word_completion_time_ms,-0.012803153371010567,<= 0,10000.0
3,4,keyboard_typing_burst_count,-9.655350585055497e-40,<= 0,10000.0
3,4,message_distinct_event_count,4.5789205540341366e-21,>= 0,10000.0
3,4,activity_active_hour_count,3.594657021426559e-27,>= 0,10000.0
3,4,activity_state_diversity,-0.0035942024480819477,<= 0,10000.0
3,4,activity_still_fraction,0.00228817476938391,>= 0,10000.0
3,4,activity_transition_count,-0.0025120140535676815,<= 0,10000.0
3,4,activity_unknown_fraction,-0.002091022731445293,<= 0,10000.0
3,4,median_unlocked_session_duration_seconds,0.005576487200310647,>= 0,10000.0
3,4,night_screen_event_count,4.2972266458303934e-33,>= 0,10000.0
3,4,screen_active_hour_count,-5.483756018663569e-41,<= 0,10000.0
3,4,screen_event_count,1.4392804135156568e-05,>= 0,10000.0
3,4,screen_off_event_count,3.0588016144711864e-23,>= 0,10000.0
3,4,screen_on_event_count,0.0008768995493891932,>= 0,10000.0
3,4,screen_transition_count,-1.282927060844254e-49,<= 0,10000.0
3,4,screen_unlock_event_count,0.004639407701217961,>= 0,10000.0
3,4,telephony_event_count,0.002669340672583183,>= 0,10000.0
3,4,telephony_mobile_data_enabled_fraction,-0.012930900056520195,<= 0,10000.0
3,4,telephony_network_type_diversity,0.002051042582034641,>= 0,10000.0
3,4,touch_active_hour_count,0.005988734238725529,>= 0,10000.0
3,4,touch_app_diversity,7.133439560049936e-30,>= 0,10000.0
3,4,touch_click_event_count,0.008261657856234257,>= 0,10000.0
3,4,touch_distinct_event_count,0.007989346193936476,>= 0,10000.0
3,4,touch_scroll_direction_change_count,0.006187983209892253,>= 0,10000.0
3,4,touch_scroll_event_count,-1.8680411484313253e-45,<= 0,10000.0
3,4,touch_scroll_index_change_median,0.004212479209520925,>= 0,10000.0
3,4,touch_unique_app_count,0.005933309758767036,>= 0,10000.0
3,4,missing__app_foreground_event_count,0.0029387215121867366,unconstrained,10000.0
3,4,missing__app_use_diversity,0.002938721512186739,unconstrained,10000.0
3,4,missing__unique_foreground_apps,0.002938721512186739,unconstrained,10000.0
3,4,missing__call_event_count,0.0013937978464689858,unconstrained,10000.0
3,4,missing__incoming_call_count,0.0013937978464689804,unconstrained,10000.0
3,4,missing__missed_rejected_blocked_call_count,0.0013937978464689616,unconstrained,10000.0
3,4,missing__outgoing_call_count,0.001393797846468986,unconstrained,10000.0
3,4,missing__total_call_duration_seconds,0.0013937978464689752,unconstrained,10000.0
3,4,missing__gsm_cell_transition_count,0.010705286469774011,unconstrained,10000.0
3,4,missing__unique_gsm_cell_count,0.01070528646977402,unconstrained,10000.0
3,4,missing__unique_gsm_lac_count,0.01070528646977402,unconstrained,10000.0
3,4,missing__gsm_neighbor_cell_transition_count,0.0036264322136950944,unconstrained,10000.0
3,4,missing__unique_gsm_neighbor_cell_count,0.003626432213695106,unconstrained,10000.0
3,4,missing__unique_gsm_neighbor_lac_count,0.0036264322136950896,unconstrained,10000.0
3,4,missing__keyboard_deletion_event_count,-0.00438750910734771,unconstrained,10000.0
3,4,missing__keyboard_inter_event_interval_iqr_ms,-0.004387509107347703,unconstrained,10000.0
3,4,missing__keyboard_long_pause_count_2s,-0.0043875091073477,unconstrained,10000.0
3,4,missing__keyboard_median_inter_event_interval_ms,-0.004387509107347717,unconstrained,10000.0
3,4,missing__keyboard_median_word_completion_time_ms,-0.001592705325291677,unconstrained,10000.0
3,4,missing__keyboard_typing_burst_count,-0.004387509107347702,unconstrained,10000.0
3,4,missing__message_distinct_event_count,0.00971657581849966,unconstrained,10000.0
3,4,missing__activity_active_hour_count,0.010705286469774023,unconstrained,10000.0
3,4,missing__activity_state_diversity,0.010705286469774021,unconstrained,10000.0
3,4,missing__activity_still_fraction,0.010705286469774027,unconstrained,10000.0
3,4,missing__activity_transition_count,0.010705286469774014,unconstrained,10000.0
3,4,missing__activity_unknown_fraction,0.010705286469774023,unconstrained,10000.0
3,4,missing__median_unlocked_session_duration_seconds,0.009811165116472915,unconstrained,10000.0
3,4,missing__night_screen_event_count,0.010705286469774028,unconstrained,10000.0
3,4,missing__screen_active_hour_count,0.010705286469774018,unconstrained,10000.0
3,4,missing__screen_event_count,0.010705286469774014,unconstrained,10000.0
3,4,missing__screen_off_event_count,0.010705286469774008,unconstrained,10000.0
3,4,missing__screen_on_event_count,0.01070528646977402,unconstrained,10000.0
3,4,missing__screen_transition_count,0.010705286469774028,unconstrained,10000.0
3,4,missing__screen_unlock_event_count,0.010705286469774021,unconstrained,10000.0
3,4,missing__telephony_event_count,0.010705286469774023,unconstrained,10000.0
3,4,missing__telephony_mobile_data_enabled_fraction,0.010705286469774021,unconstrained,10000.0
3,4,missing__telephony_network_type_diversity,0.010705286469774028,unconstrained,10000.0
3,4,missing__touch_active_hour_count,-0.0008566058203987998,unconstrained,10000.0
3,4,missing__touch_app_diversity,-0.0008566058203988051,unconstrained,10000.0
3,4,missing__touch_click_event_count,-0.0008566058203988036,unconstrained,10000.0
3,4,missing__touch_distinct_event_count,-0.0008566058203988078,unconstrained,10000.0
3,4,missing__touch_scroll_direction_change_count,0.001845716739467689,unconstrained,10000.0
3,4,missing__touch_scroll_event_count,-0.0008566058203987941,unconstrained,10000.0
3,4,missing__touch_scroll_index_change_median,0.0018457167394676712,unconstrained,10000.0
3,4,missing__touch_unique_app_count,-0.0008566058203988141,unconstrained,10000.0
3,5,app_foreground_event_count,0.003974674949302659,>= 0,10000.0
3,5,app_use_diversity,0.009342172860822307,>= 0,10000.0
3,5,unique_foreground_apps,0.008205226053501307,>= 0,10000.0
3,5,call_event_count,-0.00323647204071935,<= 0,10000.0
3,5,incoming_call_count,0.0003760366696463239,>= 0,10000.0
3,5,missed_rejected_blocked_call_count,0.002546470729695284,>= 0,10000.0
3,5,outgoing_call_count,-0.005100226404578377,<= 0,10000.0
3,5,total_call_duration_seconds,-0.0005833068704558677,<= 0,10000.0
3,5,gsm_cell_transition_count,0.002741652768914807,>= 0,10000.0
3,5,unique_gsm_cell_count,0.003857015892769944,>= 0,10000.0
3,5,unique_gsm_lac_count,0.002536432268856344,>= 0,10000.0
3,5,gsm_neighbor_cell_transition_count,-1.2209370267050097e-32,<= 0,10000.0
3,5,unique_gsm_neighbor_cell_count,-0.001624792908061635,<= 0,10000.0
3,5,unique_gsm_neighbor_lac_count,4.101773608648179e-39,>= 0,10000.0
3,5,keyboard_deletion_event_count,-4.117619730162868e-42,<= 0,10000.0
3,5,keyboard_inter_event_interval_iqr_ms,-0.0009888121055571136,<= 0,10000.0
3,5,keyboard_long_pause_count_2s,-7.2132150313582756e-40,<= 0,10000.0
3,5,keyboard_median_inter_event_interval_ms,-0.0036713997405932756,<= 0,10000.0
3,5,keyboard_median_word_completion_time_ms,-3.9037790862737266e-43,<= 0,10000.0
3,5,keyboard_typing_burst_count,-5.116634771981368e-41,<= 0,10000.0
3,5,message_distinct_event_count,-0.001458459787150672,<= 0,10000.0
3,5,activity_active_hour_count,0.00167520075675711,>= 0,10000.0
3,5,activity_state_diversity,6.625295214150436e-06,>= 0,10000.0
3,5,activity_still_fraction,-7.490997298325229e-11,<= 0,10000.0
3,5,activity_transition_count,0.001962015028110637,>= 0,10000.0
3,5,activity_unknown_fraction,0.0018329229330276136,>= 0,10000.0
3,5,median_unlocked_session_duration_seconds,-9.959586121455274e-46,<= 0,10000.0
3,5,night_screen_event_count,-0.006717638167811792,<= 0,10000.0
3,5,screen_active_hour_count,-0.00047969458259416087,<= 0,10000.0
3,5,screen_event_count,0.004152626817410219,>= 0,10000.0
3,5,screen_off_event_count,0.0035376141603658826,>= 0,10000.0
3,5,screen_on_event_count,0.004316832304580113,>= 0,10000.0
3,5,screen_transition_count,-3.518550522564828e-37,<= 0,10000.0
3,5,screen_unlock_event_count,0.005383351939845045,>= 0,10000.0
3,5,telephony_event_count,0.003396106234228485,>= 0,10000.0
3,5,telephony_mobile_data_enabled_fraction,-0.013846658231031164,<= 0,10000.0
3,5,telephony_network_type_diversity,0.002977005650615058,>= 0,10000.0
3,5,touch_active_hour_count,-1.9040123415595304e-40,<= 0,10000.0
3,5,touch_app_diversity,0.0055433693485043905,>= 0,10000.0
3,5,touch_click_event_count,-1.6725655782017768e-44,<= 0,10000.0
3,5,touch_distinct_event_count,0.006047372716158361,>= 0,10000.0
3,5,touch_scroll_direction_change_count,-1.1197009820759357e-39,<= 0,10000.0
3,5,touch_scroll_event_count,-3.8673709121769363e-41,<= 0,10000.0
3,5,touch_scroll_index_change_median,0.004829744991290517,>= 0,10000.0
3,5,touch_unique_app_count,0.005822589641777533,>= 0,10000.0
3,5,missing__app_foreground_event_count,0.0006580474420725932,unconstrained,10000.0
3,5,missing__app_use_diversity,0.000658047442072608,unconstrained,10000.0
3,5,missing__unique_foreground_apps,0.0006580474420726046,unconstrained,10000.0
3,5,missing__call_event_count,-0.005352808646650464,unconstrained,10000.0
3,5,missing__incoming_call_count,-0.005352808646650463,unconstrained,10000.0
3,5,missing__missed_rejected_blocked_call_count,-0.005352808646650463,unconstrained,10000.0
3,5,missing__outgoing_call_count,-0.005352808646650461,unconstrained,10000.0
3,5,missing__total_call_duration_seconds,-0.005352808646650463,unconstrained,10000.0
3,5,missing__gsm_cell_transition_count,0.0036089802888053754,unconstrained,10000.0
3,5,missing__unique_gsm_cell_count,0.0036089802888053784,unconstrained,10000.0
3,5,missing__unique_gsm_lac_count,0.003608980288805371,unconstrained,10000.0
3,5,missing__gsm_neighbor_cell_transition_count,0.0024391910206931753,unconstrained,10000.0
3,5,missing__unique_gsm_neighbor_cell_count,0.002439191020693167,unconstrained,10000.0
3,5,missing__unique_gsm_neighbor_lac_count,0.002439191020693176,unconstrained,10000.0
3,5,missing__keyboard_deletion_event_count,-0.006152829442579366,unconstrained,10000.0
3,5,missing__keyboard_inter_event_interval_iqr_ms,-0.006152829442579371,unconstrained,10000.0
3,5,missing__keyboard_long_pause_count_2s,-0.006152829442579365,unconstrained,10000.0
3,5,missing__keyboard_median_inter_event_interval_ms,-0.006152829442579372,unconstrained,10000.0
3,5,missing__keyboard_median_word_completion_time_ms,-0.0014073231031656818,unconstrained,10000.0
3,5,missing__keyboard_typing_burst_count,-0.006152829442579362,unconstrained,10000.0
3,5,missing__message_distinct_event_count,0.004908825604637177,unconstrained,10000.0
3,5,missing__activity_active_hour_count,0.003608980288805369,unconstrained,10000.0
3,5,missing__activity_state_diversity,0.0036089802888053884,unconstrained,10000.0
3,5,missing__activity_still_fraction,0.003608980288805381,unconstrained,10000.0
3,5,missing__activity_transition_count,0.0036089802888053858,unconstrained,10000.0
3,5,missing__activity_unknown_fraction,0.0036089802888053728,unconstrained,10000.0
3,5,missing__median_unlocked_session_duration_seconds,0.002906687980198578,unconstrained,10000.0
3,5,missing__night_screen_event_count,0.0046654636571804246,unconstrained,10000.0
3,5,missing__screen_active_hour_count,0.004665463657180422,unconstrained,10000.0
3,5,missing__screen_event_count,0.004665463657180425,unconstrained,10000.0
3,5,missing__screen_off_event_count,0.004665463657180421,unconstrained,10000.0
3,5,missing__screen_on_event_count,0.004665463657180424,unconstrained,10000.0
3,5,missing__screen_transition_count,0.004665463657180416,unconstrained,10000.0
3,5,missing__screen_unlock_event_count,0.004665463657180417,unconstrained,10000.0
3,5,missing__telephony_event_count,0.0036089802888053836,unconstrained,10000.0
3,5,missing__telephony_mobile_data_enabled_fraction,0.0036089802888053745,unconstrained,10000.0
3,5,missing__telephony_network_type_diversity,0.0036089802888053793,unconstrained,10000.0
3,5,missing__touch_active_hour_count,1.5236405701828494e-05,unconstrained,10000.0
3,5,missing__touch_app_diversity,1.5236405701833656e-05,unconstrained,10000.0
3,5,missing__touch_click_event_count,1.523640570182633e-05,unconstrained,10000.0
3,5,missing__touch_distinct_event_count,1.5236405701827218e-05,unconstrained,10000.0
3,5,missing__touch_scroll_direction_change_count,0.0026969832617823528,unconstrained,10000.0
3,5,missing__touch_scroll_event_count,1.5236405701837567e-05,unconstrained,10000.0
3,5,missing__touch_scroll_index_change_median,0.0026969832617823515,unconstrained,10000.0
3,5,missing__touch_unique_app_count,1.5236405701825189e-05,unconstrained,10000.0
4,1,app_foreground_event_count,0.22442884031702368,>= 0,204.33597178569437
4,1,app_use_diversity,0.40935168256799787,>= 0,204.33597178569437
4,1,unique_foreground_apps,0.19397359715993956,>= 0,204.33597178569437
4,1,gsm_cell_transition_count,3.928251368504586e-32,>= 0,204.33597178569437
4,1,unique_gsm_cell_count,3.9518051392666955e-29,>= 0,204.33597178569437
4,1,unique_gsm_lac_count,3.478913619341825e-31,>= 0,204.33597178569437
4,1,gsm_neighbor_cell_transition_count,-0.08327816695248393,<= 0,204.33597178569437
4,1,unique_gsm_neighbor_cell_count,-0.4890052806205425,<= 0,204.33597178569437
4,1,unique_gsm_neighbor_lac_count,-0.5990358249577652,<= 0,204.33597178569437
4,1,keyboard_deletion_event_count,0.3572987754514894,>= 0,204.33597178569437
4,1,keyboard_inter_event_interval_iqr_ms,-0.019160691288680178,<= 0,204.33597178569437
4,1,keyboard_long_pause_count_2s,0.1711674477094193,>= 0,204.33597178569437
4,1,keyboard_median_inter_event_interval_ms,-9.789955095957293e-34,<= 0,204.33597178569437
4,1,keyboard_median_word_completion_time_ms,-1.1348805113323104e-33,<= 0,204.33597178569437
4,1,keyboard_typing_burst_count,0.07025353250063579,>= 0,204.33597178569437
4,1,message_distinct_event_count,1.2008469838794668e-31,>= 0,204.33597178569437
4,1,activity_active_hour_count,2.6028019851342504e-27,>= 0,204.33597178569437
4,1,activity_state_diversity,0.03832392536685506,>= 0,204.33597178569437
4,1,activity_still_fraction,-0.05256875117386208,<= 0,204.33597178569437
4,1,activity_transition_count,3.15798705593721e-29,>= 0,204.33597178569437
4,1,activity_unknown_fraction,0.010493682487944226,>= 0,204.33597178569437
4,1,median_unlocked_session_duration_seconds,0.13405188343646202,>= 0,204.33597178569437
4,1,screen_active_hour_count,-0.08184790676670155,<= 0,204.33597178569437
4,1,screen_event_count,0.11654614412949112,>= 0,204.33597178569437
4,1,screen_off_event_count,0.07084665588253597,>= 0,204.33597178569437
4,1,screen_on_event_count,0.12880655304784733,>= 0,204.33597178569437
4,1,screen_transition_count,-0.14102792296832578,<= 0,204.33597178569437
4,1,screen_unlock_event_count,0.2662852322341507,>= 0,204.33597178569437
4,1,telephony_event_count,0.10699964767407082,>= 0,204.33597178569437
4,1,telephony_mobile_data_enabled_fraction,-0.48652950533703937,<= 0,204.33597178569437
4,1,telephony_network_type_diversity,0.13144487064327792,>= 0,204.33597178569437
4,1,touch_active_hour_count,-8.33592675767124e-77,<= 0,204.33597178569437
4,1,touch_app_diversity,7.339660788845062e-31,>= 0,204.33597178569437
4,1,touch_click_event_count,0.08201580263421644,>= 0,204.33597178569437
4,1,touch_distinct_event_count,-2.090989988270595e-39,<= 0,204.33597178569437
4,1,touch_scroll_direction_change_count,0.03828709377760102,>= 0,204.33597178569437
4,1,touch_scroll_event_count,0.07568401430341193,>= 0,204.33597178569437
4,1,touch_scroll_index_change_median,-7.070727761724732e-32,<= 0,204.33597178569437
4,1,touch_unique_app_count,0.00047487816840365715,>= 0,204.33597178569437
4,1,missing__app_foreground_event_count,0.02269612744706689,unconstrained,204.33597178569437
4,1,missing__app_use_diversity,0.02269612744706725,unconstrained,204.33597178569437
4,1,missing__unique_foreground_apps,0.022696127447067282,unconstrained,204.33597178569437
4,1,missing__gsm_cell_transition_count,0.13742868299683342,unconstrained,204.33597178569437
4,1,missing__unique_gsm_cell_count,0.13742868299683353,unconstrained,204.33597178569437
4,1,missing__unique_gsm_lac_count,0.13742868299683333,unconstrained,204.33597178569437
4,1,missing__gsm_neighbor_cell_transition_count,0.089851455363008,unconstrained,204.33597178569437
4,1,missing__unique_gsm_neighbor_cell_count,0.08985145536300836,unconstrained,204.33597178569437
4,1,missing__unique_gsm_neighbor_lac_count,0.08985145536300833,unconstrained,204.33597178569437
4,1,missing__keyboard_deletion_event_count,-0.1157584176426698,unconstrained,204.33597178569437
4,1,missing__keyboard_inter_event_interval_iqr_ms,-0.1157584176426697,unconstrained,204.33597178569437
4,1,missing__keyboard_long_pause_count_2s,-0.11575841764266968,unconstrained,204.33597178569437
4,1,missing__keyboard_median_inter_event_interval_ms,-0.11575841764266968,unconstrained,204.33597178569437
4,1,missing__keyboard_median_word_completion_time_ms,-0.05515940830049077,unconstrained,204.33597178569437
4,1,missing__keyboard_typing_burst_count,-0.11575841764266973,unconstrained,204.33597178569437
4,1,missing__message_distinct_event_count,0.23728932325708862,unconstrained,204.33597178569437
4,1,missing__activity_active_hour_count,0.13742868299683336,unconstrained,204.33597178569437
4,1,missing__activity_state_diversity,0.13742868299683336,unconstrained,204.33597178569437
4,1,missing__activity_still_fraction,0.13742868299683336,unconstrained,204.33597178569437
4,1,missing__activity_transition_count,0.13742868299683342,unconstrained,204.33597178569437
4,1,missing__activity_unknown_fraction,0.13742868299683333,unconstrained,204.33597178569437
4,1,missing__median_unlocked_session_duration_seconds,0.12101064975461308,unconstrained,204.33597178569437
4,1,missing__screen_active_hour_count,0.19996181122241602,unconstrained,204.33597178569437
4,1,missing__screen_event_count,0.19996181122241602,unconstrained,204.33597178569437
4,1,missing__screen_off_event_count,0.19996181122241605,unconstrained,204.33597178569437
4,1,missing__screen_on_event_count,0.19996181122241594,unconstrained,204.33597178569437
4,1,missing__screen_transition_count,0.19996181122241602,unconstrained,204.33597178569437
4,1,missing__screen_unlock_event_count,0.1999618112224161,unconstrained,204.33597178569437
4,1,missing__telephony_event_count,0.13742868299683333,unconstrained,204.33597178569437
4,1,missing__telephony_mobile_data_enabled_fraction,0.1374286829968333,unconstrained,204.33597178569437
4,1,missing__telephony_network_type_diversity,0.13742868299683336,unconstrained,204.33597178569437
4,1,missing__touch_active_hour_count,-0.12290448730472997,unconstrained,204.33597178569437
4,1,missing__touch_app_diversity,-0.12290448730473019,unconstrained,204.33597178569437
4,1,missing__touch_click_event_count,-0.12290448730473018,unconstrained,204.33597178569437
4,1,missing__touch_distinct_event_count,-0.12290448730473023,unconstrained,204.33597178569437
4,1,missing__touch_scroll_direction_change_count,0.050466888684927734,unconstrained,204.33597178569437
4,1,missing__touch_scroll_event_count,-0.12290448730473011,unconstrained,204.33597178569437
4,1,missing__touch_scroll_index_change_median,0.050466888684927956,unconstrained,204.33597178569437
4,1,missing__touch_unique_app_count,-0.12290448730473014,unconstrained,204.33597178569437
4,2,app_foreground_event_count,-2.422097782793329e-36,<= 0,10000.0
4,2,app_use_diversity,0.00814007494924777,>= 0,10000.0
4,2,unique_foreground_apps,-1.0181207757623709e-23,<= 0,10000.0
4,2,gsm_cell_transition_count,2.5223372357846707e-44,>= 0,10000.0
4,2,unique_gsm_cell_count,2.9454406733430835e-23,>= 0,10000.0
4,2,unique_gsm_lac_count,2.5374146379833046e-39,>= 0,10000.0
4,2,gsm_neighbor_cell_transition_count,-2.1264359140395244e-36,<= 0,10000.0
4,2,unique_gsm_neighbor_cell_count,-0.012854761921179252,<= 0,10000.0
4,2,unique_gsm_neighbor_lac_count,5.298471527299918e-42,>= 0,10000.0
4,2,keyboard_deletion_event_count,-4.128545213764806e-28,<= 0,10000.0
4,2,keyboard_inter_event_interval_iqr_ms,-0.0055318923748499844,<= 0,10000.0
4,2,keyboard_long_pause_count_2s,-2.9639237281287995e-26,<= 0,10000.0
4,2,keyboard_median_inter_event_interval_ms,-0.003475815232253998,<= 0,10000.0
4,2,keyboard_median_word_completion_time_ms,-2.683890172013848e-23,<= 0,10000.0
4,2,keyboard_typing_burst_count,-2.6053077002491003e-22,<= 0,10000.0
4,2,message_distinct_event_count,-0.002025623398488589,<= 0,10000.0
4,2,activity_active_hour_count,5.548509404396713e-26,>= 0,10000.0
4,2,activity_state_diversity,-0.0013918694255892737,<= 0,10000.0
4,2,activity_still_fraction,0.00284923642448934,>= 0,10000.0
4,2,activity_transition_count,-0.0032539102395370404,<= 0,10000.0
4,2,activity_unknown_fraction,6.610301031533322e-25,>= 0,10000.0
4,2,median_unlocked_session_duration_seconds,-0.00097674642908562,<= 0,10000.0
4,2,night_screen_event_count,-0.007654334101829467,<= 0,10000.0
4,2,screen_active_hour_count,-0.0028185830752757643,<= 0,10000.0
4,2,screen_event_count,0.0025698131868810902,>= 0,10000.0
4,2,screen_off_event_count,-4.623795300347033e-28,<= 0,10000.0
4,2,screen_on_event_count,0.0028086048748482053,>= 0,10000.0
4,2,screen_transition_count,-0.0025151006617521927,<= 0,10000.0
4,2,screen_unlock_event_count,0.004815152769062455,>= 0,10000.0
4,2,telephony_event_count,0.00739229961685367,>= 0,10000.0
4,2,telephony_mobile_data_enabled_fraction,-0.014578728235023642,<= 0,10000.0
4,2,telephony_network_type_diversity,0.0014197424249142588,>= 0,10000.0
4,2,touch_active_hour_count,-0.002830683612121807,<= 0,10000.0
4,2,touch_app_diversity,0.0004722765898120803,>= 0,10000.0
4,2,touch_click_event_count,-5.828912891219082e-27,<= 0,10000.0
4,2,touch_distinct_event_count,-2.0187095675569208e-22,<= 0,10000.0
4,2,touch_scroll_direction_change_count,-0.0009680862011305614,<= 0,10000.0
4,2,touch_scroll_event_count,-8.826949584855131e-12,<= 0,10000.0
4,2,touch_scroll_index_change_median,0.0009788919439458715,>= 0,10000.0
4,2,touch_unique_app_count,-0.002771934229561814,<= 0,10000.0
4,2,missing__app_foreground_event_count,0.005623161683437342,unconstrained,10000.0
4,2,missing__app_use_diversity,0.005623161683437343,unconstrained,10000.0
4,2,missing__unique_foreground_apps,0.005623161683437348,unconstrained,10000.0
4,2,missing__gsm_cell_transition_count,0.006819863734954921,unconstrained,10000.0
4,2,missing__unique_gsm_cell_count,0.006819863734954915,unconstrained,10000.0
4,2,missing__unique_gsm_lac_count,0.006819863734954917,unconstrained,10000.0
4,2,missing__gsm_neighbor_cell_transition_count,0.006442773849368447,unconstrained,10000.0
4,2,missing__unique_gsm_neighbor_cell_count,0.006442773849368454,unconstrained,10000.0
4,2,missing__unique_gsm_neighbor_lac_count,0.006442773849368457,unconstrained,10000.0
4,2,missing__keyboard_deletion_event_count,-0.0013142815551522831,unconstrained,10000.0
4,2,missing__keyboard_inter_event_interval_iqr_ms,-0.0013142815551522753,unconstrained,10000.0
4,2,missing__keyboard_long_pause_count_2s,-0.001314281555152276,unconstrained,10000.0
4,2,missing__keyboard_median_inter_event_interval_ms,-0.001314281555152278,unconstrained,10000.0
4,2,missing__keyboard_median_word_completion_time_ms,0.004081542452882355,unconstrained,10000.0
4,2,missing__keyboard_typing_burst_count,-0.0013142815551522714,unconstrained,10000.0
4,2,missing__message_distinct_event_count,0.009308615587727687,unconstrained,10000.0
4,2,missing__activity_active_hour_count,0.006819863734954923,unconstrained,10000.0
4,2,missing__activity_state_diversity,0.0068198637349549335,unconstrained,10000.0
4,2,missing__activity_still_fraction,0.006819863734954928,unconstrained,10000.0
4,2,missing__activity_transition_count,0.006819863734954926,unconstrained,10000.0
4,2,missing__activity_unknown_fraction,0.006819863734954919,unconstrained,10000.0
4,2,missing__median_unlocked_session_duration_seconds,0.006075097414236868,unconstrained,10000.0
4,2,missing__night_screen_event_count,0.007913336222134106,unconstrained,10000.0
4,2,missing__screen_active_hour_count,0.007913336222134115,unconstrained,10000.0
4,2,missing__screen_event_count,0.007913336222134103,unconstrained,10000.0
4,2,missing__screen_off_event_count,0.007913336222134117,unconstrained,10000.0
4,2,missing__screen_on_event_count,0.00791333622213412,unconstrained,10000.0
4,2,missing__screen_transition_count,0.007913336222134113,unconstrained,10000.0
4,2,missing__screen_unlock_event_count,0.007913336222134115,unconstrained,10000.0
4,2,missing__telephony_event_count,0.006819863734954924,unconstrained,10000.0
4,2,missing__telephony_mobile_data_enabled_fraction,0.006819863734954918,unconstrained,10000.0
4,2,missing__telephony_network_type_diversity,0.006819863734954915,unconstrained,10000.0
4,2,missing__touch_active_hour_count,0.004808551076885583,unconstrained,10000.0
4,2,missing__touch_app_diversity,0.00480855107688558,unconstrained,10000.0
4,2,missing__touch_click_event_count,0.004808551076885586,unconstrained,10000.0
4,2,missing__touch_distinct_event_count,0.004808551076885588,unconstrained,10000.0
4,2,missing__touch_scroll_direction_change_count,0.00696795541618147,unconstrained,10000.0
4,2,missing__touch_scroll_event_count,0.004808551076885579,unconstrained,10000.0
4,2,missing__touch_scroll_index_change_median,0.006967955416181466,unconstrained,10000.0
4,2,missing__touch_unique_app_count,0.004808551076885587,unconstrained,10000.0
4,3,app_foreground_event_count,0.008456514390799539,>= 0,10000.0
4,3,app_use_diversity,0.016847922978646537,>= 0,10000.0
4,3,unique_foreground_apps,0.009953605271756368,>= 0,10000.0
4,3,call_event_count,-0.005679683140993214,<= 0,10000.0
4,3,incoming_call_count,-0.0009801806702804184,<= 0,10000.0
4,3,missed_rejected_blocked_call_count,0.0071616413379710555,>= 0,10000.0
4,3,outgoing_call_count,-0.00820708669250723,<= 0,10000.0
4,3,total_call_duration_seconds,-0.0007883852505790223,<= 0,10000.0
4,3,gsm_cell_transition_count,1.3258828179447827e-23,>= 0,10000.0
4,3,unique_gsm_cell_count,0.0014492177348089422,>= 0,10000.0
4,3,unique_gsm_lac_count,7.914206109263101e-13,>= 0,10000.0
4,3,gsm_neighbor_cell_transition_count,0.001154285732755772,>= 0,10000.0
4,3,unique_gsm_neighbor_cell_count,-0.012932979387507697,<= 0,10000.0
4,3,unique_gsm_neighbor_lac_count,6.861194934870682e-37,>= 0,10000.0
4,3,keyboard_deletion_event_count,-4.9694530612951e-32,<= 0,10000.0
4,3,keyboard_inter_event_interval_iqr_ms,-0.007158446855310521,<= 0,10000.0
4,3,keyboard_long_pause_count_2s,0.003998636814266017,>= 0,10000.0
4,3,keyboard_median_inter_event_interval_ms,-0.003155157527779346,<= 0,10000.0
4,3,keyboard_median_word_completion_time_ms,-0.014397956605865049,<= 0,10000.0
4,3,keyboard_typing_burst_count,0.004082102917978715,>= 0,10000.0
4,3,message_distinct_event_count,-0.002628947804522501,<= 0,10000.0
4,3,activity_active_hour_count,0.0024892706484307475,>= 0,10000.0
4,3,activity_state_diversity,-0.0011045565731540108,<= 0,10000.0
4,3,activity_still_fraction,-8.97916547262617e-31,<= 0,10000.0
4,3,activity_transition_count,3.0162664321198596e-24,>= 0,10000.0
4,3,activity_unknown_fraction,-0.005732043067067353,<= 0,10000.0
4,3,median_unlocked_session_duration_seconds,0.0075523143954634945,>= 0,10000.0
4,3,night_screen_event_count,-0.007404492160674835,<= 0,10000.0
4,3,screen_active_hour_count,-0.001320862183320545,<= 0,10000.0
4,3,screen_event_count,0.002719609487647481,>= 0,10000.0
4,3,screen_off_event_count,0.0025196202862434016,>= 0,10000.0
4,3,screen_on_event_count,0.003277838768960743,>= 0,10000.0
4,3,screen_transition_count,-0.0004557372973170831,<= 0,10000.0
4,3,screen_unlock_event_count,0.006586461512182007,>= 0,10000.0
4,3,telephony_event_count,0.0018156612029347997,>= 0,10000.0
4,3,telephony_mobile_data_enabled_fraction,-0.014093921320130579,<= 0,10000.0
4,3,telephony_network_type_diversity,0.0035291496633448626,>= 0,10000.0
4,3,touch_active_hour_count,0.004234608124542209,>= 0,10000.0
4,3,touch_app_diversity,3.76158192263132e-36,>= 0,10000.0
4,3,touch_click_event_count,0.0075425482429130756,>= 0,10000.0
4,3,touch_distinct_event_count,0.007186702534738062,>= 0,10000.0
4,3,touch_scroll_direction_change_count,0.005111843300812927,>= 0,10000.0
4,3,touch_scroll_event_count,0.00650069194695639,>= 0,10000.0
4,3,touch_scroll_index_change_median,0.007073007739905457,>= 0,10000.0
4,3,touch_unique_app_count,0.00408088756841306,>= 0,10000.0
4,3,missing__app_foreground_event_count,-0.0010380580654083553,unconstrained,10000.0
4,3,missing__app_use_diversity,-0.0010380580654083555,unconstrained,10000.0
4,3,missing__unique_foreground_apps,-0.0010380580654083516,unconstrained,10000.0
4,3,missing__call_event_count,0.002602306237515994,unconstrained,10000.0
4,3,missing__incoming_call_count,0.00260230623751599,unconstrained,10000.0
4,3,missing__missed_rejected_blocked_call_count,0.0026023062375159886,unconstrained,10000.0
4,3,missing__outgoing_call_count,0.002602306237515997,unconstrained,10000.0
4,3,missing__total_call_duration_seconds,0.0026023062375159956,unconstrained,10000.0
4,3,missing__gsm_cell_transition_count,0.004967159149711101,unconstrained,10000.0
4,3,missing__unique_gsm_cell_count,0.004967159149711109,unconstrained,10000.0
4,3,missing__unique_gsm_lac_count,0.0049671591497110965,unconstrained,10000.0
4,3,missing__gsm_neighbor_cell_transition_count,0.0021277518755794264,unconstrained,10000.0
4,3,missing__unique_gsm_neighbor_cell_count,0.0021277518755794377,unconstrained,10000.0
4,3,missing__unique_gsm_neighbor_lac_count,0.0021277518755794425,unconstrained,10000.0
4,3,missing__keyboard_deletion_event_count,-0.008419620976784364,unconstrained,10000.0
4,3,missing__keyboard_inter_event_interval_iqr_ms,-0.008419620976784368,unconstrained,10000.0
4,3,missing__keyboard_long_pause_count_2s,-0.008419620976784382,unconstrained,10000.0
4,3,missing__keyboard_median_inter_event_interval_ms,-0.008419620976784375,unconstrained,10000.0
4,3,missing__keyboard_median_word_completion_time_ms,-0.003695003281558772,unconstrained,10000.0
4,3,missing__keyboard_typing_burst_count,-0.008419620976784364,unconstrained,10000.0
4,3,missing__message_distinct_event_count,0.003386236235211416,unconstrained,10000.0
4,3,missing__activity_active_hour_count,0.004967159149711105,unconstrained,10000.0
4,3,missing__activity_state_diversity,0.004967159149711103,unconstrained,10000.0
4,3,missing__activity_still_fraction,0.004967159149711106,unconstrained,10000.0
4,3,missing__activity_transition_count,0.0049671591497111025,unconstrained,10000.0
4,3,missing__activity_unknown_fraction,0.004967159149711111,unconstrained,10000.0
4,3,missing__median_unlocked_session_duration_seconds,0.004967159149711105,unconstrained,10000.0
4,3,missing__night_screen_event_count,0.006023970634865728,unconstrained,10000.0
4,3,missing__screen_active_hour_count,0.006023970634865739,unconstrained,10000.0
4,3,missing__screen_event_count,0.006023970634865737,unconstrained,10000.0
4,3,missing__screen_off_event_count,0.00602397063486574,unconstrained,10000.0
4,3,missing__screen_on_event_count,0.006023970634865736,unconstrained,10000.0
4,3,missing__screen_transition_count,0.006023970634865754,unconstrained,10000.0
4,3,missing__screen_unlock_event_count,0.00602397063486574,unconstrained,10000.0
4,3,missing__telephony_event_count,0.00496715914971111,unconstrained,10000.0
4,3,missing__telephony_mobile_data_enabled_fraction,0.004967159149711096,unconstrained,10000.0
4,3,missing__telephony_network_type_diversity,0.004967159149711078,unconstrained,10000.0
4,3,missing__touch_active_hour_count,-0.005611093140042435,unconstrained,10000.0
4,3,missing__touch_app_diversity,-0.005611093140042437,unconstrained,10000.0
4,3,missing__touch_click_event_count,-0.005611093140042438,unconstrained,10000.0
4,3,missing__touch_distinct_event_count,-0.005611093140042438,unconstrained,10000.0
4,3,missing__touch_scroll_direction_change_count,-0.003773161285880764,unconstrained,10000.0
4,3,missing__touch_scroll_event_count,-0.005611093140042433,unconstrained,10000.0
4,3,missing__touch_scroll_index_change_median,-0.003773161285880741,unconstrained,10000.0
4,3,missing__touch_unique_app_count,-0.005611093140042444,unconstrained,10000.0
4,4,app_foreground_event_count,0.004736822110226217,>= 0,10000.0
4,4,app_use_diversity,0.01679763867298304,>= 0,10000.0
4,4,unique_foreground_apps,0.011029964598479339,>= 0,10000.0
4,4,call_event_count,-0.00858472788322598,<= 0,10000.0
4,4,incoming_call_count,-0.000715977993539972,<= 0,10000.0
4,4,missed_rejected_blocked_call_count,0.0004055287084643295,>= 0,10000.0
4,4,outgoing_call_count,-0.011239146667566575,<= 0,10000.0
4,4,total_call_duration_seconds,-0.0017782940043563262,<= 0,10000.0
4,4,gsm_cell_transition_count,1.1649856861167474e-12,>= 0,10000.0
4,4,unique_gsm_cell_count,0.0029056846858715817,>= 0,10000.0
4,4,unique_gsm_lac_count,0.0005601332411092557,>= 0,10000.0
4,4,gsm_neighbor_cell_transition_count,-9.726453334765325e-33,<= 0,10000.0
4,4,unique_gsm_neighbor_cell_count,-0.011357332037149311,<= 0,10000.0
4,4,unique_gsm_neighbor_lac_count,2.445296430084648e-44,>= 0,10000.0
4,4,keyboard_deletion_event_count,0.006047772394429063,>= 0,10000.0
4,4,keyboard_inter_event_interval_iqr_ms,-0.0044281848894288925,<= 0,10000.0
4,4,keyboard_long_pause_count_2s,0.004885620765582072,>= 0,10000.0
4,4,keyboard_median_inter_event_interval_ms,-0.00635800495796526,<= 0,10000.0
4,4,keyboard_median_word_completion_time_ms,-1.6500893354193654e-33,<= 0,10000.0
4,4,keyboard_typing_burst_count,0.005133210513289364,>= 0,10000.0
4,4,message_distinct_event_count,-0.0017977945112846554,<= 0,10000.0
4,4,activity_active_hour_count,0.00020699805651836978,>= 0,10000.0
4,4,activity_state_diversity,2.520167823078086e-34,>= 0,10000.0
4,4,activity_still_fraction,-5e-324,<= 0,10000.0
4,4,activity_transition_count,1.4278969330910165e-25,>= 0,10000.0
4,4,activity_unknown_fraction,-0.003797757562633118,<= 0,10000.0
4,4,median_unlocked_session_duration_seconds,-8.659756877662178e-47,<= 0,10000.0
4,4,night_screen_event_count,-0.011557758902871553,<= 0,10000.0
4,4,screen_active_hour_count,-0.0013943458355938432,<= 0,10000.0
4,4,screen_event_count,2.3426050563742845e-27,>= 0,10000.0
4,4,screen_off_event_count,2.178988788661724e-32,>= 0,10000.0
4,4,screen_on_event_count,0.0009078612091302507,>= 0,10000.0
4,4,screen_transition_count,-0.0008776026771647394,<= 0,10000.0
4,4,screen_unlock_event_count,0.006547449320850638,>= 0,10000.0
4,4,telephony_event_count,0.002522141852599907,>= 0,10000.0
4,4,telephony_mobile_data_enabled_fraction,-0.01313720121530847,<= 0,10000.0
4,4,telephony_network_type_diversity,0.002416682574740424,>= 0,10000.0
4,4,touch_active_hour_count,-5.523139072377056e-48,<= 0,10000.0
4,4,touch_app_diversity,3.4546220118221046e-31,>= 0,10000.0
4,4,touch_click_event_count,0.008598137272877717,>= 0,10000.0
4,4,touch_distinct_event_count,-1.6816628627472983e-44,<= 0,10000.0
4,4,touch_scroll_direction_change_count,0.0068074076381490186,>= 0,10000.0
4,4,touch_scroll_event_count,-1.8462867936315957e-43,<= 0,10000.0
4,4,touch_scroll_index_change_median,0.008285952879108443,>= 0,10000.0
4,4,touch_unique_app_count,0.0059478240274551545,>= 0,10000.0
4,4,missing__app_foreground_event_count,-0.003761699820277115,unconstrained,10000.0
4,4,missing__app_use_diversity,-0.003761699820277125,unconstrained,10000.0
4,4,missing__unique_foreground_apps,-0.0037616998202770983,unconstrained,10000.0
4,4,missing__call_event_count,-0.002040810795990156,unconstrained,10000.0
4,4,missing__incoming_call_count,-0.0020408107959901524,unconstrained,10000.0
4,4,missing__missed_rejected_blocked_call_count,-0.0020408107959901498,unconstrained,10000.0
4,4,missing__outgoing_call_count,-0.002040810795990147,unconstrained,10000.0
4,4,missing__total_call_duration_seconds,-0.002040810795990142,unconstrained,10000.0
4,4,missing__gsm_cell_transition_count,0.0018191318922893035,unconstrained,10000.0
4,4,missing__unique_gsm_cell_count,0.0018191318922893148,unconstrained,10000.0
4,4,missing__unique_gsm_lac_count,0.0018191318922893061,unconstrained,10000.0
4,4,missing__gsm_neighbor_cell_transition_count,0.00550915254709449,unconstrained,10000.0
4,4,missing__unique_gsm_neighbor_cell_count,0.005509152547094498,unconstrained,10000.0
4,4,missing__unique_gsm_neighbor_lac_count,0.0055091525470944884,unconstrained,10000.0
4,4,missing__keyboard_deletion_event_count,-0.01335690411647812,unconstrained,10000.0
4,4,missing__keyboard_inter_event_interval_iqr_ms,-0.013356904116478115,unconstrained,10000.0
4,4,missing__keyboard_long_pause_count_2s,-0.013356904116478108,unconstrained,10000.0
4,4,missing__keyboard_median_inter_event_interval_ms,-0.013356904116478115,unconstrained,10000.0
4,4,missing__keyboard_median_word_completion_time_ms,-0.008966688910189605,unconstrained,10000.0
4,4,missing__keyboard_typing_burst_count,-0.013356904116478108,unconstrained,10000.0
4,4,missing__message_distinct_event_count,0.0036249471777286754,unconstrained,10000.0
4,4,missing__activity_active_hour_count,0.0018191318922893074,unconstrained,10000.0
4,4,missing__activity_state_diversity,0.001819131892289306,unconstrained,10000.0
4,4,missing__activity_still_fraction,0.0018191318922893167,unconstrained,10000.0
4,4,missing__activity_transition_count,0.0018191318922893061,unconstrained,10000.0
4,4,missing__activity_unknown_fraction,0.001819131892289301,unconstrained,10000.0
4,4,missing__median_unlocked_session_duration_seconds,0.001338193335275474,unconstrained,10000.0
4,4,missing__night_screen_event_count,0.002528767054856824,unconstrained,10000.0
4,4,missing__screen_active_hour_count,0.002528767054856819,unconstrained,10000.0
4,4,missing__screen_event_count,0.0025287670548568278,unconstrained,10000.0
4,4,missing__screen_off_event_count,0.002528767054856824,unconstrained,10000.0
4,4,missing__screen_on_event_count,0.002528767054856828,unconstrained,10000.0
4,4,missing__screen_transition_count,0.002528767054856834,unconstrained,10000.0
4,4,missing__screen_unlock_event_count,0.002528767054856838,unconstrained,10000.0
4,4,missing__telephony_event_count,0.0018191318922893074,unconstrained,10000.0
4,4,missing__telephony_mobile_data_enabled_fraction,0.0018191318922893115,unconstrained,10000.0
4,4,missing__telephony_network_type_diversity,0.0018191318922893085,unconstrained,10000.0
4,4,missing__touch_active_hour_count,-0.007838330617282235,unconstrained,10000.0
4,4,missing__touch_app_diversity,-0.007838330617282258,unconstrained,10000.0
4,4,missing__touch_click_event_count,-0.007838330617282256,unconstrained,10000.0
4,4,missing__touch_distinct_event_count,-0.007838330617282249,unconstrained,10000.0
4,4,missing__touch_scroll_direction_change_count,-0.0063805218665880774,unconstrained,10000.0
4,4,missing__touch_scroll_event_count,-0.00783833061728225,unconstrained,10000.0
4,4,missing__touch_scroll_index_change_median,-0.006380521866588084,unconstrained,10000.0
4,4,missing__touch_unique_app_count,-0.007838330617282247,unconstrained,10000.0
4,5,app_foreground_event_count,0.009289039772603676,>= 0,10000.0
4,5,app_use_diversity,0.013046267519266007,>= 0,10000.0
4,5,unique_foreground_apps,0.009088096245574216,>= 0,10000.0
4,5,call_event_count,-0.00880816117732472,<= 0,10000.0
4,5,incoming_call_count,-0.00107660578216701,<= 0,10000.0
4,5,missed_rejected_blocked_call_count,0.0008062592771218637,>= 0,10000.0
4,5,outgoing_call_count,-0.011381977428474773,<= 0,10000.0
4,5,total_call_duration_seconds,-0.00212268045053064,<= 0,10000.0
4,5,gsm_cell_transition_count,0.0016061032184091853,>= 0,10000.0
4,5,unique_gsm_cell_count,0.004055649823968361,>= 0,10000.0
4,5,unique_gsm_lac_count,0.003840227758373848,>= 0,10000.0
4,5,gsm_neighbor_cell_transition_count,-2.6614480609934695e-27,<= 0,10000.0
4,5,unique_gsm_neighbor_cell_count,7.623063645927005e-43,>= 0,10000.0
4,5,unique_gsm_neighbor_lac_count,-0.004257613347411462,<= 0,10000.0
4,5,keyboard_deletion_event_count,0.003332743572347431,>= 0,10000.0
4,5,keyboard_inter_event_interval_iqr_ms,-7.502365217806953e-24,<= 0,10000.0
4,5,keyboard_long_pause_count_2s,-7.52608321927837e-30,<= 0,10000.0
4,5,keyboard_median_inter_event_interval_ms,-4.4127340657746387e-11,<= 0,10000.0
4,5,keyboard_median_word_completion_time_ms,-6.718930237446623e-33,<= 0,10000.0
4,5,keyboard_typing_burst_count,-3.774248114062278e-29,<= 0,10000.0
4,5,message_distinct_event_count,-0.0012270403266168865,<= 0,10000.0
4,5,activity_active_hour_count,0.005952669805296836,>= 0,10000.0
4,5,activity_state_diversity,0.0016715283111915506,>= 0,10000.0
4,5,activity_still_fraction,-0.003551666262323627,<= 0,10000.0
4,5,activity_transition_count,0.005282140490608112,>= 0,10000.0
4,5,activity_unknown_fraction,0.006057109313215193,>= 0,10000.0
4,5,median_unlocked_session_duration_seconds,0.007234513775466274,>= 0,10000.0
4,5,night_screen_event_count,0.0016926025733419933,>= 0,10000.0
4,5,screen_active_hour_count,-0.0001263569936846398,<= 0,10000.0
4,5,screen_event_count,0.0070932761920690915,>= 0,10000.0
4,5,screen_off_event_count,-8.148993242251561e-34,<= 0,10000.0
4,5,screen_on_event_count,0.00736962866769795,>= 0,10000.0
4,5,screen_transition_count,-1.325161327917909e-25,<= 0,10000.0
4,5,screen_unlock_event_count,0.009368436338301018,>= 0,10000.0
4,5,telephony_event_count,0.0041000199504565545,>= 0,10000.0
4,5,telephony_mobile_data_enabled_fraction,-0.012029305193753757,<= 0,10000.0
4,5,telephony_network_type_diversity,0.00457292923294961,>= 0,10000.0
4,5,touch_active_hour_count,-2.8101376631048702e-30,<= 0,10000.0
4,5,touch_app_diversity,0.005379350633205375,>= 0,10000.0
4,5,touch_click_event_count,0.006627982627851239,>= 0,10000.0
4,5,touch_distinct_event_count,-4.9247634338979997e-32,<= 0,10000.0
4,5,touch_scroll_direction_change_count,0.004680066163545463,>= 0,10000.0
4,5,touch_scroll_event_count,-2.5415641143137457e-31,<= 0,10000.0
4,5,touch_scroll_index_change_median,-1.280160390778378e-33,<= 0,10000.0
4,5,touch_unique_app_count,0.006482779587351817,>= 0,10000.0
4,5,missing__app_foreground_event_count,-0.0011679773086041858,unconstrained,10000.0
4,5,missing__app_use_diversity,-0.0011679773086041832,unconstrained,10000.0
4,5,missing__unique_foreground_apps,-0.001167977308604189,unconstrained,10000.0
4,5,missing__call_event_count,-0.0009280889316376265,unconstrained,10000.0
4,5,missing__incoming_call_count,-0.0009280889316376209,unconstrained,10000.0
4,5,missing__missed_rejected_blocked_call_count,-0.000928088931637607,unconstrained,10000.0
4,5,missing__outgoing_call_count,-0.0009280889316376237,unconstrained,10000.0
4,5,missing__total_call_duration_seconds,-0.000928088931637621,unconstrained,10000.0
4,5,missing__gsm_cell_transition_count,0.006450942015632605,unconstrained,10000.0
4,5,missing__unique_gsm_cell_count,0.006450942015632604,unconstrained,10000.0
4,5,missing__unique_gsm_lac_count,0.0064509420156326,unconstrained,10000.0
4,5,missing__gsm_neighbor_cell_transition_count,-0.0008942397583738004,unconstrained,10000.0
4,5,missing__unique_gsm_neighbor_cell_count,-0.0008942397583738062,unconstrained,10000.0
4,5,missing__unique_gsm_neighbor_lac_count,-0.0008942397583737983,unconstrained,10000.0
4,5,missing__keyboard_deletion_event_count,-0.008604342694285852,unconstrained,10000.0
4,5,missing__keyboard_inter_event_interval_iqr_ms,-0.00860434269428586,unconstrained,10000.0
4,5,missing__keyboard_long_pause_count_2s,-0.008604342694285862,unconstrained,10000.0
4,5,missing__keyboard_median_inter_event_interval_ms,-0.00860434269428586,unconstrained,10000.0
4,5,missing__keyboard_median_word_completion_time_ms,-0.005731312399324842,unconstrained,10000.0
4,5,missing__keyboard_typing_burst_count,-0.00860434269428586,unconstrained,10000.0
4,5,missing__message_distinct_event_count,0.009016380683797749,unconstrained,10000.0
4,5,missing__activity_active_hour_count,0.006450942015632611,unconstrained,10000.0
4,5,missing__activity_state_diversity,0.006450942015632609,unconstrained,10000.0
4,5,missing__activity_still_fraction,0.006450942015632605,unconstrained,10000.0
4,5,missing__activity_transition_count,0.006450942015632609,unconstrained,10000.0
4,5,missing__activity_unknown_fraction,0.006450942015632605,unconstrained,10000.0
4,5,missing__median_unlocked_session_duration_seconds,0.005697359162692919,unconstrained,10000.0
4,5,missing__night_screen_event_count,0.00645094201563261,unconstrained,10000.0
4,5,missing__screen_active_hour_count,0.0064509420156325945,unconstrained,10000.0
4,5,missing__screen_event_count,0.0064509420156326144,unconstrained,10000.0
4,5,missing__screen_off_event_count,0.0064509420156326075,unconstrained,10000.0
4,5,missing__screen_on_event_count,0.006450942015632601,unconstrained,10000.0
4,5,missing__screen_transition_count,0.006450942015632612,unconstrained,10000.0
4,5,missing__screen_unlock_event_count,0.006450942015632603,unconstrained,10000.0
4,5,missing__telephony_event_count,0.006450942015632599,unconstrained,10000.0
4,5,missing__telephony_mobile_data_enabled_fraction,0.006450942015632599,unconstrained,10000.0
4,5,missing__telephony_network_type_diversity,0.0064509420156326006,unconstrained,10000.0
4,5,missing__touch_active_hour_count,-0.005017924394180229,unconstrained,10000.0
4,5,missing__touch_app_diversity,-0.0050179243941802145,unconstrained,10000.0
4,5,missing__touch_click_event_count,-0.005017924394180224,unconstrained,10000.0
4,5,missing__touch_distinct_event_count,-0.005017924394180223,unconstrained,10000.0
4,5,missing__touch_scroll_direction_change_count,-0.002143050658300918,unconstrained,10000.0
4,5,missing__touch_scroll_event_count,-0.005017924394180229,unconstrained,10000.0
4,5,missing__touch_scroll_index_change_median,-0.0021430506583008974,unconstrained,10000.0
4,5,missing__touch_unique_app_count,-0.005017924394180225,unconstrained,10000.0
5,1,app_foreground_event_count,0.19786413583145765,>= 0,356.2247890262444
5,1,app_use_diversity,0.31181002586506057,>= 0,356.2247890262444
5,1,unique_foreground_apps,0.2272604190300385,>= 0,356.2247890262444
5,1,call_event_count,-0.08520066859091324,<= 0,356.2247890262444
5,1,incoming_call_count,-0.020168098199767632,<= 0,356.2247890262444
5,1,missed_rejected_blocked_call_count,0.1500009425100253,>= 0,356.2247890262444
5,1,outgoing_call_count,-0.129678936092741,<= 0,356.2247890262444
5,1,total_call_duration_seconds,-7.448872638401858e-27,<= 0,356.2247890262444
5,1,gsm_cell_transition_count,1.5688568674582463e-14,>= 0,356.2247890262444
5,1,unique_gsm_cell_count,0.07693273048248875,>= 0,356.2247890262444
5,1,unique_gsm_lac_count,2.962323006689628e-23,>= 0,356.2247890262444
5,1,gsm_neighbor_cell_transition_count,-4.488628457495665e-40,<= 0,356.2247890262444
5,1,unique_gsm_neighbor_cell_count,-0.2341197538461771,<= 0,356.2247890262444
5,1,unique_gsm_neighbor_lac_count,-0.3050221293024204,<= 0,356.2247890262444
5,1,keyboard_deletion_event_count,-1.2198505031030273e-36,<= 0,356.2247890262444
5,1,keyboard_inter_event_interval_iqr_ms,-0.05960800847108632,<= 0,356.2247890262444
5,1,keyboard_long_pause_count_2s,0.07809540921355052,>= 0,356.2247890262444
5,1,keyboard_median_inter_event_interval_ms,-0.0012755502320953161,<= 0,356.2247890262444
5,1,keyboard_median_word_completion_time_ms,-0.3058535614179467,<= 0,356.2247890262444
5,1,keyboard_typing_burst_count,-4.109308923723236e-37,<= 0,356.2247890262444
5,1,message_distinct_event_count,-0.08102313382719936,<= 0,356.2247890262444
5,1,activity_active_hour_count,2.443650319057522e-27,>= 0,356.2247890262444
5,1,activity_state_diversity,-0.07204997970432458,<= 0,356.2247890262444
5,1,activity_still_fraction,-1.892827288784111e-32,<= 0,356.2247890262444
5,1,activity_transition_count,0.007742207409974894,>= 0,356.2247890262444
5,1,activity_unknown_fraction,-0.009704232165201308,<= 0,356.2247890262444
5,1,median_unlocked_session_duration_seconds,-5.041550192565221e-37,<= 0,356.2247890262444
5,1,night_screen_event_count,-0.17295443566461818,<= 0,356.2247890262444
5,1,screen_active_hour_count,-0.05590762742125955,<= 0,356.2247890262444
5,1,screen_event_count,-3.573694662113782e-41,<= 0,356.2247890262444
5,1,screen_off_event_count,1.5512138345404226e-25,>= 0,356.2247890262444
5,1,screen_on_event_count,0.03343989181960107,>= 0,356.2247890262444
5,1,screen_transition_count,-0.04142350278112716,<= 0,356.2247890262444
5,1,screen_unlock_event_count,0.11066231647830128,>= 0,356.2247890262444
5,1,telephony_event_count,0.0784989938557802,>= 0,356.2247890262444
5,1,telephony_mobile_data_enabled_fraction,-0.2055732057738148,<= 0,356.2247890262444
5,1,telephony_network_type_diversity,0.021005819813608165,>= 0,356.2247890262444
5,1,touch_active_hour_count,-3.480794612868569e-37,<= 0,356.2247890262444
5,1,touch_app_diversity,2.1786994706885997e-34,>= 0,356.2247890262444
5,1,touch_click_event_count,-2.8146974561812334e-38,<= 0,356.2247890262444
5,1,touch_distinct_event_count,0.14770953649369742,>= 0,356.2247890262444
5,1,touch_scroll_direction_change_count,0.10618294280652511,>= 0,356.2247890262444
5,1,touch_scroll_event_count,-6.382001923387635e-37,<= 0,356.2247890262444
5,1,touch_scroll_index_change_median,-6.536226502225484e-49,<= 0,356.2247890262444
5,1,touch_unique_app_count,0.09648455782704535,>= 0,356.2247890262444
5,1,missing__app_foreground_event_count,0.030771047237825217,unconstrained,356.2247890262444
5,1,missing__app_use_diversity,0.030771047237825158,unconstrained,356.2247890262444
5,1,missing__unique_foreground_apps,0.030771047237825228,unconstrained,356.2247890262444
5,1,missing__call_event_count,0.01036629724619526,unconstrained,356.2247890262444
5,1,missing__incoming_call_count,0.010366297246195403,unconstrained,356.2247890262444
5,1,missing__missed_rejected_blocked_call_count,0.010366297246195446,unconstrained,356.2247890262444
5,1,missing__outgoing_call_count,0.010366297246195404,unconstrained,356.2247890262444
5,1,missing__total_call_duration_seconds,0.01036629724619539,unconstrained,356.2247890262444
5,1,missing__gsm_cell_transition_count,0.05573939814147121,unconstrained,356.2247890262444
5,1,missing__unique_gsm_cell_count,0.05573939814147108,unconstrained,356.2247890262444
5,1,missing__unique_gsm_lac_count,0.055739398141471164,unconstrained,356.2247890262444
5,1,missing__gsm_neighbor_cell_transition_count,0.11121427282906629,unconstrained,356.2247890262444
5,1,missing__unique_gsm_neighbor_cell_count,0.11121427282906628,unconstrained,356.2247890262444
5,1,missing__unique_gsm_neighbor_lac_count,0.11121427282906626,unconstrained,356.2247890262444
5,1,missing__keyboard_deletion_event_count,-0.1120213493844784,unconstrained,356.2247890262444
5,1,missing__keyboard_inter_event_interval_iqr_ms,-0.11202134938447839,unconstrained,356.2247890262444
5,1,missing__keyboard_long_pause_count_2s,-0.11202134938447854,unconstrained,356.2247890262444
5,1,missing__keyboard_median_inter_event_interval_ms,-0.11202134938447844,unconstrained,356.2247890262444
5,1,missing__keyboard_median_word_completion_time_ms,0.025630009927970897,unconstrained,356.2247890262444
5,1,missing__keyboard_typing_burst_count,-0.11202134938447836,unconstrained,356.2247890262444
5,1,missing__message_distinct_event_count,0.1025564828877634,unconstrained,356.2247890262444
5,1,missing__activity_active_hour_count,0.05573939814147122,unconstrained,356.2247890262444
5,1,missing__activity_state_diversity,0.055739398141471164,unconstrained,356.2247890262444
5,1,missing__activity_still_fraction,0.055739398141471205,unconstrained,356.2247890262444
5,1,missing__activity_transition_count,0.05573939814147109,unconstrained,356.2247890262444
5,1,missing__activity_unknown_fraction,0.05573939814147127,unconstrained,356.2247890262444
5,1,missing__median_unlocked_session_duration_seconds,0.04214100990133881,unconstrained,356.2247890262444
5,1,missing__night_screen_event_count,0.0823411595130239,unconstrained,356.2247890262444
5,1,missing__screen_active_hour_count,0.08234115951302391,unconstrained,356.2247890262444
5,1,missing__screen_event_count,0.08234115951302383,unconstrained,356.2247890262444
5,1,missing__screen_off_event_count,0.0823411595130238,unconstrained,356.2247890262444
5,1,missing__screen_on_event_count,0.08234115951302383,unconstrained,356.2247890262444
5,1,missing__screen_transition_count,0.08234115951302384,unconstrained,356.2247890262444
5,1,missing__screen_unlock_event_count,0.08234115951302381,unconstrained,356.2247890262444
5,1,missing__telephony_event_count,0.05573939814147114,unconstrained,356.2247890262444
5,1,missing__telephony_mobile_data_enabled_fraction,0.05573939814147109,unconstrained,356.2247890262444
5,1,missing__telephony_network_type_diversity,0.055739398141471136,unconstrained,356.2247890262444
5,1,missing__touch_active_hour_count,-0.05794989361774224,unconstrained,356.2247890262444
5,1,missing__touch_app_diversity,-0.057949893617742394,unconstrained,356.2247890262444
5,1,missing__touch_click_event_count,-0.05794989361774229,unconstrained,356.2247890262444
5,1,missing__touch_distinct_event_count,-0.0579498936177424,unconstrained,356.2247890262444
5,1,missing__touch_scroll_direction_change_count,0.0508732683015857,unconstrained,356.2247890262444
5,1,missing__touch_scroll_event_count,-0.057949893617742346,unconstrained,356.2247890262444
5,1,missing__touch_scroll_index_change_median,0.050873268301585665,unconstrained,356.2247890262444
5,1,missing__touch_unique_app_count,-0.057949893617742394,unconstrained,356.2247890262444
5,2,app_foreground_event_count,0.16672960485933253,>= 0,356.2247890262444
5,2,app_use_diversity,0.29345116953662637,>= 0,356.2247890262444
5,2,unique_foreground_apps,0.10440719239917778,>= 0,356.2247890262444
5,2,gsm_cell_transition_count,2.9030830185917985e-24,>= 0,356.2247890262444
5,2,unique_gsm_cell_count,2.4720521290928313e-19,>= 0,356.2247890262444
5,2,unique_gsm_lac_count,7.719388113619959e-22,>= 0,356.2247890262444
5,2,gsm_neighbor_cell_transition_count,-6.912915991190768e-26,<= 0,356.2247890262444
5,2,unique_gsm_neighbor_cell_count,4.452690208957729e-24,>= 0,356.2247890262444
5,2,unique_gsm_neighbor_lac_count,8.521351020458651e-24,>= 0,356.2247890262444
5,2,keyboard_deletion_event_count,0.05648676730423559,>= 0,356.2247890262444
5,2,keyboard_inter_event_interval_iqr_ms,3.1890867075101252e-24,>= 0,356.2247890262444
5,2,keyboard_long_pause_count_2s,0.11857016386308163,>= 0,356.2247890262444
5,2,keyboard_median_inter_event_interval_ms,-0.07677905758935864,<= 0,356.2247890262444
5,2,keyboard_median_word_completion_time_ms,-6.727215555553938e-37,<= 0,356.2247890262444
5,2,keyboard_typing_burst_count,-0.0702525996569084,<= 0,356.2247890262444
5,2,message_distinct_event_count,-0.14838846657669746,<= 0,356.2247890262444
5,2,activity_active_hour_count,0.14719061727154636,>= 0,356.2247890262444
5,2,activity_state_diversity,1.6539974830066614e-22,>= 0,356.2247890262444
5,2,activity_still_fraction,-2.0065933685424922e-22,<= 0,356.2247890262444
5,2,activity_transition_count,4.193676735681709e-16,>= 0,356.2247890262444
5,2,activity_unknown_fraction,-0.03387555002361528,<= 0,356.2247890262444
5,2,median_unlocked_session_duration_seconds,-0.006260742017557272,<= 0,356.2247890262444
5,2,screen_active_hour_count,-0.03536192222029359,<= 0,356.2247890262444
5,2,screen_event_count,0.11919138915877417,>= 0,356.2247890262444
5,2,screen_off_event_count,0.09515571213844161,>= 0,356.2247890262444
5,2,screen_on_event_count,0.12282200532428161,>= 0,356.2247890262444
5,2,screen_transition_count,-0.0813701739305616,<= 0,356.2247890262444
5,2,screen_unlock_event_count,0.20401890204425815,>= 0,356.2247890262444
5,2,telephony_event_count,0.20156703551982175,>= 0,356.2247890262444
5,2,telephony_mobile_data_enabled_fraction,-0.2173489305381786,<= 0,356.2247890262444
5,2,telephony_network_type_diversity,0.04093283438908726,>= 0,356.2247890262444
5,2,touch_active_hour_count,-2.662843402559239e-17,<= 0,356.2247890262444
5,2,touch_app_diversity,0.002411715454127689,>= 0,356.2247890262444
5,2,touch_click_event_count,-6.258766581181174e-32,<= 0,356.2247890262444
5,2,touch_distinct_event_count,-1.214329173323538e-25,<= 0,356.2247890262444
5,2,touch_scroll_direction_change_count,0.02681828787005027,>= 0,356.2247890262444
5,2,touch_scroll_event_count,-1.4293200414381161e-24,<= 0,356.2247890262444
5,2,touch_scroll_index_change_median,0.135008648030179,>= 0,356.2247890262444
5,2,touch_unique_app_count,7.01374628512877e-18,>= 0,356.2247890262444
5,2,missing__app_foreground_event_count,0.06750253662565044,unconstrained,356.2247890262444
5,2,missing__app_use_diversity,0.0675025366256503,unconstrained,356.2247890262444
5,2,missing__unique_foreground_apps,0.06750253662565037,unconstrained,356.2247890262444
5,2,missing__gsm_cell_transition_count,0.0642126637111677,unconstrained,356.2247890262444
5,2,missing__unique_gsm_cell_count,0.0642126637111677,unconstrained,356.2247890262444
5,2,missing__unique_gsm_lac_count,0.06421266371116774,unconstrained,356.2247890262444
5,2,missing__gsm_neighbor_cell_transition_count,0.08014951324457771,unconstrained,356.2247890262444
5,2,missing__unique_gsm_neighbor_cell_count,0.08014951324457768,unconstrained,356.2247890262444
5,2,missing__unique_gsm_neighbor_lac_count,0.08014951324457772,unconstrained,356.2247890262444
5,2,missing__keyboard_deletion_event_count,-0.07008314041480138,unconstrained,356.2247890262444
5,2,missing__keyboard_inter_event_interval_iqr_ms,-0.0700831404148015,unconstrained,356.2247890262444
5,2,missing__keyboard_long_pause_count_2s,-0.0700831404148014,unconstrained,356.2247890262444
5,2,missing__keyboard_median_inter_event_interval_ms,-0.07008314041480147,unconstrained,356.2247890262444
5,2,missing__keyboard_median_word_completion_time_ms,0.0060090956065949434,unconstrained,356.2247890262444
5,2,missing__keyboard_typing_burst_count,-0.0700831404148014,unconstrained,356.2247890262444
5,2,missing__message_distinct_event_count,0.10900390613367998,unconstrained,356.2247890262444
5,2,missing__activity_active_hour_count,0.06421266371116771,unconstrained,356.2247890262444
5,2,missing__activity_state_diversity,0.06421266371116778,unconstrained,356.2247890262444
5,2,missing__activity_still_fraction,0.06421266371116774,unconstrained,356.2247890262444
5,2,missing__activity_transition_count,0.06421266371116774,unconstrained,356.2247890262444
5,2,missing__activity_unknown_fraction,0.06421266371116773,unconstrained,356.2247890262444
5,2,missing__median_unlocked_session_duration_seconds,0.05138175807868544,unconstrained,356.2247890262444
5,2,missing__screen_active_hour_count,0.08966155218075415,unconstrained,356.2247890262444
5,2,missing__screen_event_count,0.08966155218075385,unconstrained,356.2247890262444
5,2,missing__screen_off_event_count,0.0896615521807541,unconstrained,356.2247890262444
5,2,missing__screen_on_event_count,0.0896615521807539,unconstrained,356.2247890262444
5,2,missing__screen_transition_count,0.0896615521807538,unconstrained,356.2247890262444
5,2,missing__screen_unlock_event_count,0.08966155218075388,unconstrained,356.2247890262444
5,2,missing__telephony_event_count,0.06421266371116774,unconstrained,356.2247890262444
5,2,missing__telephony_mobile_data_enabled_fraction,0.06421266371116775,unconstrained,356.2247890262444
5,2,missing__telephony_network_type_diversity,0.0642126637111678,unconstrained,356.2247890262444
5,2,missing__touch_active_hour_count,-0.03684381985948592,unconstrained,356.2247890262444
5,2,missing__touch_app_diversity,-0.036843819859485975,unconstrained,356.2247890262444
5,2,missing__touch_click_event_count,-0.03684381985948594,unconstrained,356.2247890262444
5,2,missing__touch_distinct_event_count,-0.036843819859485885,unconstrained,356.2247890262444
5,2,missing__touch_scroll_direction_change_count,0.025265101209467417,unconstrained,356.2247890262444
5,2,missing__touch_scroll_event_count,-0.03684381985948588,unconstrained,356.2247890262444
5,2,missing__touch_scroll_index_change_median,0.025265101209467258,unconstrained,356.2247890262444
5,2,missing__touch_unique_app_count,-0.03684381985948596,unconstrained,356.2247890262444
5,3,app_foreground_event_count,0.23209664280533687,>= 0,204.33597178569437
5,3,app_use_diversity,0.2641387416151105,>= 0,204.33597178569437
5,3,unique_foreground_apps,0.171623888178104,>= 0,204.33597178569437
5,3,call_event_count,-0.18508148917268047,<= 0,204.33597178569437
5,3,incoming_call_count,-0.05139195315909866,<= 0,204.33597178569437
5,3,missed_rejected_blocked_call_count,0.10817647125920575,>= 0,204.33597178569437
5,3,outgoing_call_count,-0.23720844338242436,<= 0,204.33597178569437
5,3,total_call_duration_seconds,-0.07015126693214714,<= 0,204.33597178569437
5,3,gsm_cell_transition_count,0.0030838351355039844,>= 0,204.33597178569437
5,3,unique_gsm_cell_count,0.07198113036414726,>= 0,204.33597178569437
5,3,unique_gsm_lac_count,0.014783060320691706,>= 0,204.33597178569437
5,3,gsm_neighbor_cell_transition_count,-5.992531539962453e-19,<= 0,204.33597178569437
5,3,unique_gsm_neighbor_cell_count,-0.08013379737530567,<= 0,204.33597178569437
5,3,unique_gsm_neighbor_lac_count,-0.20241230080663375,<= 0,204.33597178569437
5,3,keyboard_deletion_event_count,-2.074904343091421e-18,<= 0,204.33597178569437
5,3,keyboard_inter_event_interval_iqr_ms,4.1186199861854756e-19,>= 0,204.33597178569437
5,3,keyboard_long_pause_count_2s,0.08422265031263794,>= 0,204.33597178569437
5,3,keyboard_median_inter_event_interval_ms,-0.095654032185004,<= 0,204.33597178569437
5,3,keyboard_median_word_completion_time_ms,-3.7018734587867695e-21,<= 0,204.33597178569437
5,3,keyboard_typing_burst_count,-2.760561820959238e-15,<= 0,204.33597178569437
5,3,message_distinct_event_count,-0.07521371103286088,<= 0,204.33597178569437
5,3,activity_active_hour_count,2.4959647800903715e-16,>= 0,204.33597178569437
5,3,activity_state_diversity,-2.627861634270709e-21,<= 0,204.33597178569437
5,3,activity_still_fraction,6.009344192026171e-21,>= 0,204.33597178569437
5,3,activity_transition_count,-3.0683768837404457e-20,<= 0,204.33597178569437
5,3,activity_unknown_fraction,-0.12446476318344177,<= 0,204.33597178569437
5,3,median_unlocked_session_duration_seconds,-3.9408453907571875e-22,<= 0,204.33597178569437
5,3,night_screen_event_count,-0.09858209462110037,<= 0,204.33597178569437
5,3,screen_active_hour_count,-0.09029779928641463,<= 0,204.33597178569437
5,3,screen_event_count,-1.2336044868355903e-12,<= 0,204.33597178569437
5,3,screen_off_event_count,-7.010743971025233e-13,<= 0,204.33597178569437
5,3,screen_on_event_count,-2.5584406866137977e-13,<= 0,204.33597178569437
5,3,screen_transition_count,-1.1053663901611233e-13,<= 0,204.33597178569437
5,3,screen_unlock_event_count,0.11348656609864445,>= 0,204.33597178569437
5,3,telephony_event_count,8.661869924881593e-32,>= 0,204.33597178569437
5,3,telephony_mobile_data_enabled_fraction,-0.377472800200138,<= 0,204.33597178569437
5,3,telephony_network_type_diversity,0.07342378542662617,>= 0,204.33597178569437
5,3,touch_active_hour_count,0.06301494728863702,>= 0,204.33597178569437
5,3,touch_app_diversity,-0.15366466668217857,<= 0,204.33597178569437
5,3,touch_click_event_count,-2.972728965228696e-18,<= 0,204.33597178569437
5,3,touch_distinct_event_count,-5.805110667676963e-18,<= 0,204.33597178569437
5,3,touch_scroll_direction_change_count,0.07290168254943553,>= 0,204.33597178569437
5,3,touch_scroll_event_count,-4.042901859195973e-17,<= 0,204.33597178569437
5,3,touch_scroll_index_change_median,0.1895966772703246,>= 0,204.33597178569437
5,3,touch_unique_app_count,-8.411823087078801e-16,<= 0,204.33597178569437
5,3,missing__app_foreground_event_count,-0.07619716557951965,unconstrained,204.33597178569437
5,3,missing__app_use_diversity,-0.07619716557951962,unconstrained,204.33597178569437
5,3,missing__unique_foreground_apps,-0.07619716557951964,unconstrained,204.33597178569437
5,3,missing__call_event_count,-0.028009123944056052,unconstrained,204.33597178569437
5,3,missing__incoming_call_count,-0.028009123944056084,unconstrained,204.33597178569437
5,3,missing__missed_rejected_blocked_call_count,-0.028009123944056104,unconstrained,204.33597178569437
5,3,missing__outgoing_call_count,-0.02800912394405622,unconstrained,204.33597178569437
5,3,missing__total_call_duration_seconds,-0.02800912394405603,unconstrained,204.33597178569437
5,3,missing__gsm_cell_transition_count,0.11504888054491215,unconstrained,204.33597178569437
5,3,missing__unique_gsm_cell_count,0.11504888054491229,unconstrained,204.33597178569437
5,3,missing__unique_gsm_lac_count,0.11504888054491244,unconstrained,204.33597178569437
5,3,missing__gsm_neighbor_cell_transition_count,0.08515069471689998,unconstrained,204.33597178569437
5,3,missing__unique_gsm_neighbor_cell_count,0.08515069471689993,unconstrained,204.33597178569437
5,3,missing__unique_gsm_neighbor_lac_count,0.08515069471689994,unconstrained,204.33597178569437
5,3,missing__keyboard_deletion_event_count,-0.24254419900107504,unconstrained,204.33597178569437
5,3,missing__keyboard_inter_event_interval_iqr_ms,-0.24254419900107502,unconstrained,204.33597178569437
5,3,missing__keyboard_long_pause_count_2s,-0.2425441990010751,unconstrained,204.33597178569437
5,3,missing__keyboard_median_inter_event_interval_ms,-0.24254419900107502,unconstrained,204.33597178569437
5,3,missing__keyboard_median_word_completion_time_ms,-0.09061254537051665,unconstrained,204.33597178569437
5,3,missing__keyboard_typing_burst_count,-0.24254419900107513,unconstrained,204.33597178569437
5,3,missing__message_distinct_event_count,0.19775620739973326,unconstrained,204.33597178569437
5,3,missing__activity_active_hour_count,0.1150488805449124,unconstrained,204.33597178569437
5,3,missing__activity_state_diversity,0.11504888054491237,unconstrained,204.33597178569437
5,3,missing__activity_still_fraction,0.1150488805449123,unconstrained,204.33597178569437
5,3,missing__activity_transition_count,0.11504888054491236,unconstrained,204.33597178569437
5,3,missing__activity_unknown_fraction,0.11504888054491233,unconstrained,204.33597178569437
5,3,missing__median_unlocked_session_duration_seconds,0.11504888054491243,unconstrained,204.33597178569437
5,3,missing__night_screen_event_count,0.14770966021162235,unconstrained,204.33597178569437
5,3,missing__screen_active_hour_count,0.14770966021162238,unconstrained,204.33597178569437
5,3,missing__screen_event_count,0.14770966021162235,unconstrained,204.33597178569437
5,3,missing__screen_off_event_count,0.14770966021162235,unconstrained,204.33597178569437
5,3,missing__screen_on_event_count,0.14770966021162246,unconstrained,204.33597178569437
5,3,missing__screen_transition_count,0.1477096602116223,unconstrained,204.33597178569437
5,3,missing__screen_unlock_event_count,0.1477096602116223,unconstrained,204.33597178569437
5,3,missing__telephony_event_count,0.11504888054491239,unconstrained,204.33597178569437
5,3,missing__telephony_mobile_data_enabled_fraction,0.11504888054491243,unconstrained,204.33597178569437
5,3,missing__telephony_network_type_diversity,0.1150488805449124,unconstrained,204.33597178569437
5,3,missing__touch_active_hour_count,-0.18498305800239542,unconstrained,204.33597178569437
5,3,missing__touch_app_diversity,-0.18498305800239553,unconstrained,204.33597178569437
5,3,missing__touch_click_event_count,-0.18498305800239556,unconstrained,204.33597178569437
5,3,missing__touch_distinct_event_count,-0.18498305800239556,unconstrained,204.33597178569437
5,3,missing__touch_scroll_direction_change_count,-0.005237551513441307,unconstrained,204.33597178569437
5,3,missing__touch_scroll_event_count,-0.18498305800239548,unconstrained,204.33597178569437
5,3,missing__touch_scroll_index_change_median,-0.00523755151344125,unconstrained,204.33597178569437
5,3,missing__touch_unique_app_count,-0.1849830580023956,unconstrained,204.33597178569437
5,4,app_foreground_event_count,0.00857222614419292,>= 0,10000.0
5,4,app_use_diversity,0.015278943541568453,>= 0,10000.0
5,4,unique_foreground_apps,0.008488657175565942,>= 0,10000.0
5,4,call_event_count,-0.00857368537862578,<= 0,10000.0
5,4,incoming_call_count,-0.0011273950090131416,<= 0,10000.0
5,4,missed_rejected_blocked_call_count,0.0011217816388444971,>= 0,10000.0
5,4,outgoing_call_count,-0.01131415295726366,<= 0,10000.0
5,4,total_call_duration_seconds,-0.004987216792095601,<= 0,10000.0
5,4,gsm_cell_transition_count,2.717592665889435e-24,>= 0,10000.0
5,4,unique_gsm_cell_count,0.0022905996758450825,>= 0,10000.0
5,4,unique_gsm_lac_count,-0.0002250076932775568,<= 0,10000.0
5,4,gsm_neighbor_cell_transition_count,-2.7355860796034035e-38,<= 0,10000.0
5,4,unique_gsm_neighbor_cell_count,4.071558173866662e-51,>= 0,10000.0
5,4,unique_gsm_neighbor_lac_count,1.2742587321991235e-51,>= 0,10000.0
5,4,keyboard_deletion_event_count,0.005876431107131806,>= 0,10000.0
5,4,keyboard_inter_event_interval_iqr_ms,-0.001051365979079678,<= 0,10000.0
5,4,keyboard_long_pause_count_2s,0.004678032366677059,>= 0,10000.0
5,4,keyboard_median_inter_event_interval_ms,-0.001074032339227497,<= 0,10000.0
5,4,keyboard_median_word_completion_time_ms,-3.714758866694067e-26,<= 0,10000.0
5,4,keyboard_typing_burst_count,-8.011478559773504e-35,<= 0,10000.0
5,4,message_distinct_event_count,-0.001780834223270813,<= 0,10000.0
5,4,activity_active_hour_count,3.6953508354254396e-33,>= 0,10000.0
5,4,activity_state_diversity,1.0322248266506833e-22,>= 0,10000.0
5,4,activity_still_fraction,-4.8608329031619715e-17,<= 0,10000.0
5,4,activity_transition_count,3.913478252545138e-34,>= 0,10000.0
5,4,activity_unknown_fraction,6.623812674632014e-05,>= 0,10000.0
5,4,median_unlocked_session_duration_seconds,0.004214626803368563,>= 0,10000.0
5,4,night_screen_event_count,-0.005826409970743706,<= 0,10000.0
5,4,screen_active_hour_count,-2.7384566828472527e-05,<= 0,10000.0
5,4,screen_event_count,0.005314013855969309,>= 0,10000.0
5,4,screen_off_event_count,0.004315990389707955,>= 0,10000.0
5,4,screen_on_event_count,0.005893439393489723,>= 0,10000.0
5,4,screen_transition_count,0.0006505657823874464,>= 0,10000.0
5,4,screen_unlock_event_count,0.008908325029152188,>= 0,10000.0
5,4,telephony_event_count,0.0034065035554346245,>= 0,10000.0
5,4,telephony_mobile_data_enabled_fraction,-0.016580930971854063,<= 0,10000.0
5,4,telephony_network_type_diversity,0.0009160095721784013,>= 0,10000.0
5,4,touch_active_hour_count,0.005296796830401229,>= 0,10000.0
5,4,touch_app_diversity,-0.003081405635813841,<= 0,10000.0
5,4,touch_click_event_count,0.007455486578614626,>= 0,10000.0
5,4,touch_distinct_event_count,-1.39842885704086e-36,<= 0,10000.0
5,4,touch_scroll_direction_change_count,-9.527791629649215e-35,<= 0,10000.0
5,4,touch_scroll_event_count,-9.799459768250215e-36,<= 0,10000.0
5,4,touch_scroll_index_change_median,-1.286177142731726e-44,<= 0,10000.0
5,4,touch_unique_app_count,-9.546510884041105e-33,<= 0,10000.0
5,4,missing__app_foreground_event_count,-0.0042841712111373505,unconstrained,10000.0
5,4,missing__app_use_diversity,-0.0042841712111373635,unconstrained,10000.0
5,4,missing__unique_foreground_apps,-0.004284171211137355,unconstrained,10000.0
5,4,missing__call_event_count,-0.0014400627695199857,unconstrained,10000.0
5,4,missing__incoming_call_count,-0.001440062769519983,unconstrained,10000.0
5,4,missing__missed_rejected_blocked_call_count,-0.001440062769519978,unconstrained,10000.0
5,4,missing__outgoing_call_count,-0.0014400627695199855,unconstrained,10000.0
5,4,missing__total_call_duration_seconds,-0.0014400627695199879,unconstrained,10000.0
5,4,missing__gsm_cell_transition_count,0.0020375383643600497,unconstrained,10000.0
5,4,missing__unique_gsm_cell_count,0.0020375383643600384,unconstrained,10000.0
5,4,missing__unique_gsm_lac_count,0.0020375383643600428,unconstrained,10000.0
5,4,missing__gsm_neighbor_cell_transition_count,0.004591081059634006,unconstrained,10000.0
5,4,missing__unique_gsm_neighbor_cell_count,0.004591081059634002,unconstrained,10000.0
5,4,missing__unique_gsm_neighbor_lac_count,0.004591081059634011,unconstrained,10000.0
5,4,missing__keyboard_deletion_event_count,-0.010139846000765564,unconstrained,10000.0
5,4,missing__keyboard_inter_event_interval_iqr_ms,-0.01013984600076557,unconstrained,10000.0
5,4,missing__keyboard_long_pause_count_2s,-0.010139846000765566,unconstrained,10000.0
5,4,missing__keyboard_median_inter_event_interval_ms,-0.010139846000765566,unconstrained,10000.0
5,4,missing__keyboard_median_word_completion_time_ms,-0.006913563519436573,unconstrained,10000.0
5,4,missing__keyboard_typing_burst_count,-0.010139846000765567,unconstrained,10000.0
5,4,missing__message_distinct_event_count,0.002448498129772227,unconstrained,10000.0
5,4,missing__activity_active_hour_count,0.002037538364360043,unconstrained,10000.0
5,4,missing__activity_state_diversity,0.0020375383643600536,unconstrained,10000.0
5,4,missing__activity_still_fraction,0.0020375383643600484,unconstrained,10000.0
5,4,missing__activity_transition_count,0.0020375383643600436,unconstrained,10000.0
5,4,missing__activity_unknown_fraction,0.002037538364360036,unconstrained,10000.0
5,4,missing__median_unlocked_session_duration_seconds,0.0015133371391455313,unconstrained,10000.0
5,4,missing__night_screen_event_count,0.002787926300219737,unconstrained,10000.0
5,4,missing__screen_active_hour_count,0.002787926300219746,unconstrained,10000.0
5,4,missing__screen_event_count,0.0027879263002197415,unconstrained,10000.0
5,4,missing__screen_off_event_count,0.0027879263002197467,unconstrained,10000.0
5,4,missing__screen_on_event_count,0.0027879263002197237,unconstrained,10000.0
5,4,missing__screen_transition_count,0.0027879263002197428,unconstrained,10000.0
5,4,missing__screen_unlock_event_count,0.002787926300219737,unconstrained,10000.0
5,4,missing__telephony_event_count,0.0020375383643600423,unconstrained,10000.0
5,4,missing__telephony_mobile_data_enabled_fraction,0.0020375383643600384,unconstrained,10000.0
5,4,missing__telephony_network_type_diversity,0.002037538364360045,unconstrained,10000.0
5,4,missing__touch_active_hour_count,-0.008473422340781713,unconstrained,10000.0
5,4,missing__touch_app_diversity,-0.00847342234078172,unconstrained,10000.0
5,4,missing__touch_click_event_count,-0.008473422340781717,unconstrained,10000.0
5,4,missing__touch_distinct_event_count,-0.00847342234078171,unconstrained,10000.0
5,4,missing__touch_scroll_direction_change_count,-0.005076671730465466,unconstrained,10000.0
5,4,missing__touch_scroll_event_count,-0.008473422340781711,unconstrained,10000.0
5,4,missing__touch_scroll_index_change_median,-0.005076671730465468,unconstrained,10000.0
5,4,missing__touch_unique_app_count,-0.008473422340781724,unconstrained,10000.0
5,5,app_foreground_event_count,0.004954912738333482,>= 0,10000.0
5,5,app_use_diversity,0.013535700622721636,>= 0,10000.0
5,5,unique_foreground_apps,0.00894921067321557,>= 0,10000.0
5,5,gsm_cell_transition_count,0.0022627327851674163,>= 0,10000.0
5,5,unique_gsm_cell_count,0.004092813653030461,>= 0,10000.0
5,5,unique_gsm_lac_count,0.003739865891967795,>= 0,10000.0
5,5,gsm_neighbor_cell_transition_count,-0.0034517866845169406,<= 0,10000.0
5,5,unique_gsm_neighbor_cell_count,-0.015329891631708127,<= 0,10000.0
5,5,unique_gsm_neighbor_lac_count,6.243615514204839e-44,>= 0,10000.0
5,5,keyboard_deletion_event_count,-7.65290067576957e-35,<= 0,10000.0
5,5,keyboard_inter_event_interval_iqr_ms,-0.004145287199544673,<= 0,10000.0
5,5,keyboard_long_pause_count_2s,0.0037048543048350006,>= 0,10000.0
5,5,keyboard_median_inter_event_interval_ms,-0.0014336297893342723,<= 0,10000.0
5,5,keyboard_median_word_completion_time_ms,-1.4003955796982833e-37,<= 0,10000.0
5,5,keyboard_typing_burst_count,0.005025567031964061,>= 0,10000.0
5,5,message_distinct_event_count,0.0014142130729768749,>= 0,10000.0
5,5,activity_active_hour_count,0.00305678533631094,>= 0,10000.0
5,5,activity_state_diversity,-5.856181519411491e-27,<= 0,10000.0
5,5,activity_still_fraction,-0.000837674713571249,<= 0,10000.0
5,5,activity_transition_count,9.439976245090283e-11,>= 0,10000.0
5,5,activity_unknown_fraction,6.508076588702491e-21,>= 0,10000.0
5,5,median_unlocked_session_duration_seconds,-1.7187801476484084e-45,<= 0,10000.0
5,5,night_screen_event_count,-0.010103759500450183,<= 0,10000.0
5,5,screen_active_hour_count,-8.691393529901984e-23,<= 0,10000.0
5,5,screen_event_count,0.002037271783188424,>= 0,10000.0
5,5,screen_off_event_count,0.0016462444510761912,>= 0,10000.0
5,5,screen_on_event_count,0.0032726458064821933,>= 0,10000.0
5,5,screen_transition_count,-7.281131487129207e-23,<= 0,10000.0
5,5,screen_unlock_event_count,0.0072357661841358665,>= 0,10000.0
5,5,telephony_event_count,0.004557021811639594,>= 0,10000.0
5,5,telephony_mobile_data_enabled_fraction,-0.01780675833165136,<= 0,10000.0
5,5,telephony_network_type_diversity,0.00944495128570037,>= 0,10000.0
5,5,touch_active_hour_count,-7.197549728991833e-34,<= 0,10000.0
5,5,touch_app_diversity,0.005245135347667442,>= 0,10000.0
5,5,touch_click_event_count,-5.9710586491420805e-37,<= 0,10000.0
5,5,touch_distinct_event_count,-7.193891395636884e-36,<= 0,10000.0
5,5,touch_scroll_direction_change_count,-3.2674023756300774e-34,<= 0,10000.0
5,5,touch_scroll_event_count,-5.879605063988595e-35,<= 0,10000.0
5,5,touch_scroll_index_change_median,0.004730259929834748,>= 0,10000.0
5,5,touch_unique_app_count,0.006039502793871422,>= 0,10000.0
5,5,missing__app_foreground_event_count,0.00218041093675053,unconstrained,10000.0
5,5,missing__app_use_diversity,0.0021804109367505597,unconstrained,10000.0
5,5,missing__unique_foreground_apps,0.002180410936750544,unconstrained,10000.0
5,5,missing__gsm_cell_transition_count,0.010161127299275206,unconstrained,10000.0
5,5,missing__unique_gsm_cell_count,0.010161127299275197,unconstrained,10000.0
5,5,missing__unique_gsm_lac_count,0.01016112729927519,unconstrained,10000.0
5,5,missing__gsm_neighbor_cell_transition_count,0.0016464057490096706,unconstrained,10000.0
5,5,missing__unique_gsm_neighbor_cell_count,0.0016464057490096695,unconstrained,10000.0
5,5,missing__unique_gsm_neighbor_lac_count,0.0016464057490096602,unconstrained,10000.0
5,5,missing__keyboard_deletion_event_count,-0.00542330335553762,unconstrained,10000.0
5,5,missing__keyboard_inter_event_interval_iqr_ms,-0.005423303355537621,unconstrained,10000.0
5,5,missing__keyboard_long_pause_count_2s,-0.005423303355537621,unconstrained,10000.0
5,5,missing__keyboard_median_inter_event_interval_ms,-0.005423303355537623,unconstrained,10000.0
5,5,missing__keyboard_median_word_completion_time_ms,-0.0023047196613505874,unconstrained,10000.0
5,5,missing__keyboard_typing_burst_count,-0.0054233033555376245,unconstrained,10000.0
5,5,missing__message_distinct_event_count,0.011432633665778315,unconstrained,10000.0
5,5,missing__activity_active_hour_count,0.010161127299275196,unconstrained,10000.0
5,5,missing__activity_state_diversity,0.010161127299275197,unconstrained,10000.0
5,5,missing__activity_still_fraction,0.010161127299275199,unconstrained,10000.0
5,5,missing__activity_transition_count,0.010161127299275213,unconstrained,10000.0
5,5,missing__activity_unknown_fraction,0.010161127299275213,unconstrained,10000.0
5,5,missing__median_unlocked_session_duration_seconds,0.009229070881559425,unconstrained,10000.0
5,5,missing__night_screen_event_count,0.010161127299275196,unconstrained,10000.0
5,5,missing__screen_active_hour_count,0.01016112729927521,unconstrained,10000.0
5,5,missing__screen_event_count,0.010161127299275204,unconstrained,10000.0
5,5,missing__screen_off_event_count,0.010161127299275208,unconstrained,10000.0
5,5,missing__screen_on_event_count,0.0101611272992752,unconstrained,10000.0
5,5,missing__screen_transition_count,0.0101611272992752,unconstrained,10000.0
5,5,missing__screen_unlock_event_count,0.010161127299275206,unconstrained,10000.0
5,5,missing__telephony_event_count,0.010161127299275204,unconstrained,10000.0
5,5,missing__telephony_mobile_data_enabled_fraction,0.010161127299275208,unconstrained,10000.0
5,5,missing__telephony_network_type_diversity,0.010161127299275239,unconstrained,10000.0
5,5,missing__touch_active_hour_count,0.0021804109367505402,unconstrained,10000.0
5,5,missing__touch_app_diversity,0.0021804109367505463,unconstrained,10000.0
5,5,missing__touch_click_event_count,0.002180410936750548,unconstrained,10000.0
5,5,missing__touch_distinct_event_count,0.0021804109367505337,unconstrained,10000.0
5,5,missing__touch_scroll_direction_change_count,0.0031172945897753523,unconstrained,10000.0
5,5,missing__touch_scroll_event_count,0.0021804109367505463,unconstrained,10000.0
5,5,missing__touch_scroll_index_change_median,0.003117294589775375,unconstrained,10000.0
5,5,missing__touch_unique_app_count,0.0021804109367505584,unconstrained,10000.0
6,1,app_foreground_event_count,0.6359066262087248,>= 0,38.56620421163472
6,1,app_use_diversity,1.0619407238937486,>= 0,38.56620421163472
6,1,unique_foreground_apps,-3.2943369266327294e-20,<= 0,38.56620421163472
6,1,gsm_cell_transition_count,3.3399864819274155e-38,>= 0,38.56620421163472
6,1,unique_gsm_cell_count,0.2798109734697125,>= 0,38.56620421163472
6,1,unique_gsm_lac_count,7.476144071229749e-36,>= 0,38.56620421163472
6,1,gsm_neighbor_cell_transition_count,-1.4646043870966765e-20,<= 0,38.56620421163472
6,1,unique_gsm_neighbor_cell_count,3.42234136063906e-21,>= 0,38.56620421163472
6,1,unique_gsm_neighbor_lac_count,3.179278895363119e-21,>= 0,38.56620421163472
6,1,keyboard_deletion_event_count,-2.1333439524054248e-19,<= 0,38.56620421163472
6,1,keyboard_inter_event_interval_iqr_ms,-0.40737282983799766,<= 0,38.56620421163472
6,1,keyboard_long_pause_count_2s,-2.668743302508526e-19,<= 0,38.56620421163472
6,1,keyboard_median_inter_event_interval_ms,-0.01956739508617399,<= 0,38.56620421163472
6,1,keyboard_median_word_completion_time_ms,-3.6010843701598774e-27,<= 0,38.56620421163472
6,1,keyboard_typing_burst_count,-4.212044996791614e-16,<= 0,38.56620421163472
6,1,message_distinct_event_count,-1.238638882664724e-12,<= 0,38.56620421163472
6,1,activity_active_hour_count,0.054520285342278985,>= 0,38.56620421163472
6,1,activity_state_diversity,-0.11625155708502863,<= 0,38.56620421163472
6,1,activity_still_fraction,0.4401909407238119,>= 0,38.56620421163472
6,1,activity_transition_count,7.640489949303235e-18,>= 0,38.56620421163472
6,1,activity_unknown_fraction,-0.04893089341222707,<= 0,38.56620421163472
6,1,median_unlocked_session_duration_seconds,-0.07214343144053538,<= 0,38.56620421163472
6,1,night_screen_event_count,-0.7649706261564756,<= 0,38.56620421163472
6,1,screen_active_hour_count,-7.433989087324516e-14,<= 0,38.56620421163472
6,1,screen_event_count,0.1068694185545099,>= 0,38.56620421163472
6,1,screen_off_event_count,-4.602166343746179e-20,<= 0,38.56620421163472
6,1,screen_on_event_count,0.020448863477204808,>= 0,38.56620421163472
6,1,screen_transition_count,-2.0461559886714896e-18,<= 0,38.56620421163472
6,1,screen_unlock_event_count,0.2214572110932595,>= 0,38.56620421163472
6,1,telephony_event_count,5.511277248827212e-23,>= 0,38.56620421163472
6,1,telephony_mobile_data_enabled_fraction,-1.5391425852958045,<= 0,38.56620421163472
6,1,telephony_network_type_diversity,0.35014918739229445,>= 0,38.56620421163472
6,1,touch_active_hour_count,-2.5916733421531958e-18,<= 0,38.56620421163472
6,1,touch_app_diversity,-0.6128393196449438,<= 0,38.56620421163472
6,1,touch_click_event_count,-1.4778280515961703e-19,<= 0,38.56620421163472
6,1,touch_distinct_event_count,-1.8077853785162964e-19,<= 0,38.56620421163472
6,1,touch_scroll_direction_change_count,-1.2232818916449147e-18,<= 0,38.56620421163472
6,1,touch_scroll_event_count,-3.91193032482861e-19,<= 0,38.56620421163472
6,1,touch_scroll_index_change_median,-1.7433760825752067e-22,<= 0,38.56620421163472
6,1,touch_unique_app_count,-0.08579216885206947,<= 0,38.56620421163472
6,1,missing__app_foreground_event_count,-0.46611382172513,unconstrained,38.56620421163472
6,1,missing__app_use_diversity,-0.4661138217251299,unconstrained,38.56620421163472
6,1,missing__unique_foreground_apps,-0.4661138217251302,unconstrained,38.56620421163472
6,1,missing__gsm_cell_transition_count,0.19541447702300446,unconstrained,38.56620421163472
6,1,missing__unique_gsm_cell_count,0.19541447702300385,unconstrained,38.56620421163472
6,1,missing__unique_gsm_lac_count,0.19541447702300385,unconstrained,38.56620421163472
6,1,missing__gsm_neighbor_cell_transition_count,0.40180036190702756,unconstrained,38.56620421163472
6,1,missing__unique_gsm_neighbor_cell_count,0.4018003619070277,unconstrained,38.56620421163472
6,1,missing__unique_gsm_neighbor_lac_count,0.4018003619070275,unconstrained,38.56620421163472
6,1,missing__keyboard_deletion_event_count,-0.3231139540734071,unconstrained,38.56620421163472
6,1,missing__keyboard_inter_event_interval_iqr_ms,-0.32311395407340665,unconstrained,38.56620421163472
6,1,missing__keyboard_long_pause_count_2s,-0.3231139540734067,unconstrained,38.56620421163472
6,1,missing__keyboard_median_inter_event_interval_ms,-0.3231139540734066,unconstrained,38.56620421163472
6,1,missing__keyboard_median_word_completion_time_ms,0.527621226028562,unconstrained,38.56620421163472
6,1,missing__keyboard_typing_burst_count,-0.3231139540734064,unconstrained,38.56620421163472
6,1,missing__message_distinct_event_count,0.6281296371207986,unconstrained,38.56620421163472
6,1,missing__activity_active_hour_count,0.1954144770230041,unconstrained,38.56620421163472
6,1,missing__activity_state_diversity,0.19541447702300407,unconstrained,38.56620421163472
6,1,missing__activity_still_fraction,0.195414477023004,unconstrained,38.56620421163472
6,1,missing__activity_transition_count,0.19541447702300396,unconstrained,38.56620421163472
6,1,missing__activity_unknown_fraction,0.195414477023004,unconstrained,38.56620421163472
6,1,missing__median_unlocked_session_duration_seconds,0.195414477023004,unconstrained,38.56620421163472
6,1,missing__night_screen_event_count,0.29121456337884133,unconstrained,38.56620421163472
6,1,missing__screen_active_hour_count,0.29121456337884344,unconstrained,38.56620421163472
6,1,missing__screen_event_count,0.2912145633788433,unconstrained,38.56620421163472
6,1,missing__screen_off_event_count,0.29121456337884366,unconstrained,38.56620421163472
6,1,missing__screen_on_event_count,0.29121456337884327,unconstrained,38.56620421163472
6,1,missing__screen_transition_count,0.2912145633788436,unconstrained,38.56620421163472
6,1,missing__screen_unlock_event_count,0.2912145633788433,unconstrained,38.56620421163472
6,1,missing__telephony_event_count,0.19541447702300402,unconstrained,38.56620421163472
6,1,missing__telephony_mobile_data_enabled_fraction,0.1954144770230039,unconstrained,38.56620421163472
6,1,missing__telephony_network_type_diversity,0.1954144770230041,unconstrained,38.56620421163472
6,1,missing__touch_active_hour_count,-0.6089683501820515,unconstrained,38.56620421163472
6,1,missing__touch_app_diversity,-0.6089683501820515,unconstrained,38.56620421163472
6,1,missing__touch_click_event_count,-0.6089683501820516,unconstrained,38.56620421163472
6,1,missing__touch_distinct_event_count,-0.6089683501820518,unconstrained,38.56620421163472
6,1,missing__touch_scroll_direction_change_count,0.4836348888375539,unconstrained,38.56620421163472
6,1,missing__touch_scroll_event_count,-0.6089683501820515,unconstrained,38.56620421163472
6,1,missing__touch_scroll_index_change_median,0.4836348888375537,unconstrained,38.56620421163472
6,1,missing__touch_unique_app_count,-0.6089683501820514,unconstrained,38.56620421163472
6,2,app_foreground_event_count,0.008586589290078094,>= 0,10000.0
6,2,app_use_diversity,0.01581479372393735,>= 0,10000.0
6,2,unique_foreground_apps,0.007748928928938649,>= 0,10000.0
6,2,call_event_count,-0.008792460619356303,<= 0,10000.0
6,2,incoming_call_count,-0.0009828907339828907,<= 0,10000.0
6,2,missed_rejected_blocked_call_count,0.0007654704611072398,>= 0,10000.0
6,2,outgoing_call_count,-0.011403022746938196,<= 0,10000.0
6,2,total_call_duration_seconds,-0.002093392173854189,<= 0,10000.0
6,2,gsm_cell_transition_count,7.229508238992184e-05,>= 0,10000.0
6,2,unique_gsm_cell_count,0.0016861526383174224,>= 0,10000.0
6,2,unique_gsm_lac_count,8.63567897127345e-05,>= 0,10000.0
6,2,gsm_neighbor_cell_transition_count,-1.8375098254364627e-27,<= 0,10000.0
6,2,unique_gsm_neighbor_cell_count,-0.01537524576501872,<= 0,10000.0
6,2,unique_gsm_neighbor_lac_count,-0.016894214383432988,<= 0,10000.0
6,2,keyboard_deletion_event_count,0.0033579386636057246,>= 0,10000.0
6,2,keyboard_inter_event_interval_iqr_ms,1.6145817020667286e-34,>= 0,10000.0
6,2,keyboard_long_pause_count_2s,0.003463836083998638,>= 0,10000.0
6,2,keyboard_median_inter_event_interval_ms,-0.001970723162384667,<= 0,10000.0
6,2,keyboard_median_word_completion_time_ms,-4.545537287153575e-29,<= 0,10000.0
6,2,keyboard_typing_burst_count,-1.3264489377668444e-33,<= 0,10000.0
6,2,message_distinct_event_count,-2.9810892492225126e-27,<= 0,10000.0
6,2,activity_active_hour_count,0.0047080168691933585,>= 0,10000.0
6,2,activity_state_diversity,2.9763550411254554e-22,>= 0,10000.0
6,2,activity_still_fraction,-0.00023998220169399367,<= 0,10000.0
6,2,activity_transition_count,-3.64676453367174e-24,<= 0,10000.0
6,2,activity_unknown_fraction,-0.001219157972215475,<= 0,10000.0
6,2,median_unlocked_session_duration_seconds,-1.3164321299794677e-38,<= 0,10000.0
6,2,night_screen_event_count,-0.007424126202315039,<= 0,10000.0
6,2,screen_active_hour_count,-1.5764607723654192e-45,<= 0,10000.0
6,2,screen_event_count,0.0034238557102097885,>= 0,10000.0
6,2,screen_off_event_count,0.0021911236246383867,>= 0,10000.0
6,2,screen_on_event_count,-2.267804234316829e-37,<= 0,10000.0
6,2,screen_transition_count,-9.140503584432073e-17,<= 0,10000.0
6,2,screen_unlock_event_count,0.009863397045608638,>= 0,10000.0
6,2,telephony_event_count,0.010191924588673972,>= 0,10000.0
6,2,telephony_mobile_data_enabled_fraction,-0.015512780703848596,<= 0,10000.0
6,2,telephony_network_type_diversity,0.004937725137003565,>= 0,10000.0
6,2,touch_active_hour_count,-3.5981788550055193e-38,<= 0,10000.0
6,2,touch_app_diversity,0.004150652122228623,>= 0,10000.0
6,2,touch_click_event_count,-2.897656085432361e-41,<= 0,10000.0
6,2,touch_distinct_event_count,-4.6731801992648955e-36,<= 0,10000.0
6,2,touch_scroll_direction_change_count,0.00430194816120422,>= 0,10000.0
6,2,touch_scroll_event_count,-6.247073415473995e-35,<= 0,10000.0
6,2,touch_scroll_index_change_median,0.007285862946941784,>= 0,10000.0
6,2,touch_unique_app_count,0.0040871420523917595,>= 0,10000.0
6,2,missing__app_foreground_event_count,0.0046207529793528416,unconstrained,10000.0
6,2,missing__app_use_diversity,0.004620752979352848,unconstrained,10000.0
6,2,missing__unique_foreground_apps,0.0046207529793528615,unconstrained,10000.0
6,2,missing__call_event_count,-0.0010370691754823655,unconstrained,10000.0
6,2,missing__incoming_call_count,-0.0010370691754823707,unconstrained,10000.0
6,2,missing__missed_rejected_blocked_call_count,-0.0010370691754823592,unconstrained,10000.0
6,2,missing__outgoing_call_count,-0.001037069175482366,unconstrained,10000.0
6,2,missing__total_call_duration_seconds,-0.001037069175482373,unconstrained,10000.0
6,2,missing__gsm_cell_transition_count,0.006431573721595977,unconstrained,10000.0
6,2,missing__unique_gsm_cell_count,0.006431573721595975,unconstrained,10000.0
6,2,missing__unique_gsm_lac_count,0.006431573721595987,unconstrained,10000.0
6,2,missing__gsm_neighbor_cell_transition_count,0.0018055902967630416,unconstrained,10000.0
6,2,missing__unique_gsm_neighbor_cell_count,0.001805590296763027,unconstrained,10000.0
6,2,missing__unique_gsm_neighbor_lac_count,0.0018055902967630338,unconstrained,10000.0
6,2,missing__keyboard_deletion_event_count,-0.005310096453846369,unconstrained,10000.0
6,2,missing__keyboard_inter_event_interval_iqr_ms,-0.005310096453846358,unconstrained,10000.0
6,2,missing__keyboard_long_pause_count_2s,-0.005310096453846366,unconstrained,10000.0
6,2,missing__keyboard_median_inter_event_interval_ms,-0.005310096453846361,unconstrained,10000.0
6,2,missing__keyboard_median_word_completion_time_ms,-0.0026788748242137757,unconstrained,10000.0
6,2,missing__keyboard_typing_burst_count,-0.005310096453846354,unconstrained,10000.0
6,2,missing__message_distinct_event_count,0.006110550141357004,unconstrained,10000.0
6,2,missing__activity_active_hour_count,0.006431573721595993,unconstrained,10000.0
6,2,missing__activity_state_diversity,0.006431573721595984,unconstrained,10000.0
6,2,missing__activity_still_fraction,0.006431573721595968,unconstrained,10000.0
6,2,missing__activity_transition_count,0.0064315737215959795,unconstrained,10000.0
6,2,missing__activity_unknown_fraction,0.006431573721595979,unconstrained,10000.0
6,2,missing__median_unlocked_session_duration_seconds,0.00567623213661042,unconstrained,10000.0
6,2,missing__night_screen_event_count,0.006431573721595986,unconstrained,10000.0
6,2,missing__screen_active_hour_count,0.0064315737215959925,unconstrained,10000.0
6,2,missing__screen_event_count,0.006431573721595981,unconstrained,10000.0
6,2,missing__screen_off_event_count,0.006431573721595979,unconstrained,10000.0
6,2,missing__screen_on_event_count,0.006431573721595992,unconstrained,10000.0
6,2,missing__screen_transition_count,0.006431573721595978,unconstrained,10000.0
6,2,missing__screen_unlock_event_count,0.006431573721595992,unconstrained,10000.0
6,2,missing__telephony_event_count,0.0064315737215959855,unconstrained,10000.0
6,2,missing__telephony_mobile_data_enabled_fraction,0.006431573721595994,unconstrained,10000.0
6,2,missing__telephony_network_type_diversity,0.0064315737215959855,unconstrained,10000.0
6,2,missing__touch_active_hour_count,0.000579151520540655,unconstrained,10000.0
6,2,missing__touch_app_diversity,0.0005791515205406483,unconstrained,10000.0
6,2,missing__touch_click_event_count,0.0005791515205406528,unconstrained,10000.0
6,2,missing__touch_distinct_event_count,0.0005791515205406525,unconstrained,10000.0
6,2,missing__touch_scroll_direction_change_count,0.003147524759311392,unconstrained,10000.0
6,2,missing__touch_scroll_event_count,0.0005791515205406459,unconstrained,10000.0
6,2,missing__touch_scroll_index_change_median,0.003147524759311378,unconstrained,10000.0
6,2,missing__touch_unique_app_count,0.0005791515205406477,unconstrained,10000.0
6,3,app_foreground_event_count,0.05130852349183751,>= 0,1082.636733874054
6,3,app_use_diversity,0.1285172068935134,>= 0,1082.636733874054
6,3,unique_foreground_apps,0.09601162256103729,>= 0,1082.636733874054
6,3,gsm_cell_transition_count,3.050586130098431e-25,>= 0,1082.636733874054
6,3,unique_gsm_cell_count,0.01760574139672662,>= 0,1082.636733874054
6,3,unique_gsm_lac_count,0.018138940267315433,>= 0,1082.636733874054
6,3,gsm_neighbor_cell_transition_count,-0.03135890432567492,<= 0,1082.636733874054
6,3,unique_gsm_neighbor_cell_count,-0.0453124011883651,<= 0,1082.636733874054
6,3,unique_gsm_neighbor_lac_count,7.627187666553457e-30,>= 0,1082.636733874054
6,3,keyboard_deletion_event_count,0.030409016008657908,>= 0,1082.636733874054
6,3,keyboard_inter_event_interval_iqr_ms,-0.007734440726100082,<= 0,1082.636733874054
6,3,keyboard_long_pause_count_2s,-2.5115377072796712e-23,<= 0,1082.636733874054
6,3,keyboard_median_inter_event_interval_ms,-1.8360689628490335e-16,<= 0,1082.636733874054
6,3,keyboard_median_word_completion_time_ms,-0.05969956209624057,<= 0,1082.636733874054
6,3,keyboard_typing_burst_count,0.029130535131171673,>= 0,1082.636733874054
6,3,message_distinct_event_count,-0.024030644087458874,<= 0,1082.636733874054
6,3,activity_active_hour_count,3.08064989614513e-23,>= 0,1082.636733874054
6,3,activity_state_diversity,0.0013688150559917666,>= 0,1082.636733874054
6,3,activity_still_fraction,-0.03164748003779243,<= 0,1082.636733874054
6,3,activity_transition_count,4.0052647634023767e-20,>= 0,1082.636733874054
6,3,activity_unknown_fraction,0.01820599658884852,>= 0,1082.636733874054
6,3,median_unlocked_session_duration_seconds,-1.240066876453935e-28,<= 0,1082.636733874054
6,3,night_screen_event_count,2.320269997229032e-39,>= 0,1082.636733874054
6,3,screen_active_hour_count,-0.026758930929244504,<= 0,1082.636733874054
6,3,screen_event_count,0.04223847412009196,>= 0,1082.636733874054
6,3,screen_off_event_count,0.03362316969826155,>= 0,1082.636733874054
6,3,screen_on_event_count,0.041743699984908934,>= 0,1082.636733874054
6,3,screen_transition_count,0.0033746098490285,>= 0,1082.636733874054
6,3,screen_unlock_event_count,0.055252749982482606,>= 0,1082.636733874054
6,3,telephony_event_count,0.0009222256149656827,>= 0,1082.636733874054
6,3,telephony_mobile_data_enabled_fraction,-0.06461259219021853,<= 0,1082.636733874054
6,3,telephony_network_type_diversity,0.01585279940861283,>= 0,1082.636733874054
6,3,touch_active_hour_count,-1.6492169606540019e-31,<= 0,1082.636733874054
6,3,touch_app_diversity,0.027914776623883898,>= 0,1082.636733874054
6,3,touch_click_event_count,0.04008070108773935,>= 0,1082.636733874054
6,3,touch_distinct_event_count,-9.189894023296738e-29,<= 0,1082.636733874054
6,3,touch_scroll_direction_change_count,0.035218741060815045,>= 0,1082.636733874054
6,3,touch_scroll_event_count,-6.356585482263797e-28,<= 0,1082.636733874054
6,3,touch_scroll_index_change_median,-0.018714263860942767,<= 0,1082.636733874054
6,3,touch_unique_app_count,0.06250341636876268,>= 0,1082.636733874054
6,3,missing__app_foreground_event_count,0.027776457230572132,unconstrained,1082.636733874054
6,3,missing__app_use_diversity,0.027776457230572146,unconstrained,1082.636733874054
6,3,missing__unique_foreground_apps,0.027776457230572135,unconstrained,1082.636733874054
6,3,missing__gsm_cell_transition_count,0.04968992886819666,unconstrained,1082.636733874054
6,3,missing__unique_gsm_cell_count,0.049689928868196606,unconstrained,1082.636733874054
6,3,missing__unique_gsm_lac_count,0.049689928868196634,unconstrained,1082.636733874054
6,3,missing__gsm_neighbor_cell_transition_count,0.006556968939242847,unconstrained,1082.636733874054
6,3,missing__unique_gsm_neighbor_cell_count,0.006556968939242827,unconstrained,1082.636733874054
6,3,missing__unique_gsm_neighbor_lac_count,0.00655696893924285,unconstrained,1082.636733874054
6,3,missing__keyboard_deletion_event_count,-0.05561410142065479,unconstrained,1082.636733874054
6,3,missing__keyboard_inter_event_interval_iqr_ms,-0.055614101420654795,unconstrained,1082.636733874054
6,3,missing__keyboard_long_pause_count_2s,-0.05561410142065485,unconstrained,1082.636733874054
6,3,missing__keyboard_median_inter_event_interval_ms,-0.0556141014206548,unconstrained,1082.636733874054
6,3,missing__keyboard_median_word_completion_time_ms,-0.055487980750592414,unconstrained,1082.636733874054
6,3,missing__keyboard_typing_burst_count,-0.055614101420654774,unconstrained,1082.636733874054
6,3,missing__message_distinct_event_count,0.035122345240306815,unconstrained,1082.636733874054
6,3,missing__activity_active_hour_count,0.049689928868196585,unconstrained,1082.636733874054
6,3,missing__activity_state_diversity,0.049689928868196655,unconstrained,1082.636733874054
6,3,missing__activity_still_fraction,0.04968992886819662,unconstrained,1082.636733874054
6,3,missing__activity_transition_count,0.04968992886819665,unconstrained,1082.636733874054
6,3,missing__activity_unknown_fraction,0.04968992886819663,unconstrained,1082.636733874054
6,3,missing__median_unlocked_session_duration_seconds,0.043660047057225246,unconstrained,1082.636733874054
6,3,missing__night_screen_event_count,0.06181786076400776,unconstrained,1082.636733874054
6,3,missing__screen_active_hour_count,0.06181786076400776,unconstrained,1082.636733874054
6,3,missing__screen_event_count,0.0618178607640078,unconstrained,1082.636733874054
6,3,missing__screen_off_event_count,0.06181786076400777,unconstrained,1082.636733874054
6,3,missing__screen_on_event_count,0.0618178607640077,unconstrained,1082.636733874054
6,3,missing__screen_transition_count,0.06181786076400777,unconstrained,1082.636733874054
6,3,missing__screen_unlock_event_count,0.06181786076400775,unconstrained,1082.636733874054
6,3,missing__telephony_event_count,0.04968992886819664,unconstrained,1082.636733874054
6,3,missing__telephony_mobile_data_enabled_fraction,0.04968992886819667,unconstrained,1082.636733874054
6,3,missing__telephony_network_type_diversity,0.04968992886819663,unconstrained,1082.636733874054
6,3,missing__touch_active_hour_count,-0.014122218582108197,unconstrained,1082.636733874054
6,3,missing__touch_app_diversity,-0.014122218582108223,unconstrained,1082.636733874054
6,3,missing__touch_click_event_count,-0.014122218582108204,unconstrained,1082.636733874054
6,3,missing__touch_distinct_event_count,-0.014122218582108216,unconstrained,1082.636733874054
6,3,missing__touch_scroll_direction_change_count,0.013575577898202225,unconstrained,1082.636733874054
6,3,missing__touch_scroll_event_count,-0.014122218582108204,unconstrained,1082.636733874054
6,3,missing__touch_scroll_index_change_median,0.013575577898202205,unconstrained,1082.636733874054
6,3,missing__touch_unique_app_count,-0.014122218582108199,unconstrained,1082.636733874054
6,4,app_foreground_event_count,0.007141068478784436,>= 0,10000.0
6,4,app_use_diversity,0.011335107676740114,>= 0,10000.0
6,4,unique_foreground_apps,0.007059312204085609,>= 0,10000.0
6,4,gsm_cell_transition_count,0.0026965374148442732,>= 0,10000.0
6,4,unique_gsm_cell_count,0.003159184008412002,>= 0,10000.0
6,4,unique_gsm_lac_count,0.0009415809433139367,>= 0,10000.0
6,4,gsm_neighbor_cell_transition_count,0.001798346977217668,>= 0,10000.0
6,4,unique_gsm_neighbor_cell_count,-0.010322534566106422,<= 0,10000.0
6,4,unique_gsm_neighbor_lac_count,7.008924844433713e-61,>= 0,10000.0
6,4,keyboard_deletion_event_count,0.011762350877357974,>= 0,10000.0
6,4,keyboard_inter_event_interval_iqr_ms,-0.001899313690259949,<= 0,10000.0
6,4,keyboard_long_pause_count_2s,0.011311271091784455,>= 0,10000.0
6,4,keyboard_median_inter_event_interval_ms,-0.0021748647619714047,<= 0,10000.0
6,4,keyboard_median_word_completion_time_ms,-5.490152105234004e-35,<= 0,10000.0
6,4,keyboard_typing_burst_count,0.005166394352667543,>= 0,10000.0
6,4,message_distinct_event_count,-0.002267398957160618,<= 0,10000.0
6,4,activity_active_hour_count,2.8899865276548014e-30,>= 0,10000.0
6,4,activity_state_diversity,-0.003759477255920969,<= 0,10000.0
6,4,activity_still_fraction,0.0038470584777930347,>= 0,10000.0
6,4,activity_transition_count,1.4002036998995633e-40,>= 0,10000.0
6,4,activity_unknown_fraction,3.822948237874013e-34,>= 0,10000.0
6,4,median_unlocked_session_duration_seconds,0.0027833524912058774,>= 0,10000.0
6,4,night_screen_event_count,-0.005355443946753662,<= 0,10000.0
6,4,screen_active_hour_count,-6.016512704196115e-35,<= 0,10000.0
6,4,screen_event_count,0.0011741704247963036,>= 0,10000.0
6,4,screen_off_event_count,0.0002232638224586731,>= 0,10000.0
6,4,screen_on_event_count,0.0017907232891687702,>= 0,10000.0
6,4,screen_transition_count,-7.727183061966392e-15,<= 0,10000.0
6,4,screen_unlock_event_count,0.005144497334851311,>= 0,10000.0
6,4,telephony_event_count,0.0040173058728891564,>= 0,10000.0
6,4,telephony_mobile_data_enabled_fraction,-0.01810092984727462,<= 0,10000.0
6,4,telephony_network_type_diversity,0.004470542535159686,>= 0,10000.0
6,4,touch_active_hour_count,-1.8127516605718008e-40,<= 0,10000.0
6,4,touch_app_diversity,0.0010368895894425102,>= 0,10000.0
6,4,touch_click_event_count,-3.463672955942726e-46,<= 0,10000.0
6,4,touch_distinct_event_count,-1.5084335649641526e-44,<= 0,10000.0
6,4,touch_scroll_direction_change_count,0.004710733925522787,>= 0,10000.0
6,4,touch_scroll_event_count,-3.960660547443099e-43,<= 0,10000.0
6,4,touch_scroll_index_change_median,-5e-324,<= 0,10000.0
6,4,touch_unique_app_count,0.0038440719550130657,>= 0,10000.0
6,4,missing__app_foreground_event_count,0.00026745041618037805,unconstrained,10000.0
6,4,missing__app_use_diversity,0.0002674504161803773,unconstrained,10000.0
6,4,missing__unique_foreground_apps,0.00026745041618037545,unconstrained,10000.0
6,4,missing__gsm_cell_transition_count,0.0068511520873663625,unconstrained,10000.0
6,4,missing__unique_gsm_cell_count,0.006851152087366362,unconstrained,10000.0
6,4,missing__unique_gsm_lac_count,0.006851152087366382,unconstrained,10000.0
6,4,missing__gsm_neighbor_cell_transition_count,0.004209539506075641,unconstrained,10000.0
6,4,missing__unique_gsm_neighbor_cell_count,0.004209539506075635,unconstrained,10000.0
6,4,missing__unique_gsm_neighbor_lac_count,0.0042095395060756415,unconstrained,10000.0
6,4,missing__keyboard_deletion_event_count,-0.003852342965013974,unconstrained,10000.0
6,4,missing__keyboard_inter_event_interval_iqr_ms,-0.0038523429650139775,unconstrained,10000.0
6,4,missing__keyboard_long_pause_count_2s,-0.003852342965013991,unconstrained,10000.0
6,4,missing__keyboard_median_inter_event_interval_ms,-0.003852342965014009,unconstrained,10000.0
6,4,missing__keyboard_median_word_completion_time_ms,-0.0003523650944632743,unconstrained,10000.0
6,4,missing__keyboard_typing_burst_count,-0.0038523429650139775,unconstrained,10000.0
6,4,missing__message_distinct_event_count,0.008930164138778656,unconstrained,10000.0
6,4,missing__activity_active_hour_count,0.0068511520873663825,unconstrained,10000.0
6,4,missing__activity_state_diversity,0.006851152087366378,unconstrained,10000.0
6,4,missing__activity_still_fraction,0.006851152087366385,unconstrained,10000.0
6,4,missing__activity_transition_count,0.006851152087366375,unconstrained,10000.0
6,4,missing__activity_unknown_fraction,0.006851152087366367,unconstrained,10000.0
6,4,missing__median_unlocked_session_duration_seconds,0.006140409552514863,unconstrained,10000.0
6,4,missing__night_screen_event_count,0.007943953304253557,unconstrained,10000.0
6,4,missing__screen_active_hour_count,0.00794395330425355,unconstrained,10000.0
6,4,missing__screen_event_count,0.007943953304253536,unconstrained,10000.0
6,4,missing__screen_off_event_count,0.007943953304253541,unconstrained,10000.0
6,4,missing__screen_on_event_count,0.007943953304253551,unconstrained,10000.0
6,4,missing__screen_transition_count,0.007943953304253543,unconstrained,10000.0
6,4,missing__screen_unlock_event_count,0.007943953304253536,unconstrained,10000.0
6,4,missing__telephony_event_count,0.006851152087366378,unconstrained,10000.0
6,4,missing__telephony_mobile_data_enabled_fraction,0.006851152087366387,unconstrained,10000.0
6,4,missing__telephony_network_type_diversity,0.006851152087366371,unconstrained,10000.0
6,4,missing__touch_active_hour_count,-0.00027003104020324964,unconstrained,10000.0
6,4,missing__touch_app_diversity,-0.00027003104020324905,unconstrained,10000.0
6,4,missing__touch_click_event_count,-0.0002700310402032477,unconstrained,10000.0
6,4,missing__touch_distinct_event_count,-0.0002700310402032366,unconstrained,10000.0
6,4,missing__touch_scroll_direction_change_count,0.002439203145051704,unconstrained,10000.0
6,4,missing__touch_scroll_event_count,-0.000270031040203241,unconstrained,10000.0
6,4,missing__touch_scroll_index_change_median,0.002439203145051702,unconstrained,10000.0
6,4,missing__touch_unique_app_count,-0.0002700310402032464,unconstrained,10000.0
6,5,app_foreground_event_count,0.00881883045295449,>= 0,10000.0
6,5,app_use_diversity,0.01653665573331763,>= 0,10000.0
6,5,unique_foreground_apps,0.009734396964960956,>= 0,10000.0
6,5,call_event_count,-0.008718034315122459,<= 0,10000.0
6,5,incoming_call_count,-0.0009501089083106113,<= 0,10000.0
6,5,missed_rejected_blocked_call_count,0.0006600456184025692,>= 0,10000.0
6,5,outgoing_call_count,-0.01131412603030831,<= 0,10000.0
6,5,total_call_duration_seconds,-0.0020186555539667738,<= 0,10000.0
6,5,gsm_cell_transition_count,4.621384346122683e-31,>= 0,10000.0
6,5,unique_gsm_cell_count,0.0013364464603608987,>= 0,10000.0
6,5,unique_gsm_lac_count,-0.0014161079254272242,<= 0,10000.0
6,5,gsm_neighbor_cell_transition_count,-1.896996154354823e-37,<= 0,10000.0
6,5,unique_gsm_neighbor_cell_count,-0.011918729881954965,<= 0,10000.0
6,5,unique_gsm_neighbor_lac_count,-0.014437433234299914,<= 0,10000.0
6,5,keyboard_deletion_event_count,0.005593591708026927,>= 0,10000.0
6,5,keyboard_inter_event_interval_iqr_ms,-0.006693059604752023,<= 0,10000.0
6,5,keyboard_long_pause_count_2s,-5.866639996955646e-44,<= 0,10000.0
6,5,keyboard_median_inter_event_interval_ms,-0.005628831951606324,<= 0,10000.0
6,5,keyboard_median_word_completion_time_ms,-7.620871334613425e-33,<= 0,10000.0
6,5,keyboard_typing_burst_count,-4.0506141070163167e-38,<= 0,10000.0
6,5,message_distinct_event_count,-0.0038662809205818075,<= 0,10000.0
6,5,activity_active_hour_count,0.0047302854209132356,>= 0,10000.0
6,5,activity_state_diversity,0.003089988743049792,>= 0,10000.0
6,5,activity_still_fraction,-0.0010387173060351054,<= 0,10000.0
6,5,activity_transition_count,0.002539101886698706,>= 0,10000.0
6,5,activity_unknown_fraction,-2.2567850248285727e-05,<= 0,10000.0
6,5,median_unlocked_session_duration_seconds,0.004351001901539396,>= 0,10000.0
6,5,night_screen_event_count,-0.008006478432507357,<= 0,10000.0
6,5,screen_active_hour_count,-0.0030910013653132258,<= 0,10000.0
6,5,screen_event_count,0.004375924313827406,>= 0,10000.0
6,5,screen_off_event_count,0.0034765040518617597,>= 0,10000.0
6,5,screen_on_event_count,0.004622344267277318,>= 0,10000.0
6,5,screen_transition_count,-0.001262697080373443,<= 0,10000.0
6,5,screen_unlock_event_count,0.00812543444711478,>= 0,10000.0
6,5,telephony_event_count,0.006081560504786745,>= 0,10000.0
6,5,telephony_mobile_data_enabled_fraction,-0.011743064675536981,<= 0,10000.0
6,5,telephony_network_type_diversity,0.0017175558459669427,>= 0,10000.0
6,5,touch_active_hour_count,0.004238659024664038,>= 0,10000.0
6,5,touch_app_diversity,1.2219014958385909e-55,>= 0,10000.0
6,5,touch_click_event_count,0.007523662245134958,>= 0,10000.0
6,5,touch_distinct_event_count,0.007228900208449773,>= 0,10000.0
6,5,touch_scroll_direction_change_count,0.004480358758434913,>= 0,10000.0
6,5,touch_scroll_event_count,0.006532971215602831,>= 0,10000.0
6,5,touch_scroll_index_change_median,0.009268232682220393,>= 0,10000.0
6,5,touch_unique_app_count,-1.0760885694116257e-34,<= 0,10000.0
6,5,missing__app_foreground_event_count,0.0003458443628588902,unconstrained,10000.0
6,5,missing__app_use_diversity,0.0003458443628588897,unconstrained,10000.0
6,5,missing__unique_foreground_apps,0.00034584436285888155,unconstrained,10000.0
6,5,missing__call_event_count,-0.0012794290538538603,unconstrained,10000.0
6,5,missing__incoming_call_count,-0.001279429053853857,unconstrained,10000.0
6,5,missing__missed_rejected_blocked_call_count,-0.0012794290538538481,unconstrained,10000.0
6,5,missing__outgoing_call_count,-0.0012794290538538455,unconstrained,10000.0
6,5,missing__total_call_duration_seconds,-0.0012794290538538503,unconstrained,10000.0
6,5,missing__gsm_cell_transition_count,0.006938756178043512,unconstrained,10000.0
6,5,missing__unique_gsm_cell_count,0.006938756178043514,unconstrained,10000.0
6,5,missing__unique_gsm_lac_count,0.006938756178043486,unconstrained,10000.0
6,5,missing__gsm_neighbor_cell_transition_count,0.007477382547502087,unconstrained,10000.0
6,5,missing__unique_gsm_neighbor_cell_count,0.007477382547502091,unconstrained,10000.0
6,5,missing__unique_gsm_neighbor_lac_count,0.007477382547502089,unconstrained,10000.0
6,5,missing__keyboard_deletion_event_count,-0.009213040408423844,unconstrained,10000.0
6,5,missing__keyboard_inter_event_interval_iqr_ms,-0.00921304040842384,unconstrained,10000.0
6,5,missing__keyboard_long_pause_count_2s,-0.009213040408423826,unconstrained,10000.0
6,5,missing__keyboard_median_inter_event_interval_ms,-0.00921304040842384,unconstrained,10000.0
6,5,missing__keyboard_median_word_completion_time_ms,-0.0046997252971605445,unconstrained,10000.0
6,5,missing__keyboard_typing_burst_count,-0.009213040408423839,unconstrained,10000.0
6,5,missing__message_distinct_event_count,0.0075244049924349105,unconstrained,10000.0
6,5,missing__activity_active_hour_count,0.006938756178043508,unconstrained,10000.0
6,5,missing__activity_state_diversity,0.006938756178043503,unconstrained,10000.0
6,5,missing__activity_still_fraction,0.006938756178043502,unconstrained,10000.0
6,5,missing__activity_transition_count,0.006938756178043506,unconstrained,10000.0
6,5,missing__activity_unknown_fraction,0.006938756178043517,unconstrained,10000.0
6,5,missing__median_unlocked_session_duration_seconds,0.0061785455489212545,unconstrained,10000.0
6,5,missing__night_screen_event_count,0.008028961664126123,unconstrained,10000.0
6,5,missing__screen_active_hour_count,0.008028961664126139,unconstrained,10000.0
6,5,missing__screen_event_count,0.008028961664126125,unconstrained,10000.0
6,5,missing__screen_off_event_count,0.008028961664126139,unconstrained,10000.0
6,5,missing__screen_on_event_count,0.00802896166412612,unconstrained,10000.0
6,5,missing__screen_transition_count,0.008028961664126118,unconstrained,10000.0
6,5,missing__screen_unlock_event_count,0.008028961664126128,unconstrained,10000.0
6,5,missing__telephony_event_count,0.006938756178043504,unconstrained,10000.0
6,5,missing__telephony_mobile_data_enabled_fraction,0.006938756178043513,unconstrained,10000.0
6,5,missing__telephony_network_type_diversity,0.006938756178043512,unconstrained,10000.0
6,5,missing__touch_active_hour_count,-0.003907660119041992,unconstrained,10000.0
6,5,missing__touch_app_diversity,-0.003907660119041989,unconstrained,10000.0
6,5,missing__touch_click_event_count,-0.003907660119041997,unconstrained,10000.0
6,5,missing__touch_distinct_event_count,-0.003907660119041985,unconstrained,10000.0
6,5,missing__touch_scroll_direction_change_count,-0.003907660119042005,unconstrained,10000.0
6,5,missing__touch_scroll_event_count,-0.003907660119041997,unconstrained,10000.0
6,5,missing__touch_scroll_index_change_median,-0.0039076601190420005,unconstrained,10000.0
6,5,missing__touch_unique_app_count,-0.003907660119041988,unconstrained,10000.0
7,1,app_foreground_event_count,0.007306142833626891,>= 0,10000.0
7,1,app_use_diversity,0.017708225704804837,>= 0,10000.0
7,1,unique_foreground_apps,0.010006276212799054,>= 0,10000.0
7,1,call_event_count,-0.008894469009960798,<= 0,10000.0
7,1,incoming_call_count,-0.0021936178894533987,<= 0,10000.0
7,1,missed_rejected_blocked_call_count,1.5666692957522028e-08,>= 0,10000.0
7,1,outgoing_call_count,-0.010890986379846194,<= 0,10000.0
7,1,total_call_duration_seconds,-0.0024011142821361753,<= 0,10000.0
7,1,gsm_cell_transition_count,0.0013104886738509141,>= 0,10000.0
7,1,unique_gsm_cell_count,0.0025740741906689507,>= 0,10000.0
7,1,unique_gsm_lac_count,0.0007911019560663988,>= 0,10000.0
7,1,gsm_neighbor_cell_transition_count,-1.5420540502823852e-48,<= 0,10000.0
7,1,unique_gsm_neighbor_cell_count,5.399255298607919e-55,>= 0,10000.0
7,1,unique_gsm_neighbor_lac_count,-0.015068152826955887,<= 0,10000.0
7,1,keyboard_deletion_event_count,0.005722291893446354,>= 0,10000.0
7,1,keyboard_inter_event_interval_iqr_ms,-0.004499022144895036,<= 0,10000.0
7,1,keyboard_long_pause_count_2s,0.0046228757589309565,>= 0,10000.0
7,1,keyboard_median_inter_event_interval_ms,-0.002215430922719255,<= 0,10000.0
7,1,keyboard_median_word_completion_time_ms,-3.5340802656133176e-32,<= 0,10000.0
7,1,keyboard_typing_burst_count,0.004660221458885383,>= 0,10000.0
7,1,message_distinct_event_count,9.406312110707851e-23,>= 0,10000.0
7,1,activity_active_hour_count,0.002168640732208086,>= 0,10000.0
7,1,activity_state_diversity,-0.0017453184963977539,<= 0,10000.0
7,1,activity_still_fraction,0.004323601940621908,>= 0,10000.0
7,1,activity_transition_count,-0.0011450983629255876,<= 0,10000.0
7,1,activity_unknown_fraction,-0.005972859422196005,<= 0,10000.0
7,1,median_unlocked_session_duration_seconds,0.008856726095125857,>= 0,10000.0
7,1,night_screen_event_count,-0.00830822068020306,<= 0,10000.0
7,1,screen_active_hour_count,-0.0005810960591679041,<= 0,10000.0
7,1,screen_event_count,0.002575718469158758,>= 0,10000.0
7,1,screen_off_event_count,0.0013806717177191833,>= 0,10000.0
7,1,screen_on_event_count,0.004186210856156385,>= 0,10000.0
7,1,screen_transition_count,-0.0006780872874408832,<= 0,10000.0
7,1,screen_unlock_event_count,0.009079768396650098,>= 0,10000.0
7,1,telephony_event_count,0.004540912430634442,>= 0,10000.0
7,1,telephony_mobile_data_enabled_fraction,-0.016033290152074903,<= 0,10000.0
7,1,telephony_network_type_diversity,0.0037686196336480923,>= 0,10000.0
7,1,touch_active_hour_count,0.0063258919201905454,>= 0,10000.0
7,1,touch_app_diversity,5.4485411838649015e-28,>= 0,10000.0
7,1,touch_click_event_count,0.007671110454040245,>= 0,10000.0
7,1,touch_distinct_event_count,0.007255101229057532,>= 0,10000.0
7,1,touch_scroll_direction_change_count,-5.988586710349706e-42,<= 0,10000.0
7,1,touch_scroll_event_count,-6.975477617425512e-51,<= 0,10000.0
7,1,touch_scroll_index_change_median,0.0064882595772437785,>= 0,10000.0
7,1,touch_unique_app_count,0.005024155598227022,>= 0,10000.0
7,1,missing__app_foreground_event_count,0.00035325096979199817,unconstrained,10000.0
7,1,missing__app_use_diversity,0.000353250969791078,unconstrained,10000.0
7,1,missing__unique_foreground_apps,0.0003532509697908486,unconstrained,10000.0
7,1,missing__call_event_count,-0.002631270984006152,unconstrained,10000.0
7,1,missing__incoming_call_count,-0.002631270984006109,unconstrained,10000.0
7,1,missing__missed_rejected_blocked_call_count,-0.0026312709840057213,unconstrained,10000.0
7,1,missing__outgoing_call_count,-0.0026312709840056207,unconstrained,10000.0
7,1,missing__total_call_duration_seconds,-0.002631270984005175,unconstrained,10000.0
7,1,missing__gsm_cell_transition_count,0.006957880478541824,unconstrained,10000.0
7,1,missing__unique_gsm_cell_count,0.0069578804785423625,unconstrained,10000.0
7,1,missing__unique_gsm_lac_count,0.006957880478542341,unconstrained,10000.0
7,1,missing__gsm_neighbor_cell_transition_count,0.0033533965112878495,unconstrained,10000.0
7,1,missing__unique_gsm_neighbor_cell_count,0.0033533965112882806,unconstrained,10000.0
7,1,missing__unique_gsm_neighbor_lac_count,0.0033533965112892443,unconstrained,10000.0
7,1,missing__keyboard_deletion_event_count,-0.008354715964851041,unconstrained,10000.0
7,1,missing__keyboard_inter_event_interval_iqr_ms,-0.0083547159648503,unconstrained,10000.0
7,1,missing__keyboard_long_pause_count_2s,-0.008354715964849154,unconstrained,10000.0
7,1,missing__keyboard_median_inter_event_interval_ms,-0.008354715964850991,unconstrained,10000.0
7,1,missing__keyboard_median_word_completion_time_ms,-0.005213010855960038,unconstrained,10000.0
7,1,missing__keyboard_typing_burst_count,-0.008354715964850877,unconstrained,10000.0
7,1,missing__message_distinct_event_count,0.008353918939879041,unconstrained,10000.0
7,1,missing__activity_active_hour_count,0.006957880478542096,unconstrained,10000.0
7,1,missing__activity_state_diversity,0.0069578804785422835,unconstrained,10000.0
7,1,missing__activity_still_fraction,0.006957880478542097,unconstrained,10000.0
7,1,missing__activity_transition_count,0.006957880478543548,unconstrained,10000.0
7,1,missing__activity_unknown_fraction,0.0069578804785411985,unconstrained,10000.0
7,1,missing__median_unlocked_session_duration_seconds,0.006957880478542168,unconstrained,10000.0
7,1,missing__night_screen_event_count,0.008059792162691039,unconstrained,10000.0
7,1,missing__screen_active_hour_count,0.008059792162690536,unconstrained,10000.0
7,1,missing__screen_event_count,0.008059792162690767,unconstrained,10000.0
7,1,missing__screen_off_event_count,0.00805979216269157,unconstrained,10000.0
7,1,missing__screen_on_event_count,0.008059792162692304,unconstrained,10000.0
7,1,missing__screen_transition_count,0.008059792162690767,unconstrained,10000.0
7,1,missing__screen_unlock_event_count,0.008059792162691485,unconstrained,10000.0
7,1,missing__telephony_event_count,0.006957880478541823,unconstrained,10000.0
7,1,missing__telephony_mobile_data_enabled_fraction,0.00695788047854219,unconstrained,10000.0
7,1,missing__telephony_network_type_diversity,0.0069578804785400405,unconstrained,10000.0
7,1,missing__touch_active_hour_count,-0.003917136771425628,unconstrained,10000.0
7,1,missing__touch_app_diversity,-0.003917136771425514,unconstrained,10000.0
7,1,missing__touch_click_event_count,-0.003917136771426031,unconstrained,10000.0
7,1,missing__touch_distinct_event_count,-0.003917136771425657,unconstrained,10000.0
7,1,missing__touch_scroll_direction_change_count,-0.002169076715399654,unconstrained,10000.0
7,1,missing__touch_scroll_event_count,-0.003917136771424161,unconstrained,10000.0
7,1,missing__touch_scroll_index_change_median,-0.0021690767154012064,unconstrained,10000.0
7,1,missing__touch_unique_app_count,-0.003917136771425772,unconstrained,10000.0
7,2,app_foreground_event_count,0.0947922298549137,>= 0,356.2247890262444
7,2,app_use_diversity,0.31847477603466623,>= 0,356.2247890262444
7,2,unique_foreground_apps,0.18545495924873515,>= 0,356.2247890262444
7,2,gsm_cell_transition_count,2.2747966452621064e-26,>= 0,356.2247890262444
7,2,unique_gsm_cell_count,0.03839618695585089,>= 0,356.2247890262444
7,2,unique_gsm_lac_count,2.4832096765727548e-21,>= 0,356.2247890262444
7,2,gsm_neighbor_cell_transition_count,-5.424345697550814e-27,<= 0,356.2247890262444
7,2,unique_gsm_neighbor_cell_count,-0.22864547083740508,<= 0,356.2247890262444
7,2,unique_gsm_neighbor_lac_count,-0.32465010407321715,<= 0,356.2247890262444
7,2,keyboard_deletion_event_count,-5.951327799687373e-31,<= 0,356.2247890262444
7,2,keyboard_inter_event_interval_iqr_ms,-0.028968065191197195,<= 0,356.2247890262444
7,2,keyboard_long_pause_count_2s,-1.4857280189086728e-32,<= 0,356.2247890262444
7,2,keyboard_median_inter_event_interval_ms,-0.005050212232736462,<= 0,356.2247890262444
7,2,keyboard_median_word_completion_time_ms,-0.24489620556157754,<= 0,356.2247890262444
7,2,keyboard_typing_burst_count,0.08138533412687772,>= 0,356.2247890262444
7,2,message_distinct_event_count,-0.12511837186580063,<= 0,356.2247890262444
7,2,activity_active_hour_count,8.52960559420182e-20,>= 0,356.2247890262444
7,2,activity_state_diversity,0.012222339204509457,>= 0,356.2247890262444
7,2,activity_still_fraction,-0.00444800722590993,<= 0,356.2247890262444
7,2,activity_transition_count,1.4188212846672287e-22,>= 0,356.2247890262444
7,2,activity_unknown_fraction,5.5128653989843905e-21,>= 0,356.2247890262444
7,2,median_unlocked_session_duration_seconds,0.12382508736058871,>= 0,356.2247890262444
7,2,night_screen_event_count,-0.2525100233164478,<= 0,356.2247890262444
7,2,screen_active_hour_count,-0.08129722279772189,<= 0,356.2247890262444
7,2,screen_event_count,0.003384080510268133,>= 0,356.2247890262444
7,2,screen_off_event_count,1.9247963333793593e-16,>= 0,356.2247890262444
7,2,screen_on_event_count,-1.3720259416016238e-19,<= 0,356.2247890262444
7,2,screen_transition_count,-0.06607501599930363,<= 0,356.2247890262444
7,2,screen_unlock_event_count,0.11236914130748958,>= 0,356.2247890262444
7,2,telephony_event_count,0.08896245353165684,>= 0,356.2247890262444
7,2,telephony_mobile_data_enabled_fraction,-0.24659034910992392,<= 0,356.2247890262444
7,2,telephony_network_type_diversity,0.08307399174813007,>= 0,356.2247890262444
7,2,touch_active_hour_count,0.05095739905056844,>= 0,356.2247890262444
7,2,touch_app_diversity,9.370341268387949e-27,>= 0,356.2247890262444
7,2,touch_click_event_count,-4.644034696976128e-32,<= 0,356.2247890262444
7,2,touch_distinct_event_count,0.14419845904302853,>= 0,356.2247890262444
7,2,touch_scroll_direction_change_count,0.07344383471616281,>= 0,356.2247890262444
7,2,touch_scroll_event_count,-2.290506417846773e-40,<= 0,356.2247890262444
7,2,touch_scroll_index_change_median,0.14930546561197083,>= 0,356.2247890262444
7,2,touch_unique_app_count,0.06583840286421642,>= 0,356.2247890262444
7,2,missing__app_foreground_event_count,0.03248923169712451,unconstrained,356.2247890262444
7,2,missing__app_use_diversity,0.032489231697124435,unconstrained,356.2247890262444
7,2,missing__unique_foreground_apps,0.03248923169712451,unconstrained,356.2247890262444
7,2,missing__gsm_cell_transition_count,0.08869969062746741,unconstrained,356.2247890262444
7,2,missing__unique_gsm_cell_count,0.08869969062746734,unconstrained,356.2247890262444
7,2,missing__unique_gsm_lac_count,0.08869969062746742,unconstrained,356.2247890262444
7,2,missing__gsm_neighbor_cell_transition_count,0.06607696350523896,unconstrained,356.2247890262444
7,2,missing__unique_gsm_neighbor_cell_count,0.06607696350523896,unconstrained,356.2247890262444
7,2,missing__unique_gsm_neighbor_lac_count,0.06607696350523896,unconstrained,356.2247890262444
7,2,missing__keyboard_deletion_event_count,-0.12688808199911106,unconstrained,356.2247890262444
7,2,missing__keyboard_inter_event_interval_iqr_ms,-0.1268880819991111,unconstrained,356.2247890262444
7,2,missing__keyboard_long_pause_count_2s,-0.12688808199911103,unconstrained,356.2247890262444
7,2,missing__keyboard_median_inter_event_interval_ms,-0.12688808199911109,unconstrained,356.2247890262444
7,2,missing__keyboard_median_word_completion_time_ms,-0.0416974933923738,unconstrained,356.2247890262444
7,2,missing__keyboard_typing_burst_count,-0.12688808199911114,unconstrained,356.2247890262444
7,2,missing__message_distinct_event_count,0.0727350636142167,unconstrained,356.2247890262444
7,2,missing__activity_active_hour_count,0.08869969062746741,unconstrained,356.2247890262444
7,2,missing__activity_state_diversity,0.08869969062746731,unconstrained,356.2247890262444
7,2,missing__activity_still_fraction,0.08869969062746734,unconstrained,356.2247890262444
7,2,missing__activity_transition_count,0.08869969062746731,unconstrained,356.2247890262444
7,2,missing__activity_unknown_fraction,0.0886996906274674,unconstrained,356.2247890262444
7,2,missing__median_unlocked_session_duration_seconds,0.06275161657508607,unconstrained,356.2247890262444
7,2,missing__night_screen_event_count,0.08869969062746728,unconstrained,356.2247890262444
7,2,missing__screen_active_hour_count,0.08869969062746735,unconstrained,356.2247890262444
7,2,missing__screen_event_count,0.08869969062746738,unconstrained,356.2247890262444
7,2,missing__screen_off_event_count,0.08869969062746733,unconstrained,356.2247890262444
7,2,missing__screen_on_event_count,0.08869969062746731,unconstrained,356.2247890262444
7,2,missing__screen_transition_count,0.08869969062746734,unconstrained,356.2247890262444
7,2,missing__screen_unlock_event_count,0.08869969062746734,unconstrained,356.2247890262444
7,2,missing__telephony_event_count,0.08869969062746724,unconstrained,356.2247890262444
7,2,missing__telephony_mobile_data_enabled_fraction,0.08869969062746734,unconstrained,356.2247890262444
7,2,missing__telephony_network_type_diversity,0.08869969062746738,unconstrained,356.2247890262444
7,2,missing__touch_active_hour_count,-0.05883233472266505,unconstrained,356.2247890262444
7,2,missing__touch_app_diversity,-0.05883233472266507,unconstrained,356.2247890262444
7,2,missing__touch_click_event_count,-0.05883233472266508,unconstrained,356.2247890262444
7,2,missing__touch_distinct_event_count,-0.058832334722665004,unconstrained,356.2247890262444
7,2,missing__touch_scroll_direction_change_count,0.05040843335208328,unconstrained,356.2247890262444
7,2,missing__touch_scroll_event_count,-0.0588323347226651,unconstrained,356.2247890262444
7,2,missing__touch_scroll_index_change_median,0.05040843335208335,unconstrained,356.2247890262444
7,2,missing__touch_unique_app_count,-0.05883233472266513,unconstrained,356.2247890262444
7,3,app_foreground_event_count,0.33488797643659546,>= 0,204.33597178569437
7,3,app_use_diversity,0.2759902161031518,>= 0,204.33597178569437
7,3,unique_foreground_apps,0.1248669417281144,>= 0,204.33597178569437
7,3,gsm_cell_transition_count,6.105498850261348e-32,>= 0,204.33597178569437
7,3,unique_gsm_cell_count,0.1454452040476238,>= 0,204.33597178569437
7,3,unique_gsm_lac_count,0.026799606783305986,>= 0,204.33597178569437
7,3,gsm_neighbor_cell_transition_count,-5e-324,<= 0,204.33597178569437
7,3,unique_gsm_neighbor_cell_count,-0.31178479818486154,<= 0,204.33597178569437
7,3,unique_gsm_neighbor_lac_count,-0.4354661246728484,<= 0,204.33597178569437
7,3,keyboard_deletion_event_count,-1.3808956377134512e-21,<= 0,204.33597178569437
7,3,keyboard_inter_event_interval_iqr_ms,-0.11275150788123686,<= 0,204.33597178569437
7,3,keyboard_long_pause_count_2s,-7.001563363281678e-24,<= 0,204.33597178569437
7,3,keyboard_median_inter_event_interval_ms,-0.06731565895148618,<= 0,204.33597178569437
7,3,keyboard_median_word_completion_time_ms,-2.4172346732004197e-28,<= 0,204.33597178569437
7,3,keyboard_typing_burst_count,-2.3857254037157457e-22,<= 0,204.33597178569437
7,3,message_distinct_event_count,-0.09563091300159245,<= 0,204.33597178569437
7,3,activity_active_hour_count,0.05419354330888227,>= 0,204.33597178569437
7,3,activity_state_diversity,-0.1330880253626093,<= 0,204.33597178569437
7,3,activity_still_fraction,0.09304612371140604,>= 0,204.33597178569437
7,3,activity_transition_count,-1.238341465908484e-40,<= 0,204.33597178569437
7,3,activity_unknown_fraction,-0.10557499088245825,<= 0,204.33597178569437
7,3,median_unlocked_session_duration_seconds,-0.06658269525107938,<= 0,204.33597178569437
7,3,night_screen_event_count,-0.17341387038139613,<= 0,204.33597178569437
7,3,screen_active_hour_count,-0.13045248684221317,<= 0,204.33597178569437
7,3,screen_event_count,0.055190900380622125,>= 0,204.33597178569437
7,3,screen_off_event_count,0.06105719418422245,>= 0,204.33597178569437
7,3,screen_on_event_count,0.03900554431407424,>= 0,204.33597178569437
7,3,screen_transition_count,-0.1839057790175315,<= 0,204.33597178569437
7,3,screen_unlock_event_count,0.1494682189806662,>= 0,204.33597178569437
7,3,telephony_event_count,0.011996759706278138,>= 0,204.33597178569437
7,3,telephony_mobile_data_enabled_fraction,-0.2694695418457533,<= 0,204.33597178569437
7,3,telephony_network_type_diversity,0.18884149523881585,>= 0,204.33597178569437
7,3,touch_active_hour_count,-0.020123956669431568,<= 0,204.33597178569437
7,3,touch_app_diversity,0.02629781891499243,>= 0,204.33597178569437
7,3,touch_click_event_count,-1.132000607850179e-26,<= 0,204.33597178569437
7,3,touch_distinct_event_count,-9.807256824366032e-26,<= 0,204.33597178569437
7,3,touch_scroll_direction_change_count,-1.8708620179511723e-22,<= 0,204.33597178569437
7,3,touch_scroll_event_count,-1.7783701594067984e-24,<= 0,204.33597178569437
7,3,touch_scroll_index_change_median,0.1955787732713535,>= 0,204.33597178569437
7,3,touch_unique_app_count,-0.05744058148037458,<= 0,204.33597178569437
7,3,missing__app_foreground_event_count,-0.09288557107312988,unconstrained,204.33597178569437
7,3,missing__app_use_diversity,-0.0928855710731301,unconstrained,204.33597178569437
7,3,missing__unique_foreground_apps,-0.09288557107313006,unconstrained,204.33597178569437
7,3,missing__gsm_cell_transition_count,0.12946259975552327,unconstrained,204.33597178569437
7,3,missing__unique_gsm_cell_count,0.12946259975552332,unconstrained,204.33597178569437
7,3,missing__unique_gsm_lac_count,0.12946259975552332,unconstrained,204.33597178569437
7,3,missing__gsm_neighbor_cell_transition_count,-0.009822774677311427,unconstrained,204.33597178569437
7,3,missing__unique_gsm_neighbor_cell_count,-0.009822774677311219,unconstrained,204.33597178569437
7,3,missing__unique_gsm_neighbor_lac_count,-0.00982277467731112,unconstrained,204.33597178569437
7,3,missing__keyboard_deletion_event_count,-0.22326017410517668,unconstrained,204.33597178569437
7,3,missing__keyboard_inter_event_interval_iqr_ms,-0.22326017410517665,unconstrained,204.33597178569437
7,3,missing__keyboard_long_pause_count_2s,-0.2232601741051766,unconstrained,204.33597178569437
7,3,missing__keyboard_median_inter_event_interval_ms,-0.2232601741051764,unconstrained,204.33597178569437
7,3,missing__keyboard_median_word_completion_time_ms,-0.004111549914459954,unconstrained,204.33597178569437
7,3,missing__keyboard_typing_burst_count,-0.22326017410517654,unconstrained,204.33597178569437
7,3,missing__message_distinct_event_count,0.36115493534264065,unconstrained,204.33597178569437
7,3,missing__activity_active_hour_count,0.1294625997555234,unconstrained,204.33597178569437
7,3,missing__activity_state_diversity,0.12946259975552324,unconstrained,204.33597178569437
7,3,missing__activity_still_fraction,0.12946259975552338,unconstrained,204.33597178569437
7,3,missing__activity_transition_count,0.1294625997555233,unconstrained,204.33597178569437
7,3,missing__activity_unknown_fraction,0.1294625997555233,unconstrained,204.33597178569437
7,3,missing__median_unlocked_session_duration_seconds,0.09110836591986494,unconstrained,204.33597178569437
7,3,missing__night_screen_event_count,0.15480040544205978,unconstrained,204.33597178569437
7,3,missing__screen_active_hour_count,0.15480040544205978,unconstrained,204.33597178569437
7,3,missing__screen_event_count,0.15480040544205986,unconstrained,204.33597178569437
7,3,missing__screen_off_event_count,0.15480040544206006,unconstrained,204.33597178569437
7,3,missing__screen_on_event_count,0.15480040544206,unconstrained,204.33597178569437
7,3,missing__screen_transition_count,0.1548004054420599,unconstrained,204.33597178569437
7,3,missing__screen_unlock_event_count,0.15480040544205992,unconstrained,204.33597178569437
7,3,missing__telephony_event_count,0.1294625997555233,unconstrained,204.33597178569437
7,3,missing__telephony_mobile_data_enabled_fraction,0.1294625997555234,unconstrained,204.33597178569437
7,3,missing__telephony_network_type_diversity,0.12946259975552335,unconstrained,204.33597178569437
7,3,missing__touch_active_hour_count,-0.19512756339873882,unconstrained,204.33597178569437
7,3,missing__touch_app_diversity,-0.19512756339873885,unconstrained,204.33597178569437
7,3,missing__touch_click_event_count,-0.19512756339873885,unconstrained,204.33597178569437
7,3,missing__touch_distinct_event_count,-0.19512756339873874,unconstrained,204.33597178569437
7,3,missing__touch_scroll_direction_change_count,0.007245575196172806,unconstrained,204.33597178569437
7,3,missing__touch_scroll_event_count,-0.19512756339873885,unconstrained,204.33597178569437
7,3,missing__touch_scroll_index_change_median,0.007245575196172846,unconstrained,204.33597178569437
7,3,missing__touch_unique_app_count,-0.19512756339873877,unconstrained,204.33597178569437
7,4,app_foreground_event_count,0.10344786695874629,>= 0,621.0169418915616
7,4,app_use_diversity,0.08853971265096759,>= 0,621.0169418915616
7,4,unique_foreground_apps,0.056817695499749535,>= 0,621.0169418915616
7,4,gsm_cell_transition_count,7.038749664593976e-27,>= 0,621.0169418915616
7,4,unique_gsm_cell_count,0.018083111655888683,>= 0,621.0169418915616
7,4,unique_gsm_lac_count,0.00025875113120536915,>= 0,621.0169418915616
7,4,gsm_neighbor_cell_transition_count,-2.435379089575938e-10,<= 0,621.0169418915616
7,4,unique_gsm_neighbor_cell_count,-0.05807507147895434,<= 0,621.0169418915616
7,4,unique_gsm_neighbor_lac_count,2.0070402922207774e-34,>= 0,621.0169418915616
7,4,keyboard_deletion_event_count,-2.2676153722133008e-33,<= 0,621.0169418915616
7,4,keyboard_inter_event_interval_iqr_ms,-0.006314001401669263,<= 0,621.0169418915616
7,4,keyboard_long_pause_count_2s,0.03858835723639758,>= 0,621.0169418915616
7,4,keyboard_median_inter_event_interval_ms,-0.02265212027999645,<= 0,621.0169418915616
7,4,keyboard_median_word_completion_time_ms,-1.936346274142499e-30,<= 0,621.0169418915616
7,4,keyboard_typing_burst_count,-1.3690729974804467e-35,<= 0,621.0169418915616
7,4,message_distinct_event_count,-0.05268296069933238,<= 0,621.0169418915616
7,4,activity_active_hour_count,0.01678907167504249,>= 0,621.0169418915616
7,4,activity_state_diversity,-3.954669331220864e-34,<= 0,621.0169418915616
7,4,activity_still_fraction,-0.0625920779209672,<= 0,621.0169418915616
7,4,activity_transition_count,0.03980692801631247,>= 0,621.0169418915616
7,4,activity_unknown_fraction,0.07124191105969986,>= 0,621.0169418915616
7,4,median_unlocked_session_duration_seconds,0.09314838932522493,>= 0,621.0169418915616
7,4,night_screen_event_count,3.4340170930721125e-35,>= 0,621.0169418915616
7,4,screen_active_hour_count,-0.027318395809072638,<= 0,621.0169418915616
7,4,screen_event_count,0.06272165609412969,>= 0,621.0169418915616
7,4,screen_off_event_count,0.056070444866487976,>= 0,621.0169418915616
7,4,screen_on_event_count,0.0643681138116041,>= 0,621.0169418915616
7,4,screen_transition_count,-3.0953775833303548e-55,<= 0,621.0169418915616
7,4,screen_unlock_event_count,0.07869615701727521,>= 0,621.0169418915616
7,4,telephony_event_count,0.03601344406881892,>= 0,621.0169418915616
7,4,telephony_mobile_data_enabled_fraction,-0.24010037560473757,<= 0,621.0169418915616
7,4,telephony_network_type_diversity,0.0266948571997968,>= 0,621.0169418915616
7,4,touch_active_hour_count,-5.8253592734900916e-33,<= 0,621.0169418915616
7,4,touch_app_diversity,0.01792784654149501,>= 0,621.0169418915616
7,4,touch_click_event_count,-1.434708089356051e-34,<= 0,621.0169418915616
7,4,touch_distinct_event_count,-8.008256277093698e-34,<= 0,621.0169418915616
7,4,touch_scroll_direction_change_count,-7.437905995667315e-34,<= 0,621.0169418915616
7,4,touch_scroll_event_count,-2.4977018534640746e-33,<= 0,621.0169418915616
7,4,touch_scroll_index_change_median,-0.006453975315830912,<= 0,621.0169418915616
7,4,touch_unique_app_count,0.03816558306967584,>= 0,621.0169418915616
7,4,missing__app_foreground_event_count,-0.04053834722682597,unconstrained,621.0169418915616
7,4,missing__app_use_diversity,-0.04053834722682601,unconstrained,621.0169418915616
7,4,missing__unique_foreground_apps,-0.04053834722682595,unconstrained,621.0169418915616
7,4,missing__gsm_cell_transition_count,0.034617104828152036,unconstrained,621.0169418915616
7,4,missing__unique_gsm_cell_count,0.03461710482815208,unconstrained,621.0169418915616
7,4,missing__unique_gsm_lac_count,0.03461710482815205,unconstrained,621.0169418915616
7,4,missing__gsm_neighbor_cell_transition_count,0.001383527551467279,unconstrained,621.0169418915616
7,4,missing__unique_gsm_neighbor_cell_count,0.0013835275514672276,unconstrained,621.0169418915616
7,4,missing__unique_gsm_neighbor_lac_count,0.0013835275514672458,unconstrained,621.0169418915616
7,4,missing__keyboard_deletion_event_count,-0.06366314866016541,unconstrained,621.0169418915616
7,4,missing__keyboard_inter_event_interval_iqr_ms,-0.0636631486601654,unconstrained,621.0169418915616
7,4,missing__keyboard_long_pause_count_2s,-0.06366314866016534,unconstrained,621.0169418915616
7,4,missing__keyboard_median_inter_event_interval_ms,-0.06366314866016537,unconstrained,621.0169418915616
7,4,missing__keyboard_median_word_completion_time_ms,-0.04047586500276435,unconstrained,621.0169418915616
7,4,missing__keyboard_typing_burst_count,-0.06366314866016541,unconstrained,621.0169418915616
7,4,missing__message_distinct_event_count,0.04890104518904874,unconstrained,621.0169418915616
7,4,missing__activity_active_hour_count,0.03461710482815209,unconstrained,621.0169418915616
7,4,missing__activity_state_diversity,0.03461710482815208,unconstrained,621.0169418915616
7,4,missing__activity_still_fraction,0.034617104828152015,unconstrained,621.0169418915616
7,4,missing__activity_transition_count,0.03461710482815204,unconstrained,621.0169418915616
7,4,missing__activity_unknown_fraction,0.034617104828152126,unconstrained,621.0169418915616
7,4,missing__median_unlocked_session_duration_seconds,0.0253552136730755,unconstrained,621.0169418915616
7,4,missing__night_screen_event_count,0.0476142642240437,unconstrained,621.0169418915616
7,4,missing__screen_active_hour_count,0.047614264224043745,unconstrained,621.0169418915616
7,4,missing__screen_event_count,0.047614264224043704,unconstrained,621.0169418915616
7,4,missing__screen_off_event_count,0.047614264224043655,unconstrained,621.0169418915616
7,4,missing__screen_on_event_count,0.04761426422404366,unconstrained,621.0169418915616
7,4,missing__screen_transition_count,0.047614264224043745,unconstrained,621.0169418915616
7,4,missing__screen_unlock_event_count,0.0476142642240437,unconstrained,621.0169418915616
7,4,missing__telephony_event_count,0.034617104828152015,unconstrained,621.0169418915616
7,4,missing__telephony_mobile_data_enabled_fraction,0.03461710482815205,unconstrained,621.0169418915616
7,4,missing__telephony_network_type_diversity,0.0346171048281521,unconstrained,621.0169418915616
7,4,missing__touch_active_hour_count,-0.04778923013045948,unconstrained,621.0169418915616
7,4,missing__touch_app_diversity,-0.04778923013045949,unconstrained,621.0169418915616
7,4,missing__touch_click_event_count,-0.04778923013045953,unconstrained,621.0169418915616
7,4,missing__touch_distinct_event_count,-0.047789230130459416,unconstrained,621.0169418915616
7,4,missing__touch_scroll_direction_change_count,0.00023562841840007998,unconstrained,621.0169418915616
7,4,missing__touch_scroll_event_count,-0.04778923013045948,unconstrained,621.0169418915616
7,4,missing__touch_scroll_index_change_median,0.00023562841840011402,unconstrained,621.0169418915616
7,4,missing__touch_unique_app_count,-0.04778923013045945,unconstrained,621.0169418915616
7,5,app_foreground_event_count,0.23391611573043233,>= 0,7.278953843983154
7,5,app_use_diversity,0.7861111561539729,>= 0,7.278953843983154
7,5,unique_foreground_apps,1.0870257916489434,>= 0,7.278953843983154
7,5,call_event_count,-1.0352214238493145,<= 0,7.278953843983154
7,5,incoming_call_count,-1.7683889214147445e-15,<= 0,7.278953843983154
7,5,missed_rejected_blocked_call_count,1.6812126492422264e-17,>= 0,7.278953843983154
7,5,outgoing_call_count,-1.1462869013306158,<= 0,7.278953843983154
7,5,total_call_duration_seconds,-7.331013814711126e-29,<= 0,7.278953843983154
7,5,gsm_cell_transition_count,1.0395465009265588e-10,>= 0,7.278953843983154
7,5,unique_gsm_cell_count,1.883593931888699e-16,>= 0,7.278953843983154
7,5,unique_gsm_lac_count,4.2149776557934956e-16,>= 0,7.278953843983154
7,5,gsm_neighbor_cell_transition_count,-0.07276250879477915,<= 0,7.278953843983154
7,5,unique_gsm_neighbor_cell_count,-1.515725753451842,<= 0,7.278953843983154
7,5,unique_gsm_neighbor_lac_count,-1.321207341975499,<= 0,7.278953843983154
7,5,keyboard_deletion_event_count,1.5610320080436806,>= 0,7.278953843983154
7,5,keyboard_inter_event_interval_iqr_ms,-0.1769760565384618,<= 0,7.278953843983154
7,5,keyboard_long_pause_count_2s,1.5833256463749858e-18,>= 0,7.278953843983154
7,5,keyboard_median_inter_event_interval_ms,-0.04588682496192568,<= 0,7.278953843983154
7,5,keyboard_median_word_completion_time_ms,-1.0667446031451707e-17,<= 0,7.278953843983154
7,5,keyboard_typing_burst_count,4.569852784522348e-17,>= 0,7.278953843983154
7,5,message_distinct_event_count,1.8092359040046202e-16,>= 0,7.278953843983154
7,5,activity_active_hour_count,3.4415736207622186e-24,>= 0,7.278953843983154
7,5,activity_state_diversity,0.20998117493446963,>= 0,7.278953843983154
7,5,activity_still_fraction,-4.365734510113947e-16,<= 0,7.278953843983154
7,5,activity_transition_count,2.1059838353535908e-15,>= 0,7.278953843983154
7,5,activity_unknown_fraction,0.8773537414210059,>= 0,7.278953843983154
7,5,median_unlocked_session_duration_seconds,-2.735239865955503,<= 0,7.278953843983154
7,5,night_screen_event_count,5.682080194188183e-15,>= 0,7.278953843983154
7,5,screen_active_hour_count,1.042278488977302,>= 0,7.278953843983154
7,5,screen_event_count,1.916795146758303e-16,>= 0,7.278953843983154
7,5,screen_off_event_count,2.1605495458600493e-16,>= 0,7.278953843983154
7,5,screen_on_event_count,3.676294608881988e-15,>= 0,7.278953843983154
7,5,screen_transition_count,1.0352505459114247,>= 0,7.278953843983154
7,5,screen_unlock_event_count,0.9023906626750428,>= 0,7.278953843983154
7,5,telephony_event_count,1.4625681189729036,>= 0,7.278953843983154
7,5,telephony_mobile_data_enabled_fraction,-2.1226831671374273,<= 0,7.278953843983154
7,5,telephony_network_type_diversity,1.2145438155101649,>= 0,7.278953843983154
7,5,touch_active_hour_count,3.997654268846335e-18,>= 0,7.278953843983154
7,5,touch_app_diversity,4.2634400524331844e-17,>= 0,7.278953843983154
7,5,touch_click_event_count,3.287559961667736e-17,>= 0,7.278953843983154
7,5,touch_distinct_event_count,-0.5543213862369644,<= 0,7.278953843983154
7,5,touch_scroll_direction_change_count,-0.4703502415777599,<= 0,7.278953843983154
7,5,touch_scroll_event_count,-0.22322697043070783,<= 0,7.278953843983154
7,5,touch_scroll_index_change_median,-1.7056713214025345e-18,<= 0,7.278953843983154
7,5,touch_unique_app_count,8.318885052255713e-17,>= 0,7.278953843983154
7,5,missing__app_foreground_event_count,-0.0008079104369943933,unconstrained,7.278953843983154
7,5,missing__app_use_diversity,-0.0008079104369927807,unconstrained,7.278953843983154
7,5,missing__unique_foreground_apps,-0.0008079104369914863,unconstrained,7.278953843983154
7,5,missing__call_event_count,0.3915982684294079,unconstrained,7.278953843983154
7,5,missing__incoming_call_count,0.3915982684294085,unconstrained,7.278953843983154
7,5,missing__missed_rejected_blocked_call_count,0.3915982684294101,unconstrained,7.278953843983154
7,5,missing__outgoing_call_count,0.39159826842940787,unconstrained,7.278953843983154
7,5,missing__total_call_duration_seconds,0.3915982684294079,unconstrained,7.278953843983154
7,5,missing__gsm_cell_transition_count,-0.0719070737992627,unconstrained,7.278953843983154
7,5,missing__unique_gsm_cell_count,-0.0719070737992614,unconstrained,7.278953843983154
7,5,missing__unique_gsm_lac_count,-0.07190707379926248,unconstrained,7.278953843983154
7,5,missing__gsm_neighbor_cell_transition_count,0.7849787488750808,unconstrained,7.278953843983154
7,5,missing__unique_gsm_neighbor_cell_count,0.7849787488750797,unconstrained,7.278953843983154
7,5,missing__unique_gsm_neighbor_lac_count,0.7849787488750805,unconstrained,7.278953843983154
7,5,missing__keyboard_deletion_event_count,-0.2714190264039738,unconstrained,7.278953843983154
7,5,missing__keyboard_inter_event_interval_iqr_ms,-0.27141902640397436,unconstrained,7.278953843983154
7,5,missing__keyboard_long_pause_count_2s,-0.27141902640397453,unconstrained,7.278953843983154
7,5,missing__keyboard_median_inter_event_interval_ms,-0.2714190264039734,unconstrained,7.278953843983154
7,5,missing__keyboard_median_word_completion_time_ms,0.32376177645471654,unconstrained,7.278953843983154
7,5,missing__keyboard_typing_burst_count,-0.27141902640397264,unconstrained,7.278953843983154
7,5,missing__message_distinct_event_count,0.3550292990802674,unconstrained,7.278953843983154
7,5,missing__activity_active_hour_count,-0.07190707379926198,unconstrained,7.278953843983154
7,5,missing__activity_state_diversity,-0.07190707379926149,unconstrained,7.278953843983154
7,5,missing__activity_still_fraction,-0.07190707379926094,unconstrained,7.278953843983154
7,5,missing__activity_transition_count,-0.07190707379926099,unconstrained,7.278953843983154
7,5,missing__activity_unknown_fraction,-0.07190707379926191,unconstrained,7.278953843983154
7,5,missing__median_unlocked_session_duration_seconds,0.01700217542468737,unconstrained,7.278953843983154
7,5,missing__night_screen_event_count,0.11831415266870682,unconstrained,7.278953843983154
7,5,missing__screen_active_hour_count,0.1183141526687106,unconstrained,7.278953843983154
7,5,missing__screen_event_count,0.1183141526687104,unconstrained,7.278953843983154
7,5,missing__screen_off_event_count,0.11831415266871168,unconstrained,7.278953843983154
7,5,missing__screen_on_event_count,0.11831415266871086,unconstrained,7.278953843983154
7,5,missing__screen_transition_count,0.11831415266870961,unconstrained,7.278953843983154
7,5,missing__screen_unlock_event_count,0.11831415266871043,unconstrained,7.278953843983154
7,5,missing__telephony_event_count,-0.07190707379926153,unconstrained,7.278953843983154
7,5,missing__telephony_mobile_data_enabled_fraction,-0.07190707379926126,unconstrained,7.278953843983154
7,5,missing__telephony_network_type_diversity,-0.07190707379926053,unconstrained,7.278953843983154
7,5,missing__touch_active_hour_count,-0.16530877362266114,unconstrained,7.278953843983154
7,5,missing__touch_app_diversity,-0.16530877362266383,unconstrained,7.278953843983154
7,5,missing__touch_click_event_count,-0.16530877362266205,unconstrained,7.278953843983154
7,5,missing__touch_distinct_event_count,-0.16530877362265986,unconstrained,7.278953843983154
7,5,missing__touch_scroll_direction_change_count,1.1701769678858596,unconstrained,7.278953843983154
7,5,missing__touch_scroll_event_count,-0.16530877362266258,unconstrained,7.278953843983154
7,5,missing__touch_scroll_index_change_median,1.1701769678858593,unconstrained,7.278953843983154
7,5,missing__touch_unique_app_count,-0.16530877362266175,unconstrained,7.278953843983154
8,1,app_foreground_event_count,0.13494079259820912,>= 0,621.0169418915616
8,1,app_use_diversity,0.19149466623431416,>= 0,621.0169418915616
8,1,unique_foreground_apps,0.11907220247685105,>= 0,621.0169418915616
8,1,call_event_count,-0.10659178704279469,<= 0,621.0169418915616
8,1,incoming_call_count,-0.028724993789908188,<= 0,621.0169418915616
8,1,missed_rejected_blocked_call_count,0.006218286064068419,>= 0,621.0169418915616
8,1,outgoing_call_count,-0.1306032682319364,<= 0,621.0169418915616
8,1,total_call_duration_seconds,-0.021342424399723066,<= 0,621.0169418915616
8,1,gsm_cell_transition_count,0.006038959989080832,>= 0,621.0169418915616
8,1,unique_gsm_cell_count,0.04842307092539023,>= 0,621.0169418915616
8,1,unique_gsm_lac_count,0.009868695987802953,>= 0,621.0169418915616
8,1,gsm_neighbor_cell_transition_count,-2.671944460299979e-41,<= 0,621.0169418915616
8,1,unique_gsm_neighbor_cell_count,-0.1449858198645024,<= 0,621.0169418915616
8,1,unique_gsm_neighbor_lac_count,-0.1921337280829527,<= 0,621.0169418915616
8,1,keyboard_deletion_event_count,-4.477467486101131e-48,<= 0,621.0169418915616
8,1,keyboard_inter_event_interval_iqr_ms,-2.861861394331596e-17,<= 0,621.0169418915616
8,1,keyboard_long_pause_count_2s,0.0389420051187077,>= 0,621.0169418915616
8,1,keyboard_median_inter_event_interval_ms,-7.177103979705515e-29,<= 0,621.0169418915616
8,1,keyboard_median_word_completion_time_ms,-2.0071457207260144e-30,<= 0,621.0169418915616
8,1,keyboard_typing_burst_count,0.03627208240723271,>= 0,621.0169418915616
8,1,message_distinct_event_count,-0.03217735225564277,<= 0,621.0169418915616
8,1,activity_active_hour_count,0.10426400007210718,>= 0,621.0169418915616
8,1,activity_state_diversity,-0.02182550197766041,<= 0,621.0169418915616
8,1,activity_still_fraction,1.7597210181286672e-09,>= 0,621.0169418915616
8,1,activity_transition_count,0.05070755255725977,>= 0,621.0169418915616
8,1,activity_unknown_fraction,-6.309000229861505e-22,<= 0,621.0169418915616
8,1,median_unlocked_session_duration_seconds,-8.366429907058634e-40,<= 0,621.0169418915616
8,1,night_screen_event_count,-0.078506207149288,<= 0,621.0169418915616
8,1,screen_active_hour_count,-0.02237388394903766,<= 0,621.0169418915616
8,1,screen_event_count,0.002915053075737287,>= 0,621.0169418915616
8,1,screen_off_event_count,1.5760924813434426e-26,>= 0,621.0169418915616
8,1,screen_on_event_count,0.019412379954422434,>= 0,621.0169418915616
8,1,screen_transition_count,-0.020708220077333812,<= 0,621.0169418915616
8,1,screen_unlock_event_count,0.077880870158179,>= 0,621.0169418915616
8,1,telephony_event_count,0.0634338895004367,>= 0,621.0169418915616
8,1,telephony_mobile_data_enabled_fraction,-0.10538981945887906,<= 0,621.0169418915616
8,1,telephony_network_type_diversity,0.0291834635536213,>= 0,621.0169418915616
8,1,touch_active_hour_count,0.06449987841465796,>= 0,621.0169418915616
8,1,touch_app_diversity,0.048753782955908695,>= 0,621.0169418915616
8,1,touch_click_event_count,-4.7280297311051566e-46,<= 0,621.0169418915616
8,1,touch_distinct_event_count,0.08746158725128704,>= 0,621.0169418915616
8,1,touch_scroll_direction_change_count,-4.0074557293062916e-38,<= 0,621.0169418915616
8,1,touch_scroll_event_count,-9.241205385785669e-38,<= 0,621.0169418915616
8,1,touch_scroll_index_change_median,0.11059278821778307,>= 0,621.0169418915616
8,1,touch_unique_app_count,0.055711759178607365,>= 0,621.0169418915616
8,1,missing__app_foreground_event_count,0.012539181407271366,unconstrained,621.0169418915616
8,1,missing__app_use_diversity,0.012539181407271602,unconstrained,621.0169418915616
8,1,missing__unique_foreground_apps,0.012539181407270132,unconstrained,621.0169418915616
8,1,missing__call_event_count,-0.049462615967037896,unconstrained,621.0169418915616
8,1,missing__incoming_call_count,-0.04946261596703755,unconstrained,621.0169418915616
8,1,missing__missed_rejected_blocked_call_count,-0.04946261596703802,unconstrained,621.0169418915616
8,1,missing__outgoing_call_count,-0.049462615967037424,unconstrained,621.0169418915616
8,1,missing__total_call_duration_seconds,-0.04946261596703872,unconstrained,621.0169418915616
8,1,missing__gsm_cell_transition_count,0.06533347218633118,unconstrained,621.0169418915616
8,1,missing__unique_gsm_cell_count,0.06533347218633104,unconstrained,621.0169418915616
8,1,missing__unique_gsm_lac_count,0.06533347218633118,unconstrained,621.0169418915616
8,1,missing__gsm_neighbor_cell_transition_count,0.08297866429944027,unconstrained,621.0169418915616
8,1,missing__unique_gsm_neighbor_cell_count,0.08297866429944052,unconstrained,621.0169418915616
8,1,missing__unique_gsm_neighbor_lac_count,0.08297866429944052,unconstrained,621.0169418915616
8,1,missing__keyboard_deletion_event_count,-0.09092213243199936,unconstrained,621.0169418915616
8,1,missing__keyboard_inter_event_interval_iqr_ms,-0.09092213243200005,unconstrained,621.0169418915616
8,1,missing__keyboard_long_pause_count_2s,-0.0909221324319997,unconstrained,621.0169418915616
8,1,missing__keyboard_median_inter_event_interval_ms,-0.09092213243199965,unconstrained,621.0169418915616
8,1,missing__keyboard_median_word_completion_time_ms,-0.038224156536372206,unconstrained,621.0169418915616
8,1,missing__keyboard_typing_burst_count,-0.09092213243200023,unconstrained,621.0169418915616
8,1,missing__message_distinct_event_count,0.10657026630965676,unconstrained,621.0169418915616
8,1,missing__activity_active_hour_count,0.06533347218633191,unconstrained,621.0169418915616
8,1,missing__activity_state_diversity,0.06533347218633148,unconstrained,621.0169418915616
8,1,missing__activity_still_fraction,0.06533347218633126,unconstrained,621.0169418915616
8,1,missing__activity_transition_count,0.06533347218633191,unconstrained,621.0169418915616
8,1,missing__activity_unknown_fraction,0.06533347218633191,unconstrained,621.0169418915616
8,1,missing__median_unlocked_session_duration_seconds,0.059085509139193804,unconstrained,621.0169418915616
8,1,missing__night_screen_event_count,0.07676778544429154,unconstrained,621.0169418915616
8,1,missing__screen_active_hour_count,0.07676778544429183,unconstrained,621.0169418915616
8,1,missing__screen_event_count,0.0767677854442906,unconstrained,621.0169418915616
8,1,missing__screen_off_event_count,0.07676778544429154,unconstrained,621.0169418915616
8,1,missing__screen_on_event_count,0.07676778544429183,unconstrained,621.0169418915616
8,1,missing__screen_transition_count,0.07676778544429207,unconstrained,621.0169418915616
8,1,missing__screen_unlock_event_count,0.07676778544429254,unconstrained,621.0169418915616
8,1,missing__telephony_event_count,0.06533347218633222,unconstrained,621.0169418915616
8,1,missing__telephony_mobile_data_enabled_fraction,0.06533347218633256,unconstrained,621.0169418915616
8,1,missing__telephony_network_type_diversity,0.06533347218633148,unconstrained,621.0169418915616
8,1,missing__touch_active_hour_count,-0.03665186257206926,unconstrained,621.0169418915616
8,1,missing__touch_app_diversity,-0.03665186257206987,unconstrained,621.0169418915616
8,1,missing__touch_click_event_count,-0.03665186257207026,unconstrained,621.0169418915616
8,1,missing__touch_distinct_event_count,-0.03665186257206928,unconstrained,621.0169418915616
8,1,missing__touch_scroll_direction_change_count,-0.009381174290234813,unconstrained,621.0169418915616
8,1,missing__touch_scroll_event_count,-0.036651862572070024,unconstrained,621.0169418915616
8,1,missing__touch_scroll_index_change_median,-0.009381174290234343,unconstrained,621.0169418915616
8,1,missing__touch_unique_app_count,-0.03665186257207017,unconstrained,621.0169418915616
8,2,app_foreground_event_count,0.007176186040059687,>= 0,10000.0
8,2,app_use_diversity,0.013023459560574534,>= 0,10000.0
8,2,unique_foreground_apps,0.009481391424297618,>= 0,10000.0
8,2,gsm_cell_transition_count,0.0043082740946484305,>= 0,10000.0
8,2,unique_gsm_cell_count,0.004823430442133318,>= 0,10000.0
8,2,unique_gsm_lac_count,0.003325787469707562,>= 0,10000.0
8,2,gsm_neighbor_cell_transition_count,-1.1485841322968721e-21,<= 0,10000.0
8,2,unique_gsm_neighbor_cell_count,-0.012325180196293362,<= 0,10000.0
8,2,unique_gsm_neighbor_lac_count,5.455564048294717e-61,>= 0,10000.0
8,2,keyboard_deletion_event_count,0.01578060713971563,>= 0,10000.0
8,2,keyboard_inter_event_interval_iqr_ms,-0.005882397818361837,<= 0,10000.0
8,2,keyboard_long_pause_count_2s,0.012019308598047054,>= 0,10000.0
8,2,keyboard_median_inter_event_interval_ms,-0.00714019080724401,<= 0,10000.0
8,2,keyboard_median_word_completion_time_ms,-0.012077418324587169,<= 0,10000.0
8,2,keyboard_typing_burst_count,0.00938049074143643,>= 0,10000.0
8,2,message_distinct_event_count,-0.0017265768171689662,<= 0,10000.0
8,2,activity_active_hour_count,1.3681798175233993e-25,>= 0,10000.0
8,2,activity_state_diversity,5.404974683107986e-35,>= 0,10000.0
8,2,activity_still_fraction,0.0011474567571607395,>= 0,10000.0
8,2,activity_transition_count,-0.0018340971342809085,<= 0,10000.0
8,2,activity_unknown_fraction,2.6777865485884254e-25,>= 0,10000.0
8,2,median_unlocked_session_duration_seconds,-3.072342338387414e-06,<= 0,10000.0
8,2,screen_active_hour_count,-3.6905427974548267e-37,<= 0,10000.0
8,2,screen_event_count,0.002630738757235,>= 0,10000.0
8,2,screen_off_event_count,0.0018022930038856968,>= 0,10000.0
8,2,screen_on_event_count,0.0029293254059658148,>= 0,10000.0
8,2,screen_transition_count,-0.00029405376658801725,<= 0,10000.0
8,2,screen_unlock_event_count,0.0061941121071100134,>= 0,10000.0
8,2,telephony_event_count,0.004543263648854202,>= 0,10000.0
8,2,telephony_mobile_data_enabled_fraction,-0.01419958364381853,<= 0,10000.0
8,2,telephony_network_type_diversity,0.0064784263617670085,>= 0,10000.0
8,2,touch_active_hour_count,0.006799130554245365,>= 0,10000.0
8,2,touch_app_diversity,2.2246216114766057e-61,>= 0,10000.0
8,2,touch_click_event_count,0.009342673132067778,>= 0,10000.0
8,2,touch_distinct_event_count,0.00895064664230281,>= 0,10000.0
8,2,touch_scroll_direction_change_count,0.006036813984839743,>= 0,10000.0
8,2,touch_scroll_event_count,0.007577731050364008,>= 0,10000.0
8,2,touch_scroll_index_change_median,0.00189222074769633,>= 0,10000.0
8,2,touch_unique_app_count,0.005715974471102531,>= 0,10000.0
8,2,missing__app_foreground_event_count,0.0007553019478865387,unconstrained,10000.0
8,2,missing__app_use_diversity,0.0007553019478865288,unconstrained,10000.0
8,2,missing__unique_foreground_apps,0.0007553019478865348,unconstrained,10000.0
8,2,missing__gsm_cell_transition_count,0.007893196198075714,unconstrained,10000.0
8,2,missing__unique_gsm_cell_count,0.007893196198075715,unconstrained,10000.0
8,2,missing__unique_gsm_lac_count,0.007893196198075712,unconstrained,10000.0
8,2,missing__gsm_neighbor_cell_transition_count,-9.737083355369528e-05,unconstrained,10000.0
8,2,missing__unique_gsm_neighbor_cell_count,-9.737083355370367e-05,unconstrained,10000.0
8,2,missing__unique_gsm_neighbor_lac_count,-9.73708335537002e-05,unconstrained,10000.0
8,2,missing__keyboard_deletion_event_count,-0.004393176430939956,unconstrained,10000.0
8,2,missing__keyboard_inter_event_interval_iqr_ms,-0.004393176430939966,unconstrained,10000.0
8,2,missing__keyboard_long_pause_count_2s,-0.004393176430939968,unconstrained,10000.0
8,2,missing__keyboard_median_inter_event_interval_ms,-0.004393176430939965,unconstrained,10000.0
8,2,missing__keyboard_median_word_completion_time_ms,-0.0016438497477627905,unconstrained,10000.0
8,2,missing__keyboard_typing_burst_count,-0.004393176430939962,unconstrained,10000.0
8,2,missing__message_distinct_event_count,0.007115035187307544,unconstrained,10000.0
8,2,missing__activity_active_hour_count,0.007893196198075717,unconstrained,10000.0
8,2,missing__activity_state_diversity,0.007893196198075715,unconstrained,10000.0
8,2,missing__activity_still_fraction,0.007893196198075707,unconstrained,10000.0
8,2,missing__activity_transition_count,0.00789319619807571,unconstrained,10000.0
8,2,missing__activity_unknown_fraction,0.007893196198075717,unconstrained,10000.0
8,2,missing__median_unlocked_session_duration_seconds,0.007008163951947403,unconstrained,10000.0
8,2,missing__screen_active_hour_count,0.009156767437580334,unconstrained,10000.0
8,2,missing__screen_event_count,0.009156767437580345,unconstrained,10000.0
8,2,missing__screen_off_event_count,0.00915676743758035,unconstrained,10000.0
8,2,missing__screen_on_event_count,0.009156767437580354,unconstrained,10000.0
8,2,missing__screen_transition_count,0.009156767437580352,unconstrained,10000.0
8,2,missing__screen_unlock_event_count,0.009156767437580348,unconstrained,10000.0
8,2,missing__telephony_event_count,0.007893196198075719,unconstrained,10000.0
8,2,missing__telephony_mobile_data_enabled_fraction,0.007893196198075712,unconstrained,10000.0
8,2,missing__telephony_network_type_diversity,0.007893196198075714,unconstrained,10000.0
8,2,missing__touch_active_hour_count,4.88242089840956e-05,unconstrained,10000.0
8,2,missing__touch_app_diversity,4.8824208984102605e-05,unconstrained,10000.0
8,2,missing__touch_click_event_count,4.882420898409911e-05,unconstrained,10000.0
8,2,missing__touch_distinct_event_count,4.882420898408751e-05,unconstrained,10000.0
8,2,missing__touch_scroll_direction_change_count,0.002361103180150322,unconstrained,10000.0
8,2,missing__touch_scroll_event_count,4.882420898409384e-05,unconstrained,10000.0
8,2,missing__touch_scroll_index_change_median,0.002361103180150342,unconstrained,10000.0
8,2,missing__touch_unique_app_count,4.882420898410129e-05,unconstrained,10000.0
8,3,app_foreground_event_count,0.008158333157287014,>= 0,10000.0
8,3,app_use_diversity,0.01367381395228736,>= 0,10000.0
8,3,unique_foreground_apps,-5.2952324903894665e-36,<= 0,10000.0
8,3,call_event_count,-0.007884459644480443,<= 0,10000.0
8,3,incoming_call_count,-3.171312266448699e-05,<= 0,10000.0
8,3,missed_rejected_blocked_call_count,1.0299450469756167e-25,>= 0,10000.0
8,3,outgoing_call_count,-0.01049555181520208,<= 0,10000.0
8,3,total_call_duration_seconds,-0.0019958836280489856,<= 0,10000.0
8,3,gsm_cell_transition_count,5.99953949504412e-35,>= 0,10000.0
8,3,unique_gsm_cell_count,1.6614900414090806e-31,>= 0,10000.0
8,3,unique_gsm_lac_count,1.525289919394655e-51,>= 0,10000.0
8,3,gsm_neighbor_cell_transition_count,-0.0034176916538109317,<= 0,10000.0
8,3,unique_gsm_neighbor_cell_count,-0.00788442198790087,<= 0,10000.0
8,3,unique_gsm_neighbor_lac_count,5.671030327657279e-45,>= 0,10000.0
8,3,keyboard_deletion_event_count,-2.45718045818534e-32,<= 0,10000.0
8,3,keyboard_inter_event_interval_iqr_ms,-0.0027063597760477965,<= 0,10000.0
8,3,keyboard_long_pause_count_2s,-1.0003561539443938e-30,<= 0,10000.0
8,3,keyboard_median_inter_event_interval_ms,-0.003924456316251445,<= 0,10000.0
8,3,keyboard_median_word_completion_time_ms,-3.5704257613862294e-28,<= 0,10000.0
8,3,keyboard_typing_burst_count,-1.3284039870482788e-28,<= 0,10000.0
8,3,message_distinct_event_count,-0.0033421867282451734,<= 0,10000.0
8,3,activity_active_hour_count,0.0029428021775556703,>= 0,10000.0
8,3,activity_state_diversity,1.441440589521293e-20,>= 0,10000.0
8,3,activity_still_fraction,-2.4264247980238038e-26,<= 0,10000.0
8,3,activity_transition_count,0.0011841754204748368,>= 0,10000.0
8,3,activity_unknown_fraction,-0.0009415758792593965,<= 0,10000.0
8,3,median_unlocked_session_duration_seconds,-7.677780756460172e-34,<= 0,10000.0
8,3,night_screen_event_count,-0.0003511225119141968,<= 0,10000.0
8,3,screen_active_hour_count,-0.003341407281427517,<= 0,10000.0
8,3,screen_event_count,0.006304552815687308,>= 0,10000.0
8,3,screen_off_event_count,0.005630158675821453,>= 0,10000.0
8,3,screen_on_event_count,0.0060595415954724785,>= 0,10000.0
8,3,screen_transition_count,-6.214285546744529e-23,<= 0,10000.0
8,3,screen_unlock_event_count,0.006468704335059461,>= 0,10000.0
8,3,telephony_event_count,3.185165350675735e-30,>= 0,10000.0
8,3,telephony_mobile_data_enabled_fraction,-0.01364427247123347,<= 0,10000.0
8,3,telephony_network_type_diversity,0.0019057123117340881,>= 0,10000.0
8,3,touch_active_hour_count,-2.933629213644906e-29,<= 0,10000.0
8,3,touch_app_diversity,0.0019826726232758866,>= 0,10000.0
8,3,touch_click_event_count,-1.6649909969199818e-31,<= 0,10000.0
8,3,touch_distinct_event_count,-5.751475063373716e-32,<= 0,10000.0
8,3,touch_scroll_direction_change_count,-1.87657863396051e-31,<= 0,10000.0
8,3,touch_scroll_event_count,-4.2309384592859634e-32,<= 0,10000.0
8,3,touch_scroll_index_change_median,0.005361190590622241,>= 0,10000.0
8,3,touch_unique_app_count,0.0038301747193376845,>= 0,10000.0
8,3,missing__app_foreground_event_count,-0.0003200113910473367,unconstrained,10000.0
8,3,missing__app_use_diversity,-0.00032001139104734336,unconstrained,10000.0
8,3,missing__unique_foreground_apps,-0.0003200113910473219,unconstrained,10000.0
8,3,missing__call_event_count,0.0013930764195005973,unconstrained,10000.0
8,3,missing__incoming_call_count,0.0013930764195005938,unconstrained,10000.0
8,3,missing__missed_rejected_blocked_call_count,0.001393076419500594,unconstrained,10000.0
8,3,missing__outgoing_call_count,0.0013930764195005897,unconstrained,10000.0
8,3,missing__total_call_duration_seconds,0.0013930764195005984,unconstrained,10000.0
8,3,missing__gsm_cell_transition_count,0.007002272130615572,unconstrained,10000.0
8,3,missing__unique_gsm_cell_count,0.007002272130615574,unconstrained,10000.0
8,3,missing__unique_gsm_lac_count,0.007002272130615577,unconstrained,10000.0
8,3,missing__gsm_neighbor_cell_transition_count,0.004714367778068509,unconstrained,10000.0
8,3,missing__unique_gsm_neighbor_cell_count,0.004714367778068516,unconstrained,10000.0
8,3,missing__unique_gsm_neighbor_lac_count,0.004714367778068508,unconstrained,10000.0
8,3,missing__keyboard_deletion_event_count,-0.007664077160267334,unconstrained,10000.0
8,3,missing__keyboard_inter_event_interval_iqr_ms,-0.007664077160267336,unconstrained,10000.0
8,3,missing__keyboard_long_pause_count_2s,-0.007664077160267322,unconstrained,10000.0
8,3,missing__keyboard_median_inter_event_interval_ms,-0.007664077160267339,unconstrained,10000.0
8,3,missing__keyboard_median_word_completion_time_ms,-0.004575016750393761,unconstrained,10000.0
8,3,missing__keyboard_typing_burst_count,-0.0076640771602673385,unconstrained,10000.0
8,3,missing__message_distinct_event_count,0.0067005057296363425,unconstrained,10000.0
8,3,missing__activity_active_hour_count,0.007002272130615576,unconstrained,10000.0
8,3,missing__activity_state_diversity,0.007002272130615578,unconstrained,10000.0
8,3,missing__activity_still_fraction,0.007002272130615574,unconstrained,10000.0
8,3,missing__activity_transition_count,0.0070022721306155725,unconstrained,10000.0
8,3,missing__activity_unknown_fraction,0.007002272130615579,unconstrained,10000.0
8,3,missing__median_unlocked_session_duration_seconds,0.00602336627536872,unconstrained,10000.0
8,3,missing__night_screen_event_count,0.007002272130615584,unconstrained,10000.0
8,3,missing__screen_active_hour_count,0.007002272130615584,unconstrained,10000.0
8,3,missing__screen_event_count,0.007002272130615578,unconstrained,10000.0
8,3,missing__screen_off_event_count,0.007002272130615574,unconstrained,10000.0
8,3,missing__screen_on_event_count,0.007002272130615578,unconstrained,10000.0
8,3,missing__screen_transition_count,0.007002272130615583,unconstrained,10000.0
8,3,missing__screen_unlock_event_count,0.0070022721306155795,unconstrained,10000.0
8,3,missing__telephony_event_count,0.007002272130615575,unconstrained,10000.0
8,3,missing__telephony_mobile_data_enabled_fraction,0.007002272130615578,unconstrained,10000.0
8,3,missing__telephony_network_type_diversity,0.0070022721306155725,unconstrained,10000.0
8,3,missing__touch_active_hour_count,-0.004528191764090047,unconstrained,10000.0
8,3,missing__touch_app_diversity,-0.004528191764090051,unconstrained,10000.0
8,3,missing__touch_click_event_count,-0.004528191764090048,unconstrained,10000.0
8,3,missing__touch_distinct_event_count,-0.004528191764090043,unconstrained,10000.0
8,3,missing__touch_scroll_direction_change_count,-0.002686427030647425,unconstrained,10000.0
8,3,missing__touch_scroll_event_count,-0.0045281917640900456,unconstrained,10000.0
8,3,missing__touch_scroll_index_change_median,-0.002686427030647439,unconstrained,10000.0
8,3,missing__touch_unique_app_count,-0.0045281917640900594,unconstrained,10000.0
8,4,app_foreground_event_count,0.003324894831133674,>= 0,10000.0
8,4,app_use_diversity,0.01550265812830765,>= 0,10000.0
8,4,unique_foreground_apps,0.007689694477259333,>= 0,10000.0
8,4,call_event_count,-0.008979297125454637,<= 0,10000.0
8,4,incoming_call_count,-0.00047709146174357167,<= 0,10000.0
8,4,missed_rejected_blocked_call_count,0.0002474159582987492,>= 0,10000.0
8,4,outgoing_call_count,-0.01145729849994581,<= 0,10000.0
8,4,total_call_duration_seconds,-0.002559957101177478,<= 0,10000.0
8,4,gsm_cell_transition_count,7.852223136514216e-42,>= 0,10000.0
8,4,unique_gsm_cell_count,0.00029175803821563734,>= 0,10000.0
8,4,unique_gsm_lac_count,5.2915803525884115e-36,>= 0,10000.0
8,4,gsm_neighbor_cell_transition_count,-5.782515429045219e-46,<= 0,10000.0
8,4,unique_gsm_neighbor_cell_count,2.265903467923293e-46,>= 0,10000.0
8,4,unique_gsm_neighbor_lac_count,2.426395536611732e-47,>= 0,10000.0
8,4,keyboard_deletion_event_count,-1.1779116008340301e-39,<= 0,10000.0
8,4,keyboard_inter_event_interval_iqr_ms,-0.004466857265802512,<= 0,10000.0
8,4,keyboard_long_pause_count_2s,-7.284612498582853e-39,<= 0,10000.0
8,4,keyboard_median_inter_event_interval_ms,-3.830678464809536e-06,<= 0,10000.0
8,4,keyboard_median_word_completion_time_ms,-3.806254184592815e-37,<= 0,10000.0
8,4,keyboard_typing_burst_count,-2.3947400605666058e-39,<= 0,10000.0
8,4,message_distinct_event_count,-0.0007025291938579484,<= 0,10000.0
8,4,activity_active_hour_count,8.359160612381023e-05,>= 0,10000.0
8,4,activity_state_diversity,0.004444074908701969,>= 0,10000.0
8,4,activity_still_fraction,-0.003464463409355717,<= 0,10000.0
8,4,activity_transition_count,9.127741430595653e-23,>= 0,10000.0
8,4,activity_unknown_fraction,1.1443709382730745e-46,>= 0,10000.0
8,4,median_unlocked_session_duration_seconds,-2.864988924437289e-38,<= 0,10000.0
8,4,night_screen_event_count,-0.012565781479767156,<= 0,10000.0
8,4,screen_active_hour_count,-0.0033124142795607327,<= 0,10000.0
8,4,screen_event_count,0.0006637272582393372,>= 0,10000.0
8,4,screen_off_event_count,1.5617934611284472e-18,>= 0,10000.0
8,4,screen_on_event_count,0.0011991752918803183,>= 0,10000.0
8,4,screen_transition_count,-0.0013684855085640789,<= 0,10000.0
8,4,screen_unlock_event_count,0.005297947785891874,>= 0,10000.0
8,4,telephony_event_count,0.008408818983974269,>= 0,10000.0
8,4,telephony_mobile_data_enabled_fraction,-0.010958528170682215,<= 0,10000.0
8,4,telephony_network_type_diversity,0.002238899309670186,>= 0,10000.0
8,4,touch_active_hour_count,0.0006781896547598253,>= 0,10000.0
8,4,touch_app_diversity,2.1614175340706653e-39,>= 0,10000.0
8,4,touch_click_event_count,-2.686215092250499e-50,<= 0,10000.0
8,4,touch_distinct_event_count,-3.2087467910944667e-42,<= 0,10000.0
8,4,touch_scroll_direction_change_count,0.002858613810232491,>= 0,10000.0
8,4,touch_scroll_event_count,-2.4361638027753822e-40,<= 0,10000.0
8,4,touch_scroll_index_change_median,-1.7991074587839733e-46,<= 0,10000.0
8,4,touch_unique_app_count,0.002642076466065317,>= 0,10000.0
8,4,missing__app_foreground_event_count,0.004809291843219506,unconstrained,10000.0
8,4,missing__app_use_diversity,0.0048092918432195,unconstrained,10000.0
8,4,missing__unique_foreground_apps,0.004809291843219489,unconstrained,10000.0
8,4,missing__call_event_count,0.0038652229098447097,unconstrained,10000.0
8,4,missing__incoming_call_count,0.003865222909844709,unconstrained,10000.0
8,4,missing__missed_rejected_blocked_call_count,0.0038652229098447136,unconstrained,10000.0
8,4,missing__outgoing_call_count,0.003865222909844707,unconstrained,10000.0
8,4,missing__total_call_duration_seconds,0.003865222909844715,unconstrained,10000.0
8,4,missing__gsm_cell_transition_count,0.005184324765606406,unconstrained,10000.0
8,4,missing__unique_gsm_cell_count,0.0051843247656064,unconstrained,10000.0
8,4,missing__unique_gsm_lac_count,0.0051843247656064104,unconstrained,10000.0
8,4,missing__gsm_neighbor_cell_transition_count,0.003462624141818914,unconstrained,10000.0
8,4,missing__unique_gsm_neighbor_cell_count,0.00346262414181892,unconstrained,10000.0
8,4,missing__unique_gsm_neighbor_lac_count,0.003462624141818917,unconstrained,10000.0
8,4,missing__keyboard_deletion_event_count,-0.006907716213345777,unconstrained,10000.0
8,4,missing__keyboard_inter_event_interval_iqr_ms,-0.006907716213345776,unconstrained,10000.0
8,4,missing__keyboard_long_pause_count_2s,-0.006907716213345769,unconstrained,10000.0
8,4,missing__keyboard_median_inter_event_interval_ms,-0.006907716213345786,unconstrained,10000.0
8,4,missing__keyboard_median_word_completion_time_ms,-0.003293119658074658,unconstrained,10000.0
8,4,missing__keyboard_typing_burst_count,-0.006907716213345781,unconstrained,10000.0
8,4,missing__message_distinct_event_count,0.006728182044024373,unconstrained,10000.0
8,4,missing__activity_active_hour_count,0.005184324765606409,unconstrained,10000.0
8,4,missing__activity_state_diversity,0.005184324765606406,unconstrained,10000.0
8,4,missing__activity_still_fraction,0.005184324765606415,unconstrained,10000.0
8,4,missing__activity_transition_count,0.005184324765606408,unconstrained,10000.0
8,4,missing__activity_unknown_fraction,0.005184324765606405,unconstrained,10000.0
8,4,missing__median_unlocked_session_duration_seconds,0.00518432476560641,unconstrained,10000.0
8,4,missing__night_screen_event_count,0.006301510236337338,unconstrained,10000.0
8,4,missing__screen_active_hour_count,0.006301510236337328,unconstrained,10000.0
8,4,missing__screen_event_count,0.0063015102363373375,unconstrained,10000.0
8,4,missing__screen_off_event_count,0.006301510236337328,unconstrained,10000.0
8,4,missing__screen_on_event_count,0.00630151023633732,unconstrained,10000.0
8,4,missing__screen_transition_count,0.006301510236337324,unconstrained,10000.0
8,4,missing__screen_unlock_event_count,0.006301510236337319,unconstrained,10000.0
8,4,missing__telephony_event_count,0.0051843247656064035,unconstrained,10000.0
8,4,missing__telephony_mobile_data_enabled_fraction,0.005184324765606408,unconstrained,10000.0
8,4,missing__telephony_network_type_diversity,0.005184324765606408,unconstrained,10000.0
8,4,missing__touch_active_hour_count,-0.00020733021218827784,unconstrained,10000.0
8,4,missing__touch_app_diversity,-0.00020733021218826084,unconstrained,10000.0
8,4,missing__touch_click_event_count,-0.00020733021218826152,unconstrained,10000.0
8,4,missing__touch_distinct_event_count,-0.00020733021218826968,unconstrained,10000.0
8,4,missing__touch_scroll_direction_change_count,0.002141885321140496,unconstrained,10000.0
8,4,missing__touch_scroll_event_count,-0.0002073302121882743,unconstrained,10000.0
8,4,missing__touch_scroll_index_change_median,0.0021418853211404806,unconstrained,10000.0
8,4,missing__touch_unique_app_count,-0.00020733021218827718,unconstrained,10000.0
8,5,app_foreground_event_count,0.13119768273973673,>= 0,356.2247890262444
8,5,app_use_diversity,0.26477373380179,>= 0,356.2247890262444
8,5,unique_foreground_apps,0.12784044750680923,>= 0,356.2247890262444
8,5,call_event_count,-0.14864498369159437,<= 0,356.2247890262444
8,5,incoming_call_count,-0.023399573523315103,<= 0,356.2247890262444
8,5,missed_rejected_blocked_call_count,0.06177121117649413,>= 0,356.2247890262444
8,5,outgoing_call_count,-0.19863331800297765,<= 0,356.2247890262444
8,5,total_call_duration_seconds,-0.07759839618141555,<= 0,356.2247890262444
8,5,gsm_cell_transition_count,0.022775929195708405,>= 0,356.2247890262444
8,5,unique_gsm_cell_count,0.056515417872645954,>= 0,356.2247890262444
8,5,unique_gsm_lac_count,-0.016202169969627648,<= 0,356.2247890262444
8,5,gsm_neighbor_cell_transition_count,-1.8807148750457946e-27,<= 0,356.2247890262444
8,5,unique_gsm_neighbor_cell_count,-0.282714461043207,<= 0,356.2247890262444
8,5,unique_gsm_neighbor_lac_count,-0.3406654745657242,<= 0,356.2247890262444
8,5,keyboard_deletion_event_count,0.10941484434692847,>= 0,356.2247890262444
8,5,keyboard_inter_event_interval_iqr_ms,-0.0793519568439574,<= 0,356.2247890262444
8,5,keyboard_long_pause_count_2s,0.07012420903803415,>= 0,356.2247890262444
8,5,keyboard_median_inter_event_interval_ms,-0.03223777950483804,<= 0,356.2247890262444
8,5,keyboard_median_word_completion_time_ms,-6.663974968793455e-13,<= 0,356.2247890262444
8,5,keyboard_typing_burst_count,-8.992409096034511e-27,<= 0,356.2247890262444
8,5,message_distinct_event_count,-0.10404365036790084,<= 0,356.2247890262444
8,5,activity_active_hour_count,5.510129769479473e-40,>= 0,356.2247890262444
8,5,activity_state_diversity,-0.028949717875596182,<= 0,356.2247890262444
8,5,activity_still_fraction,-2.663919461239568e-20,<= 0,356.2247890262444
8,5,activity_transition_count,1.8563900837364548e-25,>= 0,356.2247890262444
8,5,activity_unknown_fraction,-0.05366848095894582,<= 0,356.2247890262444
8,5,median_unlocked_session_duration_seconds,-1.6273769487699106e-28,<= 0,356.2247890262444
8,5,night_screen_event_count,-0.08391688140583756,<= 0,356.2247890262444
8,5,screen_active_hour_count,3.0490919214778646e-30,>= 0,356.2247890262444
8,5,screen_event_count,0.12700763379850863,>= 0,356.2247890262444
8,5,screen_off_event_count,0.10039536002548959,>= 0,356.2247890262444
8,5,screen_on_event_count,0.16309136165615992,>= 0,356.2247890262444
8,5,screen_transition_count,-0.01187581988549336,<= 0,356.2247890262444
8,5,screen_unlock_event_count,0.26418008586340364,>= 0,356.2247890262444
8,5,telephony_event_count,0.09099629636780088,>= 0,356.2247890262444
8,5,telephony_mobile_data_enabled_fraction,-0.40824107875103577,<= 0,356.2247890262444
8,5,telephony_network_type_diversity,0.03827941299968146,>= 0,356.2247890262444
8,5,touch_active_hour_count,0.04835981557305602,>= 0,356.2247890262444
8,5,touch_app_diversity,1.0650928030138214e-31,>= 0,356.2247890262444
8,5,touch_click_event_count,-1.2086757765369599e-27,<= 0,356.2247890262444
8,5,touch_distinct_event_count,-7.445004937739291e-27,<= 0,356.2247890262444
8,5,touch_scroll_direction_change_count,-4.199808715511972e-25,<= 0,356.2247890262444
8,5,touch_scroll_event_count,-5.863167963896146e-26,<= 0,356.2247890262444
8,5,touch_scroll_index_change_median,0.06090543491075998,>= 0,356.2247890262444
8,5,touch_unique_app_count,0.030607021538702418,>= 0,356.2247890262444
8,5,missing__app_foreground_event_count,-0.04295492904533002,unconstrained,356.2247890262444
8,5,missing__app_use_diversity,-0.04295492904533008,unconstrained,356.2247890262444
8,5,missing__unique_foreground_apps,-0.04295492904533001,unconstrained,356.2247890262444
8,5,missing__call_event_count,-0.013603800462808825,unconstrained,356.2247890262444
8,5,missing__incoming_call_count,-0.013603800462808974,unconstrained,356.2247890262444
8,5,missing__missed_rejected_blocked_call_count,-0.013603800462808983,unconstrained,356.2247890262444
8,5,missing__outgoing_call_count,-0.013603800462808957,unconstrained,356.2247890262444
8,5,missing__total_call_duration_seconds,-0.013603800462808955,unconstrained,356.2247890262444
8,5,missing__gsm_cell_transition_count,0.06943017844956265,unconstrained,356.2247890262444
8,5,missing__unique_gsm_cell_count,0.06943017844956272,unconstrained,356.2247890262444
8,5,missing__unique_gsm_lac_count,0.06943017844956272,unconstrained,356.2247890262444
8,5,missing__gsm_neighbor_cell_transition_count,0.07963355314270124,unconstrained,356.2247890262444
8,5,missing__unique_gsm_neighbor_cell_count,0.07963355314270129,unconstrained,356.2247890262444
8,5,missing__unique_gsm_neighbor_lac_count,0.07963355314270115,unconstrained,356.2247890262444
8,5,missing__keyboard_deletion_event_count,-0.11518745023205343,unconstrained,356.2247890262444
8,5,missing__keyboard_inter_event_interval_iqr_ms,-0.1151874502320534,unconstrained,356.2247890262444
8,5,missing__keyboard_long_pause_count_2s,-0.1151874502320534,unconstrained,356.2247890262444
8,5,missing__keyboard_median_inter_event_interval_ms,-0.11518745023205351,unconstrained,356.2247890262444
8,5,missing__keyboard_median_word_completion_time_ms,-0.00791771125817413,unconstrained,356.2247890262444
8,5,missing__keyboard_typing_burst_count,-0.1151874502320535,unconstrained,356.2247890262444
8,5,missing__message_distinct_event_count,0.11961557877419308,unconstrained,356.2247890262444
8,5,missing__activity_active_hour_count,0.06943017844956266,unconstrained,356.2247890262444
8,5,missing__activity_state_diversity,0.06943017844956273,unconstrained,356.2247890262444
8,5,missing__activity_still_fraction,0.06943017844956278,unconstrained,356.2247890262444
8,5,missing__activity_transition_count,0.06943017844956274,unconstrained,356.2247890262444
8,5,missing__activity_unknown_fraction,0.06943017844956274,unconstrained,356.2247890262444
8,5,missing__median_unlocked_session_duration_seconds,0.05440523766856585,unconstrained,356.2247890262444
8,5,missing__night_screen_event_count,0.09014314330865586,unconstrained,356.2247890262444
8,5,missing__screen_active_hour_count,0.09014314330865586,unconstrained,356.2247890262444
8,5,missing__screen_event_count,0.09014314330865585,unconstrained,356.2247890262444
8,5,missing__screen_off_event_count,0.09014314330865597,unconstrained,356.2247890262444
8,5,missing__screen_on_event_count,0.09014314330865594,unconstrained,356.2247890262444
8,5,missing__screen_transition_count,0.09014314330865585,unconstrained,356.2247890262444
8,5,missing__screen_unlock_event_count,0.09014314330865596,unconstrained,356.2247890262444
8,5,missing__telephony_event_count,0.06943017844956277,unconstrained,356.2247890262444
8,5,missing__telephony_mobile_data_enabled_fraction,0.06943017844956278,unconstrained,356.2247890262444
8,5,missing__telephony_network_type_diversity,0.06943017844956272,unconstrained,356.2247890262444
8,5,missing__touch_active_hour_count,-0.11591172678394426,unconstrained,356.2247890262444
8,5,missing__touch_app_diversity,-0.11591172678394433,unconstrained,356.2247890262444
8,5,missing__touch_click_event_count,-0.11591172678394417,unconstrained,356.2247890262444
8,5,missing__touch_distinct_event_count,-0.11591172678394417,unconstrained,356.2247890262444
8,5,missing__touch_scroll_direction_change_count,-0.00011722972610841416,unconstrained,356.2247890262444
8,5,missing__touch_scroll_event_count,-0.11591172678394424,unconstrained,356.2247890262444
8,5,missing__touch_scroll_index_change_median,-0.00011722972610847014,unconstrained,356.2247890262444
8,5,missing__touch_unique_app_count,-0.11591172678394417,unconstrained,356.2247890262444
9,1,app_foreground_event_count,0.4923542503737209,>= 0,38.56620421163472
9,1,app_use_diversity,1.283849153129525,>= 0,38.56620421163472
9,1,unique_foreground_apps,0.6710866381329706,>= 0,38.56620421163472
9,1,call_event_count,-0.11076993776246147,<= 0,38.56620421163472
9,1,incoming_call_count,-4.16787569826091e-38,<= 0,38.56620421163472
9,1,missed_rejected_blocked_call_count,0.4431624307387788,>= 0,38.56620421163472
9,1,outgoing_call_count,-0.3252742551517018,<= 0,38.56620421163472
9,1,total_call_duration_seconds,-1.061533865653214e-40,<= 0,38.56620421163472
9,1,gsm_cell_transition_count,2.2376984852186923e-43,>= 0,38.56620421163472
9,1,unique_gsm_cell_count,0.013741849279896655,>= 0,38.56620421163472
9,1,unique_gsm_lac_count,2.366287500507137e-27,>= 0,38.56620421163472
9,1,gsm_neighbor_cell_transition_count,0.24628338381508671,>= 0,38.56620421163472
9,1,unique_gsm_neighbor_cell_count,8.219070437904331e-30,>= 0,38.56620421163472
9,1,unique_gsm_neighbor_lac_count,9.660801937803018e-30,>= 0,38.56620421163472
9,1,keyboard_deletion_event_count,-2.5332297250074114e-28,<= 0,38.56620421163472
9,1,keyboard_inter_event_interval_iqr_ms,-2.2168035654497016e-28,<= 0,38.56620421163472
9,1,keyboard_long_pause_count_2s,-7.090132315555912e-28,<= 0,38.56620421163472
9,1,keyboard_median_inter_event_interval_ms,-3.826221235664494e-24,<= 0,38.56620421163472
9,1,keyboard_median_word_completion_time_ms,-0.004758294064615055,<= 0,38.56620421163472
9,1,keyboard_typing_burst_count,0.3061465939237001,>= 0,38.56620421163472
9,1,message_distinct_event_count,-0.6550314725718543,<= 0,38.56620421163472
9,1,activity_active_hour_count,3.444265761464828e-27,>= 0,38.56620421163472
9,1,activity_state_diversity,0.0009763586349694698,>= 0,38.56620421163472
9,1,activity_still_fraction,-0.0690075271534382,<= 0,38.56620421163472
9,1,activity_transition_count,0.3317834217562019,>= 0,38.56620421163472
9,1,activity_unknown_fraction,-0.08762636769309008,<= 0,38.56620421163472
9,1,median_unlocked_session_duration_seconds,0.021694998520833304,>= 0,38.56620421163472
9,1,night_screen_event_count,-1.3572652461057215,<= 0,38.56620421163472
9,1,screen_active_hour_count,-0.3934300016154763,<= 0,38.56620421163472
9,1,screen_event_count,8.685884337759762e-26,>= 0,38.56620421163472
9,1,screen_off_event_count,2.8157896307245937e-26,>= 0,38.56620421163472
9,1,screen_on_event_count,0.04228167273630207,>= 0,38.56620421163472
9,1,screen_transition_count,-0.2536230755748554,<= 0,38.56620421163472
9,1,screen_unlock_event_count,0.6343685518076521,>= 0,38.56620421163472
9,1,telephony_event_count,0.20173781416058903,>= 0,38.56620421163472
9,1,telephony_mobile_data_enabled_fraction,-1.3511769017892463,<= 0,38.56620421163472
9,1,telephony_network_type_diversity,0.5682255280402144,>= 0,38.56620421163472
9,1,touch_active_hour_count,0.1626269796156219,>= 0,38.56620421163472
9,1,touch_app_diversity,1.245782333344651e-34,>= 0,38.56620421163472
9,1,touch_click_event_count,0.5073282216221666,>= 0,38.56620421163472
9,1,touch_distinct_event_count,-3.486329845753173e-28,<= 0,38.56620421163472
9,1,touch_scroll_direction_change_count,-1.3476612565662216e-27,<= 0,38.56620421163472
9,1,touch_scroll_event_count,-2.298328509551332e-27,<= 0,38.56620421163472
9,1,touch_scroll_index_change_median,0.6710629186824741,>= 0,38.56620421163472
9,1,touch_unique_app_count,0.048720507964243036,>= 0,38.56620421163472
9,1,missing__app_foreground_event_count,-0.07988350938576318,unconstrained,38.56620421163472
9,1,missing__app_use_diversity,-0.07988350938576351,unconstrained,38.56620421163472
9,1,missing__unique_foreground_apps,-0.07988350938576341,unconstrained,38.56620421163472
9,1,missing__call_event_count,-0.10078381696804369,unconstrained,38.56620421163472
9,1,missing__incoming_call_count,-0.10078381696804381,unconstrained,38.56620421163472
9,1,missing__missed_rejected_blocked_call_count,-0.1007838169680436,unconstrained,38.56620421163472
9,1,missing__outgoing_call_count,-0.10078381696804332,unconstrained,38.56620421163472
9,1,missing__total_call_duration_seconds,-0.10078381696804353,unconstrained,38.56620421163472
9,1,missing__gsm_cell_transition_count,0.0651541238500999,unconstrained,38.56620421163472
9,1,missing__unique_gsm_cell_count,0.06515412385009989,unconstrained,38.56620421163472
9,1,missing__unique_gsm_lac_count,0.06515412385009989,unconstrained,38.56620421163472
9,1,missing__gsm_neighbor_cell_transition_count,0.5705118181081484,unconstrained,38.56620421163472
9,1,missing__unique_gsm_neighbor_cell_count,0.5705118181081488,unconstrained,38.56620421163472
9,1,missing__unique_gsm_neighbor_lac_count,0.5705118181081484,unconstrained,38.56620421163472
9,1,missing__keyboard_deletion_event_count,-0.1499505017096856,unconstrained,38.56620421163472
9,1,missing__keyboard_inter_event_interval_iqr_ms,-0.14995050170968588,unconstrained,38.56620421163472
9,1,missing__keyboard_long_pause_count_2s,-0.14995050170968546,unconstrained,38.56620421163472
9,1,missing__keyboard_median_inter_event_interval_ms,-0.14995050170968577,unconstrained,38.56620421163472
9,1,missing__keyboard_median_word_completion_time_ms,0.3995009012174065,unconstrained,38.56620421163472
9,1,missing__keyboard_typing_burst_count,-0.1499505017096858,unconstrained,38.56620421163472
9,1,missing__message_distinct_event_count,0.5419725830573403,unconstrained,38.56620421163472
9,1,missing__activity_active_hour_count,0.06515412385009976,unconstrained,38.56620421163472
9,1,missing__activity_state_diversity,0.06515412385009978,unconstrained,38.56620421163472
9,1,missing__activity_still_fraction,0.06515412385009936,unconstrained,38.56620421163472
9,1,missing__activity_transition_count,0.0651541238500997,unconstrained,38.56620421163472
9,1,missing__activity_unknown_fraction,0.06515412385009968,unconstrained,38.56620421163472
9,1,missing__median_unlocked_session_duration_seconds,-0.12063883043797881,unconstrained,38.56620421163472
9,1,missing__night_screen_event_count,0.09524487952924758,unconstrained,38.56620421163472
9,1,missing__screen_active_hour_count,0.09524487952924696,unconstrained,38.56620421163472
9,1,missing__screen_event_count,0.09524487952924714,unconstrained,38.56620421163472
9,1,missing__screen_off_event_count,0.09524487952924737,unconstrained,38.56620421163472
9,1,missing__screen_on_event_count,0.09524487952924753,unconstrained,38.56620421163472
9,1,missing__screen_transition_count,0.09524487952924744,unconstrained,38.56620421163472
9,1,missing__screen_unlock_event_count,0.09524487952924729,unconstrained,38.56620421163472
9,1,missing__telephony_event_count,0.06515412385009985,unconstrained,38.56620421163472
9,1,missing__telephony_mobile_data_enabled_fraction,0.06515412385009975,unconstrained,38.56620421163472
9,1,missing__telephony_network_type_diversity,0.06515412385009915,unconstrained,38.56620421163472
9,1,missing__touch_active_hour_count,-0.1410658563987923,unconstrained,38.56620421163472
9,1,missing__touch_app_diversity,-0.1410658563987915,unconstrained,38.56620421163472
9,1,missing__touch_click_event_count,-0.1410658563987919,unconstrained,38.56620421163472
9,1,missing__touch_distinct_event_count,-0.14106585639879185,unconstrained,38.56620421163472
9,1,missing__touch_scroll_direction_change_count,-0.14106585639879193,unconstrained,38.56620421163472
9,1,missing__touch_scroll_event_count,-0.14106585639879157,unconstrained,38.56620421163472
9,1,missing__touch_scroll_index_change_median,-0.14106585639879146,unconstrained,38.56620421163472
9,1,missing__touch_unique_app_count,-0.14106585639879177,unconstrained,38.56620421163472
9,2,app_foreground_event_count,0.24682401096218642,>= 0,67.23357536499334
9,2,app_use_diversity,0.7994546460599862,>= 0,67.23357536499334
9,2,unique_foreground_apps,0.2561536102427586,>= 0,67.23357536499334
9,2,gsm_cell_transition_count,0.046000060420137164,>= 0,67.23357536499334
9,2,unique_gsm_cell_count,1.8912838352282406e-11,>= 0,67.23357536499334
9,2,unique_gsm_lac_count,1.733762136904526e-21,>= 0,67.23357536499334
9,2,gsm_neighbor_cell_transition_count,-7.232577940768875e-32,<= 0,67.23357536499334
9,2,unique_gsm_neighbor_cell_count,-0.3187113803022684,<= 0,67.23357536499334
9,2,unique_gsm_neighbor_lac_count,1.681838989164457e-26,>= 0,67.23357536499334
9,2,keyboard_deletion_event_count,-1.5819012613846886e-26,<= 0,67.23357536499334
9,2,keyboard_inter_event_interval_iqr_ms,0.0943653872124984,>= 0,67.23357536499334
9,2,keyboard_long_pause_count_2s,0.13098710205127453,>= 0,67.23357536499334
9,2,keyboard_median_inter_event_interval_ms,-6.554008634953656e-21,<= 0,67.23357536499334
9,2,keyboard_median_word_completion_time_ms,-0.45832579599328227,<= 0,67.23357536499334
9,2,keyboard_typing_burst_count,-1.6777799377322653e-27,<= 0,67.23357536499334
9,2,message_distinct_event_count,2.241146563754767e-26,>= 0,67.23357536499334
9,2,activity_active_hour_count,1.1037309101616266e-26,>= 0,67.23357536499334
9,2,activity_state_diversity,5.168351583883154e-23,>= 0,67.23357536499334
9,2,activity_still_fraction,-0.20808107724908664,<= 0,67.23357536499334
9,2,activity_transition_count,0.1129345816517955,>= 0,67.23357536499334
9,2,activity_unknown_fraction,0.4721934257760212,>= 0,67.23357536499334
9,2,median_unlocked_session_duration_seconds,1.297307033551248e-30,>= 0,67.23357536499334
9,2,screen_active_hour_count,1.774321290135111e-23,>= 0,67.23357536499334
9,2,screen_event_count,0.07516387496298922,>= 0,67.23357536499334
9,2,screen_off_event_count,6.725451999521835e-21,>= 0,67.23357536499334
9,2,screen_on_event_count,0.13457174410360168,>= 0,67.23357536499334
9,2,screen_transition_count,0.004340894180256253,>= 0,67.23357536499334
9,2,screen_unlock_event_count,0.3185010109494737,>= 0,67.23357536499334
9,2,telephony_event_count,0.7754053328421083,>= 0,67.23357536499334
9,2,telephony_mobile_data_enabled_fraction,-0.6243885434574892,<= 0,67.23357536499334
9,2,telephony_network_type_diversity,0.16309795948081895,>= 0,67.23357536499334
9,2,touch_active_hour_count,0.10632738110436926,>= 0,67.23357536499334
9,2,touch_app_diversity,1.0620601961414243e-25,>= 0,67.23357536499334
9,2,touch_click_event_count,0.19433527450188723,>= 0,67.23357536499334
9,2,touch_distinct_event_count,-6.37108754596064e-40,<= 0,67.23357536499334
9,2,touch_scroll_direction_change_count,0.011333120224617204,>= 0,67.23357536499334
9,2,touch_scroll_event_count,-2.470695229127607e-33,<= 0,67.23357536499334
9,2,touch_scroll_index_change_median,-2.8065728784451883e-25,<= 0,67.23357536499334
9,2,touch_unique_app_count,1.4874797880064612e-23,>= 0,67.23357536499334
9,2,missing__app_foreground_event_count,0.1677252459169766,unconstrained,67.23357536499334
9,2,missing__app_use_diversity,0.1677252459169767,unconstrained,67.23357536499334
9,2,missing__unique_foreground_apps,0.16772524591697668,unconstrained,67.23357536499334
9,2,missing__gsm_cell_transition_count,0.11467559440277529,unconstrained,67.23357536499334
9,2,missing__unique_gsm_cell_count,0.11467559440277549,unconstrained,67.23357536499334
9,2,missing__unique_gsm_lac_count,0.11467559440277546,unconstrained,67.23357536499334
9,2,missing__gsm_neighbor_cell_transition_count,0.07552733706926949,unconstrained,67.23357536499334
9,2,missing__unique_gsm_neighbor_cell_count,0.07552733706926955,unconstrained,67.23357536499334
9,2,missing__unique_gsm_neighbor_lac_count,0.0755273370692696,unconstrained,67.23357536499334
9,2,missing__keyboard_deletion_event_count,-0.2619108161826025,unconstrained,67.23357536499334
9,2,missing__keyboard_inter_event_interval_iqr_ms,-0.2619108161826025,unconstrained,67.23357536499334
9,2,missing__keyboard_long_pause_count_2s,-0.2619108161826024,unconstrained,67.23357536499334
9,2,missing__keyboard_median_inter_event_interval_ms,-0.26191081618260253,unconstrained,67.23357536499334
9,2,missing__keyboard_median_word_completion_time_ms,0.052549142555120824,unconstrained,67.23357536499334
9,2,missing__keyboard_typing_burst_count,-0.26191081618260215,unconstrained,67.23357536499334
9,2,missing__message_distinct_event_count,0.11723756649489935,unconstrained,67.23357536499334
9,2,missing__activity_active_hour_count,0.11467559440277539,unconstrained,67.23357536499334
9,2,missing__activity_state_diversity,0.11467559440277528,unconstrained,67.23357536499334
9,2,missing__activity_still_fraction,0.11467559440277537,unconstrained,67.23357536499334
9,2,missing__activity_transition_count,0.11467559440277539,unconstrained,67.23357536499334
9,2,missing__activity_unknown_fraction,0.11467559440277544,unconstrained,67.23357536499334
9,2,missing__median_unlocked_session_duration_seconds,0.0875335459938226,unconstrained,67.23357536499334
9,2,missing__screen_active_hour_count,0.2052104969682161,unconstrained,67.23357536499334
9,2,missing__screen_event_count,0.20521049696821647,unconstrained,67.23357536499334
9,2,missing__screen_off_event_count,0.2052104969682164,unconstrained,67.23357536499334
9,2,missing__screen_on_event_count,0.20521049696821633,unconstrained,67.23357536499334
9,2,missing__screen_transition_count,0.20521049696821647,unconstrained,67.23357536499334
9,2,missing__screen_unlock_event_count,0.2052104969682162,unconstrained,67.23357536499334
9,2,missing__telephony_event_count,0.11467559440277529,unconstrained,67.23357536499334
9,2,missing__telephony_mobile_data_enabled_fraction,0.11467559440277533,unconstrained,67.23357536499334
9,2,missing__telephony_network_type_diversity,0.11467559440277561,unconstrained,67.23357536499334
9,2,missing__touch_active_hour_count,-0.23503864249793513,unconstrained,67.23357536499334
9,2,missing__touch_app_diversity,-0.23503864249793543,unconstrained,67.23357536499334
9,2,missing__touch_click_event_count,-0.23503864249793527,unconstrained,67.23357536499334
9,2,missing__touch_distinct_event_count,-0.2350386424979351,unconstrained,67.23357536499334
9,2,missing__touch_scroll_direction_change_count,0.3802029768202671,unconstrained,67.23357536499334
9,2,missing__touch_scroll_event_count,-0.23503864249793507,unconstrained,67.23357536499334
9,2,missing__touch_scroll_index_change_median,0.38020297682026655,unconstrained,67.23357536499334
9,2,missing__touch_unique_app_count,-0.23503864249793535,unconstrained,67.23357536499334
9,3,app_foreground_event_count,0.007464486327947011,>= 0,10000.0
9,3,app_use_diversity,0.0033793404163619313,>= 0,10000.0
9,3,unique_foreground_apps,0.0014672536720421157,>= 0,10000.0
9,3,gsm_cell_transition_count,0.0001807243123370364,>= 0,10000.0
9,3,unique_gsm_cell_count,0.0014193894595629026,>= 0,10000.0
9,3,unique_gsm_lac_count,3.904472795823143e-20,>= 0,10000.0
9,3,gsm_neighbor_cell_transition_count,-0.0016794203551516432,<= 0,10000.0
9,3,unique_gsm_neighbor_cell_count,1.4364823218710091e-43,>= 0,10000.0
9,3,unique_gsm_neighbor_lac_count,2.25024689210615e-43,>= 0,10000.0
9,3,keyboard_deletion_event_count,-2.631166677957747e-33,<= 0,10000.0
9,3,keyboard_inter_event_interval_iqr_ms,-0.0013832272417553767,<= 0,10000.0
9,3,keyboard_long_pause_count_2s,-3.2788069484475256e-35,<= 0,10000.0
9,3,keyboard_median_inter_event_interval_ms,-1.0296839506993567e-23,<= 0,10000.0
9,3,keyboard_median_word_completion_time_ms,-1.425203952331116e-35,<= 0,10000.0
9,3,keyboard_typing_burst_count,-1.1225728673079053e-40,<= 0,10000.0
9,3,message_distinct_event_count,-9.192421355487131e-36,<= 0,10000.0
9,3,activity_active_hour_count,0.0013257639448928007,>= 0,10000.0
9,3,activity_state_diversity,-0.003292689287949292,<= 0,10000.0
9,3,activity_still_fraction,0.0034661986283219255,>= 0,10000.0
9,3,activity_transition_count,5.853530233536817e-37,>= 0,10000.0
9,3,activity_unknown_fraction,-0.003823951094110083,<= 0,10000.0
9,3,median_unlocked_session_duration_seconds,-3.809195495080259e-05,<= 0,10000.0
9,3,night_screen_event_count,3.749614170264006e-38,>= 0,10000.0
9,3,screen_active_hour_count,-2.361709119106628e-19,<= 0,10000.0
9,3,screen_event_count,0.002663287583348347,>= 0,10000.0
9,3,screen_off_event_count,0.002614674376360023,>= 0,10000.0
9,3,screen_on_event_count,0.003130992369235617,>= 0,10000.0
9,3,screen_transition_count,-1.2359318495695852e-34,<= 0,10000.0
9,3,screen_unlock_event_count,0.005920316347731094,>= 0,10000.0
9,3,telephony_event_count,0.0010159131927933,>= 0,10000.0
9,3,telephony_mobile_data_enabled_fraction,-0.011156127109745976,<= 0,10000.0
9,3,telephony_network_type_diversity,0.005906659486494352,>= 0,10000.0
9,3,touch_active_hour_count,0.0016877879069935164,>= 0,10000.0
9,3,touch_app_diversity,1.4675586176230737e-30,>= 0,10000.0
9,3,touch_click_event_count,-6.346445011399305e-43,<= 0,10000.0
9,3,touch_distinct_event_count,-2.4109219226979346e-39,<= 0,10000.0
9,3,touch_scroll_direction_change_count,-3.390608435754518e-35,<= 0,10000.0
9,3,touch_scroll_event_count,-4.4813468262417754e-38,<= 0,10000.0
9,3,touch_scroll_index_change_median,0.0038037096297820114,>= 0,10000.0
9,3,touch_unique_app_count,-0.0006848208697077433,<= 0,10000.0
9,3,missing__app_foreground_event_count,-0.0007409002992526783,unconstrained,10000.0
9,3,missing__app_use_diversity,-0.0007409002992526698,unconstrained,10000.0
9,3,missing__unique_foreground_apps,-0.0007409002992526671,unconstrained,10000.0
9,3,missing__gsm_cell_transition_count,0.007941957142259029,unconstrained,10000.0
9,3,missing__unique_gsm_cell_count,0.007941957142259032,unconstrained,10000.0
9,3,missing__unique_gsm_lac_count,0.007941957142259034,unconstrained,10000.0
9,3,missing__gsm_neighbor_cell_transition_count,0.0009808206503137424,unconstrained,10000.0
9,3,missing__unique_gsm_neighbor_cell_count,0.000980820650313739,unconstrained,10000.0
9,3,missing__unique_gsm_neighbor_lac_count,0.0009808206503137404,unconstrained,10000.0
9,3,missing__keyboard_deletion_event_count,-0.004814908533777491,unconstrained,10000.0
9,3,missing__keyboard_inter_event_interval_iqr_ms,-0.004814908533777488,unconstrained,10000.0
9,3,missing__keyboard_long_pause_count_2s,-0.004814908533777477,unconstrained,10000.0
9,3,missing__keyboard_median_inter_event_interval_ms,-0.00481490853377749,unconstrained,10000.0
9,3,missing__keyboard_median_word_completion_time_ms,0.0011375795966779797,unconstrained,10000.0
9,3,missing__keyboard_typing_burst_count,-0.004814908533777488,unconstrained,10000.0
9,3,missing__message_distinct_event_count,0.01021234620591371,unconstrained,10000.0
9,3,missing__activity_active_hour_count,0.007941957142259029,unconstrained,10000.0
9,3,missing__activity_state_diversity,0.00794195714225901,unconstrained,10000.0
9,3,missing__activity_still_fraction,0.007941957142259023,unconstrained,10000.0
9,3,missing__activity_transition_count,0.00794195714225903,unconstrained,10000.0
9,3,missing__activity_unknown_fraction,0.007941957142259025,unconstrained,10000.0
9,3,missing__median_unlocked_session_duration_seconds,0.007484172354364982,unconstrained,10000.0
9,3,missing__night_screen_event_count,0.008718039529099749,unconstrained,10000.0
9,3,missing__screen_active_hour_count,0.008718039529099749,unconstrained,10000.0
9,3,missing__screen_event_count,0.008718039529099752,unconstrained,10000.0
9,3,missing__screen_off_event_count,0.00871803952909975,unconstrained,10000.0
9,3,missing__screen_on_event_count,0.008718039529099738,unconstrained,10000.0
9,3,missing__screen_transition_count,0.008718039529099749,unconstrained,10000.0
9,3,missing__screen_unlock_event_count,0.008718039529099749,unconstrained,10000.0
9,3,missing__telephony_event_count,0.007941957142259018,unconstrained,10000.0
9,3,missing__telephony_mobile_data_enabled_fraction,0.007941957142259032,unconstrained,10000.0
9,3,missing__telephony_network_type_diversity,0.007941957142259027,unconstrained,10000.0
9,3,missing__touch_active_hour_count,-0.0010213338257967284,unconstrained,10000.0
9,3,missing__touch_app_diversity,-0.001021333825796721,unconstrained,10000.0
9,3,missing__touch_click_event_count,-0.00102133382579673,unconstrained,10000.0
9,3,missing__touch_distinct_event_count,-0.0010213338257967328,unconstrained,10000.0
9,3,missing__touch_scroll_direction_change_count,0.0021504863497389453,unconstrained,10000.0
9,3,missing__touch_scroll_event_count,-0.0010213338257967315,unconstrained,10000.0
9,3,missing__touch_scroll_index_change_median,0.0021504863497389406,unconstrained,10000.0
9,3,missing__touch_unique_app_count,-0.0010213338257967304,unconstrained,10000.0
9,4,app_foreground_event_count,0.62329907051753,>= 0,38.56620421163472
9,4,app_use_diversity,0.8352373998123576,>= 0,38.56620421163472
9,4,unique_foreground_apps,0.6789106311724241,>= 0,38.56620421163472
9,4,gsm_cell_transition_count,-0.347636406573202,<= 0,38.56620421163472
9,4,unique_gsm_cell_count,0.46546127472207693,>= 0,38.56620421163472
9,4,unique_gsm_lac_count,0.004531159848142858,>= 0,38.56620421163472
9,4,gsm_neighbor_cell_transition_count,-8.222104521066918e-33,<= 0,38.56620421163472
9,4,unique_gsm_neighbor_cell_count,-0.8007524684634029,<= 0,38.56620421163472
9,4,unique_gsm_neighbor_lac_count,-1.0488362879863486,<= 0,38.56620421163472
9,4,keyboard_deletion_event_count,0.8043180355953803,>= 0,38.56620421163472
9,4,keyboard_inter_event_interval_iqr_ms,-0.1985751195472598,<= 0,38.56620421163472
9,4,keyboard_long_pause_count_2s,0.7272549933449113,>= 0,38.56620421163472
9,4,keyboard_median_inter_event_interval_ms,-0.3868441615367632,<= 0,38.56620421163472
9,4,keyboard_median_word_completion_time_ms,-6.116549966527016e-32,<= 0,38.56620421163472
9,4,keyboard_typing_burst_count,-0.37238806391384843,<= 0,38.56620421163472
9,4,message_distinct_event_count,-0.7718979214635062,<= 0,38.56620421163472
9,4,activity_active_hour_count,1.2090479740940054e-42,>= 0,38.56620421163472
9,4,activity_state_diversity,7.089680950635709e-24,>= 0,38.56620421163472
9,4,activity_still_fraction,-0.09688866491592919,<= 0,38.56620421163472
9,4,activity_transition_count,-9.011032962846488e-34,<= 0,38.56620421163472
9,4,activity_unknown_fraction,0.2068902082198684,>= 0,38.56620421163472
9,4,median_unlocked_session_duration_seconds,7.398067001764163e-32,>= 0,38.56620421163472
9,4,night_screen_event_count,-0.3838693267687325,<= 0,38.56620421163472
9,4,screen_active_hour_count,-0.35228842918766,<= 0,38.56620421163472
9,4,screen_event_count,0.05970915888566001,>= 0,38.56620421163472
9,4,screen_off_event_count,0.03284161822711701,>= 0,38.56620421163472
9,4,screen_on_event_count,0.10549077026171187,>= 0,38.56620421163472
9,4,screen_transition_count,-0.185658753387845,<= 0,38.56620421163472
9,4,screen_unlock_event_count,0.5407829687236018,>= 0,38.56620421163472
9,4,telephony_event_count,0.11561288753536964,>= 0,38.56620421163472
9,4,telephony_mobile_data_enabled_fraction,-1.2561285416783639,<= 0,38.56620421163472
9,4,telephony_network_type_diversity,0.31273985923811143,>= 0,38.56620421163472
9,4,touch_active_hour_count,-0.21675525911318463,<= 0,38.56620421163472
9,4,touch_app_diversity,0.04051612219385396,>= 0,38.56620421163472
9,4,touch_click_event_count,0.5301697529414671,>= 0,38.56620421163472
9,4,touch_distinct_event_count,-1.0506929805896049e-23,<= 0,38.56620421163472
9,4,touch_scroll_direction_change_count,-1.8197569024025058e-20,<= 0,38.56620421163472
9,4,touch_scroll_event_count,-6.239320350031445e-15,<= 0,38.56620421163472
9,4,touch_scroll_index_change_median,0.1455069301381056,>= 0,38.56620421163472
9,4,touch_unique_app_count,-0.015925663791207634,<= 0,38.56620421163472
9,4,missing__app_foreground_event_count,-0.10678271561731596,unconstrained,38.56620421163472
9,4,missing__app_use_diversity,-0.10678271561731618,unconstrained,38.56620421163472
9,4,missing__unique_foreground_apps,-0.10678271561731645,unconstrained,38.56620421163472
9,4,missing__gsm_cell_transition_count,0.09548550181618924,unconstrained,38.56620421163472
9,4,missing__unique_gsm_cell_count,0.09548550181618899,unconstrained,38.56620421163472
9,4,missing__unique_gsm_lac_count,0.09548550181618949,unconstrained,38.56620421163472
9,4,missing__gsm_neighbor_cell_transition_count,0.3032420014301664,unconstrained,38.56620421163472
9,4,missing__unique_gsm_neighbor_cell_count,0.30324200143016616,unconstrained,38.56620421163472
9,4,missing__unique_gsm_neighbor_lac_count,0.3032420014301658,unconstrained,38.56620421163472
9,4,missing__keyboard_deletion_event_count,-0.23223317075161762,unconstrained,38.56620421163472
9,4,missing__keyboard_inter_event_interval_iqr_ms,-0.2322331707516173,unconstrained,38.56620421163472
9,4,missing__keyboard_long_pause_count_2s,-0.23223317075161728,unconstrained,38.56620421163472
9,4,missing__keyboard_median_inter_event_interval_ms,-0.23223317075161737,unconstrained,38.56620421163472
9,4,missing__keyboard_median_word_completion_time_ms,0.37824404097107567,unconstrained,38.56620421163472
9,4,missing__keyboard_typing_burst_count,-0.2322331707516171,unconstrained,38.56620421163472
9,4,missing__message_distinct_event_count,0.6563022255720825,unconstrained,38.56620421163472
9,4,missing__activity_active_hour_count,0.09548550181618917,unconstrained,38.56620421163472
9,4,missing__activity_state_diversity,0.09548550181618978,unconstrained,38.56620421163472
9,4,missing__activity_still_fraction,0.09548550181618923,unconstrained,38.56620421163472
9,4,missing__activity_transition_count,0.09548550181618956,unconstrained,38.56620421163472
9,4,missing__activity_unknown_fraction,0.0954855018161894,unconstrained,38.56620421163472
9,4,missing__median_unlocked_session_duration_seconds,0.09548550181618926,unconstrained,38.56620421163472
9,4,missing__night_screen_event_count,0.0954855018161893,unconstrained,38.56620421163472
9,4,missing__screen_active_hour_count,0.09548550181618946,unconstrained,38.56620421163472
9,4,missing__screen_event_count,0.09548550181618928,unconstrained,38.56620421163472
9,4,missing__screen_off_event_count,0.09548550181618932,unconstrained,38.56620421163472
9,4,missing__screen_on_event_count,0.09548550181618923,unconstrained,38.56620421163472
9,4,missing__screen_transition_count,0.09548550181618938,unconstrained,38.56620421163472
9,4,missing__screen_unlock_event_count,0.09548550181618937,unconstrained,38.56620421163472
9,4,missing__telephony_event_count,0.09548550181618932,unconstrained,38.56620421163472
9,4,missing__telephony_mobile_data_enabled_fraction,0.09548550181618945,unconstrained,38.56620421163472
9,4,missing__telephony_network_type_diversity,0.0954855018161894,unconstrained,38.56620421163472
9,4,missing__touch_active_hour_count,-0.28161210493922356,unconstrained,38.56620421163472
9,4,missing__touch_app_diversity,-0.2816121049392234,unconstrained,38.56620421163472
9,4,missing__touch_click_event_count,-0.28161210493922345,unconstrained,38.56620421163472
9,4,missing__touch_distinct_event_count,-0.28161210493922406,unconstrained,38.56620421163472
9,4,missing__touch_scroll_direction_change_count,0.5042992912274208,unconstrained,38.56620421163472
9,4,missing__touch_scroll_event_count,-0.28161210493922356,unconstrained,38.56620421163472
9,4,missing__touch_scroll_index_change_median,0.5042992912274209,unconstrained,38.56620421163472
9,4,missing__touch_unique_app_count,-0.2816121049392235,unconstrained,38.56620421163472
9,5,app_foreground_event_count,0.0071703044043764964,>= 0,10000.0
9,5,app_use_diversity,0.015654032971017938,>= 0,10000.0
9,5,unique_foreground_apps,0.008266293718669446,>= 0,10000.0
9,5,gsm_cell_transition_count,2.4583984252742296e-40,>= 0,10000.0
9,5,unique_gsm_cell_count,7.819999498176352e-28,>= 0,10000.0
9,5,unique_gsm_lac_count,-0.0036901675023654416,<= 0,10000.0
9,5,gsm_neighbor_cell_transition_count,-0.0001173828665534765,<= 0,10000.0
9,5,unique_gsm_neighbor_cell_count,-0.014750071401059495,<= 0,10000.0
9,5,unique_gsm_neighbor_lac_count,-0.017541242352389935,<= 0,10000.0
9,5,keyboard_deletion_event_count,-1.457004308175607e-29,<= 0,10000.0
9,5,keyboard_inter_event_interval_iqr_ms,-0.007925011245826548,<= 0,10000.0
9,5,keyboard_long_pause_count_2s,0.002551423792863166,>= 0,10000.0
9,5,keyboard_median_inter_event_interval_ms,-0.002463860631539373,<= 0,10000.0
9,5,keyboard_median_word_completion_time_ms,-5.940524293284847e-11,<= 0,10000.0
9,5,keyboard_typing_burst_count,-1.1971575471041234e-24,<= 0,10000.0
9,5,message_distinct_event_count,-0.006982841808923079,<= 0,10000.0
9,5,activity_active_hour_count,0.004432745662960807,>= 0,10000.0
9,5,activity_state_diversity,0.0005056123856779235,>= 0,10000.0
9,5,activity_still_fraction,-2.2496851332371964e-26,<= 0,10000.0
9,5,activity_transition_count,1.0809877591769268e-19,>= 0,10000.0
9,5,activity_unknown_fraction,-0.0065446363809156865,<= 0,10000.0
9,5,median_unlocked_session_duration_seconds,-1.2265024137198875e-34,<= 0,10000.0
9,5,night_screen_event_count,-0.005838132387392077,<= 0,10000.0
9,5,screen_active_hour_count,-0.004908770360909777,<= 0,10000.0
9,5,screen_event_count,-2.0952060437373477e-30,<= 0,10000.0
9,5,screen_off_event_count,-6.903691626624357e-28,<= 0,10000.0
9,5,screen_on_event_count,-2.9021160989561596e-35,<= 0,10000.0
9,5,screen_transition_count,-0.0027787408672761936,<= 0,10000.0
9,5,screen_unlock_event_count,0.007629155668196222,>= 0,10000.0
9,5,telephony_event_count,9.509161550976895e-35,>= 0,10000.0
9,5,telephony_mobile_data_enabled_fraction,-0.014637029508350365,<= 0,10000.0
9,5,telephony_network_type_diversity,0.0020663650892573486,>= 0,10000.0
9,5,touch_active_hour_count,-1.186810146116772e-26,<= 0,10000.0
9,5,touch_app_diversity,-0.005684311141023429,<= 0,10000.0
9,5,touch_click_event_count,-4.124798516267559e-30,<= 0,10000.0
9,5,touch_distinct_event_count,-1.3492073863848502e-30,<= 0,10000.0
9,5,touch_scroll_direction_change_count,0.003265474086956767,>= 0,10000.0
9,5,touch_scroll_event_count,-1.2111642368637823e-30,<= 0,10000.0
9,5,touch_scroll_index_change_median,0.006896919294691055,>= 0,10000.0
9,5,touch_unique_app_count,-2.7900556234598723e-27,<= 0,10000.0
9,5,missing__app_foreground_event_count,0.0037665523819319455,unconstrained,10000.0
9,5,missing__app_use_diversity,0.003766552381931941,unconstrained,10000.0
9,5,missing__unique_foreground_apps,0.003766552381931941,unconstrained,10000.0
9,5,missing__gsm_cell_transition_count,0.00652212980577179,unconstrained,10000.0
9,5,missing__unique_gsm_cell_count,0.006522129805771795,unconstrained,10000.0
9,5,missing__unique_gsm_lac_count,0.00652212980577179,unconstrained,10000.0
9,5,missing__gsm_neighbor_cell_transition_count,0.005294850278858216,unconstrained,10000.0
9,5,missing__unique_gsm_neighbor_cell_count,0.005294850278858206,unconstrained,10000.0
9,5,missing__unique_gsm_neighbor_lac_count,0.005294850278858211,unconstrained,10000.0
9,5,missing__keyboard_deletion_event_count,-0.005059645873064478,unconstrained,10000.0
9,5,missing__keyboard_inter_event_interval_iqr_ms,-0.005059645873064479,unconstrained,10000.0
9,5,missing__keyboard_long_pause_count_2s,-0.0050596458730644755,unconstrained,10000.0
9,5,missing__keyboard_median_inter_event_interval_ms,-0.005059645873064482,unconstrained,10000.0
9,5,missing__keyboard_median_word_completion_time_ms,-0.004647776139919099,unconstrained,10000.0
9,5,missing__keyboard_typing_burst_count,-0.005059645873064478,unconstrained,10000.0
9,5,missing__message_distinct_event_count,0.003885687662496051,unconstrained,10000.0
9,5,missing__activity_active_hour_count,0.006522129805771795,unconstrained,10000.0
9,5,missing__activity_state_diversity,0.006522129805771788,unconstrained,10000.0
9,5,missing__activity_still_fraction,0.006522129805771774,unconstrained,10000.0
9,5,missing__activity_transition_count,0.006522129805771791,unconstrained,10000.0
9,5,missing__activity_unknown_fraction,0.00652212980577179,unconstrained,10000.0
9,5,missing__median_unlocked_session_duration_seconds,0.0055160002420690775,unconstrained,10000.0
9,5,missing__night_screen_event_count,0.007871654344274759,unconstrained,10000.0
9,5,missing__screen_active_hour_count,0.007871654344274764,unconstrained,10000.0
9,5,missing__screen_event_count,0.007871654344274762,unconstrained,10000.0
9,5,missing__screen_off_event_count,0.007871654344274755,unconstrained,10000.0
9,5,missing__screen_on_event_count,0.007871654344274767,unconstrained,10000.0
9,5,missing__screen_transition_count,0.007871654344274748,unconstrained,10000.0
9,5,missing__screen_unlock_event_count,0.007871654344274752,unconstrained,10000.0
9,5,missing__telephony_event_count,0.0065221298057717945,unconstrained,10000.0
9,5,missing__telephony_mobile_data_enabled_fraction,0.006522129805771794,unconstrained,10000.0
9,5,missing__telephony_network_type_diversity,0.006522129805771789,unconstrained,10000.0
9,5,missing__touch_active_hour_count,-0.0014608649020744359,unconstrained,10000.0
9,5,missing__touch_app_diversity,-0.0014608649020744337,unconstrained,10000.0
9,5,missing__touch_click_event_count,-0.0014608649020744372,unconstrained,10000.0
9,5,missing__touch_distinct_event_count,-0.0014608649020744233,unconstrained,10000.0
9,5,missing__touch_scroll_direction_change_count,0.0007128426745088772,unconstrained,10000.0
9,5,missing__touch_scroll_event_count,-0.0014608649020744343,unconstrained,10000.0
9,5,missing__touch_scroll_index_change_median,0.000712842674508872,unconstrained,10000.0
9,5,missing__touch_unique_app_count,-0.0014608649020744421,unconstrained,10000.0
10,1,app_foreground_event_count,0.03262124225250627,>= 0,1887.3918221350996
10,1,app_use_diversity,0.04230388640103211,>= 0,1887.3918221350996
10,1,unique_foreground_apps,0.02223859425354155,>= 0,1887.3918221350996
10,1,gsm_cell_transition_count,7.13330534129197e-22,>= 0,1887.3918221350996
10,1,unique_gsm_cell_count,0.0029101287766578818,>= 0,1887.3918221350996
10,1,unique_gsm_lac_count,-0.012022738521758421,<= 0,1887.3918221350996
10,1,gsm_neighbor_cell_transition_count,-7.473759938499038e-21,<= 0,1887.3918221350996
10,1,unique_gsm_neighbor_cell_count,-0.058910309982845105,<= 0,1887.3918221350996
10,1,unique_gsm_neighbor_lac_count,4.445810856991872e-29,>= 0,1887.3918221350996
10,1,keyboard_deletion_event_count,-1.939530789128599e-20,<= 0,1887.3918221350996
10,1,keyboard_inter_event_interval_iqr_ms,-0.0226274185841902,<= 0,1887.3918221350996
10,1,keyboard_long_pause_count_2s,-4.030331832746468e-20,<= 0,1887.3918221350996
10,1,keyboard_median_inter_event_interval_ms,-0.018216674120109903,<= 0,1887.3918221350996
10,1,keyboard_median_word_completion_time_ms,0.011001370010701984,>= 0,1887.3918221350996
10,1,keyboard_typing_burst_count,0.009498657268798106,>= 0,1887.3918221350996
10,1,message_distinct_event_count,-4.150910068319692e-13,<= 0,1887.3918221350996
10,1,activity_active_hour_count,2.1489528830969242e-19,>= 0,1887.3918221350996
10,1,activity_state_diversity,0.010211154089619309,>= 0,1887.3918221350996
10,1,activity_still_fraction,-3.1241033709880213e-18,<= 0,1887.3918221350996
10,1,activity_transition_count,2.4160196560756515e-23,>= 0,1887.3918221350996
10,1,activity_unknown_fraction,3.784900325638764e-19,>= 0,1887.3918221350996
10,1,median_unlocked_session_duration_seconds,-1.2350292713955486e-18,<= 0,1887.3918221350996
10,1,night_screen_event_count,-0.04639701677793827,<= 0,1887.3918221350996
10,1,screen_active_hour_count,-0.008167123627310547,<= 0,1887.3918221350996
10,1,screen_event_count,0.015526702657640718,>= 0,1887.3918221350996
10,1,screen_off_event_count,0.010551264554058798,>= 0,1887.3918221350996
10,1,screen_on_event_count,0.01913623823576956,>= 0,1887.3918221350996
10,1,screen_transition_count,-0.003942185840663436,<= 0,1887.3918221350996
10,1,screen_unlock_event_count,0.03220969198780257,>= 0,1887.3918221350996
10,1,telephony_event_count,0.0455207597494063,>= 0,1887.3918221350996
10,1,telephony_mobile_data_enabled_fraction,-0.07566958428139452,<= 0,1887.3918221350996
10,1,telephony_network_type_diversity,0.008833375296072612,>= 0,1887.3918221350996
10,1,touch_active_hour_count,-0.0010545194071428412,<= 0,1887.3918221350996
10,1,touch_app_diversity,1.867152852037588e-38,>= 0,1887.3918221350996
10,1,touch_click_event_count,-1.0200867946565372e-21,<= 0,1887.3918221350996
10,1,touch_distinct_event_count,-5.59877704548256e-21,<= 0,1887.3918221350996
10,1,touch_scroll_direction_change_count,0.010188549334614052,>= 0,1887.3918221350996
10,1,touch_scroll_event_count,-3.9670961656505286e-20,<= 0,1887.3918221350996
10,1,touch_scroll_index_change_median,0.025915556626199578,>= 0,1887.3918221350996
10,1,touch_unique_app_count,0.00460365824101047,>= 0,1887.3918221350996
10,1,missing__app_foreground_event_count,0.027294334769569745,unconstrained,1887.3918221350996
10,1,missing__app_use_diversity,0.02729433476956983,unconstrained,1887.3918221350996
10,1,missing__unique_foreground_apps,0.02729433476956974,unconstrained,1887.3918221350996
10,1,missing__gsm_cell_transition_count,0.012811504812354395,unconstrained,1887.3918221350996
10,1,missing__unique_gsm_cell_count,0.012811504812354418,unconstrained,1887.3918221350996
10,1,missing__unique_gsm_lac_count,0.012811504812354418,unconstrained,1887.3918221350996
10,1,missing__gsm_neighbor_cell_transition_count,0.024988998453415515,unconstrained,1887.3918221350996
10,1,missing__unique_gsm_neighbor_cell_count,0.024988998453415512,unconstrained,1887.3918221350996
10,1,missing__unique_gsm_neighbor_lac_count,0.02498899845341554,unconstrained,1887.3918221350996
10,1,missing__keyboard_deletion_event_count,-0.016764160634249355,unconstrained,1887.3918221350996
10,1,missing__keyboard_inter_event_interval_iqr_ms,-0.016764160634249372,unconstrained,1887.3918221350996
10,1,missing__keyboard_long_pause_count_2s,-0.016764160634249372,unconstrained,1887.3918221350996
10,1,missing__keyboard_median_inter_event_interval_ms,-0.01676416063424934,unconstrained,1887.3918221350996
10,1,missing__keyboard_median_word_completion_time_ms,-0.004843365418563142,unconstrained,1887.3918221350996
10,1,missing__keyboard_typing_burst_count,-0.016764160634249365,unconstrained,1887.3918221350996
10,1,missing__message_distinct_event_count,0.00030434808528002216,unconstrained,1887.3918221350996
10,1,missing__activity_active_hour_count,0.012811504812354414,unconstrained,1887.3918221350996
10,1,missing__activity_state_diversity,0.012811504812354423,unconstrained,1887.3918221350996
10,1,missing__activity_still_fraction,0.012811504812354423,unconstrained,1887.3918221350996
10,1,missing__activity_transition_count,0.0128115048123544,unconstrained,1887.3918221350996
10,1,missing__activity_unknown_fraction,0.012811504812354395,unconstrained,1887.3918221350996
10,1,missing__median_unlocked_session_duration_seconds,0.00905620869993165,unconstrained,1887.3918221350996
10,1,missing__night_screen_event_count,0.01930680678796037,unconstrained,1887.3918221350996
10,1,missing__screen_active_hour_count,0.01930680678796036,unconstrained,1887.3918221350996
10,1,missing__screen_event_count,0.01930680678796037,unconstrained,1887.3918221350996
10,1,missing__screen_off_event_count,0.01930680678796036,unconstrained,1887.3918221350996
10,1,missing__screen_on_event_count,0.019306806787960366,unconstrained,1887.3918221350996
10,1,missing__screen_transition_count,0.019306806787960318,unconstrained,1887.3918221350996
10,1,missing__screen_unlock_event_count,0.019306806787960373,unconstrained,1887.3918221350996
10,1,missing__telephony_event_count,0.012811504812354404,unconstrained,1887.3918221350996
10,1,missing__telephony_mobile_data_enabled_fraction,0.0128115048123544,unconstrained,1887.3918221350996
10,1,missing__telephony_network_type_diversity,0.012811504812354416,unconstrained,1887.3918221350996
10,1,missing__touch_active_hour_count,0.02152701789247892,unconstrained,1887.3918221350996
10,1,missing__touch_app_diversity,0.02152701789247894,unconstrained,1887.3918221350996
10,1,missing__touch_click_event_count,0.021527017892478954,unconstrained,1887.3918221350996
10,1,missing__touch_distinct_event_count,0.021527017892478927,unconstrained,1887.3918221350996
10,1,missing__touch_scroll_direction_change_count,0.033550179571561846,unconstrained,1887.3918221350996
10,1,missing__touch_scroll_event_count,0.021527017892478944,unconstrained,1887.3918221350996
10,1,missing__touch_scroll_index_change_median,0.03355017957156181,unconstrained,1887.3918221350996
10,1,missing__touch_unique_app_count,0.021527017892478923,unconstrained,1887.3918221350996
10,2,app_foreground_event_count,0.008573472616293775,>= 0,10000.0
10,2,app_use_diversity,0.01544693313248012,>= 0,10000.0
10,2,unique_foreground_apps,0.0073118428654901,>= 0,10000.0
10,2,gsm_cell_transition_count,4.528617389281424e-37,>= 0,10000.0
10,2,unique_gsm_cell_count,0.00017407504101491032,>= 0,10000.0
10,2,unique_gsm_lac_count,1.4067507779097466e-33,>= 0,10000.0
10,2,gsm_neighbor_cell_transition_count,-2.1077808238198966e-28,<= 0,10000.0
10,2,unique_gsm_neighbor_cell_count,-0.014440210376877682,<= 0,10000.0
10,2,unique_gsm_neighbor_lac_count,-0.016347612656738484,<= 0,10000.0
10,2,keyboard_deletion_event_count,0.004553741698382367,>= 0,10000.0
10,2,keyboard_inter_event_interval_iqr_ms,-0.0041950934889032334,<= 0,10000.0
10,2,keyboard_long_pause_count_2s,-7.264231046219652e-39,<= 0,10000.0
10,2,keyboard_median_inter_event_interval_ms,-0.0023488266758533755,<= 0,10000.0
10,2,keyboard_median_word_completion_time_ms,-2.1137113592880022e-12,<= 0,10000.0
10,2,keyboard_typing_burst_count,0.0023782089649380645,>= 0,10000.0
10,2,message_distinct_event_count,-0.003994921126569166,<= 0,10000.0
10,2,activity_active_hour_count,5e-324,>= 0,10000.0
10,2,activity_state_diversity,-0.003083295556083503,<= 0,10000.0
10,2,activity_still_fraction,0.0014553688357557815,>= 0,10000.0
10,2,activity_transition_count,-0.0022527314616734373,<= 0,10000.0
10,2,activity_unknown_fraction,-0.0027789862418713847,<= 0,10000.0
10,2,median_unlocked_session_duration_seconds,0.005887782772273182,>= 0,10000.0
10,2,night_screen_event_count,-0.008616416540041609,<= 0,10000.0
10,2,screen_active_hour_count,-0.0029518577816170823,<= 0,10000.0
10,2,screen_event_count,0.0025525652107462947,>= 0,10000.0
10,2,screen_off_event_count,0.0015495136796224455,>= 0,10000.0
10,2,screen_on_event_count,0.003366775896010396,>= 0,10000.0
10,2,screen_transition_count,-0.0015513965681338729,<= 0,10000.0
10,2,screen_unlock_event_count,0.00735305089152901,>= 0,10000.0
10,2,telephony_event_count,0.002520107011399949,>= 0,10000.0
10,2,telephony_mobile_data_enabled_fraction,-0.01546140243781397,<= 0,10000.0
10,2,telephony_network_type_diversity,0.003462330466964285,>= 0,10000.0
10,2,touch_active_hour_count,-3.461000119454285e-48,<= 0,10000.0
10,2,touch_app_diversity,0.00022528320154324605,>= 0,10000.0
10,2,touch_click_event_count,-4.982921591853601e-46,<= 0,10000.0
10,2,touch_distinct_event_count,-1.917046261485401e-42,<= 0,10000.0
10,2,touch_scroll_direction_change_count,0.00371729101847913,>= 0,10000.0
10,2,touch_scroll_event_count,-9.7236591372921e-42,<= 0,10000.0
10,2,touch_scroll_index_change_median,-5.536834314314111e-39,<= 0,10000.0
10,2,touch_unique_app_count,-5.1441706776815285e-48,<= 0,10000.0
10,2,missing__app_foreground_event_count,-0.004395009893847876,unconstrained,10000.0
10,2,missing__app_use_diversity,-0.004395009893847885,unconstrained,10000.0
10,2,missing__unique_foreground_apps,-0.004395009893847873,unconstrained,10000.0
10,2,missing__gsm_cell_transition_count,0.0020730687977586937,unconstrained,10000.0
10,2,missing__unique_gsm_cell_count,0.0020730687977586902,unconstrained,10000.0
10,2,missing__unique_gsm_lac_count,0.0020730687977586755,unconstrained,10000.0
10,2,missing__gsm_neighbor_cell_transition_count,0.0019408753456353085,unconstrained,10000.0
10,2,missing__unique_gsm_neighbor_cell_count,0.0019408753456353028,unconstrained,10000.0
10,2,missing__unique_gsm_neighbor_lac_count,0.0019408753456353364,unconstrained,10000.0
10,2,missing__keyboard_deletion_event_count,-0.00866054447115159,unconstrained,10000.0
10,2,missing__keyboard_inter_event_interval_iqr_ms,-0.008660544471151587,unconstrained,10000.0
10,2,missing__keyboard_long_pause_count_2s,-0.008660544471151582,unconstrained,10000.0
10,2,missing__keyboard_median_inter_event_interval_ms,-0.00866054447115161,unconstrained,10000.0
10,2,missing__keyboard_median_word_completion_time_ms,-0.004486866488236853,unconstrained,10000.0
10,2,missing__keyboard_typing_burst_count,-0.008660544471151582,unconstrained,10000.0
10,2,missing__message_distinct_event_count,0.005312844057517965,unconstrained,10000.0
10,2,missing__activity_active_hour_count,0.002073068797758695,unconstrained,10000.0
10,2,missing__activity_state_diversity,0.002073068797758689,unconstrained,10000.0
10,2,missing__activity_still_fraction,0.0020730687977586924,unconstrained,10000.0
10,2,missing__activity_transition_count,0.002073068797758698,unconstrained,10000.0
10,2,missing__activity_unknown_fraction,0.0020730687977586915,unconstrained,10000.0
10,2,missing__median_unlocked_session_duration_seconds,0.001387700464295206,unconstrained,10000.0
10,2,missing__night_screen_event_count,0.003013757926458755,unconstrained,10000.0
10,2,missing__screen_active_hour_count,0.0030137579264587545,unconstrained,10000.0
10,2,missing__screen_event_count,0.0030137579264587397,unconstrained,10000.0
10,2,missing__screen_off_event_count,0.0030137579264587454,unconstrained,10000.0
10,2,missing__screen_on_event_count,0.003013757926458755,unconstrained,10000.0
10,2,missing__screen_transition_count,0.003013757926458744,unconstrained,10000.0
10,2,missing__screen_unlock_event_count,0.00301375792645875,unconstrained,10000.0
10,2,missing__telephony_event_count,0.002073068797758688,unconstrained,10000.0
10,2,missing__telephony_mobile_data_enabled_fraction,0.0020730687977586946,unconstrained,10000.0
10,2,missing__telephony_network_type_diversity,0.00207306879775869,unconstrained,10000.0
10,2,missing__touch_active_hour_count,-0.008644335909605961,unconstrained,10000.0
10,2,missing__touch_app_diversity,-0.00864433590960598,unconstrained,10000.0
10,2,missing__touch_click_event_count,-0.008644335909605975,unconstrained,10000.0
10,2,missing__touch_distinct_event_count,-0.008644335909605989,unconstrained,10000.0
10,2,missing__touch_scroll_direction_change_count,-0.005754522239749867,unconstrained,10000.0
10,2,missing__touch_scroll_event_count,-0.008644335909605966,unconstrained,10000.0
10,2,missing__touch_scroll_index_change_median,-0.0057545222397498595,unconstrained,10000.0
10,2,missing__touch_unique_app_count,-0.00864433590960596,unconstrained,10000.0
10,3,app_foreground_event_count,0.11891655842217888,>= 0,356.2247890262444
10,3,app_use_diversity,0.2745915016275856,>= 0,356.2247890262444
10,3,unique_foreground_apps,0.15568349005316687,>= 0,356.2247890262444
10,3,gsm_cell_transition_count,0.017070649520978195,>= 0,356.2247890262444
10,3,unique_gsm_cell_count,0.015609248089790962,>= 0,356.2247890262444
10,3,unique_gsm_lac_count,0.0025200952256706046,>= 0,356.2247890262444
10,3,gsm_neighbor_cell_transition_count,-0.04897854647001049,<= 0,356.2247890262444
10,3,unique_gsm_neighbor_cell_count,-0.12379186662352588,<= 0,356.2247890262444
10,3,unique_gsm_neighbor_lac_count,-0.17062927447499132,<= 0,356.2247890262444
10,3,keyboard_deletion_event_count,0.24574658741896674,>= 0,356.2247890262444
10,3,keyboard_inter_event_interval_iqr_ms,-0.006354479314767821,<= 0,356.2247890262444
10,3,keyboard_long_pause_count_2s,0.1259795510995944,>= 0,356.2247890262444
10,3,keyboard_median_inter_event_interval_ms,-0.0013782268843904918,<= 0,356.2247890262444
10,3,keyboard_median_word_completion_time_ms,-0.15402727359042545,<= 0,356.2247890262444
10,3,keyboard_typing_burst_count,-9.084026771428152e-43,<= 0,356.2247890262444
10,3,message_distinct_event_count,5.940699287887817e-26,>= 0,356.2247890262444
10,3,activity_active_hour_count,0.04990333791022085,>= 0,356.2247890262444
10,3,activity_state_diversity,0.02100427517233217,>= 0,356.2247890262444
10,3,activity_still_fraction,-0.09623519760818218,<= 0,356.2247890262444
10,3,activity_transition_count,0.10477858591824557,>= 0,356.2247890262444
10,3,activity_unknown_fraction,0.10105357975053927,>= 0,356.2247890262444
10,3,median_unlocked_session_duration_seconds,0.10347253526971498,>= 0,356.2247890262444
10,3,night_screen_event_count,0.015617494562538081,>= 0,356.2247890262444
10,3,screen_active_hour_count,2.772877641218446e-23,>= 0,356.2247890262444
10,3,screen_event_count,0.10624457920379728,>= 0,356.2247890262444
10,3,screen_off_event_count,0.07520482838856951,>= 0,356.2247890262444
10,3,screen_on_event_count,0.11669627631138248,>= 0,356.2247890262444
10,3,screen_transition_count,7.183329807803943e-22,>= 0,356.2247890262444
10,3,screen_unlock_event_count,0.17492746735637185,>= 0,356.2247890262444
10,3,telephony_event_count,0.04824077726466355,>= 0,356.2247890262444
10,3,telephony_mobile_data_enabled_fraction,-0.1651655867053004,<= 0,356.2247890262444
10,3,telephony_network_type_diversity,0.024236168871821485,>= 0,356.2247890262444
10,3,touch_active_hour_count,0.06133354833317203,>= 0,356.2247890262444
10,3,touch_app_diversity,1.4207020843722663e-20,>= 0,356.2247890262444
10,3,touch_click_event_count,0.08744841397938512,>= 0,356.2247890262444
10,3,touch_distinct_event_count,0.07717934247880709,>= 0,356.2247890262444
10,3,touch_scroll_direction_change_count,0.05169367266794814,>= 0,356.2247890262444
10,3,touch_scroll_event_count,-1.0136343668069046e-43,<= 0,356.2247890262444
10,3,touch_scroll_index_change_median,-2.9508599966319797e-19,<= 0,356.2247890262444
10,3,touch_unique_app_count,0.06833323387564727,>= 0,356.2247890262444
10,3,missing__app_foreground_event_count,-0.00603841234788592,unconstrained,356.2247890262444
10,3,missing__app_use_diversity,-0.006038412347886121,unconstrained,356.2247890262444
10,3,missing__unique_foreground_apps,-0.006038412347886071,unconstrained,356.2247890262444
10,3,missing__gsm_cell_transition_count,0.07607772095630023,unconstrained,356.2247890262444
10,3,missing__unique_gsm_cell_count,0.07607772095630028,unconstrained,356.2247890262444
10,3,missing__unique_gsm_lac_count,0.07607772095630035,unconstrained,356.2247890262444
10,3,missing__gsm_neighbor_cell_transition_count,0.06162251128791796,unconstrained,356.2247890262444
10,3,missing__unique_gsm_neighbor_cell_count,0.06162251128791797,unconstrained,356.2247890262444
10,3,missing__unique_gsm_neighbor_lac_count,0.06162251128791795,unconstrained,356.2247890262444
10,3,missing__keyboard_deletion_event_count,-0.1308017063243637,unconstrained,356.2247890262444
10,3,missing__keyboard_inter_event_interval_iqr_ms,-0.13080170632436364,unconstrained,356.2247890262444
10,3,missing__keyboard_long_pause_count_2s,-0.13080170632436364,unconstrained,356.2247890262444
10,3,missing__keyboard_median_inter_event_interval_ms,-0.1308017063243638,unconstrained,356.2247890262444
10,3,missing__keyboard_median_word_completion_time_ms,-0.07177599958488733,unconstrained,356.2247890262444
10,3,missing__keyboard_typing_burst_count,-0.13080170632436364,unconstrained,356.2247890262444
10,3,missing__message_distinct_event_count,0.10197352246089814,unconstrained,356.2247890262444
10,3,missing__activity_active_hour_count,0.07607772095630025,unconstrained,356.2247890262444
10,3,missing__activity_state_diversity,0.07607772095630035,unconstrained,356.2247890262444
10,3,missing__activity_still_fraction,0.07607772095630026,unconstrained,356.2247890262444
10,3,missing__activity_transition_count,0.07607772095630025,unconstrained,356.2247890262444
10,3,missing__activity_unknown_fraction,0.0760777209563003,unconstrained,356.2247890262444
10,3,missing__median_unlocked_session_duration_seconds,0.06650041931779044,unconstrained,356.2247890262444
10,3,missing__night_screen_event_count,0.09016720942765545,unconstrained,356.2247890262444
10,3,missing__screen_active_hour_count,0.09016720942765541,unconstrained,356.2247890262444
10,3,missing__screen_event_count,0.0901672094276554,unconstrained,356.2247890262444
10,3,missing__screen_off_event_count,0.09016720942765534,unconstrained,356.2247890262444
10,3,missing__screen_on_event_count,0.09016720942765552,unconstrained,356.2247890262444
10,3,missing__screen_transition_count,0.09016720942765541,unconstrained,356.2247890262444
10,3,missing__screen_unlock_event_count,0.09016720942765542,unconstrained,356.2247890262444
10,3,missing__telephony_event_count,0.07607772095630032,unconstrained,356.2247890262444
10,3,missing__telephony_mobile_data_enabled_fraction,0.07607772095630023,unconstrained,356.2247890262444
10,3,missing__telephony_network_type_diversity,0.07607772095630029,unconstrained,356.2247890262444
10,3,missing__touch_active_hour_count,-0.08362985579774887,unconstrained,356.2247890262444
10,3,missing__touch_app_diversity,-0.08362985579774894,unconstrained,356.2247890262444
10,3,missing__touch_click_event_count,-0.08362985579774887,unconstrained,356.2247890262444
10,3,missing__touch_distinct_event_count,-0.08362985579774883,unconstrained,356.2247890262444
10,3,missing__touch_scroll_direction_change_count,-0.03646071220570078,unconstrained,356.2247890262444
10,3,missing__touch_scroll_event_count,-0.08362985579774888,unconstrained,356.2247890262444
10,3,missing__touch_scroll_index_change_median,-0.036460712205700796,unconstrained,356.2247890262444
10,3,missing__touch_unique_app_count,-0.08362985579774888,unconstrained,356.2247890262444
10,4,app_foreground_event_count,0.32868761718606104,>= 0,204.33597178569437
10,4,app_use_diversity,0.2860803584649963,>= 0,204.33597178569437
10,4,unique_foreground_apps,0.18756445830629528,>= 0,204.33597178569437
10,4,call_event_count,-0.18142746768881704,<= 0,204.33597178569437
10,4,incoming_call_count,-1.5009943027351665e-12,<= 0,204.33597178569437
10,4,missed_rejected_blocked_call_count,0.0935515939639815,>= 0,204.33597178569437
10,4,outgoing_call_count,-0.2629284463848553,<= 0,204.33597178569437
10,4,total_call_duration_seconds,-0.030723791706561247,<= 0,204.33597178569437
10,4,gsm_cell_transition_count,3.5020596601533633e-16,>= 0,204.33597178569437
10,4,unique_gsm_cell_count,0.13343010044985068,>= 0,204.33597178569437
10,4,unique_gsm_lac_count,0.034758012399159224,>= 0,204.33597178569437
10,4,gsm_neighbor_cell_transition_count,-1.565380344047511e-27,<= 0,204.33597178569437
10,4,unique_gsm_neighbor_cell_count,-0.3527375220099447,<= 0,204.33597178569437
10,4,unique_gsm_neighbor_lac_count,-0.4607029496740539,<= 0,204.33597178569437
10,4,keyboard_deletion_event_count,-8.072046462690683e-20,<= 0,204.33597178569437
10,4,keyboard_inter_event_interval_iqr_ms,-0.016647952357655985,<= 0,204.33597178569437
10,4,keyboard_long_pause_count_2s,-9.320378806804348e-20,<= 0,204.33597178569437
10,4,keyboard_median_inter_event_interval_ms,-2.680254293891619e-18,<= 0,204.33597178569437
10,4,keyboard_median_word_completion_time_ms,-0.012715076776023425,<= 0,204.33597178569437
10,4,keyboard_typing_burst_count,-4.547520187330896e-19,<= 0,204.33597178569437
10,4,message_distinct_event_count,-0.1708680371623731,<= 0,204.33597178569437
10,4,activity_active_hour_count,0.23568498631585608,>= 0,204.33597178569437
10,4,activity_state_diversity,2.8640504795811555e-20,>= 0,204.33597178569437
10,4,activity_still_fraction,0.1334831234409779,>= 0,204.33597178569437
10,4,activity_transition_count,0.18052867732680145,>= 0,204.33597178569437
10,4,activity_unknown_fraction,-0.08411189580004536,<= 0,204.33597178569437
10,4,median_unlocked_session_duration_seconds,-1.0493698020002453e-31,<= 0,204.33597178569437
10,4,night_screen_event_count,-0.15577546127143171,<= 0,204.33597178569437
10,4,screen_active_hour_count,-0.04975375676112532,<= 0,204.33597178569437
10,4,screen_event_count,0.09574855281360047,>= 0,204.33597178569437
10,4,screen_off_event_count,0.08770037686679064,>= 0,204.33597178569437
10,4,screen_on_event_count,0.09758833909273769,>= 0,204.33597178569437
10,4,screen_transition_count,-0.0030919498387250526,<= 0,204.33597178569437
10,4,screen_unlock_event_count,0.21736569883468881,>= 0,204.33597178569437
10,4,telephony_event_count,0.05252007578079298,>= 0,204.33597178569437
10,4,telephony_mobile_data_enabled_fraction,-0.343211608089031,<= 0,204.33597178569437
10,4,telephony_network_type_diversity,0.2432716716009391,>= 0,204.33597178569437
10,4,touch_active_hour_count,-9.20750677678737e-19,<= 0,204.33597178569437
10,4,touch_app_diversity,4.0801580752122356e-26,>= 0,204.33597178569437
10,4,touch_click_event_count,-1.5828837099227022e-20,<= 0,204.33597178569437
10,4,touch_distinct_event_count,-3.5581696722960736e-20,<= 0,204.33597178569437
10,4,touch_scroll_direction_change_count,-4.2671407556041965e-19,<= 0,204.33597178569437
10,4,touch_scroll_event_count,-5.923068265536404e-20,<= 0,204.33597178569437
10,4,touch_scroll_index_change_median,0.2087200696438103,>= 0,204.33597178569437
10,4,touch_unique_app_count,0.012212415017928267,>= 0,204.33597178569437
10,4,missing__app_foreground_event_count,-0.09212774208073195,unconstrained,204.33597178569437
10,4,missing__app_use_diversity,-0.09212774208073193,unconstrained,204.33597178569437
10,4,missing__unique_foreground_apps,-0.0921277420807319,unconstrained,204.33597178569437
10,4,missing__call_event_count,-0.07980232665606907,unconstrained,204.33597178569437
10,4,missing__incoming_call_count,-0.07980232665606905,unconstrained,204.33597178569437
10,4,missing__missed_rejected_blocked_call_count,-0.07980232665606916,unconstrained,204.33597178569437
10,4,missing__outgoing_call_count,-0.07980232665606896,unconstrained,204.33597178569437
10,4,missing__total_call_duration_seconds,-0.07980232665606908,unconstrained,204.33597178569437
10,4,missing__gsm_cell_transition_count,0.1667439837871303,unconstrained,204.33597178569437
10,4,missing__unique_gsm_cell_count,0.16674398378713037,unconstrained,204.33597178569437
10,4,missing__unique_gsm_lac_count,0.16674398378713046,unconstrained,204.33597178569437
10,4,missing__gsm_neighbor_cell_transition_count,0.08809578767822059,unconstrained,204.33597178569437
10,4,missing__unique_gsm_neighbor_cell_count,0.08809578767822063,unconstrained,204.33597178569437
10,4,missing__unique_gsm_neighbor_lac_count,0.08809578767822059,unconstrained,204.33597178569437
10,4,missing__keyboard_deletion_event_count,-0.22509653823103376,unconstrained,204.33597178569437
10,4,missing__keyboard_inter_event_interval_iqr_ms,-0.22509653823103384,unconstrained,204.33597178569437
10,4,missing__keyboard_long_pause_count_2s,-0.2250965382310339,unconstrained,204.33597178569437
10,4,missing__keyboard_median_inter_event_interval_ms,-0.22509653823103376,unconstrained,204.33597178569437
10,4,missing__keyboard_median_word_completion_time_ms,-0.004204975738763655,unconstrained,204.33597178569437
10,4,missing__keyboard_typing_burst_count,-0.22509653823103373,unconstrained,204.33597178569437
10,4,missing__message_distinct_event_count,0.34888115392368274,unconstrained,204.33597178569437
10,4,missing__activity_active_hour_count,0.16674398378713037,unconstrained,204.33597178569437
10,4,missing__activity_state_diversity,0.16674398378713026,unconstrained,204.33597178569437
10,4,missing__activity_still_fraction,0.1667439837871304,unconstrained,204.33597178569437
10,4,missing__activity_transition_count,0.16674398378713043,unconstrained,204.33597178569437
10,4,missing__activity_unknown_fraction,0.16674398378713037,unconstrained,204.33597178569437
10,4,missing__median_unlocked_session_duration_seconds,0.12667594633198404,unconstrained,204.33597178569437
10,4,missing__night_screen_event_count,0.1667439837871304,unconstrained,204.33597178569437
10,4,missing__screen_active_hour_count,0.16674398378713043,unconstrained,204.33597178569437
10,4,missing__screen_event_count,0.1667439837871304,unconstrained,204.33597178569437
10,4,missing__screen_off_event_count,0.16674398378713032,unconstrained,204.33597178569437
10,4,missing__screen_on_event_count,0.16674398378713043,unconstrained,204.33597178569437
10,4,missing__screen_transition_count,0.16674398378713043,unconstrained,204.33597178569437
10,4,missing__screen_unlock_event_count,0.1667439837871303,unconstrained,204.33597178569437
10,4,missing__telephony_event_count,0.16674398378713035,unconstrained,204.33597178569437
10,4,missing__telephony_mobile_data_enabled_fraction,0.16674398378713026,unconstrained,204.33597178569437
10,4,missing__telephony_network_type_diversity,0.1667439837871304,unconstrained,204.33597178569437
10,4,missing__touch_active_hour_count,-0.1734817593759407,unconstrained,204.33597178569437
10,4,missing__touch_app_diversity,-0.17348175937594068,unconstrained,204.33597178569437
10,4,missing__touch_click_event_count,-0.1734817593759407,unconstrained,204.33597178569437
10,4,missing__touch_distinct_event_count,-0.17348175937594063,unconstrained,204.33597178569437
10,4,missing__touch_scroll_direction_change_count,-0.019216636791887048,unconstrained,204.33597178569437
10,4,missing__touch_scroll_event_count,-0.17348175937594063,unconstrained,204.33597178569437
10,4,missing__touch_scroll_index_change_median,-0.01921663679188729,unconstrained,204.33597178569437
10,4,missing__touch_unique_app_count,-0.17348175937594063,unconstrained,204.33597178569437
10,5,app_foreground_event_count,0.008440678341043253,>= 0,3290.344562312671
10,5,app_use_diversity,0.051099291633519006,>= 0,3290.344562312671
10,5,unique_foreground_apps,0.03002062011378394,>= 0,3290.344562312671
10,5,call_event_count,-0.041447094567568836,<= 0,3290.344562312671
10,5,incoming_call_count,-0.02052881361706293,<= 0,3290.344562312671
10,5,missed_rejected_blocked_call_count,0.001093411638355891,>= 0,3290.344562312671
10,5,outgoing_call_count,-0.040728977850303646,<= 0,3290.344562312671
10,5,total_call_duration_seconds,-0.0074613704895472,<= 0,3290.344562312671
10,5,gsm_cell_transition_count,7.60258232907336e-23,>= 0,3290.344562312671
10,5,unique_gsm_cell_count,0.005787803360350184,>= 0,3290.344562312671
10,5,unique_gsm_lac_count,0.0005956273981076544,>= 0,3290.344562312671
10,5,gsm_neighbor_cell_transition_count,-1.3828677374436776e-33,<= 0,3290.344562312671
10,5,unique_gsm_neighbor_cell_count,6.884964444657509e-36,>= 0,3290.344562312671
10,5,unique_gsm_neighbor_lac_count,1.5583331037188178e-36,>= 0,3290.344562312671
10,5,keyboard_deletion_event_count,-6.913957557353698e-35,<= 0,3290.344562312671
10,5,keyboard_inter_event_interval_iqr_ms,-0.014270495120484701,<= 0,3290.344562312671
10,5,keyboard_long_pause_count_2s,0.011998676553988598,>= 0,3290.344562312671
10,5,keyboard_median_inter_event_interval_ms,-0.010406043361820648,<= 0,3290.344562312671
10,5,keyboard_median_word_completion_time_ms,-2.685343420841984e-25,<= 0,3290.344562312671
10,5,keyboard_typing_burst_count,-1.0634173786068172e-40,<= 0,3290.344562312671
10,5,message_distinct_event_count,-0.011234290224326106,<= 0,3290.344562312671
10,5,activity_active_hour_count,0.002740713479304989,>= 0,3290.344562312671
10,5,activity_state_diversity,-0.002465396222221378,<= 0,3290.344562312671
10,5,activity_still_fraction,0.0049058283168983115,>= 0,3290.344562312671
10,5,activity_transition_count,-0.006506326719897026,<= 0,3290.344562312671
10,5,activity_unknown_fraction,-0.00834371123748359,<= 0,3290.344562312671
10,5,median_unlocked_session_duration_seconds,0.01717164857379551,>= 0,3290.344562312671
10,5,night_screen_event_count,-0.028972725205926267,<= 0,3290.344562312671
10,5,screen_active_hour_count,-0.006338865726764137,<= 0,3290.344562312671
10,5,screen_event_count,-0.003785549823121913,<= 0,3290.344562312671
10,5,screen_off_event_count,-0.006800682423847123,<= 0,3290.344562312671
10,5,screen_on_event_count,0.00013448202132158876,>= 0,3290.344562312671
10,5,screen_transition_count,-0.01384586839944835,<= 0,3290.344562312671
10,5,screen_unlock_event_count,0.014045106235883134,>= 0,3290.344562312671
10,5,telephony_event_count,0.005507794480383838,>= 0,3290.344562312671
10,5,telephony_mobile_data_enabled_fraction,-0.054181219910868966,<= 0,3290.344562312671
10,5,telephony_network_type_diversity,0.010869453448535377,>= 0,3290.344562312671
10,5,touch_active_hour_count,0.012498573111073101,>= 0,3290.344562312671
10,5,touch_app_diversity,0.0012829176926776509,>= 0,3290.344562312671
10,5,touch_click_event_count,-1.9822563423814116e-40,<= 0,3290.344562312671
10,5,touch_distinct_event_count,0.01939458876015891,>= 0,3290.344562312671
10,5,touch_scroll_direction_change_count,-1.3248976132274981e-47,<= 0,3290.344562312671
10,5,touch_scroll_event_count,-2.7835512243623404e-38,<= 0,3290.344562312671
10,5,touch_scroll_index_change_median,0.021784059774350394,>= 0,3290.344562312671
10,5,touch_unique_app_count,0.014330160455828102,>= 0,3290.344562312671
10,5,missing__app_foreground_event_count,0.006363434530796748,unconstrained,3290.344562312671
10,5,missing__app_use_diversity,0.006363434530796708,unconstrained,3290.344562312671
10,5,missing__unique_foreground_apps,0.006363434530796712,unconstrained,3290.344562312671
10,5,missing__call_event_count,-0.0024202092441054355,unconstrained,3290.344562312671
10,5,missing__incoming_call_count,-0.0024202092441053978,unconstrained,3290.344562312671
10,5,missing__missed_rejected_blocked_call_count,-0.0024202092441054264,unconstrained,3290.344562312671
10,5,missing__outgoing_call_count,-0.0024202092441054346,unconstrained,3290.344562312671
10,5,missing__total_call_duration_seconds,-0.0024202092441054177,unconstrained,3290.344562312671
10,5,missing__gsm_cell_transition_count,0.024557249617451177,unconstrained,3290.344562312671
10,5,missing__unique_gsm_cell_count,0.024557249617451177,unconstrained,3290.344562312671
10,5,missing__unique_gsm_lac_count,0.024557249617451177,unconstrained,3290.344562312671
10,5,missing__gsm_neighbor_cell_transition_count,0.007116728931128845,unconstrained,3290.344562312671
10,5,missing__unique_gsm_neighbor_cell_count,0.00711672893112887,unconstrained,3290.344562312671
10,5,missing__unique_gsm_neighbor_lac_count,0.007116728931128855,unconstrained,3290.344562312671
10,5,missing__keyboard_deletion_event_count,-0.019634717375046608,unconstrained,3290.344562312671
10,5,missing__keyboard_inter_event_interval_iqr_ms,-0.01963471737504659,unconstrained,3290.344562312671
10,5,missing__keyboard_long_pause_count_2s,-0.019634717375046618,unconstrained,3290.344562312671
10,5,missing__keyboard_median_inter_event_interval_ms,-0.019634717375046587,unconstrained,3290.344562312671
10,5,missing__keyboard_median_word_completion_time_ms,-0.009675422109856122,unconstrained,3290.344562312671
10,5,missing__keyboard_typing_burst_count,-0.019634717375046594,unconstrained,3290.344562312671
10,5,missing__message_distinct_event_count,0.02612380035184904,unconstrained,3290.344562312671
10,5,missing__activity_active_hour_count,0.024557249617451194,unconstrained,3290.344562312671
10,5,missing__activity_state_diversity,0.02455724961745119,unconstrained,3290.344562312671
10,5,missing__activity_still_fraction,0.02455724961745118,unconstrained,3290.344562312671
10,5,missing__activity_transition_count,0.024557249617451194,unconstrained,3290.344562312671
10,5,missing__activity_unknown_fraction,0.024557249617451177,unconstrained,3290.344562312671
10,5,missing__median_unlocked_session_duration_seconds,0.02455724961745118,unconstrained,3290.344562312671
10,5,missing__night_screen_event_count,0.02802803441022331,unconstrained,3290.344562312671
10,5,missing__screen_active_hour_count,0.028028034410223307,unconstrained,3290.344562312671
10,5,missing__screen_event_count,0.028028034410223297,unconstrained,3290.344562312671
10,5,missing__screen_off_event_count,0.02802803441022329,unconstrained,3290.344562312671
10,5,missing__screen_on_event_count,0.028028034410223307,unconstrained,3290.344562312671
10,5,missing__screen_transition_count,0.028028034410223307,unconstrained,3290.344562312671
10,5,missing__screen_unlock_event_count,0.02802803441022333,unconstrained,3290.344562312671
10,5,missing__telephony_event_count,0.024557249617451208,unconstrained,3290.344562312671
10,5,missing__telephony_mobile_data_enabled_fraction,0.024557249617451208,unconstrained,3290.344562312671
10,5,missing__telephony_network_type_diversity,0.024557249617451135,unconstrained,3290.344562312671
10,5,missing__touch_active_hour_count,-0.006078413124378864,unconstrained,3290.344562312671
10,5,missing__touch_app_diversity,-0.0060784131243789025,unconstrained,3290.344562312671
10,5,missing__touch_click_event_count,-0.006078413124378872,unconstrained,3290.344562312671
10,5,missing__touch_distinct_event_count,-0.006078413124378881,unconstrained,3290.344562312671
10,5,missing__touch_scroll_direction_change_count,0.0025558582787117362,unconstrained,3290.344562312671
10,5,missing__touch_scroll_event_count,-0.006078413124378867,unconstrained,3290.344562312671
10,5,missing__touch_scroll_index_change_median,0.002555858278711755,unconstrained,3290.344562312671
10,5,missing__touch_unique_app_count,-0.006078413124378857,unconstrained,3290.344562312671
11,1,app_foreground_event_count,-3.229832875932139e-37,<= 0,117.21022975334817
11,1,app_use_diversity,0.4505060509666186,>= 0,117.21022975334817
11,1,unique_foreground_apps,0.3397826061542817,>= 0,117.21022975334817
11,1,call_event_count,-0.3693816290252812,<= 0,117.21022975334817
11,1,incoming_call_count,-0.14071497402497138,<= 0,117.21022975334817
11,1,missed_rejected_blocked_call_count,0.063479252115108,>= 0,117.21022975334817
11,1,outgoing_call_count,-0.38027300563074934,<= 0,117.21022975334817
11,1,total_call_duration_seconds,-0.05643000166933267,<= 0,117.21022975334817
11,1,gsm_cell_transition_count,6.862835850031467e-33,>= 0,117.21022975334817
11,1,unique_gsm_cell_count,9.073612792636864e-30,>= 0,117.21022975334817
11,1,unique_gsm_lac_count,8.963129519916815e-30,>= 0,117.21022975334817
11,1,gsm_neighbor_cell_transition_count,-0.08568244059476372,<= 0,117.21022975334817
11,1,unique_gsm_neighbor_cell_count,-0.7354656811497962,<= 0,117.21022975334817
11,1,unique_gsm_neighbor_lac_count,-0.9014849271701867,<= 0,117.21022975334817
11,1,keyboard_deletion_event_count,-3.0659359064325427e-28,<= 0,117.21022975334817
11,1,keyboard_inter_event_interval_iqr_ms,-0.20747226594506785,<= 0,117.21022975334817
11,1,keyboard_long_pause_count_2s,0.16770553652311282,>= 0,117.21022975334817
11,1,keyboard_median_inter_event_interval_ms,-5.422499525682651e-10,<= 0,117.21022975334817
11,1,keyboard_median_word_completion_time_ms,-0.07275988677697601,<= 0,117.21022975334817
11,1,keyboard_typing_burst_count,-1.5007662037392852e-27,<= 0,117.21022975334817
11,1,message_distinct_event_count,5.380416075346648e-28,>= 0,117.21022975334817
11,1,activity_active_hour_count,1.0854793222603907e-20,>= 0,117.21022975334817
11,1,activity_state_diversity,0.06885574261359723,>= 0,117.21022975334817
11,1,activity_still_fraction,1.5281621378552293e-49,>= 0,117.21022975334817
11,1,activity_transition_count,0.03670406141073736,>= 0,117.21022975334817
11,1,activity_unknown_fraction,0.168654117067766,>= 0,117.21022975334817
11,1,median_unlocked_session_duration_seconds,-1.365715243528191e-18,<= 0,117.21022975334817
11,1,night_screen_event_count,-0.16458825830608628,<= 0,117.21022975334817
11,1,screen_active_hour_count,0.09631876352831252,>= 0,117.21022975334817
11,1,screen_event_count,0.18254457053604897,>= 0,117.21022975334817
11,1,screen_off_event_count,-2.4232203681210045e-28,<= 0,117.21022975334817
11,1,screen_on_event_count,0.1876459200151739,>= 0,117.21022975334817
11,1,screen_transition_count,-3.743066992496288e-27,<= 0,117.21022975334817
11,1,screen_unlock_event_count,0.28466381471964897,>= 0,117.21022975334817
11,1,telephony_event_count,0.15791542762535318,>= 0,117.21022975334817
11,1,telephony_mobile_data_enabled_fraction,-0.4888319657416476,<= 0,117.21022975334817
11,1,telephony_network_type_diversity,0.19724346016311786,>= 0,117.21022975334817
11,1,touch_active_hour_count,-6.619519060087348e-24,<= 0,117.21022975334817
11,1,touch_app_diversity,-0.3065925083387786,<= 0,117.21022975334817
11,1,touch_click_event_count,-1.858911389222811e-27,<= 0,117.21022975334817
11,1,touch_distinct_event_count,-1.7255993803908043e-27,<= 0,117.21022975334817
11,1,touch_scroll_direction_change_count,-2.296436234014952e-27,<= 0,117.21022975334817
11,1,touch_scroll_event_count,-1.2334300905536142e-27,<= 0,117.21022975334817
11,1,touch_scroll_index_change_median,0.17985339716807944,>= 0,117.21022975334817
11,1,touch_unique_app_count,-1.9526127348964186e-24,<= 0,117.21022975334817
11,1,missing__app_foreground_event_count,-0.052408137449351085,unconstrained,117.21022975334817
11,1,missing__app_use_diversity,-0.05240813744935095,unconstrained,117.21022975334817
11,1,missing__unique_foreground_apps,-0.052408137449351154,unconstrained,117.21022975334817
11,1,missing__call_event_count,0.005592284931578943,unconstrained,117.21022975334817
11,1,missing__incoming_call_count,0.005592284931578536,unconstrained,117.21022975334817
11,1,missing__missed_rejected_blocked_call_count,0.0055922849315788664,unconstrained,117.21022975334817
11,1,missing__outgoing_call_count,0.005592284931578841,unconstrained,117.21022975334817
11,1,missing__total_call_duration_seconds,0.00559228493157873,unconstrained,117.21022975334817
11,1,missing__gsm_cell_transition_count,0.09946250918415181,unconstrained,117.21022975334817
11,1,missing__unique_gsm_cell_count,0.09946250918415185,unconstrained,117.21022975334817
11,1,missing__unique_gsm_lac_count,0.09946250918415203,unconstrained,117.21022975334817
11,1,missing__gsm_neighbor_cell_transition_count,0.16261941408119465,unconstrained,117.21022975334817
11,1,missing__unique_gsm_neighbor_cell_count,0.16261941408119432,unconstrained,117.21022975334817
11,1,missing__unique_gsm_neighbor_lac_count,0.16261941408119435,unconstrained,117.21022975334817
11,1,missing__keyboard_deletion_event_count,-0.13092723452744362,unconstrained,117.21022975334817
11,1,missing__keyboard_inter_event_interval_iqr_ms,-0.13092723452744434,unconstrained,117.21022975334817
11,1,missing__keyboard_long_pause_count_2s,-0.1309272345274447,unconstrained,117.21022975334817
11,1,missing__keyboard_median_inter_event_interval_ms,-0.13092723452744384,unconstrained,117.21022975334817
11,1,missing__keyboard_median_word_completion_time_ms,-0.048612857099541475,unconstrained,117.21022975334817
11,1,missing__keyboard_typing_burst_count,-0.13092723452744423,unconstrained,117.21022975334817
11,1,missing__message_distinct_event_count,0.25367417663519515,unconstrained,117.21022975334817
11,1,missing__activity_active_hour_count,0.09946250918415196,unconstrained,117.21022975334817
11,1,missing__activity_state_diversity,0.09946250918415184,unconstrained,117.21022975334817
11,1,missing__activity_still_fraction,0.09946250918415168,unconstrained,117.21022975334817
11,1,missing__activity_transition_count,0.09946250918415188,unconstrained,117.21022975334817
11,1,missing__activity_unknown_fraction,0.09946250918415186,unconstrained,117.21022975334817
11,1,missing__median_unlocked_session_duration_seconds,0.031979543588083775,unconstrained,117.21022975334817
11,1,missing__night_screen_event_count,0.17631841092714004,unconstrained,117.21022975334817
11,1,missing__screen_active_hour_count,0.17631841092714015,unconstrained,117.21022975334817
11,1,missing__screen_event_count,0.17631841092714012,unconstrained,117.21022975334817
11,1,missing__screen_off_event_count,0.17631841092714,unconstrained,117.21022975334817
11,1,missing__screen_on_event_count,0.17631841092714004,unconstrained,117.21022975334817
11,1,missing__screen_transition_count,0.17631841092713987,unconstrained,117.21022975334817
11,1,missing__screen_unlock_event_count,0.1763184109271403,unconstrained,117.21022975334817
11,1,missing__telephony_event_count,0.09946250918415168,unconstrained,117.21022975334817
11,1,missing__telephony_mobile_data_enabled_fraction,0.09946250918415186,unconstrained,117.21022975334817
11,1,missing__telephony_network_type_diversity,0.09946250918415177,unconstrained,117.21022975334817
11,1,missing__touch_active_hour_count,-0.18687517753205032,unconstrained,117.21022975334817
11,1,missing__touch_app_diversity,-0.1868751775320508,unconstrained,117.21022975334817
11,1,missing__touch_click_event_count,-0.18687517753205066,unconstrained,117.21022975334817
11,1,missing__touch_distinct_event_count,-0.18687517753205066,unconstrained,117.21022975334817
11,1,missing__touch_scroll_direction_change_count,0.13214170311120524,unconstrained,117.21022975334817
11,1,missing__touch_scroll_event_count,-0.18687517753205063,unconstrained,117.21022975334817
11,1,missing__touch_scroll_index_change_median,0.1321417031112053,unconstrained,117.21022975334817
11,1,missing__touch_unique_app_count,-0.18687517753205035,unconstrained,117.21022975334817
11,2,app_foreground_event_count,0.09586782345122492,>= 0,621.0169418915616
11,2,app_use_diversity,0.22940837315236315,>= 0,621.0169418915616
11,2,unique_foreground_apps,0.13861612118253322,>= 0,621.0169418915616
11,2,gsm_cell_transition_count,0.005705712285464294,>= 0,621.0169418915616
11,2,unique_gsm_cell_count,0.04876093227457055,>= 0,621.0169418915616
11,2,unique_gsm_lac_count,0.02974174614375011,>= 0,621.0169418915616
11,2,gsm_neighbor_cell_transition_count,0.006802787116307183,>= 0,621.0169418915616
11,2,unique_gsm_neighbor_cell_count,-0.19468652467757763,<= 0,621.0169418915616
11,2,unique_gsm_neighbor_lac_count,3.1654291513527603e-47,>= 0,621.0169418915616
11,2,keyboard_deletion_event_count,-8.32191616084777e-51,<= 0,621.0169418915616
11,2,keyboard_inter_event_interval_iqr_ms,-0.03892114040584093,<= 0,621.0169418915616
11,2,keyboard_long_pause_count_2s,0.042526380692941734,>= 0,621.0169418915616
11,2,keyboard_median_inter_event_interval_ms,-0.009244585375163896,<= 0,621.0169418915616
11,2,keyboard_median_word_completion_time_ms,-0.16560642063112005,<= 0,621.0169418915616
11,2,keyboard_typing_burst_count,-1.1172014318166049e-55,<= 0,621.0169418915616
11,2,message_distinct_event_count,-0.053182461535741826,<= 0,621.0169418915616
11,2,activity_active_hour_count,0.03416837433294316,>= 0,621.0169418915616
11,2,activity_state_diversity,-0.013250085765276575,<= 0,621.0169418915616
11,2,activity_still_fraction,-0.014474017374544934,<= 0,621.0169418915616
11,2,activity_transition_count,0.01878758409835233,>= 0,621.0169418915616
11,2,activity_unknown_fraction,2.2397114401042966e-32,>= 0,621.0169418915616
11,2,median_unlocked_session_duration_seconds,0.08357896768817677,>= 0,621.0169418915616
11,2,night_screen_event_count,3.073378620461627e-48,>= 0,621.0169418915616
11,2,screen_active_hour_count,-0.007955432305588674,<= 0,621.0169418915616
11,2,screen_event_count,0.0021896049257419292,>= 0,621.0169418915616
11,2,screen_off_event_count,2.958621222070884e-26,>= 0,621.0169418915616
11,2,screen_on_event_count,0.02150114904073519,>= 0,621.0169418915616
11,2,screen_transition_count,-0.02062478134347974,<= 0,621.0169418915616
11,2,screen_unlock_event_count,0.09940173420584215,>= 0,621.0169418915616
11,2,telephony_event_count,0.0707074085584054,>= 0,621.0169418915616
11,2,telephony_mobile_data_enabled_fraction,-0.22537368093857243,<= 0,621.0169418915616
11,2,telephony_network_type_diversity,0.03347892831386563,>= 0,621.0169418915616
11,2,touch_active_hour_count,0.08031917488585773,>= 0,621.0169418915616
11,2,touch_app_diversity,0.020427631243731165,>= 0,621.0169418915616
11,2,touch_click_event_count,0.09928267689837242,>= 0,621.0169418915616
11,2,touch_distinct_event_count,0.08297134426442465,>= 0,621.0169418915616
11,2,touch_scroll_direction_change_count,-7.698279124198904e-50,<= 0,621.0169418915616
11,2,touch_scroll_event_count,-1.656645561657351e-49,<= 0,621.0169418915616
11,2,touch_scroll_index_change_median,-1.243630309053397e-07,<= 0,621.0169418915616
11,2,touch_unique_app_count,0.07356733224760863,>= 0,621.0169418915616
11,2,missing__app_foreground_event_count,-0.0035186516443714904,unconstrained,621.0169418915616
11,2,missing__app_use_diversity,-0.0035186516443715264,unconstrained,621.0169418915616
11,2,missing__unique_foreground_apps,-0.00351865164437151,unconstrained,621.0169418915616
11,2,missing__gsm_cell_transition_count,0.06718651802008212,unconstrained,621.0169418915616
11,2,missing__unique_gsm_cell_count,0.06718651802008214,unconstrained,621.0169418915616
11,2,missing__unique_gsm_lac_count,0.06718651802008212,unconstrained,621.0169418915616
11,2,missing__gsm_neighbor_cell_transition_count,0.046008940870202825,unconstrained,621.0169418915616
11,2,missing__unique_gsm_neighbor_cell_count,0.04600894087020276,unconstrained,621.0169418915616
11,2,missing__unique_gsm_neighbor_lac_count,0.04600894087020271,unconstrained,621.0169418915616
11,2,missing__keyboard_deletion_event_count,-0.11915842173352434,unconstrained,621.0169418915616
11,2,missing__keyboard_inter_event_interval_iqr_ms,-0.11915842173352448,unconstrained,621.0169418915616
11,2,missing__keyboard_long_pause_count_2s,-0.11915842173352446,unconstrained,621.0169418915616
11,2,missing__keyboard_median_inter_event_interval_ms,-0.11915842173352445,unconstrained,621.0169418915616
11,2,missing__keyboard_median_word_completion_time_ms,-0.04979030400289767,unconstrained,621.0169418915616
11,2,missing__keyboard_typing_burst_count,-0.11915842173352444,unconstrained,621.0169418915616
11,2,missing__message_distinct_event_count,0.07820983573716643,unconstrained,621.0169418915616
11,2,missing__activity_active_hour_count,0.06718651802008213,unconstrained,621.0169418915616
11,2,missing__activity_state_diversity,0.06718651802008213,unconstrained,621.0169418915616
11,2,missing__activity_still_fraction,0.0671865180200822,unconstrained,621.0169418915616
11,2,missing__activity_transition_count,0.06718651802008219,unconstrained,621.0169418915616
11,2,missing__activity_unknown_fraction,0.06718651802008214,unconstrained,621.0169418915616
11,2,missing__median_unlocked_session_duration_seconds,0.05798623800159043,unconstrained,621.0169418915616
11,2,missing__night_screen_event_count,0.0671865180200821,unconstrained,621.0169418915616
11,2,missing__screen_active_hour_count,0.06718651802008214,unconstrained,621.0169418915616
11,2,missing__screen_event_count,0.06718651802008212,unconstrained,621.0169418915616
11,2,missing__screen_off_event_count,0.06718651802008213,unconstrained,621.0169418915616
11,2,missing__screen_on_event_count,0.06718651802008212,unconstrained,621.0169418915616
11,2,missing__screen_transition_count,0.06718651802008212,unconstrained,621.0169418915616
11,2,missing__screen_unlock_event_count,0.06718651802008213,unconstrained,621.0169418915616
11,2,missing__telephony_event_count,0.06718651802008219,unconstrained,621.0169418915616
11,2,missing__telephony_mobile_data_enabled_fraction,0.06718651802008216,unconstrained,621.0169418915616
11,2,missing__telephony_network_type_diversity,0.0671865180200821,unconstrained,621.0169418915616
11,2,missing__touch_active_hour_count,-0.051139782363974845,unconstrained,621.0169418915616
11,2,missing__touch_app_diversity,-0.05113978236397488,unconstrained,621.0169418915616
11,2,missing__touch_click_event_count,-0.051139782363974894,unconstrained,621.0169418915616
11,2,missing__touch_distinct_event_count,-0.05113978236397484,unconstrained,621.0169418915616
11,2,missing__touch_scroll_direction_change_count,-0.02585954853564348,unconstrained,621.0169418915616
11,2,missing__touch_scroll_event_count,-0.05113978236397483,unconstrained,621.0169418915616
11,2,missing__touch_scroll_index_change_median,-0.025859548535643487,unconstrained,621.0169418915616
11,2,missing__touch_unique_app_count,-0.05113978236397492,unconstrained,621.0169418915616
11,3,app_foreground_event_count,0.0056580722097031985,>= 0,10000.0
11,3,app_use_diversity,0.007045513381059852,>= 0,10000.0
11,3,unique_foreground_apps,0.0072578704012047695,>= 0,10000.0
11,3,gsm_cell_transition_count,0.0018975392160776893,>= 0,10000.0
11,3,unique_gsm_cell_count,0.003138071056540869,>= 0,10000.0
11,3,unique_gsm_lac_count,0.0021049805607988217,>= 0,10000.0
11,3,gsm_neighbor_cell_transition_count,-3.1475021578987518e-18,<= 0,10000.0
11,3,unique_gsm_neighbor_cell_count,-2.6036419834280616e-18,<= 0,10000.0
11,3,unique_gsm_neighbor_lac_count,2.9035284303398188e-21,>= 0,10000.0
11,3,keyboard_deletion_event_count,0.0042764235194926534,>= 0,10000.0
11,3,keyboard_inter_event_interval_iqr_ms,-0.002142908493521752,<= 0,10000.0
11,3,keyboard_long_pause_count_2s,0.0030851846652808616,>= 0,10000.0
11,3,keyboard_median_inter_event_interval_ms,-0.002819123418994417,<= 0,10000.0
11,3,keyboard_median_word_completion_time_ms,-3.3728785423840055e-21,<= 0,10000.0
11,3,keyboard_typing_burst_count,0.0027248286191120454,>= 0,10000.0
11,3,message_distinct_event_count,2.3707386993694696e-19,>= 0,10000.0
11,3,activity_active_hour_count,0.002499361055197278,>= 0,10000.0
11,3,activity_state_diversity,0.002677255582898512,>= 0,10000.0
11,3,activity_still_fraction,4.3580516351093625e-18,>= 0,10000.0
11,3,activity_transition_count,-6.174174110185972e-14,<= 0,10000.0
11,3,activity_unknown_fraction,-0.0004972051483143773,<= 0,10000.0
11,3,median_unlocked_session_duration_seconds,-2.711179382940962e-26,<= 0,10000.0
11,3,night_screen_event_count,4.0070209636417006e-22,>= 0,10000.0
11,3,screen_active_hour_count,0.00017421416656688134,>= 0,10000.0
11,3,screen_event_count,0.005189862630854029,>= 0,10000.0
11,3,screen_off_event_count,0.004640433887626165,>= 0,10000.0
11,3,screen_on_event_count,0.0048410097088182145,>= 0,10000.0
11,3,screen_transition_count,-2.960760041046271e-24,<= 0,10000.0
11,3,screen_unlock_event_count,0.005082519911927377,>= 0,10000.0
11,3,telephony_event_count,0.0031082706164754794,>= 0,10000.0
11,3,telephony_mobile_data_enabled_fraction,-0.01350740782600568,<= 0,10000.0
11,3,telephony_network_type_diversity,0.00734162329566941,>= 0,10000.0
11,3,touch_active_hour_count,0.0030896386401679495,>= 0,10000.0
11,3,touch_app_diversity,1.0952277785451384e-22,>= 0,10000.0
11,3,touch_click_event_count,0.005859608930348868,>= 0,10000.0
11,3,touch_distinct_event_count,-2.0799354419356448e-33,<= 0,10000.0
11,3,touch_scroll_direction_change_count,0.0034943396082066833,>= 0,10000.0
11,3,touch_scroll_event_count,-1.0889098002698143e-39,<= 0,10000.0
11,3,touch_scroll_index_change_median,0.005469984558324119,>= 0,10000.0
11,3,touch_unique_app_count,0.005387124484949702,>= 0,10000.0
11,3,missing__app_foreground_event_count,0.0014976522392964526,unconstrained,10000.0
11,3,missing__app_use_diversity,0.0014976522392964162,unconstrained,10000.0
11,3,missing__unique_foreground_apps,0.0014976522392964166,unconstrained,10000.0
11,3,missing__gsm_cell_transition_count,0.0050363766833950345,unconstrained,10000.0
11,3,missing__unique_gsm_cell_count,0.005036376683395039,unconstrained,10000.0
11,3,missing__unique_gsm_lac_count,0.005036376683395043,unconstrained,10000.0
11,3,missing__gsm_neighbor_cell_transition_count,-0.0018000325622842303,unconstrained,10000.0
11,3,missing__unique_gsm_neighbor_cell_count,-0.001800032562284237,unconstrained,10000.0
11,3,missing__unique_gsm_neighbor_lac_count,-0.0018000325622842279,unconstrained,10000.0
11,3,missing__keyboard_deletion_event_count,-0.005351469655751236,unconstrained,10000.0
11,3,missing__keyboard_inter_event_interval_iqr_ms,-0.005351469655751235,unconstrained,10000.0
11,3,missing__keyboard_long_pause_count_2s,-0.005351469655751235,unconstrained,10000.0
11,3,missing__keyboard_median_inter_event_interval_ms,-0.005351469655751234,unconstrained,10000.0
11,3,missing__keyboard_median_word_completion_time_ms,-0.006547425103739216,unconstrained,10000.0
11,3,missing__keyboard_typing_burst_count,-0.0053514696557512365,unconstrained,10000.0
11,3,missing__message_distinct_event_count,0.0032482356680804177,unconstrained,10000.0
11,3,missing__activity_active_hour_count,0.005036376683395038,unconstrained,10000.0
11,3,missing__activity_state_diversity,0.005036376683395042,unconstrained,10000.0
11,3,missing__activity_still_fraction,0.005036376683395045,unconstrained,10000.0
11,3,missing__activity_transition_count,0.005036376683395047,unconstrained,10000.0
11,3,missing__activity_unknown_fraction,0.005036376683395039,unconstrained,10000.0
11,3,missing__median_unlocked_session_duration_seconds,0.004115915442907559,unconstrained,10000.0
11,3,missing__night_screen_event_count,0.006328006991012348,unconstrained,10000.0
11,3,missing__screen_active_hour_count,0.006328006991012347,unconstrained,10000.0
11,3,missing__screen_event_count,0.006328006991012349,unconstrained,10000.0
11,3,missing__screen_off_event_count,0.006328006991012344,unconstrained,10000.0
11,3,missing__screen_on_event_count,0.006328006991012342,unconstrained,10000.0
11,3,missing__screen_transition_count,0.006328006991012348,unconstrained,10000.0
11,3,missing__screen_unlock_event_count,0.006328006991012349,unconstrained,10000.0
11,3,missing__telephony_event_count,0.005036376683395036,unconstrained,10000.0
11,3,missing__telephony_mobile_data_enabled_fraction,0.005036376683395043,unconstrained,10000.0
11,3,missing__telephony_network_type_diversity,0.005036376683395038,unconstrained,10000.0
11,3,missing__touch_active_hour_count,0.0006559615569914395,unconstrained,10000.0
11,3,missing__touch_app_diversity,0.0006559615569914509,unconstrained,10000.0
11,3,missing__touch_click_event_count,0.0006559615569914224,unconstrained,10000.0
11,3,missing__touch_distinct_event_count,0.0006559615569914398,unconstrained,10000.0
11,3,missing__touch_scroll_direction_change_count,0.0028758175076824947,unconstrained,10000.0
11,3,missing__touch_scroll_event_count,0.0006559615569914298,unconstrained,10000.0
11,3,missing__touch_scroll_index_change_median,0.0028758175076825107,unconstrained,10000.0
11,3,missing__touch_unique_app_count,0.000655961556991443,unconstrained,10000.0
11,4,app_foreground_event_count,0.10927912721881815,>= 0,621.0169418915616
11,4,app_use_diversity,0.22300533446661866,>= 0,621.0169418915616
11,4,unique_foreground_apps,0.09708876850277785,>= 0,621.0169418915616
11,4,gsm_cell_transition_count,3.707094656165621e-30,>= 0,621.0169418915616
11,4,unique_gsm_cell_count,0.005236027828313673,>= 0,621.0169418915616
11,4,unique_gsm_lac_count,3.605840393972231e-30,>= 0,621.0169418915616
11,4,gsm_neighbor_cell_transition_count,0.009457730393649843,>= 0,621.0169418915616
11,4,unique_gsm_neighbor_cell_count,2.2825896241061032e-35,>= 0,621.0169418915616
11,4,unique_gsm_neighbor_lac_count,2.033802673239297e-35,>= 0,621.0169418915616
11,4,keyboard_deletion_event_count,-5.3527411808357505e-43,<= 0,621.0169418915616
11,4,keyboard_inter_event_interval_iqr_ms,-0.03927844954180852,<= 0,621.0169418915616
11,4,keyboard_long_pause_count_2s,-1.6361254335417493e-44,<= 0,621.0169418915616
11,4,keyboard_median_inter_event_interval_ms,-0.0425439183063872,<= 0,621.0169418915616
11,4,keyboard_median_word_completion_time_ms,-4.790593580779787e-27,<= 0,621.0169418915616
11,4,keyboard_typing_burst_count,0.047757309111720075,>= 0,621.0169418915616
11,4,message_distinct_event_count,-0.05482943958560922,<= 0,621.0169418915616
11,4,activity_active_hour_count,1.4056209176875678e-23,>= 0,621.0169418915616
11,4,activity_state_diversity,-0.034004595112371756,<= 0,621.0169418915616
11,4,activity_still_fraction,0.061540556329455876,>= 0,621.0169418915616
11,4,activity_transition_count,2.9645231040090295e-27,>= 0,621.0169418915616
11,4,activity_unknown_fraction,-0.07671313196041171,<= 0,621.0169418915616
11,4,median_unlocked_session_duration_seconds,0.07704688917839828,>= 0,621.0169418915616
11,4,screen_active_hour_count,-0.04471344990314703,<= 0,621.0169418915616
11,4,screen_event_count,2.212309625771554e-24,>= 0,621.0169418915616
11,4,screen_off_event_count,3.72407058510449e-28,>= 0,621.0169418915616
11,4,screen_on_event_count,8.777961488888351e-17,>= 0,621.0169418915616
11,4,screen_transition_count,-0.040237633533259945,<= 0,621.0169418915616
11,4,screen_unlock_event_count,0.05876234856475328,>= 0,621.0169418915616
11,4,telephony_event_count,0.043711926316618244,>= 0,621.0169418915616
11,4,telephony_mobile_data_enabled_fraction,-0.1667165465296193,<= 0,621.0169418915616
11,4,telephony_network_type_diversity,0.02103799631653927,>= 0,621.0169418915616
11,4,touch_active_hour_count,-5e-324,<= 0,621.0169418915616
11,4,touch_app_diversity,2.416965158794399e-34,>= 0,621.0169418915616
11,4,touch_click_event_count,0.08283232860621474,>= 0,621.0169418915616
11,4,touch_distinct_event_count,0.08024705896730819,>= 0,621.0169418915616
11,4,touch_scroll_direction_change_count,0.04586923316786936,>= 0,621.0169418915616
11,4,touch_scroll_event_count,-1.9946755330433875e-55,<= 0,621.0169418915616
11,4,touch_scroll_index_change_median,0.08453643287561384,>= 0,621.0169418915616
11,4,touch_unique_app_count,0.01296534338111453,>= 0,621.0169418915616
11,4,missing__app_foreground_event_count,-0.005150754873076222,unconstrained,621.0169418915616
11,4,missing__app_use_diversity,-0.005150754873076109,unconstrained,621.0169418915616
11,4,missing__unique_foreground_apps,-0.005150754873076161,unconstrained,621.0169418915616
11,4,missing__gsm_cell_transition_count,0.05404257675332326,unconstrained,621.0169418915616
11,4,missing__unique_gsm_cell_count,0.05404257675332334,unconstrained,621.0169418915616
11,4,missing__unique_gsm_lac_count,0.05404257675332322,unconstrained,621.0169418915616
11,4,missing__gsm_neighbor_cell_transition_count,0.11373866518087893,unconstrained,621.0169418915616
11,4,missing__unique_gsm_neighbor_cell_count,0.11373866518087893,unconstrained,621.0169418915616
11,4,missing__unique_gsm_neighbor_lac_count,0.11373866518087902,unconstrained,621.0169418915616
11,4,missing__keyboard_deletion_event_count,-0.1373350376864398,unconstrained,621.0169418915616
11,4,missing__keyboard_inter_event_interval_iqr_ms,-0.1373350376864398,unconstrained,621.0169418915616
11,4,missing__keyboard_long_pause_count_2s,-0.13733503768643981,unconstrained,621.0169418915616
11,4,missing__keyboard_median_inter_event_interval_ms,-0.13733503768643976,unconstrained,621.0169418915616
11,4,missing__keyboard_median_word_completion_time_ms,-0.026231151211261235,unconstrained,621.0169418915616
11,4,missing__keyboard_typing_burst_count,-0.13733503768643981,unconstrained,621.0169418915616
11,4,missing__message_distinct_event_count,0.1219317274455457,unconstrained,621.0169418915616
11,4,missing__activity_active_hour_count,0.05404257675332323,unconstrained,621.0169418915616
11,4,missing__activity_state_diversity,0.05404257675332332,unconstrained,621.0169418915616
11,4,missing__activity_still_fraction,0.05404257675332331,unconstrained,621.0169418915616
11,4,missing__activity_transition_count,0.054042576753323295,unconstrained,621.0169418915616
11,4,missing__activity_unknown_fraction,0.05404257675332329,unconstrained,621.0169418915616
11,4,missing__median_unlocked_session_duration_seconds,0.05404257675332325,unconstrained,621.0169418915616
11,4,missing__screen_active_hour_count,0.06577972710538693,unconstrained,621.0169418915616
11,4,missing__screen_event_count,0.06577972710538688,unconstrained,621.0169418915616
11,4,missing__screen_off_event_count,0.06577972710538693,unconstrained,621.0169418915616
11,4,missing__screen_on_event_count,0.06577972710538692,unconstrained,621.0169418915616
11,4,missing__screen_transition_count,0.06577972710538688,unconstrained,621.0169418915616
11,4,missing__screen_unlock_event_count,0.06577972710538695,unconstrained,621.0169418915616
11,4,missing__telephony_event_count,0.05404257675332329,unconstrained,621.0169418915616
11,4,missing__telephony_mobile_data_enabled_fraction,0.05404257675332331,unconstrained,621.0169418915616
11,4,missing__telephony_network_type_diversity,0.05404257675332332,unconstrained,621.0169418915616
11,4,missing__touch_active_hour_count,-0.057317155735394816,unconstrained,621.0169418915616
11,4,missing__touch_app_diversity,-0.05731715573539483,unconstrained,621.0169418915616
11,4,missing__touch_click_event_count,-0.05731715573539483,unconstrained,621.0169418915616
11,4,missing__touch_distinct_event_count,-0.057317155735394865,unconstrained,621.0169418915616
11,4,missing__touch_scroll_direction_change_count,-0.020606502776837822,unconstrained,621.0169418915616
11,4,missing__touch_scroll_event_count,-0.057317155735394816,unconstrained,621.0169418915616
11,4,missing__touch_scroll_index_change_median,-0.020606502776837794,unconstrained,621.0169418915616
11,4,missing__touch_unique_app_count,-0.05731715573539481,unconstrained,621.0169418915616
11,5,app_foreground_event_count,0.009134703688045325,>= 0,10000.0
11,5,app_use_diversity,0.011056655657660909,>= 0,10000.0
11,5,unique_foreground_apps,0.003660788750204546,>= 0,10000.0
11,5,gsm_cell_transition_count,4.648955576165819e-27,>= 0,10000.0
11,5,unique_gsm_cell_count,-6.904051618957063e-16,<= 0,10000.0
11,5,unique_gsm_lac_count,-0.00046478461226760813,<= 0,10000.0
11,5,gsm_neighbor_cell_transition_count,-3.669581843135712e-25,<= 0,10000.0
11,5,unique_gsm_neighbor_cell_count,-0.012816086391313455,<= 0,10000.0
11,5,unique_gsm_neighbor_lac_count,1.5092455007687403e-48,>= 0,10000.0
11,5,keyboard_deletion_event_count,-2.931783107341156e-19,<= 0,10000.0
11,5,keyboard_inter_event_interval_iqr_ms,-0.0031164140184580316,<= 0,10000.0
11,5,keyboard_long_pause_count_2s,-5.491223354691933e-22,<= 0,10000.0
11,5,keyboard_median_inter_event_interval_ms,-0.0030099860066548924,<= 0,10000.0
11,5,keyboard_median_word_completion_time_ms,-3.599216286762692e-28,<= 0,10000.0
11,5,keyboard_typing_burst_count,-1.453649249897278e-17,<= 0,10000.0
11,5,message_distinct_event_count,-0.0036620561235390595,<= 0,10000.0
11,5,activity_active_hour_count,0.00356602074581514,>= 0,10000.0
11,5,activity_state_diversity,8.570636211205145e-17,>= 0,10000.0
11,5,activity_still_fraction,-0.0008699588313867242,<= 0,10000.0
11,5,activity_transition_count,0.00031295861510710767,>= 0,10000.0
11,5,activity_unknown_fraction,0.0021693216131421817,>= 0,10000.0
11,5,median_unlocked_session_duration_seconds,-0.0009496243518095036,<= 0,10000.0
11,5,night_screen_event_count,-0.004745806916335494,<= 0,10000.0
11,5,screen_active_hour_count,-0.006351373316015525,<= 0,10000.0
11,5,screen_event_count,0.007247878143826924,>= 0,10000.0
11,5,screen_off_event_count,0.006167919089212266,>= 0,10000.0
11,5,screen_on_event_count,0.008139857644489332,>= 0,10000.0
11,5,screen_transition_count,-0.0029717200845273263,<= 0,10000.0
11,5,screen_unlock_event_count,0.011152650290906396,>= 0,10000.0
11,5,telephony_event_count,0.005178381012633962,>= 0,10000.0
11,5,telephony_mobile_data_enabled_fraction,-0.013575198018791515,<= 0,10000.0
11,5,telephony_network_type_diversity,0.0016014282825600112,>= 0,10000.0
11,5,touch_active_hour_count,-0.0010741996694861855,<= 0,10000.0
11,5,touch_app_diversity,0.00730468412710397,>= 0,10000.0
11,5,touch_click_event_count,-1.5697291998021708e-20,<= 0,10000.0
11,5,touch_distinct_event_count,-1.3149712258345359e-18,<= 0,10000.0
11,5,touch_scroll_direction_change_count,-6.570709052350838e-17,<= 0,10000.0
11,5,touch_scroll_event_count,-1.0548596697896802e-16,<= 0,10000.0
11,5,touch_scroll_index_change_median,0.005642925519749411,>= 0,10000.0
11,5,touch_unique_app_count,-0.0001877990645856985,<= 0,10000.0
11,5,missing__app_foreground_event_count,0.002708452595163607,unconstrained,10000.0
11,5,missing__app_use_diversity,0.0027084525951636008,unconstrained,10000.0
11,5,missing__unique_foreground_apps,0.002708452595163601,unconstrained,10000.0
11,5,missing__gsm_cell_transition_count,0.008551418251124251,unconstrained,10000.0
11,5,missing__unique_gsm_cell_count,0.00855141825112425,unconstrained,10000.0
11,5,missing__unique_gsm_lac_count,0.008551418251124234,unconstrained,10000.0
11,5,missing__gsm_neighbor_cell_transition_count,0.0021749992758368893,unconstrained,10000.0
11,5,missing__unique_gsm_neighbor_cell_count,0.002174999275836901,unconstrained,10000.0
11,5,missing__unique_gsm_neighbor_lac_count,0.0021749992758368897,unconstrained,10000.0
11,5,missing__keyboard_deletion_event_count,-0.002064670090339316,unconstrained,10000.0
11,5,missing__keyboard_inter_event_interval_iqr_ms,-0.002064670090339327,unconstrained,10000.0
11,5,missing__keyboard_long_pause_count_2s,-0.0020646700903393113,unconstrained,10000.0
11,5,missing__keyboard_median_inter_event_interval_ms,-0.00206467009033931,unconstrained,10000.0
11,5,missing__keyboard_median_word_completion_time_ms,0.003595888077762001,unconstrained,10000.0
11,5,missing__keyboard_typing_burst_count,-0.0020646700903393235,unconstrained,10000.0
11,5,missing__message_distinct_event_count,0.008730712789521533,unconstrained,10000.0
11,5,missing__activity_active_hour_count,0.008551418251124246,unconstrained,10000.0
11,5,missing__activity_state_diversity,0.00855141825112424,unconstrained,10000.0
11,5,missing__activity_still_fraction,0.008551418251124246,unconstrained,10000.0
11,5,missing__activity_transition_count,0.008551418251124248,unconstrained,10000.0
11,5,missing__activity_unknown_fraction,0.008551418251124243,unconstrained,10000.0
11,5,missing__median_unlocked_session_duration_seconds,0.008015082867061988,unconstrained,10000.0
11,5,missing__night_screen_event_count,0.009431879903831146,unconstrained,10000.0
11,5,missing__screen_active_hour_count,0.009431879903831156,unconstrained,10000.0
11,5,missing__screen_event_count,0.009431879903831162,unconstrained,10000.0
11,5,missing__screen_off_event_count,0.009431879903831158,unconstrained,10000.0
11,5,missing__screen_on_event_count,0.00943187990383117,unconstrained,10000.0
11,5,missing__screen_transition_count,0.00943187990383116,unconstrained,10000.0
11,5,missing__screen_unlock_event_count,0.009431879903831162,unconstrained,10000.0
11,5,missing__telephony_event_count,0.008551418251124245,unconstrained,10000.0
11,5,missing__telephony_mobile_data_enabled_fraction,0.008551418251124246,unconstrained,10000.0
11,5,missing__telephony_network_type_diversity,0.008551418251124243,unconstrained,10000.0
11,5,missing__touch_active_hour_count,-0.0012805249389887753,unconstrained,10000.0
11,5,missing__touch_app_diversity,-0.0012805249389887569,unconstrained,10000.0
11,5,missing__touch_click_event_count,-0.0012805249389887623,unconstrained,10000.0
11,5,missing__touch_distinct_event_count,-0.0012805249389887686,unconstrained,10000.0
11,5,missing__touch_scroll_direction_change_count,0.0016660216367187883,unconstrained,10000.0
11,5,missing__touch_scroll_event_count,-0.0012805249389887619,unconstrained,10000.0
11,5,missing__touch_scroll_index_change_median,0.0016660216367187883,unconstrained,10000.0
11,5,missing__touch_unique_app_count,-0.00128052493898877,unconstrained,10000.0
12,1,app_foreground_event_count,0.31216269183104445,>= 0,204.33597178569437
12,1,app_use_diversity,0.40997625060298276,>= 0,204.33597178569437
12,1,unique_foreground_apps,0.28365778786039486,>= 0,204.33597178569437
12,1,call_event_count,-0.20476374130687194,<= 0,204.33597178569437
12,1,incoming_call_count,-0.05810148817473477,<= 0,204.33597178569437
12,1,missed_rejected_blocked_call_count,0.09165834221971886,>= 0,204.33597178569437
12,1,outgoing_call_count,-0.2590576757758289,<= 0,204.33597178569437
12,1,total_call_duration_seconds,-0.04389136881858857,<= 0,204.33597178569437
12,1,gsm_cell_transition_count,0.08794943244588045,>= 0,204.33597178569437
12,1,unique_gsm_cell_count,0.12276920551029732,>= 0,204.33597178569437
12,1,unique_gsm_lac_count,4.316685717460749e-15,>= 0,204.33597178569437
12,1,gsm_neighbor_cell_transition_count,-5e-324,<= 0,204.33597178569437
12,1,unique_gsm_neighbor_cell_count,-0.3903887159731306,<= 0,204.33597178569437
12,1,unique_gsm_neighbor_lac_count,-0.5110306333458329,<= 0,204.33597178569437
12,1,keyboard_deletion_event_count,0.13731641860135035,>= 0,204.33597178569437
12,1,keyboard_inter_event_interval_iqr_ms,-0.3809864894510274,<= 0,204.33597178569437
12,1,keyboard_long_pause_count_2s,0.08707714700432612,>= 0,204.33597178569437
12,1,keyboard_median_inter_event_interval_ms,-0.1725176565514184,<= 0,204.33597178569437
12,1,keyboard_median_word_completion_time_ms,-2.693190543798374e-26,<= 0,204.33597178569437
12,1,keyboard_typing_burst_count,0.05996529526530466,>= 0,204.33597178569437
12,1,message_distinct_event_count,1.1875774667745029e-27,>= 0,204.33597178569437
12,1,activity_active_hour_count,3.82499897773647e-24,>= 0,204.33597178569437
12,1,activity_state_diversity,0.03281740800801125,>= 0,204.33597178569437
12,1,activity_still_fraction,0.013149348127141277,>= 0,204.33597178569437
12,1,activity_transition_count,-1.732008251804326e-23,<= 0,204.33597178569437
12,1,activity_unknown_fraction,-0.11726388770558181,<= 0,204.33597178569437
12,1,median_unlocked_session_duration_seconds,-1.2451896177695467e-29,<= 0,204.33597178569437
12,1,night_screen_event_count,3.554250749293173e-27,>= 0,204.33597178569437
12,1,screen_active_hour_count,-0.08275754967592182,<= 0,204.33597178569437
12,1,screen_event_count,0.06114239435465938,>= 0,204.33597178569437
12,1,screen_off_event_count,0.049219462637507365,>= 0,204.33597178569437
12,1,screen_on_event_count,0.07123568524573601,>= 0,204.33597178569437
12,1,screen_transition_count,-0.02786583047397847,<= 0,204.33597178569437
12,1,screen_unlock_event_count,0.17124365576187958,>= 0,204.33597178569437
12,1,telephony_event_count,0.014259481825545895,>= 0,204.33597178569437
12,1,telephony_mobile_data_enabled_fraction,-0.350046028241867,<= 0,204.33597178569437
12,1,telephony_network_type_diversity,0.11410040306130548,>= 0,204.33597178569437
12,1,touch_active_hour_count,0.0764283110961261,>= 0,204.33597178569437
12,1,touch_app_diversity,2.1355227372590767e-26,>= 0,204.33597178569437
12,1,touch_click_event_count,-7.083067186258282e-29,<= 0,204.33597178569437
12,1,touch_distinct_event_count,-1.760625836516524e-27,<= 0,204.33597178569437
12,1,touch_scroll_direction_change_count,0.08525798585155389,>= 0,204.33597178569437
12,1,touch_scroll_event_count,-6.76508469315678e-27,<= 0,204.33597178569437
12,1,touch_scroll_index_change_median,0.17475615363040306,>= 0,204.33597178569437
12,1,touch_unique_app_count,0.0760870686142598,>= 0,204.33597178569437
12,1,missing__app_foreground_event_count,-0.11670214444186228,unconstrained,204.33597178569437
12,1,missing__app_use_diversity,-0.11670214444186247,unconstrained,204.33597178569437
12,1,missing__unique_foreground_apps,-0.11670214444186243,unconstrained,204.33597178569437
12,1,missing__call_event_count,-0.03736945978560451,unconstrained,204.33597178569437
12,1,missing__incoming_call_count,-0.03736945978560463,unconstrained,204.33597178569437
12,1,missing__missed_rejected_blocked_call_count,-0.037369459785604554,unconstrained,204.33597178569437
12,1,missing__outgoing_call_count,-0.037369459785604534,unconstrained,204.33597178569437
12,1,missing__total_call_duration_seconds,-0.03736945978560444,unconstrained,204.33597178569437
12,1,missing__gsm_cell_transition_count,0.1261785435462772,unconstrained,204.33597178569437
12,1,missing__unique_gsm_cell_count,0.1261785435462771,unconstrained,204.33597178569437
12,1,missing__unique_gsm_lac_count,0.12617854354627728,unconstrained,204.33597178569437
12,1,missing__gsm_neighbor_cell_transition_count,0.05925706762556437,unconstrained,204.33597178569437
12,1,missing__unique_gsm_neighbor_cell_count,0.059257067625564194,unconstrained,204.33597178569437
12,1,missing__unique_gsm_neighbor_lac_count,0.05925706762556427,unconstrained,204.33597178569437
12,1,missing__keyboard_deletion_event_count,-0.1481616732407648,unconstrained,204.33597178569437
12,1,missing__keyboard_inter_event_interval_iqr_ms,-0.14816167324076482,unconstrained,204.33597178569437
12,1,missing__keyboard_long_pause_count_2s,-0.14816167324076496,unconstrained,204.33597178569437
12,1,missing__keyboard_median_inter_event_interval_ms,-0.14816167324076496,unconstrained,204.33597178569437
12,1,missing__keyboard_median_word_completion_time_ms,-0.14106348261408413,unconstrained,204.33597178569437
12,1,missing__keyboard_typing_burst_count,-0.148161673240765,unconstrained,204.33597178569437
12,1,missing__message_distinct_event_count,0.28698621931245866,unconstrained,204.33597178569437
12,1,missing__activity_active_hour_count,0.1261785435462771,unconstrained,204.33597178569437
12,1,missing__activity_state_diversity,0.12617854354627722,unconstrained,204.33597178569437
12,1,missing__activity_still_fraction,0.12617854354627706,unconstrained,204.33597178569437
12,1,missing__activity_transition_count,0.12617854354627714,unconstrained,204.33597178569437
12,1,missing__activity_unknown_fraction,0.12617854354627708,unconstrained,204.33597178569437
12,1,missing__median_unlocked_session_duration_seconds,0.1005089754470575,unconstrained,204.33597178569437
12,1,missing__night_screen_event_count,0.15078091281601058,unconstrained,204.33597178569437
12,1,missing__screen_active_hour_count,0.15078091281601055,unconstrained,204.33597178569437
12,1,missing__screen_event_count,0.15078091281601053,unconstrained,204.33597178569437
12,1,missing__screen_off_event_count,0.15078091281601053,unconstrained,204.33597178569437
12,1,missing__screen_on_event_count,0.1507809128160105,unconstrained,204.33597178569437
12,1,missing__screen_transition_count,0.1507809128160103,unconstrained,204.33597178569437
12,1,missing__screen_unlock_event_count,0.15078091281601047,unconstrained,204.33597178569437
12,1,missing__telephony_event_count,0.12617854354627717,unconstrained,204.33597178569437
12,1,missing__telephony_mobile_data_enabled_fraction,0.12617854354627708,unconstrained,204.33597178569437
12,1,missing__telephony_network_type_diversity,0.126178543546277,unconstrained,204.33597178569437
12,1,missing__touch_active_hour_count,-0.19270582035946165,unconstrained,204.33597178569437
12,1,missing__touch_app_diversity,-0.19270582035946182,unconstrained,204.33597178569437
12,1,missing__touch_click_event_count,-0.19270582035946174,unconstrained,204.33597178569437
12,1,missing__touch_distinct_event_count,-0.19270582035946185,unconstrained,204.33597178569437
12,1,missing__touch_scroll_direction_change_count,0.029776896704991285,unconstrained,204.33597178569437
12,1,missing__touch_scroll_event_count,-0.19270582035946188,unconstrained,204.33597178569437
12,1,missing__touch_scroll_index_change_median,0.02977689670499125,unconstrained,204.33597178569437
12,1,missing__touch_unique_app_count,-0.19270582035946177,unconstrained,204.33597178569437
12,2,app_foreground_event_count,0.5547052438978348,>= 0,38.56620421163472
12,2,app_use_diversity,1.15007336108604,>= 0,38.56620421163472
12,2,unique_foreground_apps,0.5664458981699432,>= 0,38.56620421163472
12,2,gsm_cell_transition_count,7.261185239651517e-30,>= 0,38.56620421163472
12,2,unique_gsm_cell_count,1.9535614496135545e-30,>= 0,38.56620421163472
12,2,unique_gsm_lac_count,3.3552658538585764e-29,>= 0,38.56620421163472
12,2,gsm_neighbor_cell_transition_count,-0.26605474291563713,<= 0,38.56620421163472
12,2,unique_gsm_neighbor_cell_count,2.4379623729158703e-28,>= 0,38.56620421163472
12,2,unique_gsm_neighbor_lac_count,-1.6223570836364276,<= 0,38.56620421163472
12,2,keyboard_deletion_event_count,-5.41913675971475e-27,<= 0,38.56620421163472
12,2,keyboard_inter_event_interval_iqr_ms,-3.199402989129759e-33,<= 0,38.56620421163472
12,2,keyboard_long_pause_count_2s,0.36896593472344147,>= 0,38.56620421163472
12,2,keyboard_median_inter_event_interval_ms,-1.2168813568621042e-30,<= 0,38.56620421163472
12,2,keyboard_median_word_completion_time_ms,-5.309874271952231e-31,<= 0,38.56620421163472
12,2,keyboard_typing_burst_count,-1.802526042904452e-25,<= 0,38.56620421163472
12,2,message_distinct_event_count,-0.2246927895791728,<= 0,38.56620421163472
12,2,activity_active_hour_count,2.008835597404968e-27,>= 0,38.56620421163472
12,2,activity_state_diversity,0.37239357770833176,>= 0,38.56620421163472
12,2,activity_still_fraction,-0.0019074584346045976,<= 0,38.56620421163472
12,2,activity_transition_count,1.2357905107333648e-21,>= 0,38.56620421163472
12,2,activity_unknown_fraction,-1.3229163977062373e-29,<= 0,38.56620421163472
12,2,median_unlocked_session_duration_seconds,3.1102169341789565e-30,>= 0,38.56620421163472
12,2,screen_active_hour_count,-7.200913065593303e-27,<= 0,38.56620421163472
12,2,screen_event_count,3.4880141058586434e-26,>= 0,38.56620421163472
12,2,screen_off_event_count,3.715259986744286e-27,>= 0,38.56620421163472
12,2,screen_on_event_count,1.5485169004317762e-26,>= 0,38.56620421163472
12,2,screen_transition_count,-3.358375718203225e-28,<= 0,38.56620421163472
12,2,screen_unlock_event_count,0.2684685546245899,>= 0,38.56620421163472
12,2,telephony_event_count,0.6780348216776964,>= 0,38.56620421163472
12,2,telephony_mobile_data_enabled_fraction,-1.4767274495593763,<= 0,38.56620421163472
12,2,telephony_network_type_diversity,0.6984277163456128,>= 0,38.56620421163472
12,2,touch_active_hour_count,-7.780408753949719e-26,<= 0,38.56620421163472
12,2,touch_app_diversity,1.557989192320321e-37,>= 0,38.56620421163472
12,2,touch_click_event_count,-1.368144129499862e-26,<= 0,38.56620421163472
12,2,touch_distinct_event_count,-9.564014392950739e-26,<= 0,38.56620421163472
12,2,touch_scroll_direction_change_count,-9.650978963472883e-15,<= 0,38.56620421163472
12,2,touch_scroll_event_count,-1.131032392022585e-24,<= 0,38.56620421163472
12,2,touch_scroll_index_change_median,0.36525727469933267,>= 0,38.56620421163472
12,2,touch_unique_app_count,4.484355384236255e-46,>= 0,38.56620421163472
12,2,missing__app_foreground_event_count,0.16586619517881648,unconstrained,38.56620421163472
12,2,missing__app_use_diversity,0.16586619517881634,unconstrained,38.56620421163472
12,2,missing__unique_foreground_apps,0.1658661951788164,unconstrained,38.56620421163472
12,2,missing__gsm_cell_transition_count,0.0449427019364699,unconstrained,38.56620421163472
12,2,missing__unique_gsm_cell_count,0.044942701936469515,unconstrained,38.56620421163472
12,2,missing__unique_gsm_lac_count,0.04494270193646972,unconstrained,38.56620421163472
12,2,missing__gsm_neighbor_cell_transition_count,0.5593447343632704,unconstrained,38.56620421163472
12,2,missing__unique_gsm_neighbor_cell_count,0.5593447343632707,unconstrained,38.56620421163472
12,2,missing__unique_gsm_neighbor_lac_count,0.5593447343632701,unconstrained,38.56620421163472
12,2,missing__keyboard_deletion_event_count,-0.28646115719434034,unconstrained,38.56620421163472
12,2,missing__keyboard_inter_event_interval_iqr_ms,-0.2864611571943404,unconstrained,38.56620421163472
12,2,missing__keyboard_long_pause_count_2s,-0.2864611571943403,unconstrained,38.56620421163472
12,2,missing__keyboard_median_inter_event_interval_ms,-0.2864611571943401,unconstrained,38.56620421163472
12,2,missing__keyboard_median_word_completion_time_ms,0.31156570440123493,unconstrained,38.56620421163472
12,2,missing__keyboard_typing_burst_count,-0.28646115719434023,unconstrained,38.56620421163472
12,2,missing__message_distinct_event_count,0.5377386142531336,unconstrained,38.56620421163472
12,2,missing__activity_active_hour_count,0.044942701936469945,unconstrained,38.56620421163472
12,2,missing__activity_state_diversity,0.04494270193646963,unconstrained,38.56620421163472
12,2,missing__activity_still_fraction,0.044942701936469424,unconstrained,38.56620421163472
12,2,missing__activity_transition_count,0.04494270193646969,unconstrained,38.56620421163472
12,2,missing__activity_unknown_fraction,0.044942701936469646,unconstrained,38.56620421163472
12,2,missing__median_unlocked_session_duration_seconds,-0.12429513658430263,unconstrained,38.56620421163472
12,2,missing__screen_active_hour_count,0.13330066796232198,unconstrained,38.56620421163472
12,2,missing__screen_event_count,0.1333006679623212,unconstrained,38.56620421163472
12,2,missing__screen_off_event_count,0.13330066796232098,unconstrained,38.56620421163472
12,2,missing__screen_on_event_count,0.13330066796232126,unconstrained,38.56620421163472
12,2,missing__screen_transition_count,0.1333006679623213,unconstrained,38.56620421163472
12,2,missing__screen_unlock_event_count,0.13330066796232115,unconstrained,38.56620421163472
12,2,missing__telephony_event_count,0.044942701936469674,unconstrained,38.56620421163472
12,2,missing__telephony_mobile_data_enabled_fraction,0.04494270193646969,unconstrained,38.56620421163472
12,2,missing__telephony_network_type_diversity,0.0449427019364696,unconstrained,38.56620421163472
12,2,missing__touch_active_hour_count,-0.20869922778989677,unconstrained,38.56620421163472
12,2,missing__touch_app_diversity,-0.2086992277898968,unconstrained,38.56620421163472
12,2,missing__touch_click_event_count,-0.2086992277898967,unconstrained,38.56620421163472
12,2,missing__touch_distinct_event_count,-0.20869922778989689,unconstrained,38.56620421163472
12,2,missing__touch_scroll_direction_change_count,0.4650891182028994,unconstrained,38.56620421163472
12,2,missing__touch_scroll_event_count,-0.20869922778989683,unconstrained,38.56620421163472
12,2,missing__touch_scroll_index_change_median,0.4650891182028992,unconstrained,38.56620421163472
12,2,missing__touch_unique_app_count,-0.20869922778989672,unconstrained,38.56620421163472
12,3,app_foreground_event_count,0.09504508939304757,>= 0,621.0169418915616
12,3,app_use_diversity,0.14470309407747547,>= 0,621.0169418915616
12,3,unique_foreground_apps,-4.863791180177546e-33,<= 0,621.0169418915616
12,3,call_event_count,-0.06893836025676722,<= 0,621.0169418915616
12,3,incoming_call_count,-0.014617356362720482,<= 0,621.0169418915616
12,3,missed_rejected_blocked_call_count,0.10771777326990947,>= 0,621.0169418915616
12,3,outgoing_call_count,-0.0993717850740064,<= 0,621.0169418915616
12,3,total_call_duration_seconds,-0.009189788536176611,<= 0,621.0169418915616
12,3,gsm_cell_transition_count,1.024194295324666e-30,>= 0,621.0169418915616
12,3,unique_gsm_cell_count,0.01630655497298489,>= 0,621.0169418915616
12,3,unique_gsm_lac_count,2.3645418844732967e-14,>= 0,621.0169418915616
12,3,gsm_neighbor_cell_transition_count,-1.734893800865985e-20,<= 0,621.0169418915616
12,3,unique_gsm_neighbor_cell_count,-0.04597743508960676,<= 0,621.0169418915616
12,3,unique_gsm_neighbor_lac_count,7.461641336208082e-32,>= 0,621.0169418915616
12,3,keyboard_deletion_event_count,-6.776025366414954e-31,<= 0,621.0169418915616
12,3,keyboard_inter_event_interval_iqr_ms,-0.03838145458693205,<= 0,621.0169418915616
12,3,keyboard_long_pause_count_2s,0.04662202993103622,>= 0,621.0169418915616
12,3,keyboard_median_inter_event_interval_ms,-0.032587631291326635,<= 0,621.0169418915616
12,3,keyboard_median_word_completion_time_ms,-0.16195012563819244,<= 0,621.0169418915616
12,3,keyboard_typing_burst_count,-1.322603392213288e-29,<= 0,621.0169418915616
12,3,message_distinct_event_count,-0.052381406082951075,<= 0,621.0169418915616
12,3,activity_active_hour_count,0.015679943075213566,>= 0,621.0169418915616
12,3,activity_state_diversity,-4.458546098564961e-36,<= 0,621.0169418915616
12,3,activity_still_fraction,-0.09177529499535869,<= 0,621.0169418915616
12,3,activity_transition_count,0.043497589486404066,>= 0,621.0169418915616
12,3,activity_unknown_fraction,-1.6187417495976117e-35,<= 0,621.0169418915616
12,3,median_unlocked_session_duration_seconds,0.0815425670332737,>= 0,621.0169418915616
12,3,night_screen_event_count,-0.0747590648182493,<= 0,621.0169418915616
12,3,screen_active_hour_count,-0.04585745618588953,<= 0,621.0169418915616
12,3,screen_event_count,0.054337514873964696,>= 0,621.0169418915616
12,3,screen_off_event_count,0.04716487998000438,>= 0,621.0169418915616
12,3,screen_on_event_count,0.05305804583066708,>= 0,621.0169418915616
12,3,screen_transition_count,-5e-324,<= 0,621.0169418915616
12,3,screen_unlock_event_count,0.07392589615820519,>= 0,621.0169418915616
12,3,telephony_event_count,0.039204064738001976,>= 0,621.0169418915616
12,3,telephony_mobile_data_enabled_fraction,-0.19567342733657359,<= 0,621.0169418915616
12,3,telephony_network_type_diversity,6.499984497712944e-23,>= 0,621.0169418915616
12,3,touch_active_hour_count,-2.4748766915482504e-33,<= 0,621.0169418915616
12,3,touch_app_diversity,5.898307185768251e-31,>= 0,621.0169418915616
12,3,touch_click_event_count,-7.341757038737334e-32,<= 0,621.0169418915616
12,3,touch_distinct_event_count,0.0707460833961901,>= 0,621.0169418915616
12,3,touch_scroll_direction_change_count,0.05122548192571227,>= 0,621.0169418915616
12,3,touch_scroll_event_count,-2.1623716757881857e-30,<= 0,621.0169418915616
12,3,touch_scroll_index_change_median,-1.0073735904341085e-34,<= 0,621.0169418915616
12,3,touch_unique_app_count,-1.7454026963441856e-35,<= 0,621.0169418915616
12,3,missing__app_foreground_event_count,-0.01751518241058734,unconstrained,621.0169418915616
12,3,missing__app_use_diversity,-0.01751518241058732,unconstrained,621.0169418915616
12,3,missing__unique_foreground_apps,-0.01751518241058737,unconstrained,621.0169418915616
12,3,missing__call_event_count,0.04104460600369457,unconstrained,621.0169418915616
12,3,missing__incoming_call_count,0.04104460600369463,unconstrained,621.0169418915616
12,3,missing__missed_rejected_blocked_call_count,0.041044606003694716,unconstrained,621.0169418915616
12,3,missing__outgoing_call_count,0.04104460600369467,unconstrained,621.0169418915616
12,3,missing__total_call_duration_seconds,0.04104460600369464,unconstrained,621.0169418915616
12,3,missing__gsm_cell_transition_count,0.08303118033649638,unconstrained,621.0169418915616
12,3,missing__unique_gsm_cell_count,0.08303118033649631,unconstrained,621.0169418915616
12,3,missing__unique_gsm_lac_count,0.08303118033649629,unconstrained,621.0169418915616
12,3,missing__gsm_neighbor_cell_transition_count,0.024362414347607327,unconstrained,621.0169418915616
12,3,missing__unique_gsm_neighbor_cell_count,0.024362414347607306,unconstrained,621.0169418915616
12,3,missing__unique_gsm_neighbor_lac_count,0.024362414347607265,unconstrained,621.0169418915616
12,3,missing__keyboard_deletion_event_count,-0.08878909753994961,unconstrained,621.0169418915616
12,3,missing__keyboard_inter_event_interval_iqr_ms,-0.08878909753994968,unconstrained,621.0169418915616
12,3,missing__keyboard_long_pause_count_2s,-0.0887890975399496,unconstrained,621.0169418915616
12,3,missing__keyboard_median_inter_event_interval_ms,-0.08878909753994961,unconstrained,621.0169418915616
12,3,missing__keyboard_median_word_completion_time_ms,-0.05028614398368182,unconstrained,621.0169418915616
12,3,missing__keyboard_typing_burst_count,-0.08878909753994955,unconstrained,621.0169418915616
12,3,missing__message_distinct_event_count,0.05081305006586769,unconstrained,621.0169418915616
12,3,missing__activity_active_hour_count,0.08303118033649626,unconstrained,621.0169418915616
12,3,missing__activity_state_diversity,0.08303118033649641,unconstrained,621.0169418915616
12,3,missing__activity_still_fraction,0.08303118033649626,unconstrained,621.0169418915616
12,3,missing__activity_transition_count,0.0830311803364963,unconstrained,621.0169418915616
12,3,missing__activity_unknown_fraction,0.08303118033649629,unconstrained,621.0169418915616
12,3,missing__median_unlocked_session_duration_seconds,0.08303118033649631,unconstrained,621.0169418915616
12,3,missing__night_screen_event_count,0.08303118033649631,unconstrained,621.0169418915616
12,3,missing__screen_active_hour_count,0.08303118033649637,unconstrained,621.0169418915616
12,3,missing__screen_event_count,0.08303118033649629,unconstrained,621.0169418915616
12,3,missing__screen_off_event_count,0.08303118033649634,unconstrained,621.0169418915616
12,3,missing__screen_on_event_count,0.08303118033649635,unconstrained,621.0169418915616
12,3,missing__screen_transition_count,0.08303118033649633,unconstrained,621.0169418915616
12,3,missing__screen_unlock_event_count,0.08303118033649631,unconstrained,621.0169418915616
12,3,missing__telephony_event_count,0.08303118033649633,unconstrained,621.0169418915616
12,3,missing__telephony_mobile_data_enabled_fraction,0.08303118033649638,unconstrained,621.0169418915616
12,3,missing__telephony_network_type_diversity,0.08303118033649631,unconstrained,621.0169418915616
12,3,missing__touch_active_hour_count,-0.0675115618054126,unconstrained,621.0169418915616
12,3,missing__touch_app_diversity,-0.06751156180541257,unconstrained,621.0169418915616
12,3,missing__touch_click_event_count,-0.06751156180541266,unconstrained,621.0169418915616
12,3,missing__touch_distinct_event_count,-0.06751156180541268,unconstrained,621.0169418915616
12,3,missing__touch_scroll_direction_change_count,-0.020672433871387615,unconstrained,621.0169418915616
12,3,missing__touch_scroll_event_count,-0.0675115618054127,unconstrained,621.0169418915616
12,3,missing__touch_scroll_index_change_median,-0.020672433871387525,unconstrained,621.0169418915616
12,3,missing__touch_unique_app_count,-0.06751156180541264,unconstrained,621.0169418915616
12,4,app_foreground_event_count,0.005896889555116813,>= 0,10000.0
12,4,app_use_diversity,0.011218256988990137,>= 0,10000.0
12,4,unique_foreground_apps,0.00991926226008452,>= 0,10000.0
12,4,gsm_cell_transition_count,0.006699361211380027,>= 0,10000.0
12,4,unique_gsm_cell_count,0.006454697341659759,>= 0,10000.0
12,4,unique_gsm_lac_count,0.005190035004691582,>= 0,10000.0
12,4,gsm_neighbor_cell_transition_count,-1.0196699802510892e-23,<= 0,10000.0
12,4,unique_gsm_neighbor_cell_count,4.726447707359346e-33,>= 0,10000.0
12,4,unique_gsm_neighbor_lac_count,4.931806190191648e-32,>= 0,10000.0
12,4,keyboard_deletion_event_count,0.015883125910328408,>= 0,10000.0
12,4,keyboard_inter_event_interval_iqr_ms,-0.0014955825469739794,<= 0,10000.0
12,4,keyboard_long_pause_count_2s,0.011214950609237462,>= 0,10000.0
12,4,keyboard_median_inter_event_interval_ms,-0.0024353285249551224,<= 0,10000.0
12,4,keyboard_median_word_completion_time_ms,-8.060531905369153e-21,<= 0,10000.0
12,4,keyboard_typing_burst_count,0.00966944854359012,>= 0,10000.0
12,4,message_distinct_event_count,0.0022214121385251903,>= 0,10000.0
12,4,activity_active_hour_count,2.7177681363892585e-23,>= 0,10000.0
12,4,activity_state_diversity,9.404308297306971e-23,>= 0,10000.0
12,4,activity_still_fraction,-8.289463374271192e-17,<= 0,10000.0
12,4,activity_transition_count,1.2075281791216023e-18,>= 0,10000.0
12,4,activity_unknown_fraction,0.0005845742849794018,>= 0,10000.0
12,4,median_unlocked_session_duration_seconds,-8.361925595342725e-29,<= 0,10000.0
12,4,night_screen_event_count,1.1794803900095462e-25,>= 0,10000.0
12,4,screen_active_hour_count,0.005700181296506597,>= 0,10000.0
12,4,screen_event_count,0.0011687303472569203,>= 0,10000.0
12,4,screen_off_event_count,0.00028496335364305966,>= 0,10000.0
12,4,screen_on_event_count,0.001765746610812791,>= 0,10000.0
12,4,screen_transition_count,0.003551443863428854,>= 0,10000.0
12,4,screen_unlock_event_count,0.004808000106865268,>= 0,10000.0
12,4,telephony_event_count,0.002817779607844095,>= 0,10000.0
12,4,telephony_mobile_data_enabled_fraction,-0.017761569413640772,<= 0,10000.0
12,4,telephony_network_type_diversity,0.003968422291012363,>= 0,10000.0
12,4,touch_active_hour_count,0.008749430971903182,>= 0,10000.0
12,4,touch_app_diversity,4.021655085369849e-19,>= 0,10000.0
12,4,touch_click_event_count,-1.2745010422306245e-38,<= 0,10000.0
12,4,touch_distinct_event_count,0.010200010951927784,>= 0,10000.0
12,4,touch_scroll_direction_change_count,0.008583687927739107,>= 0,10000.0
12,4,touch_scroll_event_count,0.0092966831527986,>= 0,10000.0
12,4,touch_scroll_index_change_median,-2.389777391503273e-25,<= 0,10000.0
12,4,touch_unique_app_count,0.007431466721929579,>= 0,10000.0
12,4,missing__app_foreground_event_count,-0.0017310580653185728,unconstrained,10000.0
12,4,missing__app_use_diversity,-0.0017310580653185676,unconstrained,10000.0
12,4,missing__unique_foreground_apps,-0.0017310580653185734,unconstrained,10000.0
12,4,missing__gsm_cell_transition_count,0.0038305151856149024,unconstrained,10000.0
12,4,missing__unique_gsm_cell_count,0.0038305151856148725,unconstrained,10000.0
12,4,missing__unique_gsm_lac_count,0.003830515185614897,unconstrained,10000.0
12,4,missing__gsm_neighbor_cell_transition_count,0.003988300646893065,unconstrained,10000.0
12,4,missing__unique_gsm_neighbor_cell_count,0.003988300646893069,unconstrained,10000.0
12,4,missing__unique_gsm_neighbor_lac_count,0.00398830064689306,unconstrained,10000.0
12,4,missing__keyboard_deletion_event_count,-0.008171227447715528,unconstrained,10000.0
12,4,missing__keyboard_inter_event_interval_iqr_ms,-0.008171227447715507,unconstrained,10000.0
12,4,missing__keyboard_long_pause_count_2s,-0.008171227447715519,unconstrained,10000.0
12,4,missing__keyboard_median_inter_event_interval_ms,-0.008171227447715524,unconstrained,10000.0
12,4,missing__keyboard_median_word_completion_time_ms,-0.004384863019156523,unconstrained,10000.0
12,4,missing__keyboard_typing_burst_count,-0.00817122744771553,unconstrained,10000.0
12,4,missing__message_distinct_event_count,0.002012278527963944,unconstrained,10000.0
12,4,missing__activity_active_hour_count,0.003830515185614907,unconstrained,10000.0
12,4,missing__activity_state_diversity,0.0038305151856149093,unconstrained,10000.0
12,4,missing__activity_still_fraction,0.003830515185614884,unconstrained,10000.0
12,4,missing__activity_transition_count,0.0038305151856149063,unconstrained,10000.0
12,4,missing__activity_unknown_fraction,0.003830515185614871,unconstrained,10000.0
12,4,missing__median_unlocked_session_duration_seconds,0.003311328464139309,unconstrained,10000.0
12,4,missing__night_screen_event_count,0.004638953260586532,unconstrained,10000.0
12,4,missing__screen_active_hour_count,0.004638953260586528,unconstrained,10000.0
12,4,missing__screen_event_count,0.0046389532605865275,unconstrained,10000.0
12,4,missing__screen_off_event_count,0.004638953260586529,unconstrained,10000.0
12,4,missing__screen_on_event_count,0.00463895326058653,unconstrained,10000.0
12,4,missing__screen_transition_count,0.004638953260586534,unconstrained,10000.0
12,4,missing__screen_unlock_event_count,0.004638953260586529,unconstrained,10000.0
12,4,missing__telephony_event_count,0.0038305151856149007,unconstrained,10000.0
12,4,missing__telephony_mobile_data_enabled_fraction,0.003830515185614907,unconstrained,10000.0
12,4,missing__telephony_network_type_diversity,0.0038305151856149106,unconstrained,10000.0
12,4,missing__touch_active_hour_count,-0.0021358641373420283,unconstrained,10000.0
12,4,missing__touch_app_diversity,-0.002135864137342029,unconstrained,10000.0
12,4,missing__touch_click_event_count,-0.0021358641373420265,unconstrained,10000.0
12,4,missing__touch_distinct_event_count,-0.002135864137342032,unconstrained,10000.0
12,4,missing__touch_scroll_direction_change_count,0.0008381016802652666,unconstrained,10000.0
12,4,missing__touch_scroll_event_count,-0.0021358641373420235,unconstrained,10000.0
12,4,missing__touch_scroll_index_change_median,0.000838101680265271,unconstrained,10000.0
12,4,missing__touch_unique_app_count,-0.002135864137342027,unconstrained,10000.0
12,5,app_foreground_event_count,0.014542685412339718,>= 0,3290.344562312671
12,5,app_use_diversity,0.04127133495349726,>= 0,3290.344562312671
12,5,unique_foreground_apps,0.015880103380507837,>= 0,3290.344562312671
12,5,gsm_cell_transition_count,4.066064229303628e-30,>= 0,3290.344562312671
12,5,unique_gsm_cell_count,0.0014482714662121358,>= 0,3290.344562312671
12,5,unique_gsm_lac_count,1.3948011782307004e-12,>= 0,3290.344562312671
12,5,gsm_neighbor_cell_transition_count,-1.387253319857383e-29,<= 0,3290.344562312671
12,5,unique_gsm_neighbor_cell_count,1.89856298375131e-33,>= 0,3290.344562312671
12,5,unique_gsm_neighbor_lac_count,3.8628227726522763e-35,>= 0,3290.344562312671
12,5,keyboard_deletion_event_count,-1.8292407371420118e-20,<= 0,3290.344562312671
12,5,keyboard_inter_event_interval_iqr_ms,1.9710390793062556e-29,>= 0,3290.344562312671
12,5,keyboard_long_pause_count_2s,-5.037127574285161e-25,<= 0,3290.344562312671
12,5,keyboard_median_inter_event_interval_ms,-2.017443501497621e-20,<= 0,3290.344562312671
12,5,keyboard_median_word_completion_time_ms,-3.6051768156562483e-31,<= 0,3290.344562312671
12,5,keyboard_typing_burst_count,-1.540241947643706e-13,<= 0,3290.344562312671
12,5,message_distinct_event_count,-0.014768351031686057,<= 0,3290.344562312671
12,5,activity_active_hour_count,0.023469837600207776,>= 0,3290.344562312671
12,5,activity_state_diversity,1.576282051736825e-31,>= 0,3290.344562312671
12,5,activity_still_fraction,0.014096193881341638,>= 0,3290.344562312671
12,5,activity_transition_count,-0.0018820948049033054,<= 0,3290.344562312671
12,5,activity_unknown_fraction,-0.018149327586439553,<= 0,3290.344562312671
12,5,median_unlocked_session_duration_seconds,-6.929411133497993e-33,<= 0,3290.344562312671
12,5,night_screen_event_count,-0.02278903217842373,<= 0,3290.344562312671
12,5,screen_active_hour_count,-0.01921757292405491,<= 0,3290.344562312671
12,5,screen_event_count,0.01559700767430615,>= 0,3290.344562312671
12,5,screen_off_event_count,0.012497199492422539,>= 0,3290.344562312671
12,5,screen_on_event_count,0.01843292429097114,>= 0,3290.344562312671
12,5,screen_transition_count,-0.009838118675756362,<= 0,3290.344562312671
12,5,screen_unlock_event_count,0.03004728606667068,>= 0,3290.344562312671
12,5,telephony_event_count,0.011527463117081386,>= 0,3290.344562312671
12,5,telephony_mobile_data_enabled_fraction,-0.029825949662012508,<= 0,3290.344562312671
12,5,telephony_network_type_diversity,0.01464196729204559,>= 0,3290.344562312671
12,5,touch_active_hour_count,-0.002124835328847022,<= 0,3290.344562312671
12,5,touch_app_diversity,0.015614407965985682,>= 0,3290.344562312671
12,5,touch_click_event_count,-2.2958874039497803e-41,<= 0,3290.344562312671
12,5,touch_distinct_event_count,-4.437828227140731e-28,<= 0,3290.344562312671
12,5,touch_scroll_direction_change_count,-1.5904559976045538e-25,<= 0,3290.344562312671
12,5,touch_scroll_event_count,-3.561385838254642e-27,<= 0,3290.344562312671
12,5,touch_scroll_index_change_median,-7.095315541761613e-36,<= 0,3290.344562312671
12,5,touch_unique_app_count,0.002573722698355408,>= 0,3290.344562312671
12,5,missing__app_foreground_event_count,0.008624755953846755,unconstrained,3290.344562312671
12,5,missing__app_use_diversity,0.008624755953846753,unconstrained,3290.344562312671
12,5,missing__unique_foreground_apps,0.008624755953846765,unconstrained,3290.344562312671
12,5,missing__gsm_cell_transition_count,0.015423452137866686,unconstrained,3290.344562312671
12,5,missing__unique_gsm_cell_count,0.015423452137866693,unconstrained,3290.344562312671
12,5,missing__unique_gsm_lac_count,0.01542345213786668,unconstrained,3290.344562312671
12,5,missing__gsm_neighbor_cell_transition_count,0.0012863924441364172,unconstrained,3290.344562312671
12,5,missing__unique_gsm_neighbor_cell_count,0.0012863924441364122,unconstrained,3290.344562312671
12,5,missing__unique_gsm_neighbor_lac_count,0.001286392444136419,unconstrained,3290.344562312671
12,5,missing__keyboard_deletion_event_count,-0.012864241904943969,unconstrained,3290.344562312671
12,5,missing__keyboard_inter_event_interval_iqr_ms,-0.012864241904943965,unconstrained,3290.344562312671
12,5,missing__keyboard_long_pause_count_2s,-0.01286424190494398,unconstrained,3290.344562312671
12,5,missing__keyboard_median_inter_event_interval_ms,-0.012864241904943912,unconstrained,3290.344562312671
12,5,missing__keyboard_median_word_completion_time_ms,0.0012260006034082351,unconstrained,3290.344562312671
12,5,missing__keyboard_typing_burst_count,-0.012864241904943955,unconstrained,3290.344562312671
12,5,missing__message_distinct_event_count,0.02870021985692648,unconstrained,3290.344562312671
12,5,missing__activity_active_hour_count,0.015423452137866701,unconstrained,3290.344562312671
12,5,missing__activity_state_diversity,0.01542345213786669,unconstrained,3290.344562312671
12,5,missing__activity_still_fraction,0.015423452137866675,unconstrained,3290.344562312671
12,5,missing__activity_transition_count,0.01542345213786668,unconstrained,3290.344562312671
12,5,missing__activity_unknown_fraction,0.015423452137866688,unconstrained,3290.344562312671
12,5,missing__median_unlocked_session_duration_seconds,0.013841334584284985,unconstrained,3290.344562312671
12,5,missing__night_screen_event_count,0.018063870789246445,unconstrained,3290.344562312671
12,5,missing__screen_active_hour_count,0.018063870789246428,unconstrained,3290.344562312671
12,5,missing__screen_event_count,0.01806387078924644,unconstrained,3290.344562312671
12,5,missing__screen_off_event_count,0.018063870789246435,unconstrained,3290.344562312671
12,5,missing__screen_on_event_count,0.018063870789246414,unconstrained,3290.344562312671
12,5,missing__screen_transition_count,0.018063870789246445,unconstrained,3290.344562312671
12,5,missing__screen_unlock_event_count,0.01806387078924645,unconstrained,3290.344562312671
12,5,missing__telephony_event_count,0.015423452137866665,unconstrained,3290.344562312671
12,5,missing__telephony_mobile_data_enabled_fraction,0.01542345213786668,unconstrained,3290.344562312671
12,5,missing__telephony_network_type_diversity,0.015423452137866677,unconstrained,3290.344562312671
12,5,missing__touch_active_hour_count,-0.004357246528482645,unconstrained,3290.344562312671
12,5,missing__touch_app_diversity,-0.004357246528482623,unconstrained,3290.344562312671
12,5,missing__touch_click_event_count,-0.004357246528482632,unconstrained,3290.344562312671
12,5,missing__touch_distinct_event_count,-0.004357246528482614,unconstrained,3290.344562312671
12,5,missing__touch_scroll_direction_change_count,-0.0008138792897392356,unconstrained,3290.344562312671
12,5,missing__touch_scroll_event_count,-0.004357246528482629,unconstrained,3290.344562312671
12,5,missing__touch_scroll_index_change_median,-0.00081387928973922,unconstrained,3290.344562312671
12,5,missing__touch_unique_app_count,-0.004357246528482631,unconstrained,3290.344562312671
13,1,app_foreground_event_count,0.0066277849778090215,>= 0,10000.0
13,1,app_use_diversity,0.015434765832828335,>= 0,10000.0
13,1,unique_foreground_apps,0.011163158707026891,>= 0,10000.0
13,1,gsm_cell_transition_count,3.8612572158783324e-23,>= 0,10000.0
13,1,unique_gsm_cell_count,0.002679935591207629,>= 0,10000.0
13,1,unique_gsm_lac_count,0.0008233331225474717,>= 0,10000.0
13,1,gsm_neighbor_cell_transition_count,-1.0081601158455609e-40,<= 0,10000.0
13,1,unique_gsm_neighbor_cell_count,-0.011477794168430871,<= 0,10000.0
13,1,unique_gsm_neighbor_lac_count,4.416837226851251e-43,>= 0,10000.0
13,1,keyboard_deletion_event_count,-1.4001183055891002e-46,<= 0,10000.0
13,1,keyboard_inter_event_interval_iqr_ms,-0.006820206345900105,<= 0,10000.0
13,1,keyboard_long_pause_count_2s,-4.968643854245055e-49,<= 0,10000.0
13,1,keyboard_median_inter_event_interval_ms,-0.0048741577563439446,<= 0,10000.0
13,1,keyboard_median_word_completion_time_ms,-0.011536964022062541,<= 0,10000.0
13,1,keyboard_typing_burst_count,0.0062249633663459085,>= 0,10000.0
13,1,message_distinct_event_count,-0.0018503565616285785,<= 0,10000.0
13,1,activity_active_hour_count,0.0020208014139435327,>= 0,10000.0
13,1,activity_state_diversity,0.0018292324520683475,>= 0,10000.0
13,1,activity_still_fraction,-0.0008703505766696561,<= 0,10000.0
13,1,activity_transition_count,9.017695732417874e-30,>= 0,10000.0
13,1,activity_unknown_fraction,-0.002577956349987576,<= 0,10000.0
13,1,median_unlocked_session_duration_seconds,-4.181735936248052e-17,<= 0,10000.0
13,1,night_screen_event_count,-0.009810311841627782,<= 0,10000.0
13,1,screen_active_hour_count,-0.0012223248563762803,<= 0,10000.0
13,1,screen_event_count,5.6791523810148114e-05,>= 0,10000.0
13,1,screen_off_event_count,0.0004084788791103035,>= 0,10000.0
13,1,screen_on_event_count,0.0010730764399284455,>= 0,10000.0
13,1,screen_transition_count,-0.0006712680800199939,<= 0,10000.0
13,1,screen_unlock_event_count,0.005713683932045248,>= 0,10000.0
13,1,telephony_event_count,0.0005226231188999923,>= 0,10000.0
13,1,telephony_mobile_data_enabled_fraction,-0.010206580971049106,<= 0,10000.0
13,1,telephony_network_type_diversity,0.003823894921346471,>= 0,10000.0
13,1,touch_active_hour_count,-4.783179725180993e-47,<= 0,10000.0
13,1,touch_app_diversity,9.740801671251457e-35,>= 0,10000.0
13,1,touch_click_event_count,-1.1613407975915866e-52,<= 0,10000.0
13,1,touch_distinct_event_count,0.009276234482895234,>= 0,10000.0
13,1,touch_scroll_direction_change_count,0.006529716217993466,>= 0,10000.0
13,1,touch_scroll_event_count,-1.0859152817120229e-58,<= 0,10000.0
13,1,touch_scroll_index_change_median,-6.926680372892351e-41,<= 0,10000.0
13,1,touch_unique_app_count,0.005565114394326617,>= 0,10000.0
13,1,missing__app_foreground_event_count,-0.0029008309297851574,unconstrained,10000.0
13,1,missing__app_use_diversity,-0.002900830929785165,unconstrained,10000.0
13,1,missing__unique_foreground_apps,-0.00290083092978517,unconstrained,10000.0
13,1,missing__gsm_cell_transition_count,0.006370814388292338,unconstrained,10000.0
13,1,missing__unique_gsm_cell_count,0.006370814388292354,unconstrained,10000.0
13,1,missing__unique_gsm_lac_count,0.0063708143882923556,unconstrained,10000.0
13,1,missing__gsm_neighbor_cell_transition_count,0.0030830726188178052,unconstrained,10000.0
13,1,missing__unique_gsm_neighbor_cell_count,0.0030830726188178065,unconstrained,10000.0
13,1,missing__unique_gsm_neighbor_lac_count,0.003083072618817819,unconstrained,10000.0
13,1,missing__keyboard_deletion_event_count,-0.011317122644349873,unconstrained,10000.0
13,1,missing__keyboard_inter_event_interval_iqr_ms,-0.011317122644349871,unconstrained,10000.0
13,1,missing__keyboard_long_pause_count_2s,-0.011317122644349864,unconstrained,10000.0
13,1,missing__keyboard_median_inter_event_interval_ms,-0.011317122644349871,unconstrained,10000.0
13,1,missing__keyboard_median_word_completion_time_ms,-0.005811544583516478,unconstrained,10000.0
13,1,missing__keyboard_typing_burst_count,-0.011317122644349874,unconstrained,10000.0
13,1,missing__message_distinct_event_count,0.008084265272557054,unconstrained,10000.0
13,1,missing__activity_active_hour_count,0.006370814388292358,unconstrained,10000.0
13,1,missing__activity_state_diversity,0.006370814388292351,unconstrained,10000.0
13,1,missing__activity_still_fraction,0.0063708143882923495,unconstrained,10000.0
13,1,missing__activity_transition_count,0.00637081438829236,unconstrained,10000.0
13,1,missing__activity_unknown_fraction,0.006370814388292368,unconstrained,10000.0
13,1,missing__median_unlocked_session_duration_seconds,0.006370814388292357,unconstrained,10000.0
13,1,missing__night_screen_event_count,0.0073134010025124145,unconstrained,10000.0
13,1,missing__screen_active_hour_count,0.007313401002512409,unconstrained,10000.0
13,1,missing__screen_event_count,0.007313401002512403,unconstrained,10000.0
13,1,missing__screen_off_event_count,0.007313401002512404,unconstrained,10000.0
13,1,missing__screen_on_event_count,0.007313401002512402,unconstrained,10000.0
13,1,missing__screen_transition_count,0.007313401002512388,unconstrained,10000.0
13,1,missing__screen_unlock_event_count,0.007313401002512399,unconstrained,10000.0
13,1,missing__telephony_event_count,0.006370814388292353,unconstrained,10000.0
13,1,missing__telephony_mobile_data_enabled_fraction,0.0063708143882923365,unconstrained,10000.0
13,1,missing__telephony_network_type_diversity,0.006370814388292346,unconstrained,10000.0
13,1,missing__touch_active_hour_count,-0.006915250853161006,unconstrained,10000.0
13,1,missing__touch_app_diversity,-0.0069152508531610144,unconstrained,10000.0
13,1,missing__touch_click_event_count,-0.0069152508531610144,unconstrained,10000.0
13,1,missing__touch_distinct_event_count,-0.006915250853161013,unconstrained,10000.0
13,1,missing__touch_scroll_direction_change_count,-0.005638394251218295,unconstrained,10000.0
13,1,missing__touch_scroll_event_count,-0.006915250853161013,unconstrained,10000.0
13,1,missing__touch_scroll_index_change_median,-0.005638394251218302,unconstrained,10000.0
13,1,missing__touch_unique_app_count,-0.0069152508531610205,unconstrained,10000.0
13,2,app_foreground_event_count,0.1197441062833107,>= 0,621.0169418915616
13,2,app_use_diversity,0.13776533075922628,>= 0,621.0169418915616
13,2,unique_foreground_apps,0.0836096975751672,>= 0,621.0169418915616
13,2,call_event_count,-0.17247058021474904,<= 0,621.0169418915616
13,2,incoming_call_count,-0.09315132529354304,<= 0,621.0169418915616
13,2,missed_rejected_blocked_call_count,0.014695405943305552,>= 0,621.0169418915616
13,2,outgoing_call_count,-0.168843559716654,<= 0,621.0169418915616
13,2,total_call_duration_seconds,-0.026038596617987228,<= 0,621.0169418915616
13,2,gsm_cell_transition_count,0.012839651184887797,>= 0,621.0169418915616
13,2,unique_gsm_cell_count,0.028449206140503988,>= 0,621.0169418915616
13,2,unique_gsm_lac_count,0.009375618176089347,>= 0,621.0169418915616
13,2,gsm_neighbor_cell_transition_count,-5.029356597796114e-37,<= 0,621.0169418915616
13,2,unique_gsm_neighbor_cell_count,-0.03190587529721943,<= 0,621.0169418915616
13,2,unique_gsm_neighbor_lac_count,-0.08430366265309187,<= 0,621.0169418915616
13,2,keyboard_deletion_event_count,-7.870431855279157e-20,<= 0,621.0169418915616
13,2,keyboard_inter_event_interval_iqr_ms,-1.5574806870951168e-19,<= 0,621.0169418915616
13,2,keyboard_long_pause_count_2s,-4.700102204485446e-20,<= 0,621.0169418915616
13,2,keyboard_median_inter_event_interval_ms,-1.1344160233909035e-18,<= 0,621.0169418915616
13,2,keyboard_median_word_completion_time_ms,-4.433260416035899e-26,<= 0,621.0169418915616
13,2,keyboard_typing_burst_count,-1.852397615779323e-18,<= 0,621.0169418915616
13,2,message_distinct_event_count,-0.054534586693002714,<= 0,621.0169418915616
13,2,activity_active_hour_count,0.05569850701893261,>= 0,621.0169418915616
13,2,activity_state_diversity,0.007784831361162254,>= 0,621.0169418915616
13,2,activity_still_fraction,-0.05573834630820898,<= 0,621.0169418915616
13,2,activity_transition_count,0.05299868293025976,>= 0,621.0169418915616
13,2,activity_unknown_fraction,-4.5416318485479745e-34,<= 0,621.0169418915616
13,2,median_unlocked_session_duration_seconds,0.09747596637957744,>= 0,621.0169418915616
13,2,screen_active_hour_count,-0.026069583653938952,<= 0,621.0169418915616
13,2,screen_event_count,0.1034676471326221,>= 0,621.0169418915616
13,2,screen_off_event_count,0.09324292605470276,>= 0,621.0169418915616
13,2,screen_on_event_count,0.10624695178154393,>= 0,621.0169418915616
13,2,screen_transition_count,-0.002063411695794842,<= 0,621.0169418915616
13,2,screen_unlock_event_count,0.1270459751308072,>= 0,621.0169418915616
13,2,telephony_event_count,0.06900416135915831,>= 0,621.0169418915616
13,2,telephony_mobile_data_enabled_fraction,-0.13728662509312323,<= 0,621.0169418915616
13,2,telephony_network_type_diversity,0.07555726740906368,>= 0,621.0169418915616
13,2,touch_active_hour_count,-2.7809641302621576e-19,<= 0,621.0169418915616
13,2,touch_app_diversity,0.03333507770981646,>= 0,621.0169418915616
13,2,touch_click_event_count,0.07883482852724738,>= 0,621.0169418915616
13,2,touch_distinct_event_count,-3.5172067825292474e-21,<= 0,621.0169418915616
13,2,touch_scroll_direction_change_count,0.047917318790469635,>= 0,621.0169418915616
13,2,touch_scroll_event_count,-1.7468086671329836e-20,<= 0,621.0169418915616
13,2,touch_scroll_index_change_median,-9.578779422924706e-26,<= 0,621.0169418915616
13,2,touch_unique_app_count,0.04566996025516273,>= 0,621.0169418915616
13,2,missing__app_foreground_event_count,0.007302236352398513,unconstrained,621.0169418915616
13,2,missing__app_use_diversity,0.007302236352398641,unconstrained,621.0169418915616
13,2,missing__unique_foreground_apps,0.007302236352398733,unconstrained,621.0169418915616
13,2,missing__call_event_count,-0.01294525668243953,unconstrained,621.0169418915616
13,2,missing__incoming_call_count,-0.01294525668243944,unconstrained,621.0169418915616
13,2,missing__missed_rejected_blocked_call_count,-0.012945256682439487,unconstrained,621.0169418915616
13,2,missing__outgoing_call_count,-0.012945256682439475,unconstrained,621.0169418915616
13,2,missing__total_call_duration_seconds,-0.012945256682439472,unconstrained,621.0169418915616
13,2,missing__gsm_cell_transition_count,0.08482933180548889,unconstrained,621.0169418915616
13,2,missing__unique_gsm_cell_count,0.08482933180548881,unconstrained,621.0169418915616
13,2,missing__unique_gsm_lac_count,0.0848293318054888,unconstrained,621.0169418915616
13,2,missing__gsm_neighbor_cell_transition_count,-0.011186565619783132,unconstrained,621.0169418915616
13,2,missing__unique_gsm_neighbor_cell_count,-0.0111865656197832,unconstrained,621.0169418915616
13,2,missing__unique_gsm_neighbor_lac_count,-0.011186565619783206,unconstrained,621.0169418915616
13,2,missing__keyboard_deletion_event_count,-0.08583630674181143,unconstrained,621.0169418915616
13,2,missing__keyboard_inter_event_interval_iqr_ms,-0.08583630674181139,unconstrained,621.0169418915616
13,2,missing__keyboard_long_pause_count_2s,-0.08583630674181136,unconstrained,621.0169418915616
13,2,missing__keyboard_median_inter_event_interval_ms,-0.0858363067418114,unconstrained,621.0169418915616
13,2,missing__keyboard_median_word_completion_time_ms,-0.06783490493172044,unconstrained,621.0169418915616
13,2,missing__keyboard_typing_burst_count,-0.08583630674181139,unconstrained,621.0169418915616
13,2,missing__message_distinct_event_count,0.12347929539894685,unconstrained,621.0169418915616
13,2,missing__activity_active_hour_count,0.08482933180548884,unconstrained,621.0169418915616
13,2,missing__activity_state_diversity,0.08482933180548889,unconstrained,621.0169418915616
13,2,missing__activity_still_fraction,0.08482933180548884,unconstrained,621.0169418915616
13,2,missing__activity_transition_count,0.08482933180548888,unconstrained,621.0169418915616
13,2,missing__activity_unknown_fraction,0.08482933180548892,unconstrained,621.0169418915616
13,2,missing__median_unlocked_session_duration_seconds,0.07797391360514806,unconstrained,621.0169418915616
13,2,missing__screen_active_hour_count,0.10329604920875826,unconstrained,621.0169418915616
13,2,missing__screen_event_count,0.10329604920875834,unconstrained,621.0169418915616
13,2,missing__screen_off_event_count,0.10329604920875836,unconstrained,621.0169418915616
13,2,missing__screen_on_event_count,0.10329604920875841,unconstrained,621.0169418915616
13,2,missing__screen_transition_count,0.10329604920875825,unconstrained,621.0169418915616
13,2,missing__screen_unlock_event_count,0.10329604920875836,unconstrained,621.0169418915616
13,2,missing__telephony_event_count,0.08482933180548885,unconstrained,621.0169418915616
13,2,missing__telephony_mobile_data_enabled_fraction,0.08482933180548889,unconstrained,621.0169418915616
13,2,missing__telephony_network_type_diversity,0.08482933180548878,unconstrained,621.0169418915616
13,2,missing__touch_active_hour_count,-0.04917922810003439,unconstrained,621.0169418915616
13,2,missing__touch_app_diversity,-0.04917922810003435,unconstrained,621.0169418915616
13,2,missing__touch_click_event_count,-0.04917922810003426,unconstrained,621.0169418915616
13,2,missing__touch_distinct_event_count,-0.04917922810003439,unconstrained,621.0169418915616
13,2,missing__touch_scroll_direction_change_count,0.01297329219625582,unconstrained,621.0169418915616
13,2,missing__touch_scroll_event_count,-0.049179228100034375,unconstrained,621.0169418915616
13,2,missing__touch_scroll_index_change_median,0.01297329219625591,unconstrained,621.0169418915616
13,2,missing__touch_unique_app_count,-0.049179228100034354,unconstrained,621.0169418915616
13,3,app_foreground_event_count,0.007556660374368549,>= 0,10000.0
13,3,app_use_diversity,0.014005936953829755,>= 0,10000.0
13,3,unique_foreground_apps,0.005336138556812832,>= 0,10000.0
13,3,gsm_cell_transition_count,3.732537852292241e-31,>= 0,10000.0
13,3,unique_gsm_cell_count,0.0012993046044366993,>= 0,10000.0
13,3,unique_gsm_lac_count,3.110935132385843e-18,>= 0,10000.0
13,3,gsm_neighbor_cell_transition_count,-2.8616033540352173e-32,<= 0,10000.0
13,3,unique_gsm_neighbor_cell_count,-0.01029983054408433,<= 0,10000.0
13,3,unique_gsm_neighbor_lac_count,1.3244374257254012e-37,>= 0,10000.0
13,3,keyboard_deletion_event_count,-1.5931948807854638e-33,<= 0,10000.0
13,3,keyboard_inter_event_interval_iqr_ms,-0.003442812952569144,<= 0,10000.0
13,3,keyboard_long_pause_count_2s,-1.0142167646617597e-32,<= 0,10000.0
13,3,keyboard_median_inter_event_interval_ms,-0.0005831460010269911,<= 0,10000.0
13,3,keyboard_median_word_completion_time_ms,-1.9833233526226312e-29,<= 0,10000.0
13,3,keyboard_typing_burst_count,-4.808662037960316e-32,<= 0,10000.0
13,3,message_distinct_event_count,-0.002651828179843451,<= 0,10000.0
13,3,activity_active_hour_count,1.223667084979296e-30,>= 0,10000.0
13,3,activity_state_diversity,-0.0025831250438275877,<= 0,10000.0
13,3,activity_still_fraction,-9.878771167655099e-28,<= 0,10000.0
13,3,activity_transition_count,-0.0019193429691767554,<= 0,10000.0
13,3,activity_unknown_fraction,-0.0029274777204778865,<= 0,10000.0
13,3,median_unlocked_session_duration_seconds,-2.6916218015869266e-33,<= 0,10000.0
13,3,night_screen_event_count,-0.006431131922326857,<= 0,10000.0
13,3,screen_active_hour_count,-0.0041538494913573405,<= 0,10000.0
13,3,screen_event_count,0.002502002624432446,>= 0,10000.0
13,3,screen_off_event_count,0.001242171656367388,>= 0,10000.0
13,3,screen_on_event_count,0.0032587456628221374,>= 0,10000.0
13,3,screen_transition_count,-0.000871759815806278,<= 0,10000.0
13,3,screen_unlock_event_count,0.006500862010474759,>= 0,10000.0
13,3,telephony_event_count,0.0024416290399286397,>= 0,10000.0
13,3,telephony_mobile_data_enabled_fraction,-0.012807068453881357,<= 0,10000.0
13,3,telephony_network_type_diversity,2.072833717569272e-24,>= 0,10000.0
13,3,touch_active_hour_count,0.0012638836886704778,>= 0,10000.0
13,3,touch_app_diversity,3.670553652700434e-25,>= 0,10000.0
13,3,touch_click_event_count,-2.805378506101319e-38,<= 0,10000.0
13,3,touch_distinct_event_count,-9.419839015125884e-39,<= 0,10000.0
13,3,touch_scroll_direction_change_count,-2.039157646249539e-56,<= 0,10000.0
13,3,touch_scroll_event_count,-3.9650757502859676e-35,<= 0,10000.0
13,3,touch_scroll_index_change_median,0.0023338223780380624,>= 0,10000.0
13,3,touch_unique_app_count,0.0002379698649594546,>= 0,10000.0
13,3,missing__app_foreground_event_count,-0.003848786920223276,unconstrained,10000.0
13,3,missing__app_use_diversity,-0.003848786920223295,unconstrained,10000.0
13,3,missing__unique_foreground_apps,-0.00384878692022327,unconstrained,10000.0
13,3,missing__gsm_cell_transition_count,0.0014795918643773583,unconstrained,10000.0
13,3,missing__unique_gsm_cell_count,0.0014795918643773695,unconstrained,10000.0
13,3,missing__unique_gsm_lac_count,0.0014795918643773663,unconstrained,10000.0
13,3,missing__gsm_neighbor_cell_transition_count,0.005591758783498688,unconstrained,10000.0
13,3,missing__unique_gsm_neighbor_cell_count,0.005591758783498704,unconstrained,10000.0
13,3,missing__unique_gsm_neighbor_lac_count,0.005591758783498699,unconstrained,10000.0
13,3,missing__keyboard_deletion_event_count,-0.009072717593437293,unconstrained,10000.0
13,3,missing__keyboard_inter_event_interval_iqr_ms,-0.009072717593437293,unconstrained,10000.0
13,3,missing__keyboard_long_pause_count_2s,-0.0090727175934373,unconstrained,10000.0
13,3,missing__keyboard_median_inter_event_interval_ms,-0.009072717593437299,unconstrained,10000.0
13,3,missing__keyboard_median_word_completion_time_ms,0.0003123752206466426,unconstrained,10000.0
13,3,missing__keyboard_typing_burst_count,-0.009072717593437297,unconstrained,10000.0
13,3,missing__message_distinct_event_count,0.004990494254754466,unconstrained,10000.0
13,3,missing__activity_active_hour_count,0.0014795918643773583,unconstrained,10000.0
13,3,missing__activity_state_diversity,0.0014795918643773567,unconstrained,10000.0
13,3,missing__activity_still_fraction,0.0014795918643773606,unconstrained,10000.0
13,3,missing__activity_transition_count,0.0014795918643773713,unconstrained,10000.0
13,3,missing__activity_unknown_fraction,0.0014795918643773747,unconstrained,10000.0
13,3,missing__median_unlocked_session_duration_seconds,0.0011285520204913331,unconstrained,10000.0
13,3,missing__night_screen_event_count,0.0020311579147804415,unconstrained,10000.0
13,3,missing__screen_active_hour_count,0.0020311579147804354,unconstrained,10000.0
13,3,missing__screen_event_count,0.002031157914780429,unconstrained,10000.0
13,3,missing__screen_off_event_count,0.002031157914780439,unconstrained,10000.0
13,3,missing__screen_on_event_count,0.002031157914780449,unconstrained,10000.0
13,3,missing__screen_transition_count,0.0020311579147804493,unconstrained,10000.0
13,3,missing__screen_unlock_event_count,0.0020311579147804393,unconstrained,10000.0
13,3,missing__telephony_event_count,0.0014795918643773598,unconstrained,10000.0
13,3,missing__telephony_mobile_data_enabled_fraction,0.0014795918643773645,unconstrained,10000.0
13,3,missing__telephony_network_type_diversity,0.0014795918643773645,unconstrained,10000.0
13,3,missing__touch_active_hour_count,-0.007636904066012299,unconstrained,10000.0
13,3,missing__touch_app_diversity,-0.007636904066012302,unconstrained,10000.0
13,3,missing__touch_click_event_count,-0.007636904066012306,unconstrained,10000.0
13,3,missing__touch_distinct_event_count,-0.007636904066012308,unconstrained,10000.0
13,3,missing__touch_scroll_direction_change_count,-0.004313963796982186,unconstrained,10000.0
13,3,missing__touch_scroll_event_count,-0.0076369040660123,unconstrained,10000.0
13,3,missing__touch_scroll_index_change_median,-0.0043139637969821995,unconstrained,10000.0
13,3,missing__touch_unique_app_count,-0.007636904066012337,unconstrained,10000.0
13,4,app_foreground_event_count,0.00469995532429849,>= 0,10000.0
13,4,app_use_diversity,0.012977617106021421,>= 0,10000.0
13,4,unique_foreground_apps,-9.97386261175951e-38,<= 0,10000.0
13,4,gsm_cell_transition_count,0.0019013511596409603,>= 0,10000.0
13,4,unique_gsm_cell_count,0.0017420483835768688,>= 0,10000.0
13,4,unique_gsm_lac_count,7.307255448904221e-14,>= 0,10000.0
13,4,gsm_neighbor_cell_transition_count,-0.005776986063783337,<= 0,10000.0
13,4,unique_gsm_neighbor_cell_count,-0.01784795000017071,<= 0,10000.0
13,4,unique_gsm_neighbor_lac_count,8.077608850004385e-40,>= 0,10000.0
13,4,keyboard_deletion_event_count,0.004983627622408709,>= 0,10000.0
13,4,keyboard_inter_event_interval_iqr_ms,-0.004386108049721566,<= 0,10000.0
13,4,keyboard_long_pause_count_2s,0.002853353662342159,>= 0,10000.0
13,4,keyboard_median_inter_event_interval_ms,-0.0054836175244737315,<= 0,10000.0
13,4,keyboard_median_word_completion_time_ms,-0.0011314318816193136,<= 0,10000.0
13,4,keyboard_typing_burst_count,-4.413931696169764e-34,<= 0,10000.0
13,4,message_distinct_event_count,-5e-324,<= 0,10000.0
13,4,activity_active_hour_count,0.0010958719632295842,>= 0,10000.0
13,4,activity_state_diversity,0.003141543978305628,>= 0,10000.0
13,4,activity_still_fraction,-0.001978746421891713,<= 0,10000.0
13,4,activity_transition_count,8.50488508807278e-28,>= 0,10000.0
13,4,activity_unknown_fraction,0.000862554192669006,>= 0,10000.0
13,4,median_unlocked_session_duration_seconds,0.0035774872154370066,>= 0,10000.0
13,4,night_screen_event_count,1.6443220892195176e-33,>= 0,10000.0
13,4,screen_active_hour_count,-1.1260857059455863e-34,<= 0,10000.0
13,4,screen_event_count,0.003550496501542614,>= 0,10000.0
13,4,screen_off_event_count,0.002724982290366641,>= 0,10000.0
13,4,screen_on_event_count,0.0038728045587394714,>= 0,10000.0
13,4,screen_transition_count,-6.89771515987534e-42,<= 0,10000.0
13,4,screen_unlock_event_count,0.00668559922574736,>= 0,10000.0
13,4,telephony_event_count,0.007714445839221732,>= 0,10000.0
13,4,telephony_mobile_data_enabled_fraction,-0.018568619410422843,<= 0,10000.0
13,4,telephony_network_type_diversity,0.0042801625437764845,>= 0,10000.0
13,4,touch_active_hour_count,-7.843669537678737e-39,<= 0,10000.0
13,4,touch_app_diversity,3.3683531586934466e-16,>= 0,10000.0
13,4,touch_click_event_count,0.005999018540655373,>= 0,10000.0
13,4,touch_distinct_event_count,0.005490532970933343,>= 0,10000.0
13,4,touch_scroll_direction_change_count,-1.0557769379631015e-34,<= 0,10000.0
13,4,touch_scroll_event_count,-7.438586366653348e-35,<= 0,10000.0
13,4,touch_scroll_index_change_median,0.005006139284958568,>= 0,10000.0
13,4,touch_unique_app_count,0.004316530936017581,>= 0,10000.0
13,4,missing__app_foreground_event_count,0.0037104382275092015,unconstrained,10000.0
13,4,missing__app_use_diversity,0.0037104382275091933,unconstrained,10000.0
13,4,missing__unique_foreground_apps,0.0037104382275092015,unconstrained,10000.0
13,4,missing__gsm_cell_transition_count,0.0070274597109516316,unconstrained,10000.0
13,4,missing__unique_gsm_cell_count,0.007027459710951617,unconstrained,10000.0
13,4,missing__unique_gsm_lac_count,0.007027459710951618,unconstrained,10000.0
13,4,missing__gsm_neighbor_cell_transition_count,0.004545297034779018,unconstrained,10000.0
13,4,missing__unique_gsm_neighbor_cell_count,0.004545297034779014,unconstrained,10000.0
13,4,missing__unique_gsm_neighbor_lac_count,0.004545297034779014,unconstrained,10000.0
13,4,missing__keyboard_deletion_event_count,-0.002547051417477489,unconstrained,10000.0
13,4,missing__keyboard_inter_event_interval_iqr_ms,-0.0025470514174774834,unconstrained,10000.0
13,4,missing__keyboard_long_pause_count_2s,-0.0025470514174774743,unconstrained,10000.0
13,4,missing__keyboard_median_inter_event_interval_ms,-0.0025470514174774834,unconstrained,10000.0
13,4,missing__keyboard_median_word_completion_time_ms,-0.003282453708991895,unconstrained,10000.0
13,4,missing__keyboard_typing_burst_count,-0.0025470514174774734,unconstrained,10000.0
13,4,missing__message_distinct_event_count,0.003797110228361059,unconstrained,10000.0
13,4,missing__activity_active_hour_count,0.0070274597109516125,unconstrained,10000.0
13,4,missing__activity_state_diversity,0.007027459710951619,unconstrained,10000.0
13,4,missing__activity_still_fraction,0.007027459710951614,unconstrained,10000.0
13,4,missing__activity_transition_count,0.00702745971095163,unconstrained,10000.0
13,4,missing__activity_unknown_fraction,0.007027459710951612,unconstrained,10000.0
13,4,missing__median_unlocked_session_duration_seconds,0.005873836509971286,unconstrained,10000.0
13,4,missing__night_screen_event_count,0.007027459710951613,unconstrained,10000.0
13,4,missing__screen_active_hour_count,0.007027459710951614,unconstrained,10000.0
13,4,missing__screen_event_count,0.00702745971095162,unconstrained,10000.0
13,4,missing__screen_off_event_count,0.007027459710951619,unconstrained,10000.0
13,4,missing__screen_on_event_count,0.00702745971095161,unconstrained,10000.0
13,4,missing__screen_transition_count,0.007027459710951613,unconstrained,10000.0
13,4,missing__screen_unlock_event_count,0.007027459710951609,unconstrained,10000.0
13,4,missing__telephony_event_count,0.007027459710951608,unconstrained,10000.0
13,4,missing__telephony_mobile_data_enabled_fraction,0.007027459710951623,unconstrained,10000.0
13,4,missing__telephony_network_type_diversity,0.007027459710951615,unconstrained,10000.0
13,4,missing__touch_active_hour_count,0.0037104382275091967,unconstrained,10000.0
13,4,missing__touch_app_diversity,0.003710438227509194,unconstrained,10000.0
13,4,missing__touch_click_event_count,0.0037104382275091985,unconstrained,10000.0
13,4,missing__touch_distinct_event_count,0.0037104382275091907,unconstrained,10000.0
13,4,missing__touch_scroll_direction_change_count,0.00552872784380967,unconstrained,10000.0
13,4,missing__touch_scroll_event_count,0.003710438227509215,unconstrained,10000.0
13,4,missing__touch_scroll_index_change_median,0.005528727843809668,unconstrained,10000.0
13,4,missing__touch_unique_app_count,0.003710438227509194,unconstrained,10000.0
13,5,app_foreground_event_count,0.07473838524359284,>= 0,1082.636733874054
13,5,app_use_diversity,0.13592772895643448,>= 0,1082.636733874054
13,5,unique_foreground_apps,0.08781940868106432,>= 0,1082.636733874054
13,5,call_event_count,-0.06760846830913644,<= 0,1082.636733874054
13,5,incoming_call_count,-0.009583342322954122,<= 0,1082.636733874054
13,5,missed_rejected_blocked_call_count,0.01604196169041741,>= 0,1082.636733874054
13,5,outgoing_call_count,-0.08915551019279383,<= 0,1082.636733874054
13,5,total_call_duration_seconds,-0.03824464104201934,<= 0,1082.636733874054
13,5,gsm_cell_transition_count,1.4976587664514724e-27,>= 0,1082.636733874054
13,5,unique_gsm_cell_count,0.0155967286208067,>= 0,1082.636733874054
13,5,unique_gsm_lac_count,3.0243359405361837e-22,>= 0,1082.636733874054
13,5,gsm_neighbor_cell_transition_count,-1.2217056509414428e-25,<= 0,1082.636733874054
13,5,unique_gsm_neighbor_cell_count,-0.10872014506448781,<= 0,1082.636733874054
13,5,unique_gsm_neighbor_lac_count,-0.12865620473571857,<= 0,1082.636733874054
13,5,keyboard_deletion_event_count,-8.449319436303646e-35,<= 0,1082.636733874054
13,5,keyboard_inter_event_interval_iqr_ms,-0.038261633817403204,<= 0,1082.636733874054
13,5,keyboard_long_pause_count_2s,0.030236937405260084,>= 0,1082.636733874054
13,5,keyboard_median_inter_event_interval_ms,-0.02430357135368132,<= 0,1082.636733874054
13,5,keyboard_median_word_completion_time_ms,-1.9758085912109882e-28,<= 0,1082.636733874054
13,5,keyboard_typing_burst_count,0.02878659642763955,>= 0,1082.636733874054
13,5,message_distinct_event_count,-0.04379688276501778,<= 0,1082.636733874054
13,5,activity_active_hour_count,0.029986417056957905,>= 0,1082.636733874054
13,5,activity_state_diversity,-0.025059372453036702,<= 0,1082.636733874054
13,5,activity_still_fraction,0.04813207603746544,>= 0,1082.636733874054
13,5,activity_transition_count,0.0005028461368467821,>= 0,1082.636733874054
13,5,activity_unknown_fraction,-0.03804407496350379,<= 0,1082.636733874054
13,5,median_unlocked_session_duration_seconds,0.04648721749661299,>= 0,1082.636733874054
13,5,night_screen_event_count,-0.06485846112899478,<= 0,1082.636733874054
13,5,screen_active_hour_count,1.5231016976931386e-46,>= 0,1082.636733874054
13,5,screen_event_count,0.034340021584978765,>= 0,1082.636733874054
13,5,screen_off_event_count,0.02228499510624578,>= 0,1082.636733874054
13,5,screen_on_event_count,0.040431991463844255,>= 0,1082.636733874054
13,5,screen_transition_count,-0.016505830996460902,<= 0,1082.636733874054
13,5,screen_unlock_event_count,0.0700013211387344,>= 0,1082.636733874054
13,5,telephony_event_count,0.035240812286044795,>= 0,1082.636733874054
13,5,telephony_mobile_data_enabled_fraction,-0.1367732156182348,<= 0,1082.636733874054
13,5,telephony_network_type_diversity,0.03154872575851528,>= 0,1082.636733874054
13,5,touch_active_hour_count,0.03278931899356938,>= 0,1082.636733874054
13,5,touch_app_diversity,2.71667310935677e-20,>= 0,1082.636733874054
13,5,touch_click_event_count,0.05063844563253874,>= 0,1082.636733874054
13,5,touch_distinct_event_count,0.047021292640687516,>= 0,1082.636733874054
13,5,touch_scroll_direction_change_count,-6.446283650847328e-35,<= 0,1082.636733874054
13,5,touch_scroll_event_count,-4.6883105612618786e-38,<= 0,1082.636733874054
13,5,touch_scroll_index_change_median,0.05212596847838904,>= 0,1082.636733874054
13,5,touch_unique_app_count,0.03932273506336405,>= 0,1082.636733874054
13,5,missing__app_foreground_event_count,0.024827300478416615,unconstrained,1082.636733874054
13,5,missing__app_use_diversity,0.02482730047841658,unconstrained,1082.636733874054
13,5,missing__unique_foreground_apps,0.024827300478416615,unconstrained,1082.636733874054
13,5,missing__call_event_count,-0.0024917771902043216,unconstrained,1082.636733874054
13,5,missing__incoming_call_count,-0.002491777190204336,unconstrained,1082.636733874054
13,5,missing__missed_rejected_blocked_call_count,-0.002491777190204272,unconstrained,1082.636733874054
13,5,missing__outgoing_call_count,-0.0024917771902042557,unconstrained,1082.636733874054
13,5,missing__total_call_duration_seconds,-0.00249177719020432,unconstrained,1082.636733874054
13,5,missing__gsm_cell_transition_count,0.04402459480994649,unconstrained,1082.636733874054
13,5,missing__unique_gsm_cell_count,0.04402459480994646,unconstrained,1082.636733874054
13,5,missing__unique_gsm_lac_count,0.0440245948099465,unconstrained,1082.636733874054
13,5,missing__gsm_neighbor_cell_transition_count,0.03376011466631394,unconstrained,1082.636733874054
13,5,missing__unique_gsm_neighbor_cell_count,0.03376011466631395,unconstrained,1082.636733874054
13,5,missing__unique_gsm_neighbor_lac_count,0.033760114666313935,unconstrained,1082.636733874054
13,5,missing__keyboard_deletion_event_count,-0.05189742638823094,unconstrained,1082.636733874054
13,5,missing__keyboard_inter_event_interval_iqr_ms,-0.05189742638823096,unconstrained,1082.636733874054
13,5,missing__keyboard_long_pause_count_2s,-0.05189742638823091,unconstrained,1082.636733874054
13,5,missing__keyboard_median_inter_event_interval_ms,-0.05189742638823097,unconstrained,1082.636733874054
13,5,missing__keyboard_median_word_completion_time_ms,-0.024581036468302432,unconstrained,1082.636733874054
13,5,missing__keyboard_typing_burst_count,-0.05189742638823096,unconstrained,1082.636733874054
13,5,missing__message_distinct_event_count,0.06022897585140428,unconstrained,1082.636733874054
13,5,missing__activity_active_hour_count,0.04402459480994648,unconstrained,1082.636733874054
13,5,missing__activity_state_diversity,0.04402459480994651,unconstrained,1082.636733874054
13,5,missing__activity_still_fraction,0.04402459480994647,unconstrained,1082.636733874054
13,5,missing__activity_transition_count,0.04402459480994646,unconstrained,1082.636733874054
13,5,missing__activity_unknown_fraction,0.044024594809946443,unconstrained,1082.636733874054
13,5,missing__median_unlocked_session_duration_seconds,0.03808104551545674,unconstrained,1082.636733874054
13,5,missing__night_screen_event_count,0.054252068580809186,unconstrained,1082.636733874054
13,5,missing__screen_active_hour_count,0.054252068580809124,unconstrained,1082.636733874054
13,5,missing__screen_event_count,0.05425206858080917,unconstrained,1082.636733874054
13,5,missing__screen_off_event_count,0.05425206858080916,unconstrained,1082.636733874054
13,5,missing__screen_on_event_count,0.05425206858080914,unconstrained,1082.636733874054
13,5,missing__screen_transition_count,0.05425206858080915,unconstrained,1082.636733874054
13,5,missing__screen_unlock_event_count,0.0542520685808092,unconstrained,1082.636733874054
13,5,missing__telephony_event_count,0.04402459480994648,unconstrained,1082.636733874054
13,5,missing__telephony_mobile_data_enabled_fraction,0.0440245948099465,unconstrained,1082.636733874054
13,5,missing__telephony_network_type_diversity,0.04402459480994647,unconstrained,1082.636733874054
13,5,missing__touch_active_hour_count,-0.01252402438254529,unconstrained,1082.636733874054
13,5,missing__touch_app_diversity,-0.012524024382545282,unconstrained,1082.636733874054
13,5,missing__touch_click_event_count,-0.012524024382545271,unconstrained,1082.636733874054
13,5,missing__touch_distinct_event_count,-0.01252402438254522,unconstrained,1082.636733874054
13,5,missing__touch_scroll_direction_change_count,0.004918185943507209,unconstrained,1082.636733874054
13,5,missing__touch_scroll_event_count,-0.012524024382545313,unconstrained,1082.636733874054
13,5,missing__touch_scroll_index_change_median,0.004918185943507228,unconstrained,1082.636733874054
13,5,missing__touch_unique_app_count,-0.012524024382545285,unconstrained,1082.636733874054
14,1,app_foreground_event_count,0.0035562688004751593,>= 0,10000.0
14,1,app_use_diversity,0.01610232043293392,>= 0,10000.0
14,1,unique_foreground_apps,0.008840019960241344,>= 0,10000.0
14,1,call_event_count,-0.008560017871619025,<= 0,10000.0
14,1,incoming_call_count,-0.0006069679618157915,<= 0,10000.0
14,1,missed_rejected_blocked_call_count,0.0002610737639555198,>= 0,10000.0
14,1,outgoing_call_count,-0.011248588453571262,<= 0,10000.0
14,1,total_call_duration_seconds,-0.0016603766684164145,<= 0,10000.0
14,1,gsm_cell_transition_count,0.0003879862750024479,>= 0,10000.0
14,1,unique_gsm_cell_count,0.0032759085171575977,>= 0,10000.0
14,1,unique_gsm_lac_count,0.0017416101703360213,>= 0,10000.0
14,1,gsm_neighbor_cell_transition_count,-6.221481783000763e-37,<= 0,10000.0
14,1,unique_gsm_neighbor_cell_count,1.8708276074819666e-30,>= 0,10000.0
14,1,unique_gsm_neighbor_lac_count,3.4017674514033046e-32,>= 0,10000.0
14,1,keyboard_deletion_event_count,-2.3242437545077917e-25,<= 0,10000.0
14,1,keyboard_inter_event_interval_iqr_ms,-0.003653293220309316,<= 0,10000.0
14,1,keyboard_long_pause_count_2s,0.0037474186607604825,>= 0,10000.0
14,1,keyboard_median_inter_event_interval_ms,-0.0022331643566913194,<= 0,10000.0
14,1,keyboard_median_word_completion_time_ms,-9.106611713518775e-24,<= 0,10000.0
14,1,keyboard_typing_burst_count,-5.943404295615161e-27,<= 0,10000.0
14,1,message_distinct_event_count,-0.001847315064765692,<= 0,10000.0
14,1,activity_active_hour_count,0.0055602078212834225,>= 0,10000.0
14,1,activity_state_diversity,1.4456085354040535e-20,>= 0,10000.0
14,1,activity_still_fraction,0.0014328121207926822,>= 0,10000.0
14,1,activity_transition_count,0.0002999737772005869,>= 0,10000.0
14,1,activity_unknown_fraction,-0.0023099460915337136,<= 0,10000.0
14,1,median_unlocked_session_duration_seconds,0.0057069176515133265,>= 0,10000.0
14,1,night_screen_event_count,-0.010826455408983424,<= 0,10000.0
14,1,screen_active_hour_count,-0.0017222843870163664,<= 0,10000.0
14,1,screen_event_count,0.00023463965648302536,>= 0,10000.0
14,1,screen_off_event_count,7.149596523958142e-13,>= 0,10000.0
14,1,screen_on_event_count,-5.2059658713622236e-20,<= 0,10000.0
14,1,screen_transition_count,-0.0018798498314424798,<= 0,10000.0
14,1,screen_unlock_event_count,0.006253658215096062,>= 0,10000.0
14,1,telephony_event_count,0.0045212977998027315,>= 0,10000.0
14,1,telephony_mobile_data_enabled_fraction,-0.012278506350546758,<= 0,10000.0
14,1,telephony_network_type_diversity,0.006256309539835943,>= 0,10000.0
14,1,touch_active_hour_count,0.005444825179504498,>= 0,10000.0
14,1,touch_app_diversity,0.004988472960684542,>= 0,10000.0
14,1,touch_click_event_count,0.007298330727158842,>= 0,10000.0
14,1,touch_distinct_event_count,0.0065992257367304815,>= 0,10000.0
14,1,touch_scroll_direction_change_count,0.004145114003593444,>= 0,10000.0
14,1,touch_scroll_event_count,-2.013911916597262e-31,<= 0,10000.0
14,1,touch_scroll_index_change_median,0.011301708556035682,>= 0,10000.0
14,1,touch_unique_app_count,0.004490642544589477,>= 0,10000.0
14,1,missing__app_foreground_event_count,0.002171907916061846,unconstrained,10000.0
14,1,missing__app_use_diversity,0.00217190791606184,unconstrained,10000.0
14,1,missing__unique_foreground_apps,0.0021719079160618486,unconstrained,10000.0
14,1,missing__call_event_count,-0.002339677503163044,unconstrained,10000.0
14,1,missing__incoming_call_count,-0.0023396775031630447,unconstrained,10000.0
14,1,missing__missed_rejected_blocked_call_count,-0.0023396775031630443,unconstrained,10000.0
14,1,missing__outgoing_call_count,-0.0023396775031630304,unconstrained,10000.0
14,1,missing__total_call_duration_seconds,-0.0023396775031630274,unconstrained,10000.0
14,1,missing__gsm_cell_transition_count,0.010227787654785133,unconstrained,10000.0
14,1,missing__unique_gsm_cell_count,0.010227787654785131,unconstrained,10000.0
14,1,missing__unique_gsm_lac_count,0.010227787654785127,unconstrained,10000.0
14,1,missing__gsm_neighbor_cell_transition_count,-2.2118954281681197e-05,unconstrained,10000.0
14,1,missing__unique_gsm_neighbor_cell_count,-2.211895428167195e-05,unconstrained,10000.0
14,1,missing__unique_gsm_neighbor_lac_count,-2.2118954281679696e-05,unconstrained,10000.0
14,1,missing__keyboard_deletion_event_count,-0.0074959155030974705,unconstrained,10000.0
14,1,missing__keyboard_inter_event_interval_iqr_ms,-0.007495915503097452,unconstrained,10000.0
14,1,missing__keyboard_long_pause_count_2s,-0.007495915503097464,unconstrained,10000.0
14,1,missing__keyboard_median_inter_event_interval_ms,-0.007495915503097477,unconstrained,10000.0
14,1,missing__keyboard_median_word_completion_time_ms,-0.00358314429832766,unconstrained,10000.0
14,1,missing__keyboard_typing_burst_count,-0.007495915503097463,unconstrained,10000.0
14,1,missing__message_distinct_event_count,0.010311518971441197,unconstrained,10000.0
14,1,missing__activity_active_hour_count,0.01022778765478514,unconstrained,10000.0
14,1,missing__activity_state_diversity,0.01022778765478513,unconstrained,10000.0
14,1,missing__activity_still_fraction,0.010227787654785131,unconstrained,10000.0
14,1,missing__activity_transition_count,0.01022778765478514,unconstrained,10000.0
14,1,missing__activity_unknown_fraction,0.010227787654785122,unconstrained,10000.0
14,1,missing__median_unlocked_session_duration_seconds,0.01022778765478513,unconstrained,10000.0
14,1,missing__night_screen_event_count,0.01022778765478513,unconstrained,10000.0
14,1,missing__screen_active_hour_count,0.010227787654785127,unconstrained,10000.0
14,1,missing__screen_event_count,0.01022778765478513,unconstrained,10000.0
14,1,missing__screen_off_event_count,0.010227787654785126,unconstrained,10000.0
14,1,missing__screen_on_event_count,0.01022778765478513,unconstrained,10000.0
14,1,missing__screen_transition_count,0.010227787654785126,unconstrained,10000.0
14,1,missing__screen_unlock_event_count,0.01022778765478513,unconstrained,10000.0
14,1,missing__telephony_event_count,0.010227787654785134,unconstrained,10000.0
14,1,missing__telephony_mobile_data_enabled_fraction,0.01022778765478512,unconstrained,10000.0
14,1,missing__telephony_network_type_diversity,0.01022778765478513,unconstrained,10000.0
14,1,missing__touch_active_hour_count,-0.0017541932016456791,unconstrained,10000.0
14,1,missing__touch_app_diversity,-0.0017541932016456878,unconstrained,10000.0
14,1,missing__touch_click_event_count,-0.0017541932016456802,unconstrained,10000.0
14,1,missing__touch_distinct_event_count,-0.0017541932016456798,unconstrained,10000.0
14,1,missing__touch_scroll_direction_change_count,0.001276696673060797,unconstrained,10000.0
14,1,missing__touch_scroll_event_count,-0.001754193201645689,unconstrained,10000.0
14,1,missing__touch_scroll_index_change_median,0.001276696673060792,unconstrained,10000.0
14,1,missing__touch_unique_app_count,-0.0017541932016456963,unconstrained,10000.0
14,2,app_foreground_event_count,0.04167208735163562,>= 0,1887.3918221350996
14,2,app_use_diversity,0.06979807498247194,>= 0,1887.3918221350996
14,2,unique_foreground_apps,-3.495645835423228e-39,<= 0,1887.3918221350996
14,2,call_event_count,-0.0662113098281599,<= 0,1887.3918221350996
14,2,incoming_call_count,-0.03406797402297318,<= 0,1887.3918221350996
14,2,missed_rejected_blocked_call_count,0.005543065022300375,>= 0,1887.3918221350996
14,2,outgoing_call_count,-0.06541974994312061,<= 0,1887.3918221350996
14,2,total_call_duration_seconds,-0.01463149436934906,<= 0,1887.3918221350996
14,2,gsm_cell_transition_count,5.146306424842105e-44,>= 0,1887.3918221350996
14,2,unique_gsm_cell_count,6.8702524330933564e-34,>= 0,1887.3918221350996
14,2,unique_gsm_lac_count,-0.01872681000594399,<= 0,1887.3918221350996
14,2,gsm_neighbor_cell_transition_count,-1.9261820033190839e-23,<= 0,1887.3918221350996
14,2,unique_gsm_neighbor_cell_count,-0.0785060524550211,<= 0,1887.3918221350996
14,2,unique_gsm_neighbor_lac_count,-0.08157940123705257,<= 0,1887.3918221350996
14,2,keyboard_deletion_event_count,0.022768467499475725,>= 0,1887.3918221350996
14,2,keyboard_inter_event_interval_iqr_ms,-0.03516515179546194,<= 0,1887.3918221350996
14,2,keyboard_long_pause_count_2s,0.01549687004840981,>= 0,1887.3918221350996
14,2,keyboard_median_inter_event_interval_ms,-0.024228066296351523,<= 0,1887.3918221350996
14,2,keyboard_median_word_completion_time_ms,-0.004026033372267132,<= 0,1887.3918221350996
14,2,keyboard_typing_burst_count,-5.36004127321162e-37,<= 0,1887.3918221350996
14,2,message_distinct_event_count,-0.046078558462626006,<= 0,1887.3918221350996
14,2,activity_active_hour_count,0.016684614545066104,>= 0,1887.3918221350996
14,2,activity_state_diversity,0.018179226549469386,>= 0,1887.3918221350996
14,2,activity_still_fraction,-0.006230080099510481,<= 0,1887.3918221350996
14,2,activity_transition_count,0.001339371248946314,>= 0,1887.3918221350996
14,2,activity_unknown_fraction,-1.496132090085929e-10,<= 0,1887.3918221350996
14,2,median_unlocked_session_duration_seconds,0.02712378007265498,>= 0,1887.3918221350996
14,2,night_screen_event_count,-0.03838098427694381,<= 0,1887.3918221350996
14,2,screen_active_hour_count,-0.02944612832606107,<= 0,1887.3918221350996
14,2,screen_event_count,-6.353199960262101e-31,<= 0,1887.3918221350996
14,2,screen_off_event_count,-0.0008761990447117252,<= 0,1887.3918221350996
14,2,screen_on_event_count,-6.949188246239709e-50,<= 0,1887.3918221350996
14,2,screen_transition_count,-0.03423740851183181,<= 0,1887.3918221350996
14,2,screen_unlock_event_count,-1.3135542867444226e-38,<= 0,1887.3918221350996
14,2,telephony_event_count,-3.834928986633255e-25,<= 0,1887.3918221350996
14,2,telephony_mobile_data_enabled_fraction,-0.08508359302305706,<= 0,1887.3918221350996
14,2,telephony_network_type_diversity,0.012883554084326194,>= 0,1887.3918221350996
14,2,touch_active_hour_count,-4.428405544336115e-33,<= 0,1887.3918221350996
14,2,touch_app_diversity,2.392517348466212e-49,>= 0,1887.3918221350996
14,2,touch_click_event_count,-6.171661130994532e-39,<= 0,1887.3918221350996
14,2,touch_distinct_event_count,-2.1805536214246802e-39,<= 0,1887.3918221350996
14,2,touch_scroll_direction_change_count,-1.354141967804659e-42,<= 0,1887.3918221350996
14,2,touch_scroll_event_count,-3.698801973203712e-40,<= 0,1887.3918221350996
14,2,touch_scroll_index_change_median,0.025775304894625813,>= 0,1887.3918221350996
14,2,touch_unique_app_count,-1.8298790243946817e-29,<= 0,1887.3918221350996
14,2,missing__app_foreground_event_count,-0.004346620997698735,unconstrained,1887.3918221350996
14,2,missing__app_use_diversity,-0.004346620997698779,unconstrained,1887.3918221350996
14,2,missing__unique_foreground_apps,-0.00434662099769875,unconstrained,1887.3918221350996
14,2,missing__call_event_count,0.006082823836691957,unconstrained,1887.3918221350996
14,2,missing__incoming_call_count,0.006082823836691932,unconstrained,1887.3918221350996
14,2,missing__missed_rejected_blocked_call_count,0.006082823836691975,unconstrained,1887.3918221350996
14,2,missing__outgoing_call_count,0.006082823836691902,unconstrained,1887.3918221350996
14,2,missing__total_call_duration_seconds,0.006082823836691948,unconstrained,1887.3918221350996
14,2,missing__gsm_cell_transition_count,0.03419798972107786,unconstrained,1887.3918221350996
14,2,missing__unique_gsm_cell_count,0.034197989721077834,unconstrained,1887.3918221350996
14,2,missing__unique_gsm_lac_count,0.03419798972107783,unconstrained,1887.3918221350996
14,2,missing__gsm_neighbor_cell_transition_count,0.02347276612290701,unconstrained,1887.3918221350996
14,2,missing__unique_gsm_neighbor_cell_count,0.023472766122906982,unconstrained,1887.3918221350996
14,2,missing__unique_gsm_neighbor_lac_count,0.023472766122906996,unconstrained,1887.3918221350996
14,2,missing__keyboard_deletion_event_count,-0.03205005637424674,unconstrained,1887.3918221350996
14,2,missing__keyboard_inter_event_interval_iqr_ms,-0.03205005637424676,unconstrained,1887.3918221350996
14,2,missing__keyboard_long_pause_count_2s,-0.03205005637424675,unconstrained,1887.3918221350996
14,2,missing__keyboard_median_inter_event_interval_ms,-0.03205005637424671,unconstrained,1887.3918221350996
14,2,missing__keyboard_median_word_completion_time_ms,-0.014861246549468937,unconstrained,1887.3918221350996
14,2,missing__keyboard_typing_burst_count,-0.032050056374246745,unconstrained,1887.3918221350996
14,2,missing__message_distinct_event_count,0.04717228396954183,unconstrained,1887.3918221350996
14,2,missing__activity_active_hour_count,0.03419798972107782,unconstrained,1887.3918221350996
14,2,missing__activity_state_diversity,0.03419798972107785,unconstrained,1887.3918221350996
14,2,missing__activity_still_fraction,0.034197989721077876,unconstrained,1887.3918221350996
14,2,missing__activity_transition_count,0.03419798972107788,unconstrained,1887.3918221350996
14,2,missing__activity_unknown_fraction,0.034197989721077876,unconstrained,1887.3918221350996
14,2,missing__median_unlocked_session_duration_seconds,0.02780342799597792,unconstrained,1887.3918221350996
14,2,missing__night_screen_event_count,0.04338456042614125,unconstrained,1887.3918221350996
14,2,missing__screen_active_hour_count,0.043384560426141285,unconstrained,1887.3918221350996
14,2,missing__screen_event_count,0.04338456042614127,unconstrained,1887.3918221350996
14,2,missing__screen_off_event_count,0.04338456042614129,unconstrained,1887.3918221350996
14,2,missing__screen_on_event_count,0.04338456042614126,unconstrained,1887.3918221350996
14,2,missing__screen_transition_count,0.043384560426141285,unconstrained,1887.3918221350996
14,2,missing__screen_unlock_event_count,0.04338456042614127,unconstrained,1887.3918221350996
14,2,missing__telephony_event_count,0.03419798972107786,unconstrained,1887.3918221350996
14,2,missing__telephony_mobile_data_enabled_fraction,0.03419798972107783,unconstrained,1887.3918221350996
14,2,missing__telephony_network_type_diversity,0.03419798972107786,unconstrained,1887.3918221350996
14,2,missing__touch_active_hour_count,-0.028606964510057866,unconstrained,1887.3918221350996
14,2,missing__touch_app_diversity,-0.02860696451005786,unconstrained,1887.3918221350996
14,2,missing__touch_click_event_count,-0.028606964510057925,unconstrained,1887.3918221350996
14,2,missing__touch_distinct_event_count,-0.028606964510057852,unconstrained,1887.3918221350996
14,2,missing__touch_scroll_direction_change_count,-0.01429345207463522,unconstrained,1887.3918221350996
14,2,missing__touch_scroll_event_count,-0.028606964510057835,unconstrained,1887.3918221350996
14,2,missing__touch_scroll_index_change_median,-0.01429345207463524,unconstrained,1887.3918221350996
14,2,missing__touch_unique_app_count,-0.02860696451005788,unconstrained,1887.3918221350996
14,3,app_foreground_event_count,0.12110756722228354,>= 0,621.0169418915616
14,3,app_use_diversity,0.18266056437516703,>= 0,621.0169418915616
14,3,unique_foreground_apps,0.11874171324799372,>= 0,621.0169418915616
14,3,gsm_cell_transition_count,0.0027887382880998823,>= 0,621.0169418915616
14,3,unique_gsm_cell_count,0.025208384258480602,>= 0,621.0169418915616
14,3,unique_gsm_lac_count,4.59763108614207e-13,>= 0,621.0169418915616
14,3,gsm_neighbor_cell_transition_count,-4.955213783944811e-35,<= 0,621.0169418915616
14,3,unique_gsm_neighbor_cell_count,-0.17470019423348374,<= 0,621.0169418915616
14,3,unique_gsm_neighbor_lac_count,6.765785336840899e-26,>= 0,621.0169418915616
14,3,keyboard_deletion_event_count,0.050079734062254605,>= 0,621.0169418915616
14,3,keyboard_inter_event_interval_iqr_ms,-0.05738168057355095,<= 0,621.0169418915616
14,3,keyboard_long_pause_count_2s,0.032884991752843526,>= 0,621.0169418915616
14,3,keyboard_median_inter_event_interval_ms,-0.07124827578006807,<= 0,621.0169418915616
14,3,keyboard_median_word_completion_time_ms,-1.758716190041727e-21,<= 0,621.0169418915616
14,3,keyboard_typing_burst_count,-1.9823418701613974e-30,<= 0,621.0169418915616
14,3,message_distinct_event_count,-0.0531053364127738,<= 0,621.0169418915616
14,3,activity_active_hour_count,0.08637932638943072,>= 0,621.0169418915616
14,3,activity_state_diversity,-0.053387124489382445,<= 0,621.0169418915616
14,3,activity_still_fraction,0.10363666061324246,>= 0,621.0169418915616
14,3,activity_transition_count,0.015828108873311868,>= 0,621.0169418915616
14,3,activity_unknown_fraction,-0.09244300405594086,<= 0,621.0169418915616
14,3,median_unlocked_session_duration_seconds,-6.230157882816672e-27,<= 0,621.0169418915616
14,3,night_screen_event_count,1.034723058094958e-23,>= 0,621.0169418915616
14,3,screen_active_hour_count,-0.0026775360698481658,<= 0,621.0169418915616
14,3,screen_event_count,0.005836676854534164,>= 0,621.0169418915616
14,3,screen_off_event_count,0.0010824559485593567,>= 0,621.0169418915616
14,3,screen_on_event_count,0.010442653793380703,>= 0,621.0169418915616
14,3,screen_transition_count,0.003957744018587267,>= 0,621.0169418915616
14,3,screen_unlock_event_count,0.051559039959778834,>= 0,621.0169418915616
14,3,telephony_event_count,0.0035733357969027837,>= 0,621.0169418915616
14,3,telephony_mobile_data_enabled_fraction,-0.17810193048992862,<= 0,621.0169418915616
14,3,telephony_network_type_diversity,0.06028314995012175,>= 0,621.0169418915616
14,3,touch_active_hour_count,0.025611839413093522,>= 0,621.0169418915616
14,3,touch_app_diversity,3.3686178988204314e-14,>= 0,621.0169418915616
14,3,touch_click_event_count,0.06173780940666417,>= 0,621.0169418915616
14,3,touch_distinct_event_count,0.06067555072990295,>= 0,621.0169418915616
14,3,touch_scroll_direction_change_count,0.03568394004312072,>= 0,621.0169418915616
14,3,touch_scroll_event_count,0.057078510562060786,>= 0,621.0169418915616
14,3,touch_scroll_index_change_median,-2.7592312977926978e-24,<= 0,621.0169418915616
14,3,touch_unique_app_count,0.06711765408704243,>= 0,621.0169418915616
14,3,missing__app_foreground_event_count,-0.013330306725194105,unconstrained,621.0169418915616
14,3,missing__app_use_diversity,-0.013330306725194198,unconstrained,621.0169418915616
14,3,missing__unique_foreground_apps,-0.013330306725194167,unconstrained,621.0169418915616
14,3,missing__gsm_cell_transition_count,0.05128322893485424,unconstrained,621.0169418915616
14,3,missing__unique_gsm_cell_count,0.05128322893485422,unconstrained,621.0169418915616
14,3,missing__unique_gsm_lac_count,0.05128322893485421,unconstrained,621.0169418915616
14,3,missing__gsm_neighbor_cell_transition_count,0.06711041569193654,unconstrained,621.0169418915616
14,3,missing__unique_gsm_neighbor_cell_count,0.06711041569193653,unconstrained,621.0169418915616
14,3,missing__unique_gsm_neighbor_lac_count,0.06711041569193656,unconstrained,621.0169418915616
14,3,missing__keyboard_deletion_event_count,-0.11210993547155311,unconstrained,621.0169418915616
14,3,missing__keyboard_inter_event_interval_iqr_ms,-0.11210993547155308,unconstrained,621.0169418915616
14,3,missing__keyboard_long_pause_count_2s,-0.11210993547155305,unconstrained,621.0169418915616
14,3,missing__keyboard_median_inter_event_interval_ms,-0.11210993547155315,unconstrained,621.0169418915616
14,3,missing__keyboard_median_word_completion_time_ms,-0.0333521370217012,unconstrained,621.0169418915616
14,3,missing__keyboard_typing_burst_count,-0.11210993547155303,unconstrained,621.0169418915616
14,3,missing__message_distinct_event_count,0.10125249238248997,unconstrained,621.0169418915616
14,3,missing__activity_active_hour_count,0.05128322893485418,unconstrained,621.0169418915616
14,3,missing__activity_state_diversity,0.051283228934854194,unconstrained,621.0169418915616
14,3,missing__activity_still_fraction,0.05128322893485416,unconstrained,621.0169418915616
14,3,missing__activity_transition_count,0.05128322893485424,unconstrained,621.0169418915616
14,3,missing__activity_unknown_fraction,0.05128322893485426,unconstrained,621.0169418915616
14,3,missing__median_unlocked_session_duration_seconds,0.043629587249292764,unconstrained,621.0169418915616
14,3,missing__night_screen_event_count,0.062624359860701,unconstrained,621.0169418915616
14,3,missing__screen_active_hour_count,0.06262435986070096,unconstrained,621.0169418915616
14,3,missing__screen_event_count,0.06262435986070093,unconstrained,621.0169418915616
14,3,missing__screen_off_event_count,0.06262435986070095,unconstrained,621.0169418915616
14,3,missing__screen_on_event_count,0.06262435986070099,unconstrained,621.0169418915616
14,3,missing__screen_transition_count,0.06262435986070096,unconstrained,621.0169418915616
14,3,missing__screen_unlock_event_count,0.06262435986070096,unconstrained,621.0169418915616
14,3,missing__telephony_event_count,0.05128322893485422,unconstrained,621.0169418915616
14,3,missing__telephony_mobile_data_enabled_fraction,0.051283228934854236,unconstrained,621.0169418915616
14,3,missing__telephony_network_type_diversity,0.05128322893485422,unconstrained,621.0169418915616
14,3,missing__touch_active_hour_count,-0.020257413048976415,unconstrained,621.0169418915616
14,3,missing__touch_app_diversity,-0.02025741304897641,unconstrained,621.0169418915616
14,3,missing__touch_click_event_count,-0.020257413048976377,unconstrained,621.0169418915616
14,3,missing__touch_distinct_event_count,-0.02025741304897643,unconstrained,621.0169418915616
14,3,missing__touch_scroll_direction_change_count,-0.020257413048976377,unconstrained,621.0169418915616
14,3,missing__touch_scroll_event_count,-0.020257413048976422,unconstrained,621.0169418915616
14,3,missing__touch_scroll_index_change_median,-0.02025741304897641,unconstrained,621.0169418915616
14,3,missing__touch_unique_app_count,-0.02025741304897638,unconstrained,621.0169418915616
14,4,app_foreground_event_count,0.24990524479640938,>= 0,117.21022975334817
14,4,app_use_diversity,0.49651197672644054,>= 0,117.21022975334817
14,4,unique_foreground_apps,0.19380913606231945,>= 0,117.21022975334817
14,4,gsm_cell_transition_count,1.807326833026252e-50,>= 0,117.21022975334817
14,4,unique_gsm_cell_count,0.014123520942657314,>= 0,117.21022975334817
14,4,unique_gsm_lac_count,4.6436170475067005e-33,>= 0,117.21022975334817
14,4,gsm_neighbor_cell_transition_count,-0.053112007388926616,<= 0,117.21022975334817
14,4,unique_gsm_neighbor_cell_count,-0.6338779811987232,<= 0,117.21022975334817
14,4,unique_gsm_neighbor_lac_count,-0.771275565831603,<= 0,117.21022975334817
14,4,keyboard_deletion_event_count,0.5046285287942176,>= 0,117.21022975334817
14,4,keyboard_inter_event_interval_iqr_ms,-1.6803847098338005e-29,<= 0,117.21022975334817
14,4,keyboard_long_pause_count_2s,0.26470128787786024,>= 0,117.21022975334817
14,4,keyboard_median_inter_event_interval_ms,-2.7713053378963467e-28,<= 0,117.21022975334817
14,4,keyboard_median_word_completion_time_ms,-1.4228512760771198e-32,<= 0,117.21022975334817
14,4,keyboard_typing_burst_count,0.16857753817073765,>= 0,117.21022975334817
14,4,message_distinct_event_count,-0.16876636532069786,<= 0,117.21022975334817
14,4,activity_active_hour_count,1.6257037971307242e-30,>= 0,117.21022975334817
14,4,activity_state_diversity,7.074695479641903e-19,>= 0,117.21022975334817
14,4,activity_still_fraction,-0.17468294719443297,<= 0,117.21022975334817
14,4,activity_transition_count,1.267808386028521e-29,>= 0,117.21022975334817
14,4,activity_unknown_fraction,-0.08832410976997102,<= 0,117.21022975334817
14,4,median_unlocked_session_duration_seconds,-4.859528911129861e-32,<= 0,117.21022975334817
14,4,screen_active_hour_count,-0.2676503455906453,<= 0,117.21022975334817
14,4,screen_event_count,0.12657274853648304,>= 0,117.21022975334817
14,4,screen_off_event_count,0.04257149616929744,>= 0,117.21022975334817
14,4,screen_on_event_count,0.21329544868751107,>= 0,117.21022975334817
14,4,screen_transition_count,-0.25618796266767413,<= 0,117.21022975334817
14,4,screen_unlock_event_count,0.5193553723404519,>= 0,117.21022975334817
14,4,telephony_event_count,0.2505738119866522,>= 0,117.21022975334817
14,4,telephony_mobile_data_enabled_fraction,-0.6194316999039956,<= 0,117.21022975334817
14,4,telephony_network_type_diversity,0.2698265853072874,>= 0,117.21022975334817
14,4,touch_active_hour_count,-0.022878562567854765,<= 0,117.21022975334817
14,4,touch_app_diversity,-0.3416530098943327,<= 0,117.21022975334817
14,4,touch_click_event_count,-6.7008105669189035e-31,<= 0,117.21022975334817
14,4,touch_distinct_event_count,-7.149119361113473e-29,<= 0,117.21022975334817
14,4,touch_scroll_direction_change_count,0.12300701620820914,>= 0,117.21022975334817
14,4,touch_scroll_event_count,-1.9515833312464738e-26,<= 0,117.21022975334817
14,4,touch_scroll_index_change_median,-1.4490475413408695e-37,<= 0,117.21022975334817
14,4,touch_unique_app_count,-0.06277063956106613,<= 0,117.21022975334817
14,4,missing__app_foreground_event_count,-0.024960200935312742,unconstrained,117.21022975334817
14,4,missing__app_use_diversity,-0.024960200935312617,unconstrained,117.21022975334817
14,4,missing__unique_foreground_apps,-0.024960200935312808,unconstrained,117.21022975334817
14,4,missing__gsm_cell_transition_count,0.10069135891659323,unconstrained,117.21022975334817
14,4,missing__unique_gsm_cell_count,0.10069135891659327,unconstrained,117.21022975334817
14,4,missing__unique_gsm_lac_count,0.1006913589165932,unconstrained,117.21022975334817
14,4,missing__gsm_neighbor_cell_transition_count,0.09234068605476559,unconstrained,117.21022975334817
14,4,missing__unique_gsm_neighbor_cell_count,0.09234068605476545,unconstrained,117.21022975334817
14,4,missing__unique_gsm_neighbor_lac_count,0.09234068605476561,unconstrained,117.21022975334817
14,4,missing__keyboard_deletion_event_count,-0.15439079232652944,unconstrained,117.21022975334817
14,4,missing__keyboard_inter_event_interval_iqr_ms,-0.15439079232652933,unconstrained,117.21022975334817
14,4,missing__keyboard_long_pause_count_2s,-0.15439079232652922,unconstrained,117.21022975334817
14,4,missing__keyboard_median_inter_event_interval_ms,-0.15439079232652936,unconstrained,117.21022975334817
14,4,missing__keyboard_median_word_completion_time_ms,-0.06507147231648998,unconstrained,117.21022975334817
14,4,missing__keyboard_typing_burst_count,-0.15439079232652944,unconstrained,117.21022975334817
14,4,missing__message_distinct_event_count,0.32572968478647724,unconstrained,117.21022975334817
14,4,missing__activity_active_hour_count,0.10069135891659323,unconstrained,117.21022975334817
14,4,missing__activity_state_diversity,0.10069135891659323,unconstrained,117.21022975334817
14,4,missing__activity_still_fraction,0.10069135891659316,unconstrained,117.21022975334817
14,4,missing__activity_transition_count,0.10069135891659323,unconstrained,117.21022975334817
14,4,missing__activity_unknown_fraction,0.10069135891659323,unconstrained,117.21022975334817
14,4,missing__median_unlocked_session_duration_seconds,0.08511656365292906,unconstrained,117.21022975334817
14,4,missing__screen_active_hour_count,0.13546083666979347,unconstrained,117.21022975334817
14,4,missing__screen_event_count,0.13546083666979342,unconstrained,117.21022975334817
14,4,missing__screen_off_event_count,0.1354608366697935,unconstrained,117.21022975334817
14,4,missing__screen_on_event_count,0.13546083666979342,unconstrained,117.21022975334817
14,4,missing__screen_transition_count,0.13546083666979358,unconstrained,117.21022975334817
14,4,missing__screen_unlock_event_count,0.13546083666979356,unconstrained,117.21022975334817
14,4,missing__telephony_event_count,0.10069135891659316,unconstrained,117.21022975334817
14,4,missing__telephony_mobile_data_enabled_fraction,0.10069135891659318,unconstrained,117.21022975334817
14,4,missing__telephony_network_type_diversity,0.10069135891659306,unconstrained,117.21022975334817
14,4,missing__touch_active_hour_count,-0.1761752674586341,unconstrained,117.21022975334817
14,4,missing__touch_app_diversity,-0.17617526745863402,unconstrained,117.21022975334817
14,4,missing__touch_click_event_count,-0.17617526745863418,unconstrained,117.21022975334817
14,4,missing__touch_distinct_event_count,-0.17617526745863415,unconstrained,117.21022975334817
14,4,missing__touch_scroll_direction_change_count,0.12971399144677756,unconstrained,117.21022975334817
14,4,missing__touch_scroll_event_count,-0.17617526745863407,unconstrained,117.21022975334817
14,4,missing__touch_scroll_index_change_median,0.12971399144677734,unconstrained,117.21022975334817
14,4,missing__touch_unique_app_count,-0.17617526745863415,unconstrained,117.21022975334817
14,5,app_foreground_event_count,0.007118730090553438,>= 0,10000.0
14,5,app_use_diversity,0.013717688613199882,>= 0,10000.0
14,5,unique_foreground_apps,0.009416558004142279,>= 0,10000.0
14,5,gsm_cell_transition_count,7.122145871531569e-19,>= 0,10000.0
14,5,unique_gsm_cell_count,0.003019088210055611,>= 0,10000.0
14,5,unique_gsm_lac_count,0.001531194585292454,>= 0,10000.0
14,5,gsm_neighbor_cell_transition_count,-2.2477954123060305e-20,<= 0,10000.0
14,5,unique_gsm_neighbor_cell_count,0.0013588329183875317,>= 0,10000.0
14,5,unique_gsm_neighbor_lac_count,9.321753904741682e-28,>= 0,10000.0
14,5,keyboard_deletion_event_count,-1.1233118624004716e-27,<= 0,10000.0
14,5,keyboard_inter_event_interval_iqr_ms,-0.0002774704878804917,<= 0,10000.0
14,5,keyboard_long_pause_count_2s,-2.8540116722412553e-25,<= 0,10000.0
14,5,keyboard_median_inter_event_interval_ms,-9.306635769005666e-14,<= 0,10000.0
14,5,keyboard_median_word_completion_time_ms,-0.011633071085994628,<= 0,10000.0
14,5,keyboard_typing_burst_count,-1.0992078174649145e-25,<= 0,10000.0
14,5,message_distinct_event_count,-8.637163062147208e-22,<= 0,10000.0
14,5,activity_active_hour_count,-0.004371502038634548,<= 0,10000.0
14,5,activity_state_diversity,0.00036845227745030184,>= 0,10000.0
14,5,activity_still_fraction,1.2928116174571328e-26,>= 0,10000.0
14,5,activity_transition_count,-0.000936584233097846,<= 0,10000.0
14,5,activity_unknown_fraction,0.005213813074165472,>= 0,10000.0
14,5,median_unlocked_session_duration_seconds,-9.348502425568709e-15,<= 0,10000.0
14,5,night_screen_event_count,2.1254144880418294e-21,>= 0,10000.0
14,5,screen_active_hour_count,0.0026300537825049166,>= 0,10000.0
14,5,screen_event_count,0.008059435570901458,>= 0,10000.0
14,5,screen_off_event_count,0.007433138343220445,>= 0,10000.0
14,5,screen_on_event_count,0.008071238243738775,>= 0,10000.0
14,5,screen_transition_count,0.004516531644247873,>= 0,10000.0
14,5,screen_unlock_event_count,0.008291237473741421,>= 0,10000.0
14,5,telephony_event_count,0.00923821421242331,>= 0,10000.0
14,5,telephony_mobile_data_enabled_fraction,-0.012234627806751504,<= 0,10000.0
14,5,telephony_network_type_diversity,1.597937633149047e-38,>= 0,10000.0
14,5,touch_active_hour_count,0.005628309542072841,>= 0,10000.0
14,5,touch_app_diversity,0.0015268136401311307,>= 0,10000.0
14,5,touch_click_event_count,-1.4585322169656973e-32,<= 0,10000.0
14,5,touch_distinct_event_count,-9.932806496509715e-29,<= 0,10000.0
14,5,touch_scroll_direction_change_count,-1.5268395395189968e-27,<= 0,10000.0
14,5,touch_scroll_event_count,-5.853127416569185e-28,<= 0,10000.0
14,5,touch_scroll_index_change_median,-6.451840219184293e-17,<= 0,10000.0
14,5,touch_unique_app_count,-4.660337441371017e-29,<= 0,10000.0
14,5,missing__app_foreground_event_count,0.0034051331729706715,unconstrained,10000.0
14,5,missing__app_use_diversity,0.0034051331729706715,unconstrained,10000.0
14,5,missing__unique_foreground_apps,0.003405133172970678,unconstrained,10000.0
14,5,missing__gsm_cell_transition_count,0.0044358732481554475,unconstrained,10000.0
14,5,missing__unique_gsm_cell_count,0.004435873248155447,unconstrained,10000.0
14,5,missing__unique_gsm_lac_count,0.004435873248155447,unconstrained,10000.0
14,5,missing__gsm_neighbor_cell_transition_count,0.005492586064382202,unconstrained,10000.0
14,5,missing__unique_gsm_neighbor_cell_count,0.005492586064382222,unconstrained,10000.0
14,5,missing__unique_gsm_neighbor_lac_count,0.005492586064382197,unconstrained,10000.0
14,5,missing__keyboard_deletion_event_count,-0.0062550817136439365,unconstrained,10000.0
14,5,missing__keyboard_inter_event_interval_iqr_ms,-0.006255081713643935,unconstrained,10000.0
14,5,missing__keyboard_long_pause_count_2s,-0.006255081713643926,unconstrained,10000.0
14,5,missing__keyboard_median_inter_event_interval_ms,-0.006255081713643931,unconstrained,10000.0
14,5,missing__keyboard_median_word_completion_time_ms,-0.0022567701874400044,unconstrained,10000.0
14,5,missing__keyboard_typing_burst_count,-0.006255081713643922,unconstrained,10000.0
14,5,missing__message_distinct_event_count,-1.8841810331986978e-05,unconstrained,10000.0
14,5,missing__activity_active_hour_count,0.004435873248155442,unconstrained,10000.0
14,5,missing__activity_state_diversity,0.004435873248155456,unconstrained,10000.0
14,5,missing__activity_still_fraction,0.004435873248155451,unconstrained,10000.0
14,5,missing__activity_transition_count,0.004435873248155451,unconstrained,10000.0
14,5,missing__activity_unknown_fraction,0.004435873248155448,unconstrained,10000.0
14,5,missing__median_unlocked_session_duration_seconds,0.0037233952878131895,unconstrained,10000.0
14,5,missing__night_screen_event_count,0.005443775994124478,unconstrained,10000.0
14,5,missing__screen_active_hour_count,0.005443775994124483,unconstrained,10000.0
14,5,missing__screen_event_count,0.00544377599412448,unconstrained,10000.0
14,5,missing__screen_off_event_count,0.005443775994124484,unconstrained,10000.0
14,5,missing__screen_on_event_count,0.005443775994124475,unconstrained,10000.0
14,5,missing__screen_transition_count,0.005443775994124474,unconstrained,10000.0
14,5,missing__screen_unlock_event_count,0.005443775994124472,unconstrained,10000.0
14,5,missing__telephony_event_count,0.004435873248155453,unconstrained,10000.0
14,5,missing__telephony_mobile_data_enabled_fraction,0.0044358732481554536,unconstrained,10000.0
14,5,missing__telephony_network_type_diversity,0.004435873248155451,unconstrained,10000.0
14,5,missing__touch_active_hour_count,-0.001320000492602467,unconstrained,10000.0
14,5,missing__touch_app_diversity,-0.0013200004926024703,unconstrained,10000.0
14,5,missing__touch_click_event_count,-0.001320000492602476,unconstrained,10000.0
14,5,missing__touch_distinct_event_count,-0.0013200004926024805,unconstrained,10000.0
14,5,missing__touch_scroll_direction_change_count,0.001106006751242657,unconstrained,10000.0
14,5,missing__touch_scroll_event_count,-0.001320000492602468,unconstrained,10000.0
14,5,missing__touch_scroll_index_change_median,0.001106006751242637,unconstrained,10000.0
14,5,missing__touch_unique_app_count,-0.0013200004926024588,unconstrained,10000.0
15,1,app_foreground_event_count,0.0063457885058057825,>= 0,10000.0
15,1,app_use_diversity,0.017254222087098883,>= 0,10000.0
15,1,unique_foreground_apps,0.010086122092145516,>= 0,10000.0
15,1,gsm_cell_transition_count,1.444336805848043e-29,>= 0,10000.0
15,1,unique_gsm_cell_count,0.001065933408397796,>= 0,10000.0
15,1,unique_gsm_lac_count,0.00011768143022449965,>= 0,10000.0
15,1,gsm_neighbor_cell_transition_count,-2.926980933547496e-34,<= 0,10000.0
15,1,unique_gsm_neighbor_cell_count,-0.013965794300011264,<= 0,10000.0
15,1,unique_gsm_neighbor_lac_count,-0.01471810491161753,<= 0,10000.0
15,1,keyboard_deletion_event_count,-4.682000580256826e-30,<= 0,10000.0
15,1,keyboard_inter_event_interval_iqr_ms,-0.002481104205302659,<= 0,10000.0
15,1,keyboard_long_pause_count_2s,0.003407450682290482,>= 0,10000.0
15,1,keyboard_median_inter_event_interval_ms,-2.4633591752705075e-23,<= 0,10000.0
15,1,keyboard_median_word_completion_time_ms,-0.008778515233033177,<= 0,10000.0
15,1,keyboard_typing_burst_count,0.002148326502327119,>= 0,10000.0
15,1,message_distinct_event_count,-0.0032041564947847953,<= 0,10000.0
15,1,activity_active_hour_count,8.139924349569181e-12,>= 0,10000.0
15,1,activity_state_diversity,-2.328486429871618e-29,<= 0,10000.0
15,1,activity_still_fraction,-0.0011203581565791055,<= 0,10000.0
15,1,activity_transition_count,-0.000825275303419861,<= 0,10000.0
15,1,activity_unknown_fraction,-0.0021043958105710905,<= 0,10000.0
15,1,median_unlocked_session_duration_seconds,0.006125359198440434,>= 0,10000.0
15,1,night_screen_event_count,-0.010595307900731321,<= 0,10000.0
15,1,screen_active_hour_count,-0.004801590758523577,<= 0,10000.0
15,1,screen_event_count,0.003454313705490634,>= 0,10000.0
15,1,screen_off_event_count,0.002795516814752979,>= 0,10000.0
15,1,screen_on_event_count,0.004533504827410585,>= 0,10000.0
15,1,screen_transition_count,-0.0015857141892863863,<= 0,10000.0
15,1,screen_unlock_event_count,0.007629686231388356,>= 0,10000.0
15,1,telephony_event_count,0.00271082831447202,>= 0,10000.0
15,1,telephony_mobile_data_enabled_fraction,-0.012079523876618037,<= 0,10000.0
15,1,telephony_network_type_diversity,0.003281185753993513,>= 0,10000.0
15,1,touch_active_hour_count,-3.834233926451157e-23,<= 0,10000.0
15,1,touch_app_diversity,0.0020827795940178456,>= 0,10000.0
15,1,touch_click_event_count,-3.260792106839162e-33,<= 0,10000.0
15,1,touch_distinct_event_count,-5.046006356013587e-36,<= 0,10000.0
15,1,touch_scroll_direction_change_count,-1.394725102440495e-31,<= 0,10000.0
15,1,touch_scroll_event_count,-6.083765837176569e-32,<= 0,10000.0
15,1,touch_scroll_index_change_median,-4.397065502181718e-25,<= 0,10000.0
15,1,touch_unique_app_count,0.004930684237184515,>= 0,10000.0
15,1,missing__app_foreground_event_count,0.003242197788218604,unconstrained,10000.0
15,1,missing__app_use_diversity,0.0032421977882186,unconstrained,10000.0
15,1,missing__unique_foreground_apps,0.003242197788218598,unconstrained,10000.0
15,1,missing__gsm_cell_transition_count,0.010049751307172823,unconstrained,10000.0
15,1,missing__unique_gsm_cell_count,0.01004975130717281,unconstrained,10000.0
15,1,missing__unique_gsm_lac_count,0.010049751307172831,unconstrained,10000.0
15,1,missing__gsm_neighbor_cell_transition_count,0.0015135207451137064,unconstrained,10000.0
15,1,missing__unique_gsm_neighbor_cell_count,0.001513520745113712,unconstrained,10000.0
15,1,missing__unique_gsm_neighbor_lac_count,0.001513520745113706,unconstrained,10000.0
15,1,missing__keyboard_deletion_event_count,-0.004667508143679956,unconstrained,10000.0
15,1,missing__keyboard_inter_event_interval_iqr_ms,-0.0046675081436799454,unconstrained,10000.0
15,1,missing__keyboard_long_pause_count_2s,-0.004667508143679934,unconstrained,10000.0
15,1,missing__keyboard_median_inter_event_interval_ms,-0.004667508143679939,unconstrained,10000.0
15,1,missing__keyboard_median_word_completion_time_ms,-0.0006830381231829564,unconstrained,10000.0
15,1,missing__keyboard_typing_burst_count,-0.004667508143679942,unconstrained,10000.0
15,1,missing__message_distinct_event_count,0.008708103051674637,unconstrained,10000.0
15,1,missing__activity_active_hour_count,0.010049751307172838,unconstrained,10000.0
15,1,missing__activity_state_diversity,0.010049751307172833,unconstrained,10000.0
15,1,missing__activity_still_fraction,0.010049751307172818,unconstrained,10000.0
15,1,missing__activity_transition_count,0.010049751307172821,unconstrained,10000.0
15,1,missing__activity_unknown_fraction,0.01004975130717283,unconstrained,10000.0
15,1,missing__median_unlocked_session_duration_seconds,0.009341243834529394,unconstrained,10000.0
15,1,missing__night_screen_event_count,0.011135322244574851,unconstrained,10000.0
15,1,missing__screen_active_hour_count,0.011135322244574863,unconstrained,10000.0
15,1,missing__screen_event_count,0.01113532224457486,unconstrained,10000.0
15,1,missing__screen_off_event_count,0.011135322244574855,unconstrained,10000.0
15,1,missing__screen_on_event_count,0.011135322244574863,unconstrained,10000.0
15,1,missing__screen_transition_count,0.011135322244574862,unconstrained,10000.0
15,1,missing__screen_unlock_event_count,0.011135322244574856,unconstrained,10000.0
15,1,missing__telephony_event_count,0.010049751307172828,unconstrained,10000.0
15,1,missing__telephony_mobile_data_enabled_fraction,0.010049751307172826,unconstrained,10000.0
15,1,missing__telephony_network_type_diversity,0.01004975130717284,unconstrained,10000.0
15,1,missing__touch_active_hour_count,-0.0010524782408702102,unconstrained,10000.0
15,1,missing__touch_app_diversity,-0.001052478240870191,unconstrained,10000.0
15,1,missing__touch_click_event_count,-0.00105247824087021,unconstrained,10000.0
15,1,missing__touch_distinct_event_count,-0.0010524782408702204,unconstrained,10000.0
15,1,missing__touch_scroll_direction_change_count,0.0017463919972684453,unconstrained,10000.0
15,1,missing__touch_scroll_event_count,-0.0010524782408701963,unconstrained,10000.0
15,1,missing__touch_scroll_index_change_median,0.0017463919972684411,unconstrained,10000.0
15,1,missing__touch_unique_app_count,-0.001052478240870217,unconstrained,10000.0
15,2,app_foreground_event_count,0.3478357583257035,>= 0,117.21022975334817
15,2,app_use_diversity,0.43682286982950147,>= 0,117.21022975334817
15,2,unique_foreground_apps,0.28771400753772275,>= 0,117.21022975334817
15,2,call_event_count,-0.2387547952732166,<= 0,117.21022975334817
15,2,incoming_call_count,-7.755439027493614e-12,<= 0,117.21022975334817
15,2,missed_rejected_blocked_call_count,0.1629990574682448,>= 0,117.21022975334817
15,2,outgoing_call_count,-0.34361657757039576,<= 0,117.21022975334817
15,2,total_call_duration_seconds,-0.04644155855962309,<= 0,117.21022975334817
15,2,gsm_cell_transition_count,0.02191354355032277,>= 0,117.21022975334817
15,2,unique_gsm_cell_count,3.4202915557126517e-25,>= 0,117.21022975334817
15,2,unique_gsm_lac_count,1.1479437019748901e-38,>= 0,117.21022975334817
15,2,gsm_neighbor_cell_transition_count,-0.09246025154151728,<= 0,117.21022975334817
15,2,unique_gsm_neighbor_cell_count,9.307232418840686e-26,>= 0,117.21022975334817
15,2,unique_gsm_neighbor_lac_count,-0.994974296171545,<= 0,117.21022975334817
15,2,keyboard_deletion_event_count,0.2071934347899806,>= 0,117.21022975334817
15,2,keyboard_inter_event_interval_iqr_ms,-0.08154990526852886,<= 0,117.21022975334817
15,2,keyboard_long_pause_count_2s,0.086724553705031,>= 0,117.21022975334817
15,2,keyboard_median_inter_event_interval_ms,-0.06492464574311092,<= 0,117.21022975334817
15,2,keyboard_median_word_completion_time_ms,-0.11752393299032166,<= 0,117.21022975334817
15,2,keyboard_typing_burst_count,-8.566946122058216e-23,<= 0,117.21022975334817
15,2,message_distinct_event_count,5.751873224776886e-35,>= 0,117.21022975334817
15,2,activity_active_hour_count,0.017038144427546798,>= 0,117.21022975334817
15,2,activity_state_diversity,1.6012587999957503e-14,>= 0,117.21022975334817
15,2,activity_still_fraction,-0.030952985475108347,<= 0,117.21022975334817
15,2,activity_transition_count,0.07304650210301845,>= 0,117.21022975334817
15,2,activity_unknown_fraction,-0.22556568252530926,<= 0,117.21022975334817
15,2,median_unlocked_session_duration_seconds,-1.6748105870922577e-27,<= 0,117.21022975334817
15,2,night_screen_event_count,-0.3268439899028615,<= 0,117.21022975334817
15,2,screen_active_hour_count,-0.1544942320284739,<= 0,117.21022975334817
15,2,screen_event_count,0.035142107350148874,>= 0,117.21022975334817
15,2,screen_off_event_count,0.015686701261739155,>= 0,117.21022975334817
15,2,screen_on_event_count,-9.505711616116553e-30,<= 0,117.21022975334817
15,2,screen_transition_count,-0.0805048044481163,<= 0,117.21022975334817
15,2,screen_unlock_event_count,0.4194236785090514,>= 0,117.21022975334817
15,2,telephony_event_count,1.0336878247201241e-25,>= 0,117.21022975334817
15,2,telephony_mobile_data_enabled_fraction,-0.6459074331453143,<= 0,117.21022975334817
15,2,telephony_network_type_diversity,0.09518863821447336,>= 0,117.21022975334817
15,2,touch_active_hour_count,-9.127431183850544e-23,<= 0,117.21022975334817
15,2,touch_app_diversity,3.0755969738858418e-33,>= 0,117.21022975334817
15,2,touch_click_event_count,-2.6442132085402814e-24,<= 0,117.21022975334817
15,2,touch_distinct_event_count,-3.528350022184525e-24,<= 0,117.21022975334817
15,2,touch_scroll_direction_change_count,0.20627231539397803,>= 0,117.21022975334817
15,2,touch_scroll_event_count,-4.186159483595752e-24,<= 0,117.21022975334817
15,2,touch_scroll_index_change_median,0.1257421010192225,>= 0,117.21022975334817
15,2,touch_unique_app_count,-3.351229704865166e-23,<= 0,117.21022975334817
15,2,missing__app_foreground_event_count,-0.11087847730727753,unconstrained,117.21022975334817
15,2,missing__app_use_diversity,-0.11087847730727762,unconstrained,117.21022975334817
15,2,missing__unique_foreground_apps,-0.11087847730727719,unconstrained,117.21022975334817
15,2,missing__call_event_count,-0.04142401230640758,unconstrained,117.21022975334817
15,2,missing__incoming_call_count,-0.04142401230640758,unconstrained,117.21022975334817
15,2,missing__missed_rejected_blocked_call_count,-0.04142401230640773,unconstrained,117.21022975334817
15,2,missing__outgoing_call_count,-0.04142401230640776,unconstrained,117.21022975334817
15,2,missing__total_call_duration_seconds,-0.04142401230640764,unconstrained,117.21022975334817
15,2,missing__gsm_cell_transition_count,0.14312771193789203,unconstrained,117.21022975334817
15,2,missing__unique_gsm_cell_count,0.143127711937892,unconstrained,117.21022975334817
15,2,missing__unique_gsm_lac_count,0.14312771193789217,unconstrained,117.21022975334817
15,2,missing__gsm_neighbor_cell_transition_count,0.2053042549199182,unconstrained,117.21022975334817
15,2,missing__unique_gsm_neighbor_cell_count,0.20530425491991783,unconstrained,117.21022975334817
15,2,missing__unique_gsm_neighbor_lac_count,0.20530425491991802,unconstrained,117.21022975334817
15,2,missing__keyboard_deletion_event_count,-0.1605049520998805,unconstrained,117.21022975334817
15,2,missing__keyboard_inter_event_interval_iqr_ms,-0.16050495209988036,unconstrained,117.21022975334817
15,2,missing__keyboard_long_pause_count_2s,-0.16050495209988058,unconstrained,117.21022975334817
15,2,missing__keyboard_median_inter_event_interval_ms,-0.16050495209988028,unconstrained,117.21022975334817
15,2,missing__keyboard_median_word_completion_time_ms,0.05569258534185772,unconstrained,117.21022975334817
15,2,missing__keyboard_typing_burst_count,-0.1605049520998805,unconstrained,117.21022975334817
15,2,missing__message_distinct_event_count,0.39493054672651096,unconstrained,117.21022975334817
15,2,missing__activity_active_hour_count,0.14312771193789206,unconstrained,117.21022975334817
15,2,missing__activity_state_diversity,0.14312771193789212,unconstrained,117.21022975334817
15,2,missing__activity_still_fraction,0.14312771193789217,unconstrained,117.21022975334817
15,2,missing__activity_transition_count,0.14312771193789203,unconstrained,117.21022975334817
15,2,missing__activity_unknown_fraction,0.14312771193789206,unconstrained,117.21022975334817
15,2,missing__median_unlocked_session_duration_seconds,0.14312771193789195,unconstrained,117.21022975334817
15,2,missing__night_screen_event_count,0.22359651807271458,unconstrained,117.21022975334817
15,2,missing__screen_active_hour_count,0.22359651807271455,unconstrained,117.21022975334817
15,2,missing__screen_event_count,0.22359651807271474,unconstrained,117.21022975334817
15,2,missing__screen_off_event_count,0.2235965180727149,unconstrained,117.21022975334817
15,2,missing__screen_on_event_count,0.22359651807271483,unconstrained,117.21022975334817
15,2,missing__screen_transition_count,0.2235965180727148,unconstrained,117.21022975334817
15,2,missing__screen_unlock_event_count,0.22359651807271477,unconstrained,117.21022975334817
15,2,missing__telephony_event_count,0.14312771193789195,unconstrained,117.21022975334817
15,2,missing__telephony_mobile_data_enabled_fraction,0.14312771193789225,unconstrained,117.21022975334817
15,2,missing__telephony_network_type_diversity,0.14312771193789217,unconstrained,117.21022975334817
15,2,missing__touch_active_hour_count,-0.25081789179500324,unconstrained,117.21022975334817
15,2,missing__touch_app_diversity,-0.25081789179500313,unconstrained,117.21022975334817
15,2,missing__touch_click_event_count,-0.25081789179500313,unconstrained,117.21022975334817
15,2,missing__touch_distinct_event_count,-0.25081789179500297,unconstrained,117.21022975334817
15,2,missing__touch_scroll_direction_change_count,0.0719359931688829,unconstrained,117.21022975334817
15,2,missing__touch_scroll_event_count,-0.25081789179500324,unconstrained,117.21022975334817
15,2,missing__touch_scroll_index_change_median,0.07193599316888295,unconstrained,117.21022975334817
15,2,missing__touch_unique_app_count,-0.2508178917950029,unconstrained,117.21022975334817
15,3,app_foreground_event_count,0.008574574297680212,>= 0,10000.0
15,3,app_use_diversity,0.011812345092106625,>= 0,10000.0
15,3,unique_foreground_apps,0.006801946705758645,>= 0,10000.0
15,3,gsm_cell_transition_count,0.0016784720741349483,>= 0,10000.0
15,3,unique_gsm_cell_count,0.0019097604404171326,>= 0,10000.0
15,3,unique_gsm_lac_count,1.4004514234288027e-23,>= 0,10000.0
15,3,gsm_neighbor_cell_transition_count,-7.881620201276987e-13,<= 0,10000.0
15,3,unique_gsm_neighbor_cell_count,-0.014751700758318316,<= 0,10000.0
15,3,unique_gsm_neighbor_lac_count,2.923336401663339e-52,>= 0,10000.0
15,3,keyboard_deletion_event_count,-4.98202486676478e-44,<= 0,10000.0
15,3,keyboard_inter_event_interval_iqr_ms,-0.011336982497571698,<= 0,10000.0
15,3,keyboard_long_pause_count_2s,0.008983777326653732,>= 0,10000.0
15,3,keyboard_median_inter_event_interval_ms,-0.007186257532798544,<= 0,10000.0
15,3,keyboard_median_word_completion_time_ms,-2.7505212887432996e-29,<= 0,10000.0
15,3,keyboard_typing_burst_count,-5.260986665086523e-43,<= 0,10000.0
15,3,message_distinct_event_count,-9.86481402489165e-36,<= 0,10000.0
15,3,activity_active_hour_count,0.001372754891885249,>= 0,10000.0
15,3,activity_state_diversity,0.0019595347246798337,>= 0,10000.0
15,3,activity_still_fraction,-0.0011713225990241662,<= 0,10000.0
15,3,activity_transition_count,0.0005426133761749422,>= 0,10000.0
15,3,activity_unknown_fraction,0.003950966415717459,>= 0,10000.0
15,3,median_unlocked_session_duration_seconds,-6.165929917402943e-35,<= 0,10000.0
15,3,night_screen_event_count,6.96426839629705e-39,>= 0,10000.0
15,3,screen_active_hour_count,-3.605108451949725e-37,<= 0,10000.0
15,3,screen_event_count,0.003245874086133511,>= 0,10000.0
15,3,screen_off_event_count,0.0024554489657568936,>= 0,10000.0
15,3,screen_on_event_count,0.0037641454550252666,>= 0,10000.0
15,3,screen_transition_count,0.001989915480579589,>= 0,10000.0
15,3,screen_unlock_event_count,0.006190759305633668,>= 0,10000.0
15,3,telephony_event_count,0.010273695478839658,>= 0,10000.0
15,3,telephony_mobile_data_enabled_fraction,-0.015089266941025213,<= 0,10000.0
15,3,telephony_network_type_diversity,0.004198379014089695,>= 0,10000.0
15,3,touch_active_hour_count,0.004557486587319847,>= 0,10000.0
15,3,touch_app_diversity,0.00042094192408428737,>= 0,10000.0
15,3,touch_click_event_count,-7.723871086874567e-40,<= 0,10000.0
15,3,touch_distinct_event_count,-6.717995796385821e-39,<= 0,10000.0
15,3,touch_scroll_direction_change_count,-5.0356234847882675e-39,<= 0,10000.0
15,3,touch_scroll_event_count,-1.3626633344298408e-38,<= 0,10000.0
15,3,touch_scroll_index_change_median,0.006718722956895915,>= 0,10000.0
15,3,touch_unique_app_count,-1.758113938683351e-41,<= 0,10000.0
15,3,missing__app_foreground_event_count,0.0009109898926867123,unconstrained,10000.0
15,3,missing__app_use_diversity,0.0009109898926867096,unconstrained,10000.0
15,3,missing__unique_foreground_apps,0.0009109898926867142,unconstrained,10000.0
15,3,missing__gsm_cell_transition_count,0.001707935111721853,unconstrained,10000.0
15,3,missing__unique_gsm_cell_count,0.0017079351117218631,unconstrained,10000.0
15,3,missing__unique_gsm_lac_count,0.0017079351117218547,unconstrained,10000.0
15,3,missing__gsm_neighbor_cell_transition_count,0.007257284947213802,unconstrained,10000.0
15,3,missing__unique_gsm_neighbor_cell_count,0.007257284947213796,unconstrained,10000.0
15,3,missing__unique_gsm_neighbor_lac_count,0.0072572849472138075,unconstrained,10000.0
15,3,missing__keyboard_deletion_event_count,-0.004217253286246774,unconstrained,10000.0
15,3,missing__keyboard_inter_event_interval_iqr_ms,-0.004217253286246772,unconstrained,10000.0
15,3,missing__keyboard_long_pause_count_2s,-0.004217253286246771,unconstrained,10000.0
15,3,missing__keyboard_median_inter_event_interval_ms,-0.004217253286246772,unconstrained,10000.0
15,3,missing__keyboard_median_word_completion_time_ms,-0.0014634153323197893,unconstrained,10000.0
15,3,missing__keyboard_typing_burst_count,-0.004217253286246788,unconstrained,10000.0
15,3,missing__message_distinct_event_count,0.003189325931076658,unconstrained,10000.0
15,3,missing__activity_active_hour_count,0.001707935111721851,unconstrained,10000.0
15,3,missing__activity_state_diversity,0.0017079351117218569,unconstrained,10000.0
15,3,missing__activity_still_fraction,0.0017079351117218536,unconstrained,10000.0
15,3,missing__activity_transition_count,0.0017079351117218536,unconstrained,10000.0
15,3,missing__activity_unknown_fraction,0.0017079351117218556,unconstrained,10000.0
15,3,missing__median_unlocked_session_duration_seconds,0.0010670054205992204,unconstrained,10000.0
15,3,missing__night_screen_event_count,0.002623996283810585,unconstrained,10000.0
15,3,missing__screen_active_hour_count,0.0026239962838105917,unconstrained,10000.0
15,3,missing__screen_event_count,0.002623996283810603,unconstrained,10000.0
15,3,missing__screen_off_event_count,0.0026239962838105844,unconstrained,10000.0
15,3,missing__screen_on_event_count,0.002623996283810586,unconstrained,10000.0
15,3,missing__screen_transition_count,0.0026239962838105774,unconstrained,10000.0
15,3,missing__screen_unlock_event_count,0.0026239962838105896,unconstrained,10000.0
15,3,missing__telephony_event_count,0.0017079351117218575,unconstrained,10000.0
15,3,missing__telephony_mobile_data_enabled_fraction,0.00170793511172186,unconstrained,10000.0
15,3,missing__telephony_network_type_diversity,0.0017079351117218577,unconstrained,10000.0
15,3,missing__touch_active_hour_count,0.00023007236245433418,unconstrained,10000.0
15,3,missing__touch_app_diversity,0.00023007236245432483,unconstrained,10000.0
15,3,missing__touch_click_event_count,0.00023007236245435248,unconstrained,10000.0
15,3,missing__touch_distinct_event_count,0.00023007236245434017,unconstrained,10000.0
15,3,missing__touch_scroll_direction_change_count,0.001147642203243088,unconstrained,10000.0
15,3,missing__touch_scroll_event_count,0.0002300723624543289,unconstrained,10000.0
15,3,missing__touch_scroll_index_change_median,0.0011476422032430898,unconstrained,10000.0
15,3,missing__touch_unique_app_count,0.00023007236245433673,unconstrained,10000.0
15,4,app_foreground_event_count,0.007576707593390272,>= 0,10000.0
15,4,app_use_diversity,0.01415160056950309,>= 0,10000.0
15,4,unique_foreground_apps,0.010776179725184572,>= 0,10000.0
15,4,call_event_count,-0.014080512366693271,<= 0,10000.0
15,4,incoming_call_count,-0.007140754756819982,<= 0,10000.0
15,4,missed_rejected_blocked_call_count,0.0006492859071910745,>= 0,10000.0
15,4,outgoing_call_count,-0.01386043502492211,<= 0,10000.0
15,4,total_call_duration_seconds,-0.003122498740394819,<= 0,10000.0
15,4,gsm_cell_transition_count,6.337074958631103e-26,>= 0,10000.0
15,4,unique_gsm_cell_count,0.00202848719802705,>= 0,10000.0
15,4,unique_gsm_lac_count,0.0007500311785069891,>= 0,10000.0
15,4,gsm_neighbor_cell_transition_count,-1.648546191434999e-32,<= 0,10000.0
15,4,unique_gsm_neighbor_cell_count,-9.860761315262648e-32,<= 0,10000.0
15,4,unique_gsm_neighbor_lac_count,1.551097122004656e-32,>= 0,10000.0
15,4,keyboard_deletion_event_count,-1.6262449477100688e-31,<= 0,10000.0
15,4,keyboard_inter_event_interval_iqr_ms,0.0021932386188946045,>= 0,10000.0
15,4,keyboard_long_pause_count_2s,0.0035633441261428366,>= 0,10000.0
15,4,keyboard_median_inter_event_interval_ms,-0.0013838061060179087,<= 0,10000.0
15,4,keyboard_median_word_completion_time_ms,-9.735992652154505e-30,<= 0,10000.0
15,4,keyboard_typing_burst_count,-1.1172766483322764e-29,<= 0,10000.0
15,4,message_distinct_event_count,-0.006009837703969247,<= 0,10000.0
15,4,activity_active_hour_count,0.0008787737241726833,>= 0,10000.0
15,4,activity_state_diversity,0.005262152860994145,>= 0,10000.0
15,4,activity_still_fraction,-0.0054219328715606726,<= 0,10000.0
15,4,activity_transition_count,0.0038297402221506892,>= 0,10000.0
15,4,activity_unknown_fraction,0.0036333096130076424,>= 0,10000.0
15,4,median_unlocked_session_duration_seconds,0.0031978880957142515,>= 0,10000.0
15,4,night_screen_event_count,-0.0018926872318837358,<= 0,10000.0
15,4,screen_active_hour_count,-0.003023991209650208,<= 0,10000.0
15,4,screen_event_count,0.006561670406341846,>= 0,10000.0
15,4,screen_off_event_count,-2.0160194468731158e-36,<= 0,10000.0
15,4,screen_on_event_count,-9.929432762389935e-40,<= 0,10000.0
15,4,screen_transition_count,-1.429527927880553e-17,<= 0,10000.0
15,4,screen_unlock_event_count,0.006750231574029464,>= 0,10000.0
15,4,telephony_event_count,0.003356012330769299,>= 0,10000.0
15,4,telephony_mobile_data_enabled_fraction,-0.013090669191466377,<= 0,10000.0
15,4,telephony_network_type_diversity,0.0036133589886487624,>= 0,10000.0
15,4,touch_active_hour_count,0.003481708220471487,>= 0,10000.0
15,4,touch_app_diversity,1.3906509593250449e-33,>= 0,10000.0
15,4,touch_click_event_count,-3.178615215274088e-36,<= 0,10000.0
15,4,touch_distinct_event_count,0.006686309456927175,>= 0,10000.0
15,4,touch_scroll_direction_change_count,0.0047695744146563825,>= 0,10000.0
15,4,touch_scroll_event_count,0.005858341965883251,>= 0,10000.0
15,4,touch_scroll_index_change_median,-1.024719207797177e-40,<= 0,10000.0
15,4,touch_unique_app_count,0.006773070715492154,>= 0,10000.0
15,4,missing__app_foreground_event_count,-0.006887530901383641,unconstrained,10000.0
15,4,missing__app_use_diversity,-0.006887530901383594,unconstrained,10000.0
15,4,missing__unique_foreground_apps,-0.00688753090138363,unconstrained,10000.0
15,4,missing__call_event_count,0.0007229467524122881,unconstrained,10000.0
15,4,missing__incoming_call_count,0.0007229467524122798,unconstrained,10000.0
15,4,missing__missed_rejected_blocked_call_count,0.0007229467524122881,unconstrained,10000.0
15,4,missing__outgoing_call_count,0.000722946752412286,unconstrained,10000.0
15,4,missing__total_call_duration_seconds,0.0007229467524122921,unconstrained,10000.0
15,4,missing__gsm_cell_transition_count,-0.0008323071001335615,unconstrained,10000.0
15,4,missing__unique_gsm_cell_count,-0.0008323071001335472,unconstrained,10000.0
15,4,missing__unique_gsm_lac_count,-0.0008323071001335503,unconstrained,10000.0
15,4,missing__gsm_neighbor_cell_transition_count,-0.002042159333781922,unconstrained,10000.0
15,4,missing__unique_gsm_neighbor_cell_count,-0.002042159333781924,unconstrained,10000.0
15,4,missing__unique_gsm_neighbor_lac_count,-0.0020421593337819196,unconstrained,10000.0
15,4,missing__keyboard_deletion_event_count,-0.016662954318103666,unconstrained,10000.0
15,4,missing__keyboard_inter_event_interval_iqr_ms,-0.01666295431810367,unconstrained,10000.0
15,4,missing__keyboard_long_pause_count_2s,-0.016662954318103666,unconstrained,10000.0
15,4,missing__keyboard_median_inter_event_interval_ms,-0.01666295431810367,unconstrained,10000.0
15,4,missing__keyboard_median_word_completion_time_ms,-0.01317284702062281,unconstrained,10000.0
15,4,missing__keyboard_typing_burst_count,-0.016662954318103673,unconstrained,10000.0
15,4,missing__message_distinct_event_count,0.0023582317819840362,unconstrained,10000.0
15,4,missing__activity_active_hour_count,-0.0008323071001335528,unconstrained,10000.0
15,4,missing__activity_state_diversity,-0.0008323071001335527,unconstrained,10000.0
15,4,missing__activity_still_fraction,-0.0008323071001335588,unconstrained,10000.0
15,4,missing__activity_transition_count,-0.0008323071001335469,unconstrained,10000.0
15,4,missing__activity_unknown_fraction,-0.000832307100133552,unconstrained,10000.0
15,4,missing__median_unlocked_session_duration_seconds,-0.0013754160342931952,unconstrained,10000.0
15,4,missing__night_screen_event_count,-0.0001303420861057494,unconstrained,10000.0
15,4,missing__screen_active_hour_count,-0.00013034208610575076,unconstrained,10000.0
15,4,missing__screen_event_count,-0.00013034208610574662,unconstrained,10000.0
15,4,missing__screen_off_event_count,-0.00013034208610575141,unconstrained,10000.0
15,4,missing__screen_on_event_count,-0.00013034208610574933,unconstrained,10000.0
15,4,missing__screen_transition_count,-0.00013034208610575936,unconstrained,10000.0
15,4,missing__screen_unlock_event_count,-0.00013034208610575364,unconstrained,10000.0
15,4,missing__telephony_event_count,-0.0008323071001335547,unconstrained,10000.0
15,4,missing__telephony_mobile_data_enabled_fraction,-0.0008323071001335625,unconstrained,10000.0
15,4,missing__telephony_network_type_diversity,-0.0008323071001335551,unconstrained,10000.0
15,4,missing__touch_active_hour_count,-0.01094974896771134,unconstrained,10000.0
15,4,missing__touch_app_diversity,-0.010949748967711363,unconstrained,10000.0
15,4,missing__touch_click_event_count,-0.010949748967711333,unconstrained,10000.0
15,4,missing__touch_distinct_event_count,-0.010949748967711328,unconstrained,10000.0
15,4,missing__touch_scroll_direction_change_count,-0.007781772297615873,unconstrained,10000.0
15,4,missing__touch_scroll_event_count,-0.01094974896771134,unconstrained,10000.0
15,4,missing__touch_scroll_index_change_median,-0.007781772297615873,unconstrained,10000.0
15,4,missing__touch_unique_app_count,-0.010949748967711333,unconstrained,10000.0
15,5,app_foreground_event_count,0.007607970534181433,>= 0,10000.0
15,5,app_use_diversity,0.01441439604496641,>= 0,10000.0
15,5,unique_foreground_apps,0.007427152075947793,>= 0,10000.0
15,5,call_event_count,-0.009243972614385936,<= 0,10000.0
15,5,incoming_call_count,-9.422313548267599e-23,<= 0,10000.0
15,5,missed_rejected_blocked_call_count,5e-324,>= 0,10000.0
15,5,outgoing_call_count,-0.012629066653126603,<= 0,10000.0
15,5,total_call_duration_seconds,-0.0022516529253301144,<= 0,10000.0
15,5,gsm_cell_transition_count,0.0017154101597238402,>= 0,10000.0
15,5,unique_gsm_cell_count,0.004945744899207866,>= 0,10000.0
15,5,unique_gsm_lac_count,0.0035855600334307298,>= 0,10000.0
15,5,gsm_neighbor_cell_transition_count,-1.959439996944997e-31,<= 0,10000.0
15,5,unique_gsm_neighbor_cell_count,9.709635140858247e-44,>= 0,10000.0
15,5,unique_gsm_neighbor_lac_count,4.636182259940268e-46,>= 0,10000.0
15,5,keyboard_deletion_event_count,-1.0083066247257774e-33,<= 0,10000.0
15,5,keyboard_inter_event_interval_iqr_ms,-0.0045012186892693495,<= 0,10000.0
15,5,keyboard_long_pause_count_2s,-6.247502975944496e-32,<= 0,10000.0
15,5,keyboard_median_inter_event_interval_ms,-0.0035649260568604356,<= 0,10000.0
15,5,keyboard_median_word_completion_time_ms,-6.753274592989951e-46,<= 0,10000.0
15,5,keyboard_typing_burst_count,-6.293017674102066e-34,<= 0,10000.0
15,5,message_distinct_event_count,-0.002164089113916254,<= 0,10000.0
15,5,activity_active_hour_count,0.005185118937593675,>= 0,10000.0
15,5,activity_state_diversity,-0.008875362157700102,<= 0,10000.0
15,5,activity_still_fraction,0.008415958728732296,>= 0,10000.0
15,5,activity_transition_count,3.6134310635193254e-34,>= 0,10000.0
15,5,activity_unknown_fraction,-0.006249585125809307,<= 0,10000.0
15,5,median_unlocked_session_duration_seconds,-1.4290386808284683e-37,<= 0,10000.0
15,5,night_screen_event_count,1.0903940373332766e-47,>= 0,10000.0
15,5,screen_active_hour_count,-4.9180625329665395e-25,<= 0,10000.0
15,5,screen_event_count,0.004233104569636642,>= 0,10000.0
15,5,screen_off_event_count,0.0033309683491850022,>= 0,10000.0
15,5,screen_on_event_count,0.005331752006915197,>= 0,10000.0
15,5,screen_transition_count,-6.127552293110408e-13,<= 0,10000.0
15,5,screen_unlock_event_count,0.009052989128618048,>= 0,10000.0
15,5,telephony_event_count,0.004804496045825927,>= 0,10000.0
15,5,telephony_mobile_data_enabled_fraction,-0.012870254496091707,<= 0,10000.0
15,5,telephony_network_type_diversity,0.0036808826725531043,>= 0,10000.0
15,5,touch_active_hour_count,-1.350778287085438e-35,<= 0,10000.0
15,5,touch_app_diversity,0.0026921055618176755,>= 0,10000.0
15,5,touch_click_event_count,-5.1426815103719735e-36,<= 0,10000.0
15,5,touch_distinct_event_count,-6.772614720065566e-35,<= 0,10000.0
15,5,touch_scroll_direction_change_count,-1.972928357483721e-32,<= 0,10000.0
15,5,touch_scroll_event_count,-7.973189918860452e-34,<= 0,10000.0
15,5,touch_scroll_index_change_median,0.006585773845426368,>= 0,10000.0
15,5,touch_unique_app_count,0.0027396839322380738,>= 0,10000.0
15,5,missing__app_foreground_event_count,0.006844415973933208,unconstrained,10000.0
15,5,missing__app_use_diversity,0.006844415973933228,unconstrained,10000.0
15,5,missing__unique_foreground_apps,0.006844415973933227,unconstrained,10000.0
15,5,missing__call_event_count,-0.004092470450516745,unconstrained,10000.0
15,5,missing__incoming_call_count,-0.004092470450516745,unconstrained,10000.0
15,5,missing__missed_rejected_blocked_call_count,-0.004092470450516743,unconstrained,10000.0
15,5,missing__outgoing_call_count,-0.004092470450516743,unconstrained,10000.0
15,5,missing__total_call_duration_seconds,-0.0040924704505167254,unconstrained,10000.0
15,5,missing__gsm_cell_transition_count,0.010352726871101609,unconstrained,10000.0
15,5,missing__unique_gsm_cell_count,0.010352726871101607,unconstrained,10000.0
15,5,missing__unique_gsm_lac_count,0.0103527268711016,unconstrained,10000.0
15,5,missing__gsm_neighbor_cell_transition_count,0.004867347448640333,unconstrained,10000.0
15,5,missing__unique_gsm_neighbor_cell_count,0.004867347448640326,unconstrained,10000.0
15,5,missing__unique_gsm_neighbor_lac_count,0.004867347448640334,unconstrained,10000.0
15,5,missing__keyboard_deletion_event_count,-0.004073900262703556,unconstrained,10000.0
15,5,missing__keyboard_inter_event_interval_iqr_ms,-0.00407390026270355,unconstrained,10000.0
15,5,missing__keyboard_long_pause_count_2s,-0.0040739002627035595,unconstrained,10000.0
15,5,missing__keyboard_median_inter_event_interval_ms,-0.004073900262703559,unconstrained,10000.0
15,5,missing__keyboard_median_word_completion_time_ms,-0.0005365410869938617,unconstrained,10000.0
15,5,missing__keyboard_typing_burst_count,-0.004073900262703554,unconstrained,10000.0
15,5,missing__message_distinct_event_count,0.008722184999908119,unconstrained,10000.0
15,5,missing__activity_active_hour_count,0.010352726871101591,unconstrained,10000.0
15,5,missing__activity_state_diversity,0.010352726871101604,unconstrained,10000.0
15,5,missing__activity_still_fraction,0.01035272687110161,unconstrained,10000.0
15,5,missing__activity_transition_count,0.01035272687110161,unconstrained,10000.0
15,5,missing__activity_unknown_fraction,0.010352726871101602,unconstrained,10000.0
15,5,missing__median_unlocked_session_duration_seconds,0.009451584420799944,unconstrained,10000.0
15,5,missing__night_screen_event_count,0.010352726871101605,unconstrained,10000.0
15,5,missing__screen_active_hour_count,0.010352726871101604,unconstrained,10000.0
15,5,missing__screen_event_count,0.010352726871101616,unconstrained,10000.0
15,5,missing__screen_off_event_count,0.010352726871101614,unconstrained,10000.0
15,5,missing__screen_on_event_count,0.010352726871101598,unconstrained,10000.0
15,5,missing__screen_transition_count,0.010352726871101605,unconstrained,10000.0
15,5,missing__screen_unlock_event_count,0.01035272687110161,unconstrained,10000.0
15,5,missing__telephony_event_count,0.010352726871101597,unconstrained,10000.0
15,5,missing__telephony_mobile_data_enabled_fraction,0.010352726871101614,unconstrained,10000.0
15,5,missing__telephony_network_type_diversity,0.010352726871101614,unconstrained,10000.0
15,5,missing__touch_active_hour_count,0.002611853533689595,unconstrained,10000.0
15,5,missing__touch_app_diversity,0.0026118535336895907,unconstrained,10000.0
15,5,missing__touch_click_event_count,0.0026118535336895933,unconstrained,10000.0
15,5,missing__touch_distinct_event_count,0.0026118535336895994,unconstrained,10000.0
15,5,missing__touch_scroll_direction_change_count,0.004302940931215152,unconstrained,10000.0
15,5,missing__touch_scroll_event_count,0.0026118535336895955,unconstrained,10000.0
15,5,missing__touch_scroll_index_change_median,0.004302940931215154,unconstrained,10000.0
15,5,missing__touch_unique_app_count,0.002611853533689595,unconstrained,10000.0
16,1,app_foreground_event_count,0.008030303047355893,>= 0,10000.0
16,1,app_use_diversity,0.02097054722000478,>= 0,10000.0
16,1,unique_foreground_apps,0.014439362592146595,>= 0,10000.0
16,1,gsm_cell_transition_count,0.001239731296131047,>= 0,10000.0
16,1,unique_gsm_cell_count,0.004489264584536174,>= 0,10000.0
16,1,unique_gsm_lac_count,0.0031933586652024676,>= 0,10000.0
16,1,gsm_neighbor_cell_transition_count,-2.1453623548163918e-31,<= 0,10000.0
16,1,unique_gsm_neighbor_cell_count,2.2355995590720187e-39,>= 0,10000.0
16,1,unique_gsm_neighbor_lac_count,9.881602285697713e-40,>= 0,10000.0
16,1,keyboard_deletion_event_count,0.005905233938405818,>= 0,10000.0
16,1,keyboard_inter_event_interval_iqr_ms,-0.004351333701815559,<= 0,10000.0
16,1,keyboard_long_pause_count_2s,0.0036307174155443896,>= 0,10000.0
16,1,keyboard_median_inter_event_interval_ms,-0.0006701246798724996,<= 0,10000.0
16,1,keyboard_median_word_completion_time_ms,-1.5773003476367137e-25,<= 0,10000.0
16,1,keyboard_typing_burst_count,-6.503948983375531e-37,<= 0,10000.0
16,1,message_distinct_event_count,-1.7167552712144703e-23,<= 0,10000.0
16,1,activity_active_hour_count,1.5116868107347927e-30,>= 0,10000.0
16,1,activity_state_diversity,5.0656795867835056e-23,>= 0,10000.0
16,1,activity_still_fraction,4.46443991386706e-12,>= 0,10000.0
16,1,activity_transition_count,8.66927083731437e-38,>= 0,10000.0
16,1,activity_unknown_fraction,2.1944755294999712e-17,>= 0,10000.0
16,1,median_unlocked_session_duration_seconds,0.004372257184438369,>= 0,10000.0
16,1,night_screen_event_count,8.190456828861256e-35,>= 0,10000.0
16,1,screen_active_hour_count,0.003721890242933557,>= 0,10000.0
16,1,screen_event_count,0.0025729515745541364,>= 0,10000.0
16,1,screen_off_event_count,0.0014646420678861767,>= 0,10000.0
16,1,screen_on_event_count,0.002960641520346871,>= 0,10000.0
16,1,screen_transition_count,0.0023808158024579648,>= 0,10000.0
16,1,screen_unlock_event_count,0.006126714515261072,>= 0,10000.0
16,1,telephony_event_count,0.010500782741292444,>= 0,10000.0
16,1,telephony_mobile_data_enabled_fraction,-0.012807004153028717,<= 0,10000.0
16,1,telephony_network_type_diversity,0.004237717700318937,>= 0,10000.0
16,1,touch_active_hour_count,0.007440941169389716,>= 0,10000.0
16,1,touch_app_diversity,0.003963909247791861,>= 0,10000.0
16,1,touch_click_event_count,0.007941731891975704,>= 0,10000.0
16,1,touch_distinct_event_count,-3.200102432003692e-39,<= 0,10000.0
16,1,touch_scroll_direction_change_count,0.006289704337419258,>= 0,10000.0
16,1,touch_scroll_event_count,-5.137313805075162e-38,<= 0,10000.0
16,1,touch_scroll_index_change_median,-1.1134147571730485e-35,<= 0,10000.0
16,1,touch_unique_app_count,0.009370312167906441,>= 0,10000.0
16,1,missing__app_foreground_event_count,0.003842036015272461,unconstrained,10000.0
16,1,missing__app_use_diversity,0.003842036015272448,unconstrained,10000.0
16,1,missing__unique_foreground_apps,0.0038420360152724587,unconstrained,10000.0
16,1,missing__gsm_cell_transition_count,0.005124378034930408,unconstrained,10000.0
16,1,missing__unique_gsm_cell_count,0.005124378034930404,unconstrained,10000.0
16,1,missing__unique_gsm_lac_count,0.005124378034930413,unconstrained,10000.0
16,1,missing__gsm_neighbor_cell_transition_count,0.003376214662713795,unconstrained,10000.0
16,1,missing__unique_gsm_neighbor_cell_count,0.00337621466271379,unconstrained,10000.0
16,1,missing__unique_gsm_neighbor_lac_count,0.0033762146627137955,unconstrained,10000.0
16,1,missing__keyboard_deletion_event_count,-0.0062508397800226595,unconstrained,10000.0
16,1,missing__keyboard_inter_event_interval_iqr_ms,-0.00625083978002265,unconstrained,10000.0
16,1,missing__keyboard_long_pause_count_2s,-0.006250839780022655,unconstrained,10000.0
16,1,missing__keyboard_median_inter_event_interval_ms,-0.0062508397800226465,unconstrained,10000.0
16,1,missing__keyboard_median_word_completion_time_ms,-0.004957754809787367,unconstrained,10000.0
16,1,missing__keyboard_typing_burst_count,-0.006250839780022634,unconstrained,10000.0
16,1,missing__message_distinct_event_count,0.006856881401045622,unconstrained,10000.0
16,1,missing__activity_active_hour_count,0.005124378034930406,unconstrained,10000.0
16,1,missing__activity_state_diversity,0.0051243780349303995,unconstrained,10000.0
16,1,missing__activity_still_fraction,0.005124378034930419,unconstrained,10000.0
16,1,missing__activity_transition_count,0.005124378034930417,unconstrained,10000.0
16,1,missing__activity_unknown_fraction,0.005124378034930412,unconstrained,10000.0
16,1,missing__median_unlocked_session_duration_seconds,0.005124378034930413,unconstrained,10000.0
16,1,missing__night_screen_event_count,0.006309239457618933,unconstrained,10000.0
16,1,missing__screen_active_hour_count,0.0063092394576189335,unconstrained,10000.0
16,1,missing__screen_event_count,0.0063092394576189335,unconstrained,10000.0
16,1,missing__screen_off_event_count,0.006309239457618929,unconstrained,10000.0
16,1,missing__screen_on_event_count,0.0063092394576189275,unconstrained,10000.0
16,1,missing__screen_transition_count,0.00630923945761893,unconstrained,10000.0
16,1,missing__screen_unlock_event_count,0.006309239457618927,unconstrained,10000.0
16,1,missing__telephony_event_count,0.00512437803493041,unconstrained,10000.0
16,1,missing__telephony_mobile_data_enabled_fraction,0.005124378034930434,unconstrained,10000.0
16,1,missing__telephony_network_type_diversity,0.005124378034930417,unconstrained,10000.0
16,1,missing__touch_active_hour_count,-0.0011008334331096372,unconstrained,10000.0
16,1,missing__touch_app_diversity,-0.0011008334331096352,unconstrained,10000.0
16,1,missing__touch_click_event_count,-0.0011008334331096346,unconstrained,10000.0
16,1,missing__touch_distinct_event_count,-0.0011008334331096324,unconstrained,10000.0
16,1,missing__touch_scroll_direction_change_count,0.0013105317241146768,unconstrained,10000.0
16,1,missing__touch_scroll_event_count,-0.001100833433109628,unconstrained,10000.0
16,1,missing__touch_scroll_index_change_median,0.0013105317241146831,unconstrained,10000.0
16,1,missing__touch_unique_app_count,-0.001100833433109638,unconstrained,10000.0
16,2,app_foreground_event_count,0.06998800252073767,>= 0,1082.636733874054
16,2,app_use_diversity,0.09955992268315891,>= 0,1082.636733874054
16,2,unique_foreground_apps,0.045533975310774064,>= 0,1082.636733874054
16,2,call_event_count,-0.06578168364461708,<= 0,1082.636733874054
16,2,incoming_call_count,-6.462348535570529e-27,<= 0,1082.636733874054
16,2,missed_rejected_blocked_call_count,0.0043511592558885025,>= 0,1082.636733874054
16,2,outgoing_call_count,-0.08866895598696202,<= 0,1082.636733874054
16,2,total_call_duration_seconds,-0.01009110163064769,<= 0,1082.636733874054
16,2,gsm_cell_transition_count,4.803430610554577e-32,>= 0,1082.636733874054
16,2,unique_gsm_cell_count,0.01882214191147326,>= 0,1082.636733874054
16,2,unique_gsm_lac_count,0.005175197146197279,>= 0,1082.636733874054
16,2,gsm_neighbor_cell_transition_count,-4.7441422947144803e-36,<= 0,1082.636733874054
16,2,unique_gsm_neighbor_cell_count,-0.11469799177019789,<= 0,1082.636733874054
16,2,unique_gsm_neighbor_lac_count,3.5022321392043033e-37,>= 0,1082.636733874054
16,2,keyboard_deletion_event_count,-2.4205115000606815e-29,<= 0,1082.636733874054
16,2,keyboard_inter_event_interval_iqr_ms,6.111592249950542e-20,>= 0,1082.636733874054
16,2,keyboard_long_pause_count_2s,0.025861275095808423,>= 0,1082.636733874054
16,2,keyboard_median_inter_event_interval_ms,-0.015106461294827754,<= 0,1082.636733874054
16,2,keyboard_median_word_completion_time_ms,-4.620303907702942e-45,<= 0,1082.636733874054
16,2,keyboard_typing_burst_count,-2.6781294553876694e-31,<= 0,1082.636733874054
16,2,message_distinct_event_count,-0.01536093383260667,<= 0,1082.636733874054
16,2,activity_active_hour_count,0.05536971650761828,>= 0,1082.636733874054
16,2,activity_state_diversity,-0.012884914952560347,<= 0,1082.636733874054
16,2,activity_still_fraction,0.026476271988689227,>= 0,1082.636733874054
16,2,activity_transition_count,0.019670084486166122,>= 0,1082.636733874054
16,2,activity_unknown_fraction,-0.038725340685355165,<= 0,1082.636733874054
16,2,median_unlocked_session_duration_seconds,-4.562206199580434e-35,<= 0,1082.636733874054
16,2,night_screen_event_count,-0.05591156185490624,<= 0,1082.636733874054
16,2,screen_active_hour_count,-0.03133027210074792,<= 0,1082.636733874054
16,2,screen_event_count,0.035003831240635816,>= 0,1082.636733874054
16,2,screen_off_event_count,0.02490933826449825,>= 0,1082.636733874054
16,2,screen_on_event_count,0.042618118636317225,>= 0,1082.636733874054
16,2,screen_transition_count,-0.010664181544132265,<= 0,1082.636733874054
16,2,screen_unlock_event_count,0.0767583067621044,>= 0,1082.636733874054
16,2,telephony_event_count,0.03674586885543492,>= 0,1082.636733874054
16,2,telephony_mobile_data_enabled_fraction,-0.10884144160993099,<= 0,1082.636733874054
16,2,telephony_network_type_diversity,0.01746965446713108,>= 0,1082.636733874054
16,2,touch_active_hour_count,-2.9733721021021326e-28,<= 0,1082.636733874054
16,2,touch_app_diversity,0.0011196503866384778,>= 0,1082.636733874054
16,2,touch_click_event_count,-7.222349861681409e-35,<= 0,1082.636733874054
16,2,touch_distinct_event_count,-5.012846240105275e-34,<= 0,1082.636733874054
16,2,touch_scroll_direction_change_count,0.024638400646740142,>= 0,1082.636733874054
16,2,touch_scroll_event_count,-2.3681302332210708e-33,<= 0,1082.636733874054
16,2,touch_scroll_index_change_median,0.05256710832866518,>= 0,1082.636733874054
16,2,touch_unique_app_count,0.010268845370181117,>= 0,1082.636733874054
16,2,missing__app_foreground_event_count,0.005200582992490787,unconstrained,1082.636733874054
16,2,missing__app_use_diversity,0.0052005829924906865,unconstrained,1082.636733874054
16,2,missing__unique_foreground_apps,0.005200582992490659,unconstrained,1082.636733874054
16,2,missing__call_event_count,0.007865176459813316,unconstrained,1082.636733874054
16,2,missing__incoming_call_count,0.007865176459813307,unconstrained,1082.636733874054
16,2,missing__missed_rejected_blocked_call_count,0.007865176459813276,unconstrained,1082.636733874054
16,2,missing__outgoing_call_count,0.007865176459813304,unconstrained,1082.636733874054
16,2,missing__total_call_duration_seconds,0.007865176459813312,unconstrained,1082.636733874054
16,2,missing__gsm_cell_transition_count,0.05169049023157949,unconstrained,1082.636733874054
16,2,missing__unique_gsm_cell_count,0.0516904902315795,unconstrained,1082.636733874054
16,2,missing__unique_gsm_lac_count,0.05169049023157954,unconstrained,1082.636733874054
16,2,missing__gsm_neighbor_cell_transition_count,0.02375655895411573,unconstrained,1082.636733874054
16,2,missing__unique_gsm_neighbor_cell_count,0.023756558954115752,unconstrained,1082.636733874054
16,2,missing__unique_gsm_neighbor_lac_count,0.02375655895411572,unconstrained,1082.636733874054
16,2,missing__keyboard_deletion_event_count,-0.07142911550766813,unconstrained,1082.636733874054
16,2,missing__keyboard_inter_event_interval_iqr_ms,-0.0714291155076681,unconstrained,1082.636733874054
16,2,missing__keyboard_long_pause_count_2s,-0.07142911550766812,unconstrained,1082.636733874054
16,2,missing__keyboard_median_inter_event_interval_ms,-0.07142911550766814,unconstrained,1082.636733874054
16,2,missing__keyboard_median_word_completion_time_ms,-0.024137588261260418,unconstrained,1082.636733874054
16,2,missing__keyboard_typing_burst_count,-0.07142911550766809,unconstrained,1082.636733874054
16,2,missing__message_distinct_event_count,0.06594097586878192,unconstrained,1082.636733874054
16,2,missing__activity_active_hour_count,0.051690490231579525,unconstrained,1082.636733874054
16,2,missing__activity_state_diversity,0.05169049023157953,unconstrained,1082.636733874054
16,2,missing__activity_still_fraction,0.051690490231579525,unconstrained,1082.636733874054
16,2,missing__activity_transition_count,0.051690490231579525,unconstrained,1082.636733874054
16,2,missing__activity_unknown_fraction,0.05169049023157951,unconstrained,1082.636733874054
16,2,missing__median_unlocked_session_duration_seconds,0.04361827614285073,unconstrained,1082.636733874054
16,2,missing__night_screen_event_count,0.06667025307952662,unconstrained,1082.636733874054
16,2,missing__screen_active_hour_count,0.06667025307952659,unconstrained,1082.636733874054
16,2,missing__screen_event_count,0.06667025307952665,unconstrained,1082.636733874054
16,2,missing__screen_off_event_count,0.06667025307952662,unconstrained,1082.636733874054
16,2,missing__screen_on_event_count,0.06667025307952662,unconstrained,1082.636733874054
16,2,missing__screen_transition_count,0.06667025307952658,unconstrained,1082.636733874054
16,2,missing__screen_unlock_event_count,0.06667025307952655,unconstrained,1082.636733874054
16,2,missing__telephony_event_count,0.05169049023157954,unconstrained,1082.636733874054
16,2,missing__telephony_mobile_data_enabled_fraction,0.05169049023157947,unconstrained,1082.636733874054
16,2,missing__telephony_network_type_diversity,0.05169049023157951,unconstrained,1082.636733874054
16,2,missing__touch_active_hour_count,-0.03308500681470969,unconstrained,1082.636733874054
16,2,missing__touch_app_diversity,-0.03308500681470968,unconstrained,1082.636733874054
16,2,missing__touch_click_event_count,-0.03308500681470966,unconstrained,1082.636733874054
16,2,missing__touch_distinct_event_count,-0.03308500681470967,unconstrained,1082.636733874054
16,2,missing__touch_scroll_direction_change_count,-0.010493205290084826,unconstrained,1082.636733874054
16,2,missing__touch_scroll_event_count,-0.03308500681470969,unconstrained,1082.636733874054
16,2,missing__touch_scroll_index_change_median,-0.010493205290084857,unconstrained,1082.636733874054
16,2,missing__touch_unique_app_count,-0.03308500681470974,unconstrained,1082.636733874054
16,3,app_foreground_event_count,0.004579873118246225,>= 0,10000.0
16,3,app_use_diversity,0.014602305134470247,>= 0,10000.0
16,3,unique_foreground_apps,0.006684078310353447,>= 0,10000.0
16,3,gsm_cell_transition_count,-0.006287418181335053,<= 0,10000.0
16,3,unique_gsm_cell_count,-0.007539904312590443,<= 0,10000.0
16,3,unique_gsm_lac_count,-0.008382399419595217,<= 0,10000.0
16,3,gsm_neighbor_cell_transition_count,-0.0032625358817081128,<= 0,10000.0
16,3,unique_gsm_neighbor_cell_count,-0.01733470943568046,<= 0,10000.0
16,3,unique_gsm_neighbor_lac_count,-0.02077022471520412,<= 0,10000.0
16,3,keyboard_deletion_event_count,-2.6490921364849268e-22,<= 0,10000.0
16,3,keyboard_inter_event_interval_iqr_ms,-0.006004003308624632,<= 0,10000.0
16,3,keyboard_long_pause_count_2s,-1.448826414841231e-20,<= 0,10000.0
16,3,keyboard_median_inter_event_interval_ms,-0.0026355502907796963,<= 0,10000.0
16,3,keyboard_median_word_completion_time_ms,-8.636095455537188e-19,<= 0,10000.0
16,3,keyboard_typing_burst_count,-1.1266870041057504e-18,<= 0,10000.0
16,3,message_distinct_event_count,-0.00941257968770146,<= 0,10000.0
16,3,activity_active_hour_count,0.0024383461928550376,>= 0,10000.0
16,3,activity_state_diversity,0.005195178195328816,>= 0,10000.0
16,3,activity_still_fraction,-0.0023837259451102762,<= 0,10000.0
16,3,activity_transition_count,2.2574792892337817e-21,>= 0,10000.0
16,3,activity_unknown_fraction,-0.003376883857492561,<= 0,10000.0
16,3,median_unlocked_session_duration_seconds,-4.406310470325459e-21,<= 0,10000.0
16,3,night_screen_event_count,-0.013350621120035449,<= 0,10000.0
16,3,screen_active_hour_count,-0.00716963502917708,<= 0,10000.0
16,3,screen_event_count,-0.003066240526871074,<= 0,10000.0
16,3,screen_off_event_count,-0.003249202683958344,<= 0,10000.0
16,3,screen_on_event_count,-0.0025929988693630048,<= 0,10000.0
16,3,screen_transition_count,-0.010228593469027802,<= 0,10000.0
16,3,screen_unlock_event_count,0.0012344786394942664,>= 0,10000.0
16,3,telephony_event_count,3.6370457135310524e-29,>= 0,10000.0
16,3,telephony_mobile_data_enabled_fraction,-0.009627422940653841,<= 0,10000.0
16,3,telephony_network_type_diversity,0.004259508886882789,>= 0,10000.0
16,3,touch_active_hour_count,-2.424583214072836e-16,<= 0,10000.0
16,3,touch_app_diversity,2.534167737033624e-25,>= 0,10000.0
16,3,touch_click_event_count,-4.973309226820817e-21,<= 0,10000.0
16,3,touch_distinct_event_count,-2.8779816712453416e-21,<= 0,10000.0
16,3,touch_scroll_direction_change_count,-2.6693252899046326e-18,<= 0,10000.0
16,3,touch_scroll_event_count,-3.75623463961025e-21,<= 0,10000.0
16,3,touch_scroll_index_change_median,0.008382346056831868,>= 0,10000.0
16,3,touch_unique_app_count,-0.0005401740225621411,<= 0,10000.0
16,3,missing__app_foreground_event_count,0.0005761266962904199,unconstrained,10000.0
16,3,missing__app_use_diversity,0.0005761266962904186,unconstrained,10000.0
16,3,missing__unique_foreground_apps,0.000576126696290407,unconstrained,10000.0
16,3,missing__gsm_cell_transition_count,0.009430540777475328,unconstrained,10000.0
16,3,missing__unique_gsm_cell_count,0.00943054077747531,unconstrained,10000.0
16,3,missing__unique_gsm_lac_count,0.009430540777475316,unconstrained,10000.0
16,3,missing__gsm_neighbor_cell_transition_count,0.004345562710038593,unconstrained,10000.0
16,3,missing__unique_gsm_neighbor_cell_count,0.004345562710038599,unconstrained,10000.0
16,3,missing__unique_gsm_neighbor_lac_count,0.004345562710038592,unconstrained,10000.0
16,3,missing__keyboard_deletion_event_count,-0.007719407321726773,unconstrained,10000.0
16,3,missing__keyboard_inter_event_interval_iqr_ms,-0.007719407321726764,unconstrained,10000.0
16,3,missing__keyboard_long_pause_count_2s,-0.0077194073217267635,unconstrained,10000.0
16,3,missing__keyboard_median_inter_event_interval_ms,-0.007719407321726782,unconstrained,10000.0
16,3,missing__keyboard_median_word_completion_time_ms,-0.0035188909308433627,unconstrained,10000.0
16,3,missing__keyboard_typing_burst_count,-0.007719407321726779,unconstrained,10000.0
16,3,missing__message_distinct_event_count,0.011586957314477113,unconstrained,10000.0
16,3,missing__activity_active_hour_count,0.009430540777475314,unconstrained,10000.0
16,3,missing__activity_state_diversity,0.009430540777475325,unconstrained,10000.0
16,3,missing__activity_still_fraction,0.009430540777475328,unconstrained,10000.0
16,3,missing__activity_transition_count,0.009430540777475313,unconstrained,10000.0
16,3,missing__activity_unknown_fraction,0.009430540777475318,unconstrained,10000.0
16,3,missing__median_unlocked_session_duration_seconds,0.008794908094199794,unconstrained,10000.0
16,3,missing__night_screen_event_count,0.010367064285979529,unconstrained,10000.0
16,3,missing__screen_active_hour_count,0.01036706428597954,unconstrained,10000.0
16,3,missing__screen_event_count,0.010367064285979527,unconstrained,10000.0
16,3,missing__screen_off_event_count,0.010367064285979511,unconstrained,10000.0
16,3,missing__screen_on_event_count,0.010367064285979527,unconstrained,10000.0
16,3,missing__screen_transition_count,0.010367064285979529,unconstrained,10000.0
16,3,missing__screen_unlock_event_count,0.010367064285979525,unconstrained,10000.0
16,3,missing__telephony_event_count,0.009430540777475321,unconstrained,10000.0
16,3,missing__telephony_mobile_data_enabled_fraction,0.009430540777475328,unconstrained,10000.0
16,3,missing__telephony_network_type_diversity,0.009430540777475321,unconstrained,10000.0
16,3,missing__touch_active_hour_count,-0.0034074999151207123,unconstrained,10000.0
16,3,missing__touch_app_diversity,-0.0034074999151207245,unconstrained,10000.0
16,3,missing__touch_click_event_count,-0.0034074999151207236,unconstrained,10000.0
16,3,missing__touch_distinct_event_count,-0.0034074999151207466,unconstrained,10000.0
16,3,missing__touch_scroll_direction_change_count,-0.0005255207469053042,unconstrained,10000.0
16,3,missing__touch_scroll_event_count,-0.0034074999151207292,unconstrained,10000.0
16,3,missing__touch_scroll_index_change_median,-0.0005255207469053027,unconstrained,10000.0
16,3,missing__touch_unique_app_count,-0.0034074999151207214,unconstrained,10000.0
16,4,app_foreground_event_count,0.16828658684396344,>= 0,356.2247890262444
16,4,app_use_diversity,0.1612934824838676,>= 0,356.2247890262444
16,4,unique_foreground_apps,0.09827400268998406,>= 0,356.2247890262444
16,4,call_event_count,-0.09179037448845677,<= 0,356.2247890262444
16,4,incoming_call_count,4.4861468217489856e-55,>= 0,356.2247890262444
16,4,missed_rejected_blocked_call_count,0.08957236796005176,>= 0,356.2247890262444
16,4,outgoing_call_count,-0.11983647707751141,<= 0,356.2247890262444
16,4,total_call_duration_seconds,-0.029443876384027328,<= 0,356.2247890262444
16,4,gsm_cell_transition_count,0.03172410076059253,>= 0,356.2247890262444
16,4,unique_gsm_cell_count,0.02091962111909351,>= 0,356.2247890262444
16,4,unique_gsm_lac_count,9.890451857536169e-30,>= 0,356.2247890262444
16,4,gsm_neighbor_cell_transition_count,-2.931424047910666e-27,<= 0,356.2247890262444
16,4,unique_gsm_neighbor_cell_count,5.96634199061504e-37,>= 0,356.2247890262444
16,4,unique_gsm_neighbor_lac_count,8.5400523415042e-38,>= 0,356.2247890262444
16,4,keyboard_deletion_event_count,0.06821596416290919,>= 0,356.2247890262444
16,4,keyboard_inter_event_interval_iqr_ms,-0.03666266747564438,<= 0,356.2247890262444
16,4,keyboard_long_pause_count_2s,0.03497002797249439,>= 0,356.2247890262444
16,4,keyboard_median_inter_event_interval_ms,-0.08478172408174656,<= 0,356.2247890262444
16,4,keyboard_median_word_completion_time_ms,-2.9872153841822864e-12,<= 0,356.2247890262444
16,4,keyboard_typing_burst_count,-2.8903570493516523e-30,<= 0,356.2247890262444
16,4,message_distinct_event_count,1.2846828106733723e-42,>= 0,356.2247890262444
16,4,activity_active_hour_count,0.042489848917665676,>= 0,356.2247890262444
16,4,activity_state_diversity,0.07356038382601776,>= 0,356.2247890262444
16,4,activity_still_fraction,3.6024664567706764e-43,>= 0,356.2247890262444
16,4,activity_transition_count,0.07830338375345366,>= 0,356.2247890262444
16,4,activity_unknown_fraction,-8.040961406672297e-50,<= 0,356.2247890262444
16,4,median_unlocked_session_duration_seconds,0.12404901949585216,>= 0,356.2247890262444
16,4,night_screen_event_count,-0.09250921203822957,<= 0,356.2247890262444
16,4,screen_active_hour_count,4.654085012676554e-35,>= 0,356.2247890262444
16,4,screen_event_count,0.10483036978220582,>= 0,356.2247890262444
16,4,screen_off_event_count,0.08410062032871704,>= 0,356.2247890262444
16,4,screen_on_event_count,0.12248525323164272,>= 0,356.2247890262444
16,4,screen_transition_count,-3.6262568663099356e-35,<= 0,356.2247890262444
16,4,screen_unlock_event_count,0.17421449639467265,>= 0,356.2247890262444
16,4,telephony_event_count,0.07575830752188464,>= 0,356.2247890262444
16,4,telephony_mobile_data_enabled_fraction,-0.3957142261512352,<= 0,356.2247890262444
16,4,telephony_network_type_diversity,0.0954967008896647,>= 0,356.2247890262444
16,4,touch_active_hour_count,-0.0024989239278410597,<= 0,356.2247890262444
16,4,touch_app_diversity,0.0242023265403134,>= 0,356.2247890262444
16,4,touch_click_event_count,0.07027520692972677,>= 0,356.2247890262444
16,4,touch_distinct_event_count,-2.547146855612548e-41,<= 0,356.2247890262444
16,4,touch_scroll_direction_change_count,0.03027266461020518,>= 0,356.2247890262444
16,4,touch_scroll_event_count,0.04883299591920681,>= 0,356.2247890262444
16,4,touch_scroll_index_change_median,-4.543395258678439e-36,<= 0,356.2247890262444
16,4,touch_unique_app_count,0.06745628654647551,>= 0,356.2247890262444
16,4,missing__app_foreground_event_count,-0.03749406919193595,unconstrained,356.2247890262444
16,4,missing__app_use_diversity,-0.037494069191936,unconstrained,356.2247890262444
16,4,missing__unique_foreground_apps,-0.03749406919193598,unconstrained,356.2247890262444
16,4,missing__call_event_count,-0.03326778360592489,unconstrained,356.2247890262444
16,4,missing__incoming_call_count,-0.03326778360592489,unconstrained,356.2247890262444
16,4,missing__missed_rejected_blocked_call_count,-0.03326778360592484,unconstrained,356.2247890262444
16,4,missing__outgoing_call_count,-0.03326778360592478,unconstrained,356.2247890262444
16,4,missing__total_call_duration_seconds,-0.03326778360592481,unconstrained,356.2247890262444
16,4,missing__gsm_cell_transition_count,0.0712141604539606,unconstrained,356.2247890262444
16,4,missing__unique_gsm_cell_count,0.07121416045396052,unconstrained,356.2247890262444
16,4,missing__unique_gsm_lac_count,0.07121416045396071,unconstrained,356.2247890262444
16,4,missing__gsm_neighbor_cell_transition_count,0.01140135083238821,unconstrained,356.2247890262444
16,4,missing__unique_gsm_neighbor_cell_count,0.011401350832388102,unconstrained,356.2247890262444
16,4,missing__unique_gsm_neighbor_lac_count,0.011401350832388074,unconstrained,356.2247890262444
16,4,missing__keyboard_deletion_event_count,-0.18535227918752872,unconstrained,356.2247890262444
16,4,missing__keyboard_inter_event_interval_iqr_ms,-0.18535227918752867,unconstrained,356.2247890262444
16,4,missing__keyboard_long_pause_count_2s,-0.18535227918752883,unconstrained,356.2247890262444
16,4,missing__keyboard_median_inter_event_interval_ms,-0.18535227918752872,unconstrained,356.2247890262444
16,4,missing__keyboard_median_word_completion_time_ms,-0.08700413658644077,unconstrained,356.2247890262444
16,4,missing__keyboard_typing_burst_count,-0.1853522791875287,unconstrained,356.2247890262444
16,4,missing__message_distinct_event_count,0.1485053380638201,unconstrained,356.2247890262444
16,4,missing__activity_active_hour_count,0.07121416045396063,unconstrained,356.2247890262444
16,4,missing__activity_state_diversity,0.07121416045396062,unconstrained,356.2247890262444
16,4,missing__activity_still_fraction,0.07121416045396063,unconstrained,356.2247890262444
16,4,missing__activity_transition_count,0.0712141604539607,unconstrained,356.2247890262444
16,4,missing__activity_unknown_fraction,0.07121416045396058,unconstrained,356.2247890262444
16,4,missing__median_unlocked_session_duration_seconds,0.060347658271187286,unconstrained,356.2247890262444
16,4,missing__night_screen_event_count,0.0881057948627582,unconstrained,356.2247890262444
16,4,missing__screen_active_hour_count,0.08810579486275821,unconstrained,356.2247890262444
16,4,missing__screen_event_count,0.08810579486275828,unconstrained,356.2247890262444
16,4,missing__screen_off_event_count,0.08810579486275821,unconstrained,356.2247890262444
16,4,missing__screen_on_event_count,0.0881057948627582,unconstrained,356.2247890262444
16,4,missing__screen_transition_count,0.08810579486275834,unconstrained,356.2247890262444
16,4,missing__screen_unlock_event_count,0.0881057948627582,unconstrained,356.2247890262444
16,4,missing__telephony_event_count,0.07121416045396062,unconstrained,356.2247890262444
16,4,missing__telephony_mobile_data_enabled_fraction,0.07121416045396062,unconstrained,356.2247890262444
16,4,missing__telephony_network_type_diversity,0.07121416045396059,unconstrained,356.2247890262444
16,4,missing__touch_active_hour_count,-0.047239824694689896,unconstrained,356.2247890262444
16,4,missing__touch_app_diversity,-0.04723982469469005,unconstrained,356.2247890262444
16,4,missing__touch_click_event_count,-0.04723982469468979,unconstrained,356.2247890262444
16,4,missing__touch_distinct_event_count,-0.04723982469468993,unconstrained,356.2247890262444
16,4,missing__touch_scroll_direction_change_count,0.004074590392989227,unconstrained,356.2247890262444
16,4,missing__touch_scroll_event_count,-0.0472398246946899,unconstrained,356.2247890262444
16,4,missing__touch_scroll_index_change_median,0.004074590392989275,unconstrained,356.2247890262444
16,4,missing__touch_unique_app_count,-0.047239824694689944,unconstrained,356.2247890262444
16,5,app_foreground_event_count,0.15106374695911542,>= 0,204.33597178569437
16,5,app_use_diversity,0.4292392515935737,>= 0,204.33597178569437
16,5,unique_foreground_apps,-2.1157430916035737e-23,<= 0,204.33597178569437
16,5,gsm_cell_transition_count,9.148299354633555e-27,>= 0,204.33597178569437
16,5,unique_gsm_cell_count,0.07958751134925639,>= 0,204.33597178569437
16,5,unique_gsm_lac_count,-0.060318929563338314,<= 0,204.33597178569437
16,5,gsm_neighbor_cell_transition_count,-1.4943755069099646e-28,<= 0,204.33597178569437
16,5,unique_gsm_neighbor_cell_count,-0.43918956151276767,<= 0,204.33597178569437
16,5,unique_gsm_neighbor_lac_count,8.644109621395012e-24,>= 0,204.33597178569437
16,5,keyboard_deletion_event_count,-2.3105904730157153e-23,<= 0,204.33597178569437
16,5,keyboard_inter_event_interval_iqr_ms,-0.1342148313644284,<= 0,204.33597178569437
16,5,keyboard_long_pause_count_2s,-2.660975586958021e-23,<= 0,204.33597178569437
16,5,keyboard_median_inter_event_interval_ms,-0.06904063703145541,<= 0,204.33597178569437
16,5,keyboard_median_word_completion_time_ms,-0.31972232540778023,<= 0,204.33597178569437
16,5,keyboard_typing_burst_count,0.13800978364854447,>= 0,204.33597178569437
16,5,message_distinct_event_count,-0.17207822265339895,<= 0,204.33597178569437
16,5,activity_active_hour_count,2.877388768911004e-22,>= 0,204.33597178569437
16,5,activity_state_diversity,-0.2429016860912205,<= 0,204.33597178569437
16,5,activity_still_fraction,-1.2938097451338047e-23,<= 0,204.33597178569437
16,5,activity_transition_count,-0.12767023951636783,<= 0,204.33597178569437
16,5,activity_unknown_fraction,0.09047810890661487,>= 0,204.33597178569437
16,5,median_unlocked_session_duration_seconds,-6.22527660506705e-25,<= 0,204.33597178569437
16,5,night_screen_event_count,3.317688741868466e-24,>= 0,204.33597178569437
16,5,screen_active_hour_count,-0.0879212271544807,<= 0,204.33597178569437
16,5,screen_event_count,0.13170505050965192,>= 0,204.33597178569437
16,5,screen_off_event_count,0.09117385274620322,>= 0,204.33597178569437
16,5,screen_on_event_count,0.15242518303803224,>= 0,204.33597178569437
16,5,screen_transition_count,-0.08030999518135949,<= 0,204.33597178569437
16,5,screen_unlock_event_count,0.28883681500487957,>= 0,204.33597178569437
16,5,telephony_event_count,0.05820797668405637,>= 0,204.33597178569437
16,5,telephony_mobile_data_enabled_fraction,-0.46375043323130816,<= 0,204.33597178569437
16,5,telephony_network_type_diversity,-0.05973690363150704,<= 0,204.33597178569437
16,5,touch_active_hour_count,0.13752117697939234,>= 0,204.33597178569437
16,5,touch_app_diversity,1.1075251505598074e-25,>= 0,204.33597178569437
16,5,touch_click_event_count,-7.749480612584683e-24,<= 0,204.33597178569437
16,5,touch_distinct_event_count,-6.237268569643892e-28,<= 0,204.33597178569437
16,5,touch_scroll_direction_change_count,-2.402455515306575e-21,<= 0,204.33597178569437
16,5,touch_scroll_event_count,-3.4738818403171647e-23,<= 0,204.33597178569437
16,5,touch_scroll_index_change_median,0.11260986209061508,>= 0,204.33597178569437
16,5,touch_unique_app_count,0.011015880989935221,>= 0,204.33597178569437
16,5,missing__app_foreground_event_count,-0.014439277582083828,unconstrained,204.33597178569437
16,5,missing__app_use_diversity,-0.014439277582083835,unconstrained,204.33597178569437
16,5,missing__unique_foreground_apps,-0.014439277582084048,unconstrained,204.33597178569437
16,5,missing__gsm_cell_transition_count,0.0727521042959389,unconstrained,204.33597178569437
16,5,missing__unique_gsm_cell_count,0.07275210429593873,unconstrained,204.33597178569437
16,5,missing__unique_gsm_lac_count,0.07275210429593877,unconstrained,204.33597178569437
16,5,missing__gsm_neighbor_cell_transition_count,0.23005311552070448,unconstrained,204.33597178569437
16,5,missing__unique_gsm_neighbor_cell_count,0.2300531155207044,unconstrained,204.33597178569437
16,5,missing__unique_gsm_neighbor_lac_count,0.23005311552070437,unconstrained,204.33597178569437
16,5,missing__keyboard_deletion_event_count,-0.016137517470704445,unconstrained,204.33597178569437
16,5,missing__keyboard_inter_event_interval_iqr_ms,-0.01613751747070443,unconstrained,204.33597178569437
16,5,missing__keyboard_long_pause_count_2s,-0.016137517470704597,unconstrained,204.33597178569437
16,5,missing__keyboard_median_inter_event_interval_ms,-0.01613751747070465,unconstrained,204.33597178569437
16,5,missing__keyboard_median_word_completion_time_ms,0.11125731606008189,unconstrained,204.33597178569437
16,5,missing__keyboard_typing_burst_count,-0.016137517470704386,unconstrained,204.33597178569437
16,5,missing__message_distinct_event_count,-0.00501095448068809,unconstrained,204.33597178569437
16,5,missing__activity_active_hour_count,0.07275210429593873,unconstrained,204.33597178569437
16,5,missing__activity_state_diversity,0.07275210429593879,unconstrained,204.33597178569437
16,5,missing__activity_still_fraction,0.07275210429593883,unconstrained,204.33597178569437
16,5,missing__activity_transition_count,0.07275210429593876,unconstrained,204.33597178569437
16,5,missing__activity_unknown_fraction,0.07275210429593873,unconstrained,204.33597178569437
16,5,missing__median_unlocked_session_duration_seconds,0.039703851594368046,unconstrained,204.33597178569437
16,5,missing__night_screen_event_count,0.07275210429593885,unconstrained,204.33597178569437
16,5,missing__screen_active_hour_count,0.07275210429593869,unconstrained,204.33597178569437
16,5,missing__screen_event_count,0.07275210429593877,unconstrained,204.33597178569437
16,5,missing__screen_off_event_count,0.07275210429593873,unconstrained,204.33597178569437
16,5,missing__screen_on_event_count,0.07275210429593877,unconstrained,204.33597178569437
16,5,missing__screen_transition_count,0.07275210429593873,unconstrained,204.33597178569437
16,5,missing__screen_unlock_event_count,0.07275210429593877,unconstrained,204.33597178569437
16,5,missing__telephony_event_count,0.07275210429593874,unconstrained,204.33597178569437
16,5,missing__telephony_mobile_data_enabled_fraction,0.07275210429593883,unconstrained,204.33597178569437
16,5,missing__telephony_network_type_diversity,0.07275210429593867,unconstrained,204.33597178569437
16,5,missing__touch_active_hour_count,-0.14287467553344116,unconstrained,204.33597178569437
16,5,missing__touch_app_diversity,-0.1428746755334413,unconstrained,204.33597178569437
16,5,missing__touch_click_event_count,-0.1428746755334412,unconstrained,204.33597178569437
16,5,missing__touch_distinct_event_count,-0.1428746755334413,unconstrained,204.33597178569437
16,5,missing__touch_scroll_direction_change_count,0.008206253166200288,unconstrained,204.33597178569437
16,5,missing__touch_scroll_event_count,-0.14287467553344124,unconstrained,204.33597178569437
16,5,missing__touch_scroll_index_change_median,0.008206253166200125,unconstrained,204.33597178569437
16,5,missing__touch_unique_app_count,-0.14287467553344127,unconstrained,204.33597178569437
17,1,app_foreground_event_count,0.40445089387305294,>= 0,117.21022975334817
17,1,app_use_diversity,0.5179362240010997,>= 0,117.21022975334817
17,1,unique_foreground_apps,0.32084589484616494,>= 0,117.21022975334817
17,1,gsm_cell_transition_count,2.3720477299593303e-29,>= 0,117.21022975334817
17,1,unique_gsm_cell_count,0.09616215833498762,>= 0,117.21022975334817
17,1,unique_gsm_lac_count,3.5331274608164886e-32,>= 0,117.21022975334817
17,1,gsm_neighbor_cell_transition_count,-3.0302891097486086e-28,<= 0,117.21022975334817
17,1,unique_gsm_neighbor_cell_count,-0.45939740057672446,<= 0,117.21022975334817
17,1,unique_gsm_neighbor_lac_count,-0.6438677924850014,<= 0,117.21022975334817
17,1,keyboard_deletion_event_count,0.35524668042678575,>= 0,117.21022975334817
17,1,keyboard_inter_event_interval_iqr_ms,-4.1018102595177617e-23,<= 0,117.21022975334817
17,1,keyboard_long_pause_count_2s,0.29465121102871084,>= 0,117.21022975334817
17,1,keyboard_median_inter_event_interval_ms,-6.796184196535631e-21,<= 0,117.21022975334817
17,1,keyboard_median_word_completion_time_ms,-1.2081610898149156e-27,<= 0,117.21022975334817
17,1,keyboard_typing_burst_count,9.186534264040492e-26,>= 0,117.21022975334817
17,1,message_distinct_event_count,-0.28831438179028673,<= 0,117.21022975334817
17,1,activity_active_hour_count,1.0582509204294648e-28,>= 0,117.21022975334817
17,1,activity_state_diversity,-1.2276863598160684e-44,<= 0,117.21022975334817
17,1,activity_still_fraction,8.96831017167883e-44,>= 0,117.21022975334817
17,1,activity_transition_count,-0.016103729880709804,<= 0,117.21022975334817
17,1,activity_unknown_fraction,-0.05977513085482886,<= 0,117.21022975334817
17,1,median_unlocked_session_duration_seconds,0.27028136638402983,>= 0,117.21022975334817
17,1,night_screen_event_count,-0.369607870185413,<= 0,117.21022975334817
17,1,screen_active_hour_count,-0.2557595841900849,<= 0,117.21022975334817
17,1,screen_event_count,0.039410523772797086,>= 0,117.21022975334817
17,1,screen_off_event_count,3.269900840185649e-13,>= 0,117.21022975334817
17,1,screen_on_event_count,0.040480079772419686,>= 0,117.21022975334817
17,1,screen_transition_count,-0.17149012402265051,<= 0,117.21022975334817
17,1,screen_unlock_event_count,0.19906117285666397,>= 0,117.21022975334817
17,1,telephony_event_count,0.26649809415983766,>= 0,117.21022975334817
17,1,telephony_mobile_data_enabled_fraction,-0.8453438906912827,<= 0,117.21022975334817
17,1,telephony_network_type_diversity,0.06517766713210385,>= 0,117.21022975334817
17,1,touch_active_hour_count,-0.02491807716116656,<= 0,117.21022975334817
17,1,touch_app_diversity,-0.5645916141043474,<= 0,117.21022975334817
17,1,touch_click_event_count,0.24508590701181748,>= 0,117.21022975334817
17,1,touch_distinct_event_count,-1.5569753470155474e-28,<= 0,117.21022975334817
17,1,touch_scroll_direction_change_count,0.07067041465451497,>= 0,117.21022975334817
17,1,touch_scroll_event_count,-1.561888213747747e-28,<= 0,117.21022975334817
17,1,touch_scroll_index_change_median,0.35998267702574577,>= 0,117.21022975334817
17,1,touch_unique_app_count,-5.060375767385211e-26,<= 0,117.21022975334817
17,1,missing__app_foreground_event_count,-0.014296622557597767,unconstrained,117.21022975334817
17,1,missing__app_use_diversity,-0.014296622557597782,unconstrained,117.21022975334817
17,1,missing__unique_foreground_apps,-0.014296622557597546,unconstrained,117.21022975334817
17,1,missing__gsm_cell_transition_count,0.10194007143648356,unconstrained,117.21022975334817
17,1,missing__unique_gsm_cell_count,0.10194007143648352,unconstrained,117.21022975334817
17,1,missing__unique_gsm_lac_count,0.10194007143648365,unconstrained,117.21022975334817
17,1,missing__gsm_neighbor_cell_transition_count,0.18686633921120255,unconstrained,117.21022975334817
17,1,missing__unique_gsm_neighbor_cell_count,0.18686633921120255,unconstrained,117.21022975334817
17,1,missing__unique_gsm_neighbor_lac_count,0.18686633921120252,unconstrained,117.21022975334817
17,1,missing__keyboard_deletion_event_count,-0.2529800645572858,unconstrained,117.21022975334817
17,1,missing__keyboard_inter_event_interval_iqr_ms,-0.25298006455728556,unconstrained,117.21022975334817
17,1,missing__keyboard_long_pause_count_2s,-0.2529800645572855,unconstrained,117.21022975334817
17,1,missing__keyboard_median_inter_event_interval_ms,-0.25298006455728533,unconstrained,117.21022975334817
17,1,missing__keyboard_median_word_completion_time_ms,-0.1410003308782172,unconstrained,117.21022975334817
17,1,missing__keyboard_typing_burst_count,-0.25298006455728544,unconstrained,117.21022975334817
17,1,missing__message_distinct_event_count,0.3944256442780665,unconstrained,117.21022975334817
17,1,missing__activity_active_hour_count,0.10194007143648373,unconstrained,117.21022975334817
17,1,missing__activity_state_diversity,0.10194007143648348,unconstrained,117.21022975334817
17,1,missing__activity_still_fraction,0.10194007143648362,unconstrained,117.21022975334817
17,1,missing__activity_transition_count,0.10194007143648356,unconstrained,117.21022975334817
17,1,missing__activity_unknown_fraction,0.10194007143648373,unconstrained,117.21022975334817
17,1,missing__median_unlocked_session_duration_seconds,0.026846166127593,unconstrained,117.21022975334817
17,1,missing__night_screen_event_count,0.14639776806302088,unconstrained,117.21022975334817
17,1,missing__screen_active_hour_count,0.14639776806302085,unconstrained,117.21022975334817
17,1,missing__screen_event_count,0.146397768063021,unconstrained,117.21022975334817
17,1,missing__screen_off_event_count,0.1463977680630208,unconstrained,117.21022975334817
17,1,missing__screen_on_event_count,0.14639776806302063,unconstrained,117.21022975334817
17,1,missing__screen_transition_count,0.14639776806302077,unconstrained,117.21022975334817
17,1,missing__screen_unlock_event_count,0.1463977680630209,unconstrained,117.21022975334817
17,1,missing__telephony_event_count,0.10194007143648375,unconstrained,117.21022975334817
17,1,missing__telephony_mobile_data_enabled_fraction,0.10194007143648369,unconstrained,117.21022975334817
17,1,missing__telephony_network_type_diversity,0.10194007143648362,unconstrained,117.21022975334817
17,1,missing__touch_active_hour_count,-0.16782028834665083,unconstrained,117.21022975334817
17,1,missing__touch_app_diversity,-0.16782028834665078,unconstrained,117.21022975334817
17,1,missing__touch_click_event_count,-0.1678202883466506,unconstrained,117.21022975334817
17,1,missing__touch_distinct_event_count,-0.1678202883466506,unconstrained,117.21022975334817
17,1,missing__touch_scroll_direction_change_count,0.1421807428652228,unconstrained,117.21022975334817
17,1,missing__touch_scroll_event_count,-0.16782028834665066,unconstrained,117.21022975334817
17,1,missing__touch_scroll_index_change_median,0.14218074286522314,unconstrained,117.21022975334817
17,1,missing__touch_unique_app_count,-0.1678202883466506,unconstrained,117.21022975334817
17,2,app_foreground_event_count,0.24877749729066678,>= 0,67.23357536499334
17,2,app_use_diversity,0.7578744191036474,>= 0,67.23357536499334
17,2,unique_foreground_apps,0.4158472198875053,>= 0,67.23357536499334
17,2,call_event_count,-0.39792149185657544,<= 0,67.23357536499334
17,2,incoming_call_count,-1.6803939059930904e-16,<= 0,67.23357536499334
17,2,missed_rejected_blocked_call_count,5.491082995783896e-15,>= 0,67.23357536499334
17,2,outgoing_call_count,-0.6495102620436575,<= 0,67.23357536499334
17,2,total_call_duration_seconds,-0.07405188114453894,<= 0,67.23357536499334
17,2,gsm_cell_transition_count,9.204367823120111e-14,>= 0,67.23357536499334
17,2,unique_gsm_cell_count,0.3692787092330191,>= 0,67.23357536499334
17,2,unique_gsm_lac_count,0.1498854610519031,>= 0,67.23357536499334
17,2,gsm_neighbor_cell_transition_count,-5.49442672561825e-19,<= 0,67.23357536499334
17,2,unique_gsm_neighbor_cell_count,-0.7828103526361141,<= 0,67.23357536499334
17,2,unique_gsm_neighbor_lac_count,9.659582647397792e-17,>= 0,67.23357536499334
17,2,keyboard_deletion_event_count,-5.053136628823373e-16,<= 0,67.23357536499334
17,2,keyboard_inter_event_interval_iqr_ms,-0.08761231292250533,<= 0,67.23357536499334
17,2,keyboard_long_pause_count_2s,-1.006140498823358e-15,<= 0,67.23357536499334
17,2,keyboard_median_inter_event_interval_ms,-0.033100878511478755,<= 0,67.23357536499334
17,2,keyboard_median_word_completion_time_ms,-0.06849424502845855,<= 0,67.23357536499334
17,2,keyboard_typing_burst_count,-3.923012297173506e-16,<= 0,67.23357536499334
17,2,message_distinct_event_count,-0.16660662701763385,<= 0,67.23357536499334
17,2,activity_active_hour_count,2.5958733434739394e-16,>= 0,67.23357536499334
17,2,activity_state_diversity,3.2422095545733757e-16,>= 0,67.23357536499334
17,2,activity_still_fraction,-4.556377538976829e-16,<= 0,67.23357536499334
17,2,activity_transition_count,9.124808088476376e-16,>= 0,67.23357536499334
17,2,activity_unknown_fraction,0.11111942825085382,>= 0,67.23357536499334
17,2,median_unlocked_session_duration_seconds,-0.22057513614734917,<= 0,67.23357536499334
17,2,night_screen_event_count,-0.7872548384152951,<= 0,67.23357536499334
17,2,screen_active_hour_count,-2.8613457638019157e-18,<= 0,67.23357536499334
17,2,screen_event_count,0.07640865993721026,>= 0,67.23357536499334
17,2,screen_off_event_count,0.06598143749994118,>= 0,67.23357536499334
17,2,screen_on_event_count,0.0903708290028004,>= 0,67.23357536499334
17,2,screen_transition_count,-1.4913760387504444e-17,<= 0,67.23357536499334
17,2,screen_unlock_event_count,0.2988869132039155,>= 0,67.23357536499334
17,2,telephony_event_count,0.5750644743753263,>= 0,67.23357536499334
17,2,telephony_mobile_data_enabled_fraction,-0.985720869867372,<= 0,67.23357536499334
17,2,telephony_network_type_diversity,0.23416052286112776,>= 0,67.23357536499334
17,2,touch_active_hour_count,0.2878630675355618,>= 0,67.23357536499334
17,2,touch_app_diversity,5.783917997945443e-17,>= 0,67.23357536499334
17,2,touch_click_event_count,-7.140766757251775e-17,<= 0,67.23357536499334
17,2,touch_distinct_event_count,-3.546516161585993e-17,<= 0,67.23357536499334
17,2,touch_scroll_direction_change_count,-2.5788651852580097e-26,<= 0,67.23357536499334
17,2,touch_scroll_event_count,-6.487224638631043e-18,<= 0,67.23357536499334
17,2,touch_scroll_index_change_median,0.23907266180204068,>= 0,67.23357536499334
17,2,touch_unique_app_count,0.011962300558862334,>= 0,67.23357536499334
17,2,missing__app_foreground_event_count,0.2928948239071952,unconstrained,67.23357536499334
17,2,missing__app_use_diversity,0.2928948239071952,unconstrained,67.23357536499334
17,2,missing__unique_foreground_apps,0.2928948239071952,unconstrained,67.23357536499334
17,2,missing__call_event_count,-0.02707621719628216,unconstrained,67.23357536499334
17,2,missing__incoming_call_count,-0.027076217196281765,unconstrained,67.23357536499334
17,2,missing__missed_rejected_blocked_call_count,-0.0270762171962817,unconstrained,67.23357536499334
17,2,missing__outgoing_call_count,-0.02707621719628162,unconstrained,67.23357536499334
17,2,missing__total_call_duration_seconds,-0.02707621719628192,unconstrained,67.23357536499334
17,2,missing__gsm_cell_transition_count,-0.002278783567522825,unconstrained,67.23357536499334
17,2,missing__unique_gsm_cell_count,-0.002278783567522683,unconstrained,67.23357536499334
17,2,missing__unique_gsm_lac_count,-0.0022787835675226217,unconstrained,67.23357536499334
17,2,missing__gsm_neighbor_cell_transition_count,0.36175854724746903,unconstrained,67.23357536499334
17,2,missing__unique_gsm_neighbor_cell_count,0.36175854724746925,unconstrained,67.23357536499334
17,2,missing__unique_gsm_neighbor_lac_count,0.3617585472474692,unconstrained,67.23357536499334
17,2,missing__keyboard_deletion_event_count,-0.17586313553360353,unconstrained,67.23357536499334
17,2,missing__keyboard_inter_event_interval_iqr_ms,-0.17586313553360353,unconstrained,67.23357536499334
17,2,missing__keyboard_long_pause_count_2s,-0.17586313553360336,unconstrained,67.23357536499334
17,2,missing__keyboard_median_inter_event_interval_ms,-0.17586313553360344,unconstrained,67.23357536499334
17,2,missing__keyboard_median_word_completion_time_ms,0.34732086801207207,unconstrained,67.23357536499334
17,2,missing__keyboard_typing_burst_count,-0.17586313553360333,unconstrained,67.23357536499334
17,2,missing__message_distinct_event_count,-0.059439759108489046,unconstrained,67.23357536499334
17,2,missing__activity_active_hour_count,-0.0022787835675228654,unconstrained,67.23357536499334
17,2,missing__activity_state_diversity,-0.0022787835675228177,unconstrained,67.23357536499334
17,2,missing__activity_still_fraction,-0.002278783567522667,unconstrained,67.23357536499334
17,2,missing__activity_transition_count,-0.002278783567522518,unconstrained,67.23357536499334
17,2,missing__activity_unknown_fraction,-0.0022787835675226386,unconstrained,67.23357536499334
17,2,missing__median_unlocked_session_duration_seconds,-0.027165753219988344,unconstrained,67.23357536499334
17,2,missing__night_screen_event_count,0.03660028422763576,unconstrained,67.23357536499334
17,2,missing__screen_active_hour_count,0.036600284227635976,unconstrained,67.23357536499334
17,2,missing__screen_event_count,0.036600284227635525,unconstrained,67.23357536499334
17,2,missing__screen_off_event_count,0.03660028422763607,unconstrained,67.23357536499334
17,2,missing__screen_on_event_count,0.03660028422763587,unconstrained,67.23357536499334
17,2,missing__screen_transition_count,0.03660028422763615,unconstrained,67.23357536499334
17,2,missing__screen_unlock_event_count,0.036600284227635914,unconstrained,67.23357536499334
17,2,missing__telephony_event_count,-0.002278783567522891,unconstrained,67.23357536499334
17,2,missing__telephony_mobile_data_enabled_fraction,-0.0022787835675225367,unconstrained,67.23357536499334
17,2,missing__telephony_network_type_diversity,-0.0022787835675227067,unconstrained,67.23357536499334
17,2,missing__touch_active_hour_count,-0.03837139734540173,unconstrained,67.23357536499334
17,2,missing__touch_app_diversity,-0.03837139734540174,unconstrained,67.23357536499334
17,2,missing__touch_click_event_count,-0.03837139734540199,unconstrained,67.23357536499334
17,2,missing__touch_distinct_event_count,-0.03837139734540208,unconstrained,67.23357536499334
17,2,missing__touch_scroll_direction_change_count,0.3476095957574998,unconstrained,67.23357536499334
17,2,missing__touch_scroll_event_count,-0.038371397345402125,unconstrained,67.23357536499334
17,2,missing__touch_scroll_index_change_median,0.34760959575750017,unconstrained,67.23357536499334
17,2,missing__touch_unique_app_count,-0.03837139734540207,unconstrained,67.23357536499334
17,3,app_foreground_event_count,0.008675636083875648,>= 0,10000.0
17,3,app_use_diversity,0.009580508229997231,>= 0,10000.0
17,3,unique_foreground_apps,0.00910136446442223,>= 0,10000.0
17,3,gsm_cell_transition_count,1.344631829632799e-19,>= 0,10000.0
17,3,unique_gsm_cell_count,0.0028223710246766233,>= 0,10000.0
17,3,unique_gsm_lac_count,0.0020941697249274058,>= 0,10000.0
17,3,gsm_neighbor_cell_transition_count,-9.807733354503833e-31,<= 0,10000.0
17,3,unique_gsm_neighbor_cell_count,9.459392700027487e-28,>= 0,10000.0
17,3,unique_gsm_neighbor_lac_count,2.7367673954624074e-28,>= 0,10000.0
17,3,keyboard_deletion_event_count,-7.699987644866423e-38,<= 0,10000.0
17,3,keyboard_inter_event_interval_iqr_ms,-0.0004171925062844365,<= 0,10000.0
17,3,keyboard_long_pause_count_2s,0.0024228998761450897,>= 0,10000.0
17,3,keyboard_median_inter_event_interval_ms,-0.000364776059698099,<= 0,10000.0
17,3,keyboard_median_word_completion_time_ms,-0.008306242933445028,<= 0,10000.0
17,3,keyboard_typing_burst_count,-1.0163770477720826e-33,<= 0,10000.0
17,3,message_distinct_event_count,-0.0010523155536995708,<= 0,10000.0
17,3,activity_active_hour_count,0.002694093120142613,>= 0,10000.0
17,3,activity_state_diversity,0.004539333178154374,>= 0,10000.0
17,3,activity_still_fraction,-0.0056046046403038325,<= 0,10000.0
17,3,activity_transition_count,0.004311810255628793,>= 0,10000.0
17,3,activity_unknown_fraction,0.004759570584063099,>= 0,10000.0
17,3,median_unlocked_session_duration_seconds,-7.000085316067634e-32,<= 0,10000.0
17,3,night_screen_event_count,-2.1596153023431346e-28,<= 0,10000.0
17,3,screen_active_hour_count,-0.0019429704391677003,<= 0,10000.0
17,3,screen_event_count,0.00774707495185295,>= 0,10000.0
17,3,screen_off_event_count,0.006915177630579957,>= 0,10000.0
17,3,screen_on_event_count,0.007834377049978697,>= 0,10000.0
17,3,screen_transition_count,-4.713252182070851e-45,<= 0,10000.0
17,3,screen_unlock_event_count,0.0085988282725694,>= 0,10000.0
17,3,telephony_event_count,0.003774017035053306,>= 0,10000.0
17,3,telephony_mobile_data_enabled_fraction,-0.013929872030337381,<= 0,10000.0
17,3,telephony_network_type_diversity,0.006291322513500036,>= 0,10000.0
17,3,touch_active_hour_count,0.0005351644496662081,>= 0,10000.0
17,3,touch_app_diversity,0.0037891287928562487,>= 0,10000.0
17,3,touch_click_event_count,-1.6633386146864756e-38,<= 0,10000.0
17,3,touch_distinct_event_count,-6.81259202568084e-40,<= 0,10000.0
17,3,touch_scroll_direction_change_count,0.003647667465989669,>= 0,10000.0
17,3,touch_scroll_event_count,-2.607354305085338e-36,<= 0,10000.0
17,3,touch_scroll_index_change_median,-0.00033291795132504284,<= 0,10000.0
17,3,touch_unique_app_count,0.007480871461444601,>= 0,10000.0
17,3,missing__app_foreground_event_count,-0.0023566920098606696,unconstrained,10000.0
17,3,missing__app_use_diversity,-0.002356692009860676,unconstrained,10000.0
17,3,missing__unique_foreground_apps,-0.0023566920098606827,unconstrained,10000.0
17,3,missing__gsm_cell_transition_count,0.005567029507632697,unconstrained,10000.0
17,3,missing__unique_gsm_cell_count,0.005567029507632701,unconstrained,10000.0
17,3,missing__unique_gsm_lac_count,0.005567029507632706,unconstrained,10000.0
17,3,missing__gsm_neighbor_cell_transition_count,-0.0017137787056932003,unconstrained,10000.0
17,3,missing__unique_gsm_neighbor_cell_count,-0.0017137787056931962,unconstrained,10000.0
17,3,missing__unique_gsm_neighbor_lac_count,-0.0017137787056931946,unconstrained,10000.0
17,3,missing__keyboard_deletion_event_count,-0.00982329293504581,unconstrained,10000.0
17,3,missing__keyboard_inter_event_interval_iqr_ms,-0.009823292935045797,unconstrained,10000.0
17,3,missing__keyboard_long_pause_count_2s,-0.009823292935045802,unconstrained,10000.0
17,3,missing__keyboard_median_inter_event_interval_ms,-0.0098232929350458,unconstrained,10000.0
17,3,missing__keyboard_median_word_completion_time_ms,-0.005839336377744194,unconstrained,10000.0
17,3,missing__keyboard_typing_burst_count,-0.009823292935045807,unconstrained,10000.0
17,3,missing__message_distinct_event_count,0.0037210284216116353,unconstrained,10000.0
17,3,missing__activity_active_hour_count,0.005567029507632701,unconstrained,10000.0
17,3,missing__activity_state_diversity,0.0055670295076327035,unconstrained,10000.0
17,3,missing__activity_still_fraction,0.005567029507632699,unconstrained,10000.0
17,3,missing__activity_transition_count,0.005567029507632704,unconstrained,10000.0
17,3,missing__activity_unknown_fraction,0.0055670295076327,unconstrained,10000.0
17,3,missing__median_unlocked_session_duration_seconds,0.004656030991978581,unconstrained,10000.0
17,3,missing__night_screen_event_count,0.00556702950763271,unconstrained,10000.0
17,3,missing__screen_active_hour_count,0.005567029507632709,unconstrained,10000.0
17,3,missing__screen_event_count,0.0055670295076327,unconstrained,10000.0
17,3,missing__screen_off_event_count,0.0055670295076327035,unconstrained,10000.0
17,3,missing__screen_on_event_count,0.005567029507632703,unconstrained,10000.0
17,3,missing__screen_transition_count,0.005567029507632694,unconstrained,10000.0
17,3,missing__screen_unlock_event_count,0.005567029507632708,unconstrained,10000.0
17,3,missing__telephony_event_count,0.0055670295076327035,unconstrained,10000.0
17,3,missing__telephony_mobile_data_enabled_fraction,0.00556702950763271,unconstrained,10000.0
17,3,missing__telephony_network_type_diversity,0.005567029507632705,unconstrained,10000.0
17,3,missing__touch_active_hour_count,-0.0023566920098606614,unconstrained,10000.0
17,3,missing__touch_app_diversity,-0.002356692009860681,unconstrained,10000.0
17,3,missing__touch_click_event_count,-0.002356692009860671,unconstrained,10000.0
17,3,missing__touch_distinct_event_count,-0.002356692009860671,unconstrained,10000.0
17,3,missing__touch_scroll_direction_change_count,-0.0012628510528274355,unconstrained,10000.0
17,3,missing__touch_scroll_event_count,-0.002356692009860682,unconstrained,10000.0
17,3,missing__touch_scroll_index_change_median,-0.0012628510528274242,unconstrained,10000.0
17,3,missing__touch_unique_app_count,-0.0023566920098606766,unconstrained,10000.0
17,4,app_foreground_event_count,0.5920167098682533,>= 0,38.56620421163472
17,4,app_use_diversity,0.8473983710170426,>= 0,38.56620421163472
17,4,unique_foreground_apps,0.4587085556761404,>= 0,38.56620421163472
17,4,call_event_count,-0.22743636707093612,<= 0,38.56620421163472
17,4,incoming_call_count,-1.898548181773586e-25,<= 0,38.56620421163472
17,4,missed_rejected_blocked_call_count,0.41845000676625316,>= 0,38.56620421163472
17,4,outgoing_call_count,-0.42240113254496237,<= 0,38.56620421163472
17,4,total_call_duration_seconds,-3.076557530361946e-29,<= 0,38.56620421163472
17,4,gsm_cell_transition_count,1.994758267415909e-22,>= 0,38.56620421163472
17,4,unique_gsm_cell_count,1.7591787794231588e-26,>= 0,38.56620421163472
17,4,unique_gsm_lac_count,2.0037084150338388e-23,>= 0,38.56620421163472
17,4,gsm_neighbor_cell_transition_count,-0.031100723178565427,<= 0,38.56620421163472
17,4,unique_gsm_neighbor_cell_count,-0.8656591705527952,<= 0,38.56620421163472
17,4,unique_gsm_neighbor_lac_count,-1.2943283261555025,<= 0,38.56620421163472
17,4,keyboard_deletion_event_count,-7.483111117757633e-22,<= 0,38.56620421163472
17,4,keyboard_inter_event_interval_iqr_ms,-0.19716941548586236,<= 0,38.56620421163472
17,4,keyboard_long_pause_count_2s,-7.594173566649033e-22,<= 0,38.56620421163472
17,4,keyboard_median_inter_event_interval_ms,-0.673456953022719,<= 0,38.56620421163472
17,4,keyboard_median_word_completion_time_ms,-0.06629223367246753,<= 0,38.56620421163472
17,4,keyboard_typing_burst_count,0.28472294009756066,>= 0,38.56620421163472
17,4,message_distinct_event_count,-0.6126880588524015,<= 0,38.56620421163472
17,4,activity_active_hour_count,9.186008319566514e-22,>= 0,38.56620421163472
17,4,activity_state_diversity,0.126157321159224,>= 0,38.56620421163472
17,4,activity_still_fraction,-0.06887453719205931,<= 0,38.56620421163472
17,4,activity_transition_count,0.31556743425741957,>= 0,38.56620421163472
17,4,activity_unknown_fraction,-0.35986365634024203,<= 0,38.56620421163472
17,4,median_unlocked_session_duration_seconds,-0.2225684054165766,<= 0,38.56620421163472
17,4,night_screen_event_count,-0.289161032189147,<= 0,38.56620421163472
17,4,screen_active_hour_count,-0.07877340790425412,<= 0,38.56620421163472
17,4,screen_event_count,0.03201322988448349,>= 0,38.56620421163472
17,4,screen_off_event_count,0.2392579157116422,>= 0,38.56620421163472
17,4,screen_on_event_count,8.793599727402048e-18,>= 0,38.56620421163472
17,4,screen_transition_count,-1.8156717431330134e-23,<= 0,38.56620421163472
17,4,screen_unlock_event_count,0.1512675348323171,>= 0,38.56620421163472
17,4,telephony_event_count,2.09616211874281e-21,>= 0,38.56620421163472
17,4,telephony_mobile_data_enabled_fraction,-1.062906364183381,<= 0,38.56620421163472
17,4,telephony_network_type_diversity,0.3446003251554689,>= 0,38.56620421163472
17,4,touch_active_hour_count,-3.734821136950201e-21,<= 0,38.56620421163472
17,4,touch_app_diversity,3.1249202101011125e-22,>= 0,38.56620421163472
17,4,touch_click_event_count,-5.553737976957116e-22,<= 0,38.56620421163472
17,4,touch_distinct_event_count,-7.38860113213665e-22,<= 0,38.56620421163472
17,4,touch_scroll_direction_change_count,-5.608775145706485e-22,<= 0,38.56620421163472
17,4,touch_scroll_event_count,-7.797362000396965e-22,<= 0,38.56620421163472
17,4,touch_scroll_index_change_median,1.5995871667121265e-18,>= 0,38.56620421163472
17,4,touch_unique_app_count,4.696286286495797e-19,>= 0,38.56620421163472
17,4,missing__app_foreground_event_count,-0.18279722049679337,unconstrained,38.56620421163472
17,4,missing__app_use_diversity,-0.18279722049679295,unconstrained,38.56620421163472
17,4,missing__unique_foreground_apps,-0.18279722049679306,unconstrained,38.56620421163472
17,4,missing__call_event_count,-0.17110953476475982,unconstrained,38.56620421163472
17,4,missing__incoming_call_count,-0.1711095347647592,unconstrained,38.56620421163472
17,4,missing__missed_rejected_blocked_call_count,-0.17110953476475957,unconstrained,38.56620421163472
17,4,missing__outgoing_call_count,-0.17110953476475937,unconstrained,38.56620421163472
17,4,missing__total_call_duration_seconds,-0.1711095347647598,unconstrained,38.56620421163472
17,4,missing__gsm_cell_transition_count,0.14713861837496311,unconstrained,38.56620421163472
17,4,missing__unique_gsm_cell_count,0.1471386183749628,unconstrained,38.56620421163472
17,4,missing__unique_gsm_lac_count,0.14713861837496292,unconstrained,38.56620421163472
17,4,missing__gsm_neighbor_cell_transition_count,0.1570537224509241,unconstrained,38.56620421163472
17,4,missing__unique_gsm_neighbor_cell_count,0.15705372245092397,unconstrained,38.56620421163472
17,4,missing__unique_gsm_neighbor_lac_count,0.15705372245092417,unconstrained,38.56620421163472
17,4,missing__keyboard_deletion_event_count,-0.204989879997155,unconstrained,38.56620421163472
17,4,missing__keyboard_inter_event_interval_iqr_ms,-0.2049898799971548,unconstrained,38.56620421163472
17,4,missing__keyboard_long_pause_count_2s,-0.20498987999715482,unconstrained,38.56620421163472
17,4,missing__keyboard_median_inter_event_interval_ms,-0.2049898799971548,unconstrained,38.56620421163472
17,4,missing__keyboard_median_word_completion_time_ms,0.10044334028442764,unconstrained,38.56620421163472
17,4,missing__keyboard_typing_burst_count,-0.2049898799971539,unconstrained,38.56620421163472
17,4,missing__message_distinct_event_count,0.4750142679910196,unconstrained,38.56620421163472
17,4,missing__activity_active_hour_count,0.14713861837496348,unconstrained,38.56620421163472
17,4,missing__activity_state_diversity,0.1471386183749631,unconstrained,38.56620421163472
17,4,missing__activity_still_fraction,0.14713861837496306,unconstrained,38.56620421163472
17,4,missing__activity_transition_count,0.14713861837496303,unconstrained,38.56620421163472
17,4,missing__activity_unknown_fraction,0.14713861837496248,unconstrained,38.56620421163472
17,4,missing__median_unlocked_session_duration_seconds,0.07235084937325693,unconstrained,38.56620421163472
17,4,missing__night_screen_event_count,0.26914112427532894,unconstrained,38.56620421163472
17,4,missing__screen_active_hour_count,0.26914112427533016,unconstrained,38.56620421163472
17,4,missing__screen_event_count,0.26914112427533,unconstrained,38.56620421163472
17,4,missing__screen_off_event_count,0.2691411242753293,unconstrained,38.56620421163472
17,4,missing__screen_on_event_count,0.2691411242753294,unconstrained,38.56620421163472
17,4,missing__screen_transition_count,0.2691411242753291,unconstrained,38.56620421163472
17,4,missing__screen_unlock_event_count,0.26914112427533,unconstrained,38.56620421163472
17,4,missing__telephony_event_count,0.14713861837496278,unconstrained,38.56620421163472
17,4,missing__telephony_mobile_data_enabled_fraction,0.1471386183749632,unconstrained,38.56620421163472
17,4,missing__telephony_network_type_diversity,0.14713861837496264,unconstrained,38.56620421163472
17,4,missing__touch_active_hour_count,-0.384386761621603,unconstrained,38.56620421163472
17,4,missing__touch_app_diversity,-0.38438676162160257,unconstrained,38.56620421163472
17,4,missing__touch_click_event_count,-0.38438676162160273,unconstrained,38.56620421163472
17,4,missing__touch_distinct_event_count,-0.3843867616216027,unconstrained,38.56620421163472
17,4,missing__touch_scroll_direction_change_count,0.5269065328932458,unconstrained,38.56620421163472
17,4,missing__touch_scroll_event_count,-0.3843867616216027,unconstrained,38.56620421163472
17,4,missing__touch_scroll_index_change_median,0.5269065328932453,unconstrained,38.56620421163472
17,4,missing__touch_unique_app_count,-0.38438676162160257,unconstrained,38.56620421163472
17,5,app_foreground_event_count,0.006771288361077418,>= 0,10000.0
17,5,app_use_diversity,0.013853374211336991,>= 0,10000.0
17,5,unique_foreground_apps,-3.743797681433022e-40,<= 0,10000.0
17,5,call_event_count,-0.008742809455515692,<= 0,10000.0
17,5,incoming_call_count,-0.0010049582437531032,<= 0,10000.0
17,5,missed_rejected_blocked_call_count,0.0009323775490951726,>= 0,10000.0
17,5,outgoing_call_count,-0.011336059524685103,<= 0,10000.0
17,5,total_call_duration_seconds,-0.0021887886824640554,<= 0,10000.0
17,5,gsm_cell_transition_count,0.0007997053690718893,>= 0,10000.0
17,5,unique_gsm_cell_count,0.0024342919972596137,>= 0,10000.0
17,5,unique_gsm_lac_count,0.0006533371790990022,>= 0,10000.0
17,5,gsm_neighbor_cell_transition_count,0.0032654824927442747,>= 0,10000.0
17,5,unique_gsm_neighbor_cell_count,5.193456029571639e-40,>= 0,10000.0
17,5,unique_gsm_neighbor_lac_count,-0.015727978107540334,<= 0,10000.0
17,5,keyboard_deletion_event_count,-2.041323989253932e-33,<= 0,10000.0
17,5,keyboard_inter_event_interval_iqr_ms,6.991851558071417e-35,>= 0,10000.0
17,5,keyboard_long_pause_count_2s,-8.470200231355763e-34,<= 0,10000.0
17,5,keyboard_median_inter_event_interval_ms,-0.0006102785593919262,<= 0,10000.0
17,5,keyboard_median_word_completion_time_ms,-2.4104859867437036e-34,<= 0,10000.0
17,5,keyboard_typing_burst_count,-4.793951938747057e-34,<= 0,10000.0
17,5,message_distinct_event_count,-0.003378068335992974,<= 0,10000.0
17,5,activity_active_hour_count,0.005492637172242265,>= 0,10000.0
17,5,activity_state_diversity,-0.003930918737270797,<= 0,10000.0
17,5,activity_still_fraction,0.0026309976211011366,>= 0,10000.0
17,5,activity_transition_count,2.8442543450441508e-05,>= 0,10000.0
17,5,activity_unknown_fraction,-0.0028491386547989063,<= 0,10000.0
17,5,median_unlocked_session_duration_seconds,-4.618378385238692e-37,<= 0,10000.0
17,5,night_screen_event_count,-0.008535916472901198,<= 0,10000.0
17,5,screen_active_hour_count,-0.0027318614624171713,<= 0,10000.0
17,5,screen_event_count,0.0027018433109621464,>= 0,10000.0
17,5,screen_off_event_count,-4.505933104631002e-32,<= 0,10000.0
17,5,screen_on_event_count,-9.06142947378823e-41,<= 0,10000.0
17,5,screen_transition_count,-0.002244890701686076,<= 0,10000.0
17,5,screen_unlock_event_count,0.009280909609774457,>= 0,10000.0
17,5,telephony_event_count,0.0056726573605526305,>= 0,10000.0
17,5,telephony_mobile_data_enabled_fraction,-0.011066582543390827,<= 0,10000.0
17,5,telephony_network_type_diversity,0.004633280227026999,>= 0,10000.0
17,5,touch_active_hour_count,-5.1807315102266155e-36,<= 0,10000.0
17,5,touch_app_diversity,0.002043546328962264,>= 0,10000.0
17,5,touch_click_event_count,-3.799753965605822e-41,<= 0,10000.0
17,5,touch_distinct_event_count,-3.724616233821922e-37,<= 0,10000.0
17,5,touch_scroll_direction_change_count,-1.869381929005979e-34,<= 0,10000.0
17,5,touch_scroll_event_count,-3.820605444568346e-36,<= 0,10000.0
17,5,touch_scroll_index_change_median,0.009491096483333539,>= 0,10000.0
17,5,touch_unique_app_count,-1.1003294659162512e-52,<= 0,10000.0
17,5,missing__app_foreground_event_count,-0.0015763929315749177,unconstrained,10000.0
17,5,missing__app_use_diversity,-0.00157639293157492,unconstrained,10000.0
17,5,missing__unique_foreground_apps,-0.0015763929315749218,unconstrained,10000.0
17,5,missing__call_event_count,-0.0007058902881728714,unconstrained,10000.0
17,5,missing__incoming_call_count,-0.0007058902881728746,unconstrained,10000.0
17,5,missing__missed_rejected_blocked_call_count,-0.0007058902881728834,unconstrained,10000.0
17,5,missing__outgoing_call_count,-0.0007058902881728734,unconstrained,10000.0
17,5,missing__total_call_duration_seconds,-0.0007058902881728618,unconstrained,10000.0
17,5,missing__gsm_cell_transition_count,0.005183585824279716,unconstrained,10000.0
17,5,missing__unique_gsm_cell_count,0.005183585824279723,unconstrained,10000.0
17,5,missing__unique_gsm_lac_count,0.005183585824279725,unconstrained,10000.0
17,5,missing__gsm_neighbor_cell_transition_count,0.00021925153665374998,unconstrained,10000.0
17,5,missing__unique_gsm_neighbor_cell_count,0.00021925153665376128,unconstrained,10000.0
17,5,missing__unique_gsm_neighbor_lac_count,0.0002192515366537568,unconstrained,10000.0
17,5,missing__keyboard_deletion_event_count,-0.006421329463625479,unconstrained,10000.0
17,5,missing__keyboard_inter_event_interval_iqr_ms,-0.006421329463625469,unconstrained,10000.0
17,5,missing__keyboard_long_pause_count_2s,-0.006421329463625477,unconstrained,10000.0
17,5,missing__keyboard_median_inter_event_interval_ms,-0.006421329463625468,unconstrained,10000.0
17,5,missing__keyboard_median_word_completion_time_ms,-0.0028429693570449044,unconstrained,10000.0
17,5,missing__keyboard_typing_burst_count,-0.006421329463625484,unconstrained,10000.0
17,5,missing__message_distinct_event_count,0.006720498927458039,unconstrained,10000.0
17,5,missing__activity_active_hour_count,0.005183585824279709,unconstrained,10000.0
17,5,missing__activity_state_diversity,0.005183585824279719,unconstrained,10000.0
17,5,missing__activity_still_fraction,0.005183585824279707,unconstrained,10000.0
17,5,missing__activity_transition_count,0.005183585824279719,unconstrained,10000.0
17,5,missing__activity_unknown_fraction,0.005183585824279721,unconstrained,10000.0
17,5,missing__median_unlocked_session_duration_seconds,0.005183585824279718,unconstrained,10000.0
17,5,missing__night_screen_event_count,0.006156938000025186,unconstrained,10000.0
17,5,missing__screen_active_hour_count,0.006156938000025174,unconstrained,10000.0
17,5,missing__screen_event_count,0.006156938000025165,unconstrained,10000.0
17,5,missing__screen_off_event_count,0.0061569380000251655,unconstrained,10000.0
17,5,missing__screen_on_event_count,0.006156938000025167,unconstrained,10000.0
17,5,missing__screen_transition_count,0.006156938000025172,unconstrained,10000.0
17,5,missing__screen_unlock_event_count,0.006156938000025169,unconstrained,10000.0
17,5,missing__telephony_event_count,0.005183585824279714,unconstrained,10000.0
17,5,missing__telephony_mobile_data_enabled_fraction,0.005183585824279722,unconstrained,10000.0
17,5,missing__telephony_network_type_diversity,0.005183585824279713,unconstrained,10000.0
17,5,missing__touch_active_hour_count,-0.005868438414219861,unconstrained,10000.0
17,5,missing__touch_app_diversity,-0.005868438414219869,unconstrained,10000.0
17,5,missing__touch_click_event_count,-0.005868438414219863,unconstrained,10000.0
17,5,missing__touch_distinct_event_count,-0.0058684384142198434,unconstrained,10000.0
17,5,missing__touch_scroll_direction_change_count,-0.003135286900881022,unconstrained,10000.0
17,5,missing__touch_scroll_event_count,-0.005868438414219872,unconstrained,10000.0
17,5,missing__touch_scroll_index_change_median,-0.003135286900881026,unconstrained,10000.0
17,5,missing__touch_unique_app_count,-0.005868438414219868,unconstrained,10000.0
18,1,app_foreground_event_count,0.05359331055565194,>= 0,1887.3918221350996
18,1,app_use_diversity,0.07379826848297313,>= 0,1887.3918221350996
18,1,unique_foreground_apps,0.054208226280761926,>= 0,1887.3918221350996
18,1,gsm_cell_transition_count,1.9091738693469892e-39,>= 0,1887.3918221350996
18,1,unique_gsm_cell_count,0.011868040519226264,>= 0,1887.3918221350996
18,1,unique_gsm_lac_count,0.005750985508987617,>= 0,1887.3918221350996
18,1,gsm_neighbor_cell_transition_count,-5.959512893254525e-29,<= 0,1887.3918221350996
18,1,unique_gsm_neighbor_cell_count,-0.017060200130363135,<= 0,1887.3918221350996
18,1,unique_gsm_neighbor_lac_count,3.982055789573118e-45,>= 0,1887.3918221350996
18,1,keyboard_deletion_event_count,0.02075052345519569,>= 0,1887.3918221350996
18,1,keyboard_inter_event_interval_iqr_ms,0.004748661679611338,>= 0,1887.3918221350996
18,1,keyboard_long_pause_count_2s,0.015958129967489944,>= 0,1887.3918221350996
18,1,keyboard_median_inter_event_interval_ms,-1.1322231552649488e-31,<= 0,1887.3918221350996
18,1,keyboard_median_word_completion_time_ms,-0.038421116482378906,<= 0,1887.3918221350996
18,1,keyboard_typing_burst_count,0.01395580141279243,>= 0,1887.3918221350996
18,1,message_distinct_event_count,-0.011920036895134056,<= 0,1887.3918221350996
18,1,activity_active_hour_count,0.0007213569841126185,>= 0,1887.3918221350996
18,1,activity_state_diversity,-0.022085166009817813,<= 0,1887.3918221350996
18,1,activity_still_fraction,0.006774036899454028,>= 0,1887.3918221350996
18,1,activity_transition_count,-3.915333094709866e-05,<= 0,1887.3918221350996
18,1,activity_unknown_fraction,0.009151136372280187,>= 0,1887.3918221350996
18,1,median_unlocked_session_duration_seconds,-1.1959362054524819e-42,<= 0,1887.3918221350996
18,1,night_screen_event_count,-0.0272900966517472,<= 0,1887.3918221350996
18,1,screen_active_hour_count,5.930888260642389e-29,>= 0,1887.3918221350996
18,1,screen_event_count,0.010730367885113286,>= 0,1887.3918221350996
18,1,screen_off_event_count,0.0059825660700240065,>= 0,1887.3918221350996
18,1,screen_on_event_count,0.013384637961987444,>= 0,1887.3918221350996
18,1,screen_transition_count,-6.186099612168219e-45,<= 0,1887.3918221350996
18,1,screen_unlock_event_count,0.024115848450891448,>= 0,1887.3918221350996
18,1,telephony_event_count,0.002107537904946382,>= 0,1887.3918221350996
18,1,telephony_mobile_data_enabled_fraction,-0.06007543990771481,<= 0,1887.3918221350996
18,1,telephony_network_type_diversity,5.7761497919655315e-11,>= 0,1887.3918221350996
18,1,touch_active_hour_count,0.02375697118419145,>= 0,1887.3918221350996
18,1,touch_app_diversity,0.0157219807221959,>= 0,1887.3918221350996
18,1,touch_click_event_count,0.03059706741362789,>= 0,1887.3918221350996
18,1,touch_distinct_event_count,-8.098113879759926e-47,<= 0,1887.3918221350996
18,1,touch_scroll_direction_change_count,0.02227906884832341,>= 0,1887.3918221350996
18,1,touch_scroll_event_count,-2.200049554740773e-48,<= 0,1887.3918221350996
18,1,touch_scroll_index_change_median,0.01120999503957474,>= 0,1887.3918221350996
18,1,touch_unique_app_count,0.034196962310221284,>= 0,1887.3918221350996
18,1,missing__app_foreground_event_count,0.00782733077572272,unconstrained,1887.3918221350996
18,1,missing__app_use_diversity,0.007827330775722735,unconstrained,1887.3918221350996
18,1,missing__unique_foreground_apps,0.007827330775722638,unconstrained,1887.3918221350996
18,1,missing__gsm_cell_transition_count,0.019827903550460758,unconstrained,1887.3918221350996
18,1,missing__unique_gsm_cell_count,0.019827903550460768,unconstrained,1887.3918221350996
18,1,missing__unique_gsm_lac_count,0.019827903550460758,unconstrained,1887.3918221350996
18,1,missing__gsm_neighbor_cell_transition_count,0.019713384767205192,unconstrained,1887.3918221350996
18,1,missing__unique_gsm_neighbor_cell_count,0.019713384767205234,unconstrained,1887.3918221350996
18,1,missing__unique_gsm_neighbor_lac_count,0.01971338476720518,unconstrained,1887.3918221350996
18,1,missing__keyboard_deletion_event_count,-0.03980980607103374,unconstrained,1887.3918221350996
18,1,missing__keyboard_inter_event_interval_iqr_ms,-0.03980980607103371,unconstrained,1887.3918221350996
18,1,missing__keyboard_long_pause_count_2s,-0.03980980607103379,unconstrained,1887.3918221350996
18,1,missing__keyboard_median_inter_event_interval_ms,-0.03980980607103374,unconstrained,1887.3918221350996
18,1,missing__keyboard_median_word_completion_time_ms,-0.031028076823180317,unconstrained,1887.3918221350996
18,1,missing__keyboard_typing_burst_count,-0.039809806071033745,unconstrained,1887.3918221350996
18,1,missing__message_distinct_event_count,0.017983199886029394,unconstrained,1887.3918221350996
18,1,missing__activity_active_hour_count,0.01982790355046077,unconstrained,1887.3918221350996
18,1,missing__activity_state_diversity,0.01982790355046075,unconstrained,1887.3918221350996
18,1,missing__activity_still_fraction,0.019827903550460744,unconstrained,1887.3918221350996
18,1,missing__activity_transition_count,0.01982790355046074,unconstrained,1887.3918221350996
18,1,missing__activity_unknown_fraction,0.019827903550460754,unconstrained,1887.3918221350996
18,1,missing__median_unlocked_session_duration_seconds,0.01655336600447501,unconstrained,1887.3918221350996
18,1,missing__night_screen_event_count,0.02452692132098662,unconstrained,1887.3918221350996
18,1,missing__screen_active_hour_count,0.02452692132098663,unconstrained,1887.3918221350996
18,1,missing__screen_event_count,0.024526921320986654,unconstrained,1887.3918221350996
18,1,missing__screen_off_event_count,0.02452692132098664,unconstrained,1887.3918221350996
18,1,missing__screen_on_event_count,0.02452692132098662,unconstrained,1887.3918221350996
18,1,missing__screen_transition_count,0.024526921320986588,unconstrained,1887.3918221350996
18,1,missing__screen_unlock_event_count,0.02452692132098662,unconstrained,1887.3918221350996
18,1,missing__telephony_event_count,0.019827903550460737,unconstrained,1887.3918221350996
18,1,missing__telephony_mobile_data_enabled_fraction,0.019827903550460775,unconstrained,1887.3918221350996
18,1,missing__telephony_network_type_diversity,0.019827903550460775,unconstrained,1887.3918221350996
18,1,missing__touch_active_hour_count,-0.014566714404490264,unconstrained,1887.3918221350996
18,1,missing__touch_app_diversity,-0.0145667144044903,unconstrained,1887.3918221350996
18,1,missing__touch_click_event_count,-0.01456671440449032,unconstrained,1887.3918221350996
18,1,missing__touch_distinct_event_count,-0.014566714404490309,unconstrained,1887.3918221350996
18,1,missing__touch_scroll_direction_change_count,-0.008547811066911982,unconstrained,1887.3918221350996
18,1,missing__touch_scroll_event_count,-0.014566714404490295,unconstrained,1887.3918221350996
18,1,missing__touch_scroll_index_change_median,-0.00854781106691197,unconstrained,1887.3918221350996
18,1,missing__touch_unique_app_count,-0.014566714404490321,unconstrained,1887.3918221350996
18,2,app_foreground_event_count,0.2746113898137329,>= 0,204.33597178569437
18,2,app_use_diversity,0.4141824924901133,>= 0,204.33597178569437
18,2,unique_foreground_apps,0.1631115598389589,>= 0,204.33597178569437
18,2,gsm_cell_transition_count,8.065690907383448e-21,>= 0,204.33597178569437
18,2,unique_gsm_cell_count,0.031668823686703707,>= 0,204.33597178569437
18,2,unique_gsm_lac_count,3.974180402178467e-17,>= 0,204.33597178569437
18,2,gsm_neighbor_cell_transition_count,0.03413844010090602,>= 0,204.33597178569437
18,2,unique_gsm_neighbor_cell_count,1.1244084428653897e-23,>= 0,204.33597178569437
18,2,unique_gsm_neighbor_lac_count,1.715029657705822e-23,>= 0,204.33597178569437
18,2,keyboard_deletion_event_count,0.45430200014596345,>= 0,204.33597178569437
18,2,keyboard_inter_event_interval_iqr_ms,-0.1482666660191306,<= 0,204.33597178569437
18,2,keyboard_long_pause_count_2s,-5.877471754111438e-39,<= 0,204.33597178569437
18,2,keyboard_median_inter_event_interval_ms,-0.06135099338483041,<= 0,204.33597178569437
18,2,keyboard_median_word_completion_time_ms,-9.30585415643406e-19,<= 0,204.33597178569437
18,2,keyboard_typing_burst_count,0.15043964782369015,>= 0,204.33597178569437
18,2,message_distinct_event_count,5.765750553570587e-23,>= 0,204.33597178569437
18,2,activity_active_hour_count,2.238828956408835e-20,>= 0,204.33597178569437
18,2,activity_state_diversity,0.04884949164149007,>= 0,204.33597178569437
18,2,activity_still_fraction,-0.1271113651555172,<= 0,204.33597178569437
18,2,activity_transition_count,0.03595222535626478,>= 0,204.33597178569437
18,2,activity_unknown_fraction,0.07844329531278861,>= 0,204.33597178569437
18,2,median_unlocked_session_duration_seconds,0.13009409322311263,>= 0,204.33597178569437
18,2,screen_active_hour_count,1.5850682590599025e-22,>= 0,204.33597178569437
18,2,screen_event_count,1.280143051027589e-16,>= 0,204.33597178569437
18,2,screen_off_event_count,3.864950032444196e-19,>= 0,204.33597178569437
18,2,screen_on_event_count,8.422279958952073e-13,>= 0,204.33597178569437
18,2,screen_transition_count,-0.16091394510237828,<= 0,204.33597178569437
18,2,screen_unlock_event_count,0.16890265700024307,>= 0,204.33597178569437
18,2,telephony_event_count,0.21328730942475915,>= 0,204.33597178569437
18,2,telephony_mobile_data_enabled_fraction,-0.3918474662688613,<= 0,204.33597178569437
18,2,telephony_network_type_diversity,0.18858812812784137,>= 0,204.33597178569437
18,2,touch_active_hour_count,0.09137916675965695,>= 0,204.33597178569437
18,2,touch_app_diversity,1.5070827775067037e-23,>= 0,204.33597178569437
18,2,touch_click_event_count,-4.6313145822397516e-29,<= 0,204.33597178569437
18,2,touch_distinct_event_count,-1.0142903960666917e-34,<= 0,204.33597178569437
18,2,touch_scroll_direction_change_count,0.11514854750804657,>= 0,204.33597178569437
18,2,touch_scroll_event_count,-4.337920832971718e-40,<= 0,204.33597178569437
18,2,touch_scroll_index_change_median,0.24867625363447743,>= 0,204.33597178569437
18,2,touch_unique_app_count,4.079123929471594e-20,>= 0,204.33597178569437
18,2,missing__app_foreground_event_count,-0.0016206685668128222,unconstrained,204.33597178569437
18,2,missing__app_use_diversity,-0.0016206685668130173,unconstrained,204.33597178569437
18,2,missing__unique_foreground_apps,-0.001620668566812984,unconstrained,204.33597178569437
18,2,missing__gsm_cell_transition_count,0.12431113110343024,unconstrained,204.33597178569437
18,2,missing__unique_gsm_cell_count,0.12431113110343027,unconstrained,204.33597178569437
18,2,missing__unique_gsm_lac_count,0.12431113110343024,unconstrained,204.33597178569437
18,2,missing__gsm_neighbor_cell_transition_count,0.10749603648736919,unconstrained,204.33597178569437
18,2,missing__unique_gsm_neighbor_cell_count,0.10749603648736925,unconstrained,204.33597178569437
18,2,missing__unique_gsm_neighbor_lac_count,0.1074960364873693,unconstrained,204.33597178569437
18,2,missing__keyboard_deletion_event_count,-0.17245854979067493,unconstrained,204.33597178569437
18,2,missing__keyboard_inter_event_interval_iqr_ms,-0.1724585497906749,unconstrained,204.33597178569437
18,2,missing__keyboard_long_pause_count_2s,-0.17245854979067493,unconstrained,204.33597178569437
18,2,missing__keyboard_median_inter_event_interval_ms,-0.17245854979067493,unconstrained,204.33597178569437
18,2,missing__keyboard_median_word_completion_time_ms,0.052584742830704335,unconstrained,204.33597178569437
18,2,missing__keyboard_typing_burst_count,-0.17245854979067496,unconstrained,204.33597178569437
18,2,missing__message_distinct_event_count,0.27128021113587497,unconstrained,204.33597178569437
18,2,missing__activity_active_hour_count,0.12431113110343008,unconstrained,204.33597178569437
18,2,missing__activity_state_diversity,0.12431113110343016,unconstrained,204.33597178569437
18,2,missing__activity_still_fraction,0.12431113110343023,unconstrained,204.33597178569437
18,2,missing__activity_transition_count,0.12431113110343017,unconstrained,204.33597178569437
18,2,missing__activity_unknown_fraction,0.12431113110343024,unconstrained,204.33597178569437
18,2,missing__median_unlocked_session_duration_seconds,0.0872430807411945,unconstrained,204.33597178569437
18,2,missing__screen_active_hour_count,0.1858117333345611,unconstrained,204.33597178569437
18,2,missing__screen_event_count,0.18581173333456102,unconstrained,204.33597178569437
18,2,missing__screen_off_event_count,0.18581173333456094,unconstrained,204.33597178569437
18,2,missing__screen_on_event_count,0.1858117333345609,unconstrained,204.33597178569437
18,2,missing__screen_transition_count,0.18581173333456102,unconstrained,204.33597178569437
18,2,missing__screen_unlock_event_count,0.185811733334561,unconstrained,204.33597178569437
18,2,missing__telephony_event_count,0.12431113110343026,unconstrained,204.33597178569437
18,2,missing__telephony_mobile_data_enabled_fraction,0.12431113110343027,unconstrained,204.33597178569437
18,2,missing__telephony_network_type_diversity,0.12431113110343019,unconstrained,204.33597178569437
18,2,missing__touch_active_hour_count,-0.15772207041805528,unconstrained,204.33597178569437
18,2,missing__touch_app_diversity,-0.15772207041805544,unconstrained,204.33597178569437
18,2,missing__touch_click_event_count,-0.1577220704180554,unconstrained,204.33597178569437
18,2,missing__touch_distinct_event_count,-0.15772207041805553,unconstrained,204.33597178569437
18,2,missing__touch_scroll_direction_change_count,0.05907307866563956,unconstrained,204.33597178569437
18,2,missing__touch_scroll_event_count,-0.1577220704180555,unconstrained,204.33597178569437
18,2,missing__touch_scroll_index_change_median,0.05907307866563951,unconstrained,204.33597178569437
18,2,missing__touch_unique_app_count,-0.15772207041805544,unconstrained,204.33597178569437
18,3,app_foreground_event_count,0.16193426508460426,>= 0,356.2247890262444
18,3,app_use_diversity,0.1733779081831554,>= 0,356.2247890262444
18,3,unique_foreground_apps,0.07573500627404833,>= 0,356.2247890262444
18,3,gsm_cell_transition_count,1.6592318051922615e-43,>= 0,356.2247890262444
18,3,unique_gsm_cell_count,2.281869038320429e-37,>= 0,356.2247890262444
18,3,unique_gsm_lac_count,1.1593038671474187e-42,>= 0,356.2247890262444
18,3,gsm_neighbor_cell_transition_count,-0.0380188797733117,<= 0,356.2247890262444
18,3,unique_gsm_neighbor_cell_count,-0.35350513104431,<= 0,356.2247890262444
18,3,unique_gsm_neighbor_lac_count,-0.40065424002274896,<= 0,356.2247890262444
18,3,keyboard_deletion_event_count,-1.5786650148498021e-38,<= 0,356.2247890262444
18,3,keyboard_inter_event_interval_iqr_ms,-0.05080586616349848,<= 0,356.2247890262444
18,3,keyboard_long_pause_count_2s,0.08057729237326923,>= 0,356.2247890262444
18,3,keyboard_median_inter_event_interval_ms,-0.003946831109689413,<= 0,356.2247890262444
18,3,keyboard_median_word_completion_time_ms,-1.8109591781691486e-53,<= 0,356.2247890262444
18,3,keyboard_typing_burst_count,-1.963823808806425e-39,<= 0,356.2247890262444
18,3,message_distinct_event_count,-0.05397515863221715,<= 0,356.2247890262444
18,3,activity_active_hour_count,8.083455615795368e-26,>= 0,356.2247890262444
18,3,activity_state_diversity,0.09028921647394117,>= 0,356.2247890262444
18,3,activity_still_fraction,-0.06864539969118287,<= 0,356.2247890262444
18,3,activity_transition_count,2.8334685606201513e-15,>= 0,356.2247890262444
18,3,activity_unknown_fraction,0.03173204277361806,>= 0,356.2247890262444
18,3,median_unlocked_session_duration_seconds,-3.2688895023921995e-40,<= 0,356.2247890262444
18,3,night_screen_event_count,6.778164145632301e-26,>= 0,356.2247890262444
18,3,screen_active_hour_count,-0.06700636583100894,<= 0,356.2247890262444
18,3,screen_event_count,0.1370665410452511,>= 0,356.2247890262444
18,3,screen_off_event_count,0.11967316121341044,>= 0,356.2247890262444
18,3,screen_on_event_count,-5e-324,<= 0,356.2247890262444
18,3,screen_transition_count,-0.010379969434532232,<= 0,356.2247890262444
18,3,screen_unlock_event_count,0.19050023062541668,>= 0,356.2247890262444
18,3,telephony_event_count,0.020624619051600897,>= 0,356.2247890262444
18,3,telephony_mobile_data_enabled_fraction,-0.4021838201426823,<= 0,356.2247890262444
18,3,telephony_network_type_diversity,0.16319437650836283,>= 0,356.2247890262444
18,3,touch_active_hour_count,-0.017974062978774453,<= 0,356.2247890262444
18,3,touch_app_diversity,5.109665363306874e-30,>= 0,356.2247890262444
18,3,touch_click_event_count,-6.206886895157219e-40,<= 0,356.2247890262444
18,3,touch_distinct_event_count,-1.584345598564482e-38,<= 0,356.2247890262444
18,3,touch_scroll_direction_change_count,-5.2822342460449076e-36,<= 0,356.2247890262444
18,3,touch_scroll_event_count,-1.168096615969424e-37,<= 0,356.2247890262444
18,3,touch_scroll_index_change_median,-1.5708961580805994e-53,<= 0,356.2247890262444
18,3,touch_unique_app_count,0.003295645089949602,>= 0,356.2247890262444
18,3,missing__app_foreground_event_count,-0.040566602353131725,unconstrained,356.2247890262444
18,3,missing__app_use_diversity,-0.040566602353131614,unconstrained,356.2247890262444
18,3,missing__unique_foreground_apps,-0.040566602353131635,unconstrained,356.2247890262444
18,3,missing__gsm_cell_transition_count,0.053719382636327764,unconstrained,356.2247890262444
18,3,missing__unique_gsm_cell_count,0.053719382636327945,unconstrained,356.2247890262444
18,3,missing__unique_gsm_lac_count,0.05371938263632785,unconstrained,356.2247890262444
18,3,missing__gsm_neighbor_cell_transition_count,0.05481241195774211,unconstrained,356.2247890262444
18,3,missing__unique_gsm_neighbor_cell_count,0.05481241195774212,unconstrained,356.2247890262444
18,3,missing__unique_gsm_neighbor_lac_count,0.05481241195774209,unconstrained,356.2247890262444
18,3,missing__keyboard_deletion_event_count,-0.0843514273436172,unconstrained,356.2247890262444
18,3,missing__keyboard_inter_event_interval_iqr_ms,-0.08435142734361718,unconstrained,356.2247890262444
18,3,missing__keyboard_long_pause_count_2s,-0.08435142734361709,unconstrained,356.2247890262444
18,3,missing__keyboard_median_inter_event_interval_ms,-0.08435142734361711,unconstrained,356.2247890262444
18,3,missing__keyboard_median_word_completion_time_ms,-0.015779039443278957,unconstrained,356.2247890262444
18,3,missing__keyboard_typing_burst_count,-0.08435142734361722,unconstrained,356.2247890262444
18,3,missing__message_distinct_event_count,0.13622131393541598,unconstrained,356.2247890262444
18,3,missing__activity_active_hour_count,0.053719382636327986,unconstrained,356.2247890262444
18,3,missing__activity_state_diversity,0.053719382636327924,unconstrained,356.2247890262444
18,3,missing__activity_still_fraction,0.053719382636327924,unconstrained,356.2247890262444
18,3,missing__activity_transition_count,0.05371938263632782,unconstrained,356.2247890262444
18,3,missing__activity_unknown_fraction,0.0537193826363279,unconstrained,356.2247890262444
18,3,missing__median_unlocked_session_duration_seconds,0.044358608059255705,unconstrained,356.2247890262444
18,3,missing__night_screen_event_count,0.07437254773248954,unconstrained,356.2247890262444
18,3,missing__screen_active_hour_count,0.07437254773248926,unconstrained,356.2247890262444
18,3,missing__screen_event_count,0.07437254773248937,unconstrained,356.2247890262444
18,3,missing__screen_off_event_count,0.07437254773248927,unconstrained,356.2247890262444
18,3,missing__screen_on_event_count,0.07437254773248932,unconstrained,356.2247890262444
18,3,missing__screen_transition_count,0.07437254773248941,unconstrained,356.2247890262444
18,3,missing__screen_unlock_event_count,0.07437254773248936,unconstrained,356.2247890262444
18,3,missing__telephony_event_count,0.053719382636327945,unconstrained,356.2247890262444
18,3,missing__telephony_mobile_data_enabled_fraction,0.053719382636327924,unconstrained,356.2247890262444
18,3,missing__telephony_network_type_diversity,0.053719382636327896,unconstrained,356.2247890262444
18,3,missing__touch_active_hour_count,-0.05377453877740618,unconstrained,356.2247890262444
18,3,missing__touch_app_diversity,-0.05377453877740614,unconstrained,356.2247890262444
18,3,missing__touch_click_event_count,-0.05377453877740631,unconstrained,356.2247890262444
18,3,missing__touch_distinct_event_count,-0.05377453877740627,unconstrained,356.2247890262444
18,3,missing__touch_scroll_direction_change_count,0.0359555263410028,unconstrained,356.2247890262444
18,3,missing__touch_scroll_event_count,-0.05377453877740642,unconstrained,356.2247890262444
18,3,missing__touch_scroll_index_change_median,0.03595552634100291,unconstrained,356.2247890262444
18,3,missing__touch_unique_app_count,-0.05377453877740628,unconstrained,356.2247890262444
18,4,app_foreground_event_count,0.007749630615075499,>= 0,10000.0
18,4,app_use_diversity,0.016269618722327597,>= 0,10000.0
18,4,unique_foreground_apps,0.007470441537117872,>= 0,10000.0
18,4,call_event_count,-0.014174991008626856,<= 0,10000.0
18,4,incoming_call_count,-0.0070586787674193595,<= 0,10000.0
18,4,missed_rejected_blocked_call_count,0.0005462246219031163,>= 0,10000.0
18,4,outgoing_call_count,-0.01396697937910541,<= 0,10000.0
18,4,total_call_duration_seconds,-0.0030964589032463886,<= 0,10000.0
18,4,gsm_cell_transition_count,7.5025633067644795e-34,>= 0,10000.0
18,4,unique_gsm_cell_count,0.0004170725886658296,>= 0,10000.0
18,4,unique_gsm_lac_count,6.842277657836021e-49,>= 0,10000.0
18,4,gsm_neighbor_cell_transition_count,-1.3567214156885497e-14,<= 0,10000.0
18,4,unique_gsm_neighbor_cell_count,-0.01395395096967308,<= 0,10000.0
18,4,unique_gsm_neighbor_lac_count,8.115947999021577e-44,>= 0,10000.0
18,4,keyboard_deletion_event_count,-8.844224201664593e-35,<= 0,10000.0
18,4,keyboard_inter_event_interval_iqr_ms,-0.0022704547503843817,<= 0,10000.0
18,4,keyboard_long_pause_count_2s,-7.769769060247221e-33,<= 0,10000.0
18,4,keyboard_median_inter_event_interval_ms,-0.002010797548069561,<= 0,10000.0
18,4,keyboard_median_word_completion_time_ms,-7.886531807732619e-13,<= 0,10000.0
18,4,keyboard_typing_burst_count,-2.5040191250505543e-33,<= 0,10000.0
18,4,message_distinct_event_count,-0.0054340645958628735,<= 0,10000.0
18,4,activity_active_hour_count,0.0017145161179828268,>= 0,10000.0
18,4,activity_state_diversity,-6.249935749851797e-25,<= 0,10000.0
18,4,activity_still_fraction,0.0013473872594563145,>= 0,10000.0
18,4,activity_transition_count,3.791917666570701e-33,>= 0,10000.0
18,4,activity_unknown_fraction,-0.00606806116571436,<= 0,10000.0
18,4,median_unlocked_session_duration_seconds,-1.6584086392968082e-36,<= 0,10000.0
18,4,night_screen_event_count,-0.009777721628418817,<= 0,10000.0
18,4,screen_active_hour_count,-0.005491024197065799,<= 0,10000.0
18,4,screen_event_count,-1.260133419158521e-12,<= 0,10000.0
18,4,screen_off_event_count,-0.00023785139859081196,<= 0,10000.0
18,4,screen_on_event_count,-3.906823233085361e-26,<= 0,10000.0
18,4,screen_transition_count,-0.008789316556436524,<= 0,10000.0
18,4,screen_unlock_event_count,0.006848314005777017,>= 0,10000.0
18,4,telephony_event_count,0.0006921991648992705,>= 0,10000.0
18,4,telephony_mobile_data_enabled_fraction,-0.014565546395174031,<= 0,10000.0
18,4,telephony_network_type_diversity,0.0006008674773609851,>= 0,10000.0
18,4,touch_active_hour_count,-5.049537581238302e-32,<= 0,10000.0
18,4,touch_app_diversity,-0.0031791832601285354,<= 0,10000.0
18,4,touch_click_event_count,-6.710958699705736e-37,<= 0,10000.0
18,4,touch_distinct_event_count,-3.963865928046405e-39,<= 0,10000.0
18,4,touch_scroll_direction_change_count,-7.523621186033507e-33,<= 0,10000.0
18,4,touch_scroll_event_count,-1.8809239434188857e-35,<= 0,10000.0
18,4,touch_scroll_index_change_median,-1.1145789169110473e-39,<= 0,10000.0
18,4,touch_unique_app_count,-1.980016332014474e-30,<= 0,10000.0
18,4,missing__app_foreground_event_count,-0.002068618764846019,unconstrained,10000.0
18,4,missing__app_use_diversity,-0.002068618764846022,unconstrained,10000.0
18,4,missing__unique_foreground_apps,-0.002068618764846022,unconstrained,10000.0
18,4,missing__call_event_count,0.0005071465414546024,unconstrained,10000.0
18,4,missing__incoming_call_count,0.0005071465414546065,unconstrained,10000.0
18,4,missing__missed_rejected_blocked_call_count,0.0005071465414546047,unconstrained,10000.0
18,4,missing__outgoing_call_count,0.0005071465414546061,unconstrained,10000.0
18,4,missing__total_call_duration_seconds,0.0005071465414545988,unconstrained,10000.0
18,4,missing__gsm_cell_transition_count,0.008316402276297456,unconstrained,10000.0
18,4,missing__unique_gsm_cell_count,0.008316402276297458,unconstrained,10000.0
18,4,missing__unique_gsm_lac_count,0.00831640227629744,unconstrained,10000.0
18,4,missing__gsm_neighbor_cell_transition_count,0.004569106121934321,unconstrained,10000.0
18,4,missing__unique_gsm_neighbor_cell_count,0.004569106121934326,unconstrained,10000.0
18,4,missing__unique_gsm_neighbor_lac_count,0.004569106121934347,unconstrained,10000.0
18,4,missing__keyboard_deletion_event_count,-0.006605302472287272,unconstrained,10000.0
18,4,missing__keyboard_inter_event_interval_iqr_ms,-0.006605302472287268,unconstrained,10000.0
18,4,missing__keyboard_long_pause_count_2s,-0.006605302472287272,unconstrained,10000.0
18,4,missing__keyboard_median_inter_event_interval_ms,-0.006605302472287271,unconstrained,10000.0
18,4,missing__keyboard_median_word_completion_time_ms,-0.003621862004271673,unconstrained,10000.0
18,4,missing__keyboard_typing_burst_count,-0.006605302472287273,unconstrained,10000.0
18,4,missing__message_distinct_event_count,0.008558952845639126,unconstrained,10000.0
18,4,missing__activity_active_hour_count,0.008316402276297461,unconstrained,10000.0
18,4,missing__activity_state_diversity,0.008316402276297456,unconstrained,10000.0
18,4,missing__activity_still_fraction,0.00831640227629746,unconstrained,10000.0
18,4,missing__activity_transition_count,0.008316402276297466,unconstrained,10000.0
18,4,missing__activity_unknown_fraction,0.008316402276297454,unconstrained,10000.0
18,4,missing__median_unlocked_session_duration_seconds,0.00831640227629746,unconstrained,10000.0
18,4,missing__night_screen_event_count,0.008316402276297447,unconstrained,10000.0
18,4,missing__screen_active_hour_count,0.008316402276297456,unconstrained,10000.0
18,4,missing__screen_event_count,0.008316402276297468,unconstrained,10000.0
18,4,missing__screen_off_event_count,0.008316402276297463,unconstrained,10000.0
18,4,missing__screen_on_event_count,0.008316402276297465,unconstrained,10000.0
18,4,missing__screen_transition_count,0.008316402276297433,unconstrained,10000.0
18,4,missing__screen_unlock_event_count,0.008316402276297477,unconstrained,10000.0
18,4,missing__telephony_event_count,0.008316402276297447,unconstrained,10000.0
18,4,missing__telephony_mobile_data_enabled_fraction,0.008316402276297468,unconstrained,10000.0
18,4,missing__telephony_network_type_diversity,0.008316402276297456,unconstrained,10000.0
18,4,missing__touch_active_hour_count,-0.005829932855199069,unconstrained,10000.0
18,4,missing__touch_app_diversity,-0.0058299328551990525,unconstrained,10000.0
18,4,missing__touch_click_event_count,-0.0058299328551990656,unconstrained,10000.0
18,4,missing__touch_distinct_event_count,-0.005829932855199055,unconstrained,10000.0
18,4,missing__touch_scroll_direction_change_count,-0.0031804206570759143,unconstrained,10000.0
18,4,missing__touch_scroll_event_count,-0.005829932855199049,unconstrained,10000.0
18,4,missing__touch_scroll_index_change_median,-0.0031804206570759113,unconstrained,10000.0
18,4,missing__touch_unique_app_count,-0.005829932855199065,unconstrained,10000.0
18,5,app_foreground_event_count,0.007603022765538583,>= 0,10000.0
18,5,app_use_diversity,0.014824788362611776,>= 0,10000.0
18,5,unique_foreground_apps,0.007531976980486424,>= 0,10000.0
18,5,call_event_count,-0.007728194469941586,<= 0,10000.0
18,5,incoming_call_count,-2.613678335799326e-11,<= 0,10000.0
18,5,missed_rejected_blocked_call_count,4.812921823776185e-31,>= 0,10000.0
18,5,outgoing_call_count,-0.010460631615122,<= 0,10000.0
18,5,total_call_duration_seconds,-0.0016325264459738627,<= 0,10000.0
18,5,gsm_cell_transition_count,2.466285297211678e-43,>= 0,10000.0
18,5,unique_gsm_cell_count,0.0012868382828417446,>= 0,10000.0
18,5,unique_gsm_lac_count,-0.0004587634022977819,<= 0,10000.0
18,5,gsm_neighbor_cell_transition_count,-1.7388683266749394e-26,<= 0,10000.0
18,5,unique_gsm_neighbor_cell_count,-0.01220573705655926,<= 0,10000.0
18,5,unique_gsm_neighbor_lac_count,1.9943172277747333e-41,>= 0,10000.0
18,5,keyboard_deletion_event_count,-3.031870891622499e-29,<= 0,10000.0
18,5,keyboard_inter_event_interval_iqr_ms,-0.008521748809356022,<= 0,10000.0
18,5,keyboard_long_pause_count_2s,-8.647982434786939e-30,<= 0,10000.0
18,5,keyboard_median_inter_event_interval_ms,-0.008410334821899321,<= 0,10000.0
18,5,keyboard_median_word_completion_time_ms,-3.2403681829807787e-31,<= 0,10000.0
18,5,keyboard_typing_burst_count,-3.458815682019337e-26,<= 0,10000.0
18,5,message_distinct_event_count,-0.0012519413156333484,<= 0,10000.0
18,5,activity_active_hour_count,0.00580630572567799,>= 0,10000.0
18,5,activity_state_diversity,8.833409383870258e-33,>= 0,10000.0
18,5,activity_still_fraction,-3.4133882646280607e-38,<= 0,10000.0
18,5,activity_transition_count,0.0008953197832340286,>= 0,10000.0
18,5,activity_unknown_fraction,-0.0035114960854763346,<= 0,10000.0
18,5,median_unlocked_session_duration_seconds,0.0007409914417067677,>= 0,10000.0
18,5,night_screen_event_count,-0.006270094667759583,<= 0,10000.0
18,5,screen_active_hour_count,-1.1611117446203237e-22,<= 0,10000.0
18,5,screen_event_count,0.006200533424731234,>= 0,10000.0
18,5,screen_off_event_count,0.005181496197310147,>= 0,10000.0
18,5,screen_on_event_count,0.006715533703247928,>= 0,10000.0
18,5,screen_transition_count,0.0013465080276386502,>= 0,10000.0
18,5,screen_unlock_event_count,0.009662155644609996,>= 0,10000.0
18,5,telephony_event_count,0.009648351215588461,>= 0,10000.0
18,5,telephony_mobile_data_enabled_fraction,-0.01169662199727453,<= 0,10000.0
18,5,telephony_network_type_diversity,0.0018746730624635694,>= 0,10000.0
18,5,touch_active_hour_count,0.003937956833808436,>= 0,10000.0
18,5,touch_app_diversity,0.0028147266996880584,>= 0,10000.0
18,5,touch_click_event_count,-4.06393131133445e-32,<= 0,10000.0
18,5,touch_distinct_event_count,-3.9967938973928457e-32,<= 0,10000.0
18,5,touch_scroll_direction_change_count,0.0035863155036747756,>= 0,10000.0
18,5,touch_scroll_event_count,-5.216303798478659e-32,<= 0,10000.0
18,5,touch_scroll_index_change_median,0.005771662310268894,>= 0,10000.0
18,5,touch_unique_app_count,0.002656915688070955,>= 0,10000.0
18,5,missing__app_foreground_event_count,0.005529516295477734,unconstrained,10000.0
18,5,missing__app_use_diversity,0.005529516295477742,unconstrained,10000.0
18,5,missing__unique_foreground_apps,0.005529516295477723,unconstrained,10000.0
18,5,missing__call_event_count,0.0003004393482872765,unconstrained,10000.0
18,5,missing__incoming_call_count,0.00030043934828727635,unconstrained,10000.0
18,5,missing__missed_rejected_blocked_call_count,0.0003004393482872762,unconstrained,10000.0
18,5,missing__outgoing_call_count,0.00030043934828727565,unconstrained,10000.0
18,5,missing__total_call_duration_seconds,0.00030043934828729126,unconstrained,10000.0
18,5,missing__gsm_cell_transition_count,0.005697108565797627,unconstrained,10000.0
18,5,missing__unique_gsm_cell_count,0.00569710856579763,unconstrained,10000.0
18,5,missing__unique_gsm_lac_count,0.0056971085657976294,unconstrained,10000.0
18,5,missing__gsm_neighbor_cell_transition_count,0.0032907918667891057,unconstrained,10000.0
18,5,missing__unique_gsm_neighbor_cell_count,0.003290791866789112,unconstrained,10000.0
18,5,missing__unique_gsm_neighbor_lac_count,0.0032907918667891044,unconstrained,10000.0
18,5,missing__keyboard_deletion_event_count,-0.0075336067374369925,unconstrained,10000.0
18,5,missing__keyboard_inter_event_interval_iqr_ms,-0.0075336067374369995,unconstrained,10000.0
18,5,missing__keyboard_long_pause_count_2s,-0.007533606737436991,unconstrained,10000.0
18,5,missing__keyboard_median_inter_event_interval_ms,-0.007533606737436992,unconstrained,10000.0
18,5,missing__keyboard_median_word_completion_time_ms,-0.0012767958419665118,unconstrained,10000.0
18,5,missing__keyboard_typing_burst_count,-0.0075336067374369995,unconstrained,10000.0
18,5,missing__message_distinct_event_count,0.006929597238210043,unconstrained,10000.0
18,5,missing__activity_active_hour_count,0.005697108565797636,unconstrained,10000.0
18,5,missing__activity_state_diversity,0.005697108565797636,unconstrained,10000.0
18,5,missing__activity_still_fraction,0.005697108565797635,unconstrained,10000.0
18,5,missing__activity_transition_count,0.005697108565797637,unconstrained,10000.0
18,5,missing__activity_unknown_fraction,0.005697108565797629,unconstrained,10000.0
18,5,missing__median_unlocked_session_duration_seconds,0.004946834076474892,unconstrained,10000.0
18,5,missing__night_screen_event_count,0.006837435023036805,unconstrained,10000.0
18,5,missing__screen_active_hour_count,0.0068374350230368044,unconstrained,10000.0
18,5,missing__screen_event_count,0.0068374350230368044,unconstrained,10000.0
18,5,missing__screen_off_event_count,0.006837435023036812,unconstrained,10000.0
18,5,missing__screen_on_event_count,0.006837435023036812,unconstrained,10000.0
18,5,missing__screen_transition_count,0.006837435023036813,unconstrained,10000.0
18,5,missing__screen_unlock_event_count,0.006837435023036809,unconstrained,10000.0
18,5,missing__telephony_event_count,0.00569710856579765,unconstrained,10000.0
18,5,missing__telephony_mobile_data_enabled_fraction,0.005697108565797636,unconstrained,10000.0
18,5,missing__telephony_network_type_diversity,0.005697108565797639,unconstrained,10000.0
18,5,missing__touch_active_hour_count,0.0004060382332570503,unconstrained,10000.0
18,5,missing__touch_app_diversity,0.00040603823325704183,unconstrained,10000.0
18,5,missing__touch_click_event_count,0.00040603823325705056,unconstrained,10000.0
18,5,missing__touch_distinct_event_count,0.00040603823325703473,unconstrained,10000.0
18,5,missing__touch_scroll_direction_change_count,0.00221001663245594,unconstrained,10000.0
18,5,missing__touch_scroll_event_count,0.0004060382332570526,unconstrained,10000.0
18,5,missing__touch_scroll_index_change_median,0.002210016632455942,unconstrained,10000.0
18,5,missing__touch_unique_app_count,0.00040603823325703376,unconstrained,10000.0
19,1,app_foreground_event_count,0.8386207169636776,>= 0,38.56620421163472
19,1,app_use_diversity,1.120499059757207,>= 0,38.56620421163472
19,1,unique_foreground_apps,0.8775214891775266,>= 0,38.56620421163472
19,1,gsm_cell_transition_count,2.7972608131622253e-20,>= 0,38.56620421163472
19,1,unique_gsm_cell_count,0.16861966203239634,>= 0,38.56620421163472
19,1,unique_gsm_lac_count,5.7805342833324594e-30,>= 0,38.56620421163472
19,1,gsm_neighbor_cell_transition_count,-1.4721377039812192e-17,<= 0,38.56620421163472
19,1,unique_gsm_neighbor_cell_count,-1.2944654917470348,<= 0,38.56620421163472
19,1,unique_gsm_neighbor_lac_count,4.249580269224123e-21,>= 0,38.56620421163472
19,1,keyboard_deletion_event_count,0.3393271315325528,>= 0,38.56620421163472
19,1,keyboard_inter_event_interval_iqr_ms,-0.16567221747073455,<= 0,38.56620421163472
19,1,keyboard_long_pause_count_2s,0.08934141050328914,>= 0,38.56620421163472
19,1,keyboard_median_inter_event_interval_ms,-0.058139163001635005,<= 0,38.56620421163472
19,1,keyboard_median_word_completion_time_ms,-1.1603061192722853e-18,<= 0,38.56620421163472
19,1,keyboard_typing_burst_count,0.0716544673556223,>= 0,38.56620421163472
19,1,message_distinct_event_count,-0.6410650473616238,<= 0,38.56620421163472
19,1,activity_active_hour_count,3.225913222021077e-16,>= 0,38.56620421163472
19,1,activity_state_diversity,0.01849523955960001,>= 0,38.56620421163472
19,1,activity_still_fraction,-0.23471123165463736,<= 0,38.56620421163472
19,1,activity_transition_count,0.2074246685339466,>= 0,38.56620421163472
19,1,activity_unknown_fraction,0.37999074641105157,>= 0,38.56620421163472
19,1,median_unlocked_session_duration_seconds,-0.8638163379871086,<= 0,38.56620421163472
19,1,night_screen_event_count,-1.0625663924713882,<= 0,38.56620421163472
19,1,screen_active_hour_count,6.977823937374743e-22,>= 0,38.56620421163472
19,1,screen_event_count,4.1827263997285836e-17,>= 0,38.56620421163472
19,1,screen_off_event_count,3.964734682007117e-17,>= 0,38.56620421163472
19,1,screen_on_event_count,2.2126680121512317e-15,>= 0,38.56620421163472
19,1,screen_transition_count,6.857873702449896e-19,>= 0,38.56620421163472
19,1,screen_unlock_event_count,0.5529331282777454,>= 0,38.56620421163472
19,1,telephony_event_count,1.0033981118437918,>= 0,38.56620421163472
19,1,telephony_mobile_data_enabled_fraction,-1.1239141811841276,<= 0,38.56620421163472
19,1,telephony_network_type_diversity,0.31321653826988527,>= 0,38.56620421163472
19,1,touch_active_hour_count,6.170859677588113e-23,>= 0,38.56620421163472
19,1,touch_app_diversity,1.0793172545760386e-19,>= 0,38.56620421163472
19,1,touch_click_event_count,-1.245148332668182e-19,<= 0,38.56620421163472
19,1,touch_distinct_event_count,-1.4216087623478797e-19,<= 0,38.56620421163472
19,1,touch_scroll_direction_change_count,0.0791741237398665,>= 0,38.56620421163472
19,1,touch_scroll_event_count,-1.4197835893849959e-16,<= 0,38.56620421163472
19,1,touch_scroll_index_change_median,0.08181581475750077,>= 0,38.56620421163472
19,1,touch_unique_app_count,0.12023323122936162,>= 0,38.56620421163472
19,1,missing__app_foreground_event_count,0.2151798258053747,unconstrained,38.56620421163472
19,1,missing__app_use_diversity,0.21517982580537448,unconstrained,38.56620421163472
19,1,missing__unique_foreground_apps,0.21517982580537456,unconstrained,38.56620421163472
19,1,missing__gsm_cell_transition_count,0.028577073776763474,unconstrained,38.56620421163472
19,1,missing__unique_gsm_cell_count,0.028577073776763395,unconstrained,38.56620421163472
19,1,missing__unique_gsm_lac_count,0.02857707377676319,unconstrained,38.56620421163472
19,1,missing__gsm_neighbor_cell_transition_count,0.2955478598223944,unconstrained,38.56620421163472
19,1,missing__unique_gsm_neighbor_cell_count,0.29554785982239445,unconstrained,38.56620421163472
19,1,missing__unique_gsm_neighbor_lac_count,0.29554785982239445,unconstrained,38.56620421163472
19,1,missing__keyboard_deletion_event_count,-0.2294982704499564,unconstrained,38.56620421163472
19,1,missing__keyboard_inter_event_interval_iqr_ms,-0.22949827044995635,unconstrained,38.56620421163472
19,1,missing__keyboard_long_pause_count_2s,-0.2294982704499564,unconstrained,38.56620421163472
19,1,missing__keyboard_median_inter_event_interval_ms,-0.22949827044995674,unconstrained,38.56620421163472
19,1,missing__keyboard_median_word_completion_time_ms,-0.026276832407854583,unconstrained,38.56620421163472
19,1,missing__keyboard_typing_burst_count,-0.22949827044995635,unconstrained,38.56620421163472
19,1,missing__message_distinct_event_count,0.7554762910342855,unconstrained,38.56620421163472
19,1,missing__activity_active_hour_count,0.02857707377676332,unconstrained,38.56620421163472
19,1,missing__activity_state_diversity,0.028577073776763332,unconstrained,38.56620421163472
19,1,missing__activity_still_fraction,0.028577073776763346,unconstrained,38.56620421163472
19,1,missing__activity_transition_count,0.028577073776763422,unconstrained,38.56620421163472
19,1,missing__activity_unknown_fraction,0.028577073776763332,unconstrained,38.56620421163472
19,1,missing__median_unlocked_session_duration_seconds,-0.024374192205941482,unconstrained,38.56620421163472
19,1,missing__night_screen_event_count,0.07469379480595609,unconstrained,38.56620421163472
19,1,missing__screen_active_hour_count,0.07469379480595606,unconstrained,38.56620421163472
19,1,missing__screen_event_count,0.07469379480595593,unconstrained,38.56620421163472
19,1,missing__screen_off_event_count,0.07469379480595612,unconstrained,38.56620421163472
19,1,missing__screen_on_event_count,0.0746937948059559,unconstrained,38.56620421163472
19,1,missing__screen_transition_count,0.07469379480595614,unconstrained,38.56620421163472
19,1,missing__screen_unlock_event_count,0.07469379480595614,unconstrained,38.56620421163472
19,1,missing__telephony_event_count,0.028577073776763336,unconstrained,38.56620421163472
19,1,missing__telephony_mobile_data_enabled_fraction,0.028577073776763273,unconstrained,38.56620421163472
19,1,missing__telephony_network_type_diversity,0.028577073776763277,unconstrained,38.56620421163472
19,1,missing__touch_active_hour_count,-0.11339266481306437,unconstrained,38.56620421163472
19,1,missing__touch_app_diversity,-0.11339266481306404,unconstrained,38.56620421163472
19,1,missing__touch_click_event_count,-0.1133926648130642,unconstrained,38.56620421163472
19,1,missing__touch_distinct_event_count,-0.11339266481306427,unconstrained,38.56620421163472
19,1,missing__touch_scroll_direction_change_count,0.31313321054384896,unconstrained,38.56620421163472
19,1,missing__touch_scroll_event_count,-0.1133926648130645,unconstrained,38.56620421163472
19,1,missing__touch_scroll_index_change_median,0.31313321054384935,unconstrained,38.56620421163472
19,1,missing__touch_unique_app_count,-0.11339266481306455,unconstrained,38.56620421163472
19,2,app_foreground_event_count,0.007801736720662438,>= 0,10000.0
19,2,app_use_diversity,0.010535719869388137,>= 0,10000.0
19,2,unique_foreground_apps,0.006997468109474611,>= 0,10000.0
19,2,gsm_cell_transition_count,0.00245333139062357,>= 0,10000.0
19,2,unique_gsm_cell_count,0.0030606453065583745,>= 0,10000.0
19,2,unique_gsm_lac_count,0.0010178556010396406,>= 0,10000.0
19,2,gsm_neighbor_cell_transition_count,-3.76158192263132e-37,<= 0,10000.0
19,2,unique_gsm_neighbor_cell_count,7.169415505504233e-44,>= 0,10000.0
19,2,unique_gsm_neighbor_lac_count,6.347225806154064e-44,>= 0,10000.0
19,2,keyboard_deletion_event_count,-8.603425803477633e-46,<= 0,10000.0
19,2,keyboard_inter_event_interval_iqr_ms,-0.00464476004702957,<= 0,10000.0
19,2,keyboard_long_pause_count_2s,0.008902095958256147,>= 0,10000.0
19,2,keyboard_median_inter_event_interval_ms,-0.003539866390645151,<= 0,10000.0
19,2,keyboard_median_word_completion_time_ms,-0.00020382108016541773,<= 0,10000.0
19,2,keyboard_typing_burst_count,-7.25652105827836e-39,<= 0,10000.0
19,2,message_distinct_event_count,-3.9475833266306476e-12,<= 0,10000.0
19,2,activity_active_hour_count,0.0008255730632094523,>= 0,10000.0
19,2,activity_state_diversity,0.0010700265569363661,>= 0,10000.0
19,2,activity_still_fraction,-1.9643781023872646e-27,<= 0,10000.0
19,2,activity_transition_count,0.00013248005300824512,>= 0,10000.0
19,2,activity_unknown_fraction,2.1613702015292237e-33,>= 0,10000.0
19,2,median_unlocked_session_duration_seconds,-1.2390007936515305e-35,<= 0,10000.0
19,2,night_screen_event_count,1.452374273579615e-33,>= 0,10000.0
19,2,screen_active_hour_count,-9.274050338121754e-32,<= 0,10000.0
19,2,screen_event_count,0.00526791387260613,>= 0,10000.0
19,2,screen_off_event_count,0.005096950067459824,>= 0,10000.0
19,2,screen_on_event_count,0.00527721305320847,>= 0,10000.0
19,2,screen_transition_count,-4.575236956552983e-29,<= 0,10000.0
19,2,screen_unlock_event_count,0.007825469709996763,>= 0,10000.0
19,2,telephony_event_count,0.00039095911733091063,>= 0,10000.0
19,2,telephony_mobile_data_enabled_fraction,-0.01641682046203511,<= 0,10000.0
19,2,telephony_network_type_diversity,0.007802937092892689,>= 0,10000.0
19,2,touch_active_hour_count,0.004034104469883727,>= 0,10000.0
19,2,touch_app_diversity,2.3585799141116795e-42,>= 0,10000.0
19,2,touch_click_event_count,-2.9069153896545333e-43,<= 0,10000.0
19,2,touch_distinct_event_count,0.007072868657867883,>= 0,10000.0
19,2,touch_scroll_direction_change_count,0.004565859962286069,>= 0,10000.0
19,2,touch_scroll_event_count,-1.1223582054931413e-40,<= 0,10000.0
19,2,touch_scroll_index_change_median,-3.0793049337903223e-46,<= 0,10000.0
19,2,touch_unique_app_count,0.004079737815183612,>= 0,10000.0
19,2,missing__app_foreground_event_count,-0.004050383142451769,unconstrained,10000.0
19,2,missing__app_use_diversity,-0.00405038314245178,unconstrained,10000.0
19,2,missing__unique_foreground_apps,-0.004050383142451764,unconstrained,10000.0
19,2,missing__gsm_cell_transition_count,0.005599074295891834,unconstrained,10000.0
19,2,missing__unique_gsm_cell_count,0.005599074295891848,unconstrained,10000.0
19,2,missing__unique_gsm_lac_count,0.005599074295891841,unconstrained,10000.0
19,2,missing__gsm_neighbor_cell_transition_count,0.0017966307644737757,unconstrained,10000.0
19,2,missing__unique_gsm_neighbor_cell_count,0.0017966307644737677,unconstrained,10000.0
19,2,missing__unique_gsm_neighbor_lac_count,0.0017966307644737636,unconstrained,10000.0
19,2,missing__keyboard_deletion_event_count,-0.007470829496247809,unconstrained,10000.0
19,2,missing__keyboard_inter_event_interval_iqr_ms,-0.007470829496247812,unconstrained,10000.0
19,2,missing__keyboard_long_pause_count_2s,-0.0074708294962478146,unconstrained,10000.0
19,2,missing__keyboard_median_inter_event_interval_ms,-0.007470829496247814,unconstrained,10000.0
19,2,missing__keyboard_median_word_completion_time_ms,-0.004082435209978039,unconstrained,10000.0
19,2,missing__keyboard_typing_burst_count,-0.0074708294962478215,unconstrained,10000.0
19,2,missing__message_distinct_event_count,0.006176918558060833,unconstrained,10000.0
19,2,missing__activity_active_hour_count,0.0055990742958918465,unconstrained,10000.0
19,2,missing__activity_state_diversity,0.005599074295891835,unconstrained,10000.0
19,2,missing__activity_still_fraction,0.005599074295891832,unconstrained,10000.0
19,2,missing__activity_transition_count,0.005599074295891826,unconstrained,10000.0
19,2,missing__activity_unknown_fraction,0.005599074295891837,unconstrained,10000.0
19,2,missing__median_unlocked_session_duration_seconds,0.004826699540195298,unconstrained,10000.0
19,2,missing__night_screen_event_count,0.006740569718633642,unconstrained,10000.0
19,2,missing__screen_active_hour_count,0.006740569718633644,unconstrained,10000.0
19,2,missing__screen_event_count,0.006740569718633641,unconstrained,10000.0
19,2,missing__screen_off_event_count,0.006740569718633647,unconstrained,10000.0
19,2,missing__screen_on_event_count,0.006740569718633644,unconstrained,10000.0
19,2,missing__screen_transition_count,0.006740569718633646,unconstrained,10000.0
19,2,missing__screen_unlock_event_count,0.006740569718633672,unconstrained,10000.0
19,2,missing__telephony_event_count,0.0055990742958918335,unconstrained,10000.0
19,2,missing__telephony_mobile_data_enabled_fraction,0.005599074295891841,unconstrained,10000.0
19,2,missing__telephony_network_type_diversity,0.005599074295891832,unconstrained,10000.0
19,2,missing__touch_active_hour_count,-0.004474474027621144,unconstrained,10000.0
19,2,missing__touch_app_diversity,-0.004474474027621151,unconstrained,10000.0
19,2,missing__touch_click_event_count,-0.004474474027621151,unconstrained,10000.0
19,2,missing__touch_distinct_event_count,-0.0044744740276211606,unconstrained,10000.0
19,2,missing__touch_scroll_direction_change_count,-0.0013138682465240925,unconstrained,10000.0
19,2,missing__touch_scroll_event_count,-0.0044744740276211545,unconstrained,10000.0
19,2,missing__touch_scroll_index_change_median,-0.0013138682465240958,unconstrained,10000.0
19,2,missing__touch_unique_app_count,-0.004474474027621152,unconstrained,10000.0
19,3,app_foreground_event_count,0.3774990256034002,>= 0,38.56620421163472
19,3,app_use_diversity,1.2774470414878307,>= 0,38.56620421163472
19,3,unique_foreground_apps,0.6190336090644262,>= 0,38.56620421163472
19,3,gsm_cell_transition_count,5.951171097608969e-34,>= 0,38.56620421163472
19,3,unique_gsm_cell_count,0.31160899815898035,>= 0,38.56620421163472
19,3,unique_gsm_lac_count,-0.20614375295895143,<= 0,38.56620421163472
19,3,gsm_neighbor_cell_transition_count,-2.2407429262511588e-42,<= 0,38.56620421163472
19,3,unique_gsm_neighbor_cell_count,-0.9970206779013083,<= 0,38.56620421163472
19,3,unique_gsm_neighbor_lac_count,7.836643290333059e-42,>= 0,38.56620421163472
19,3,keyboard_deletion_event_count,-2.716400332614298e-33,<= 0,38.56620421163472
19,3,keyboard_inter_event_interval_iqr_ms,-0.0731774031778614,<= 0,38.56620421163472
19,3,keyboard_long_pause_count_2s,-5.87524179787991e-33,<= 0,38.56620421163472
19,3,keyboard_median_inter_event_interval_ms,-2.3443393624962626e-62,<= 0,38.56620421163472
19,3,keyboard_median_word_completion_time_ms,-1.2896889607769462,<= 0,38.56620421163472
19,3,keyboard_typing_burst_count,-0.010514646718421512,<= 0,38.56620421163472
19,3,message_distinct_event_count,-0.7620580349938988,<= 0,38.56620421163472
19,3,activity_active_hour_count,8.469751472907756e-33,>= 0,38.56620421163472
19,3,activity_state_diversity,-0.4578570006212095,<= 0,38.56620421163472
19,3,activity_still_fraction,-3.016877731743187e-34,<= 0,38.56620421163472
19,3,activity_transition_count,-0.06989946807220868,<= 0,38.56620421163472
19,3,activity_unknown_fraction,0.3383571320716867,>= 0,38.56620421163472
19,3,median_unlocked_session_duration_seconds,0.27279569478598,>= 0,38.56620421163472
19,3,night_screen_event_count,-0.3387120782405058,<= 0,38.56620421163472
19,3,screen_active_hour_count,8.297196979858329e-32,>= 0,38.56620421163472
19,3,screen_event_count,0.08487556832237403,>= 0,38.56620421163472
19,3,screen_off_event_count,2.5070422423446158e-08,>= 0,38.56620421163472
19,3,screen_on_event_count,0.09591275342075939,>= 0,38.56620421163472
19,3,screen_transition_count,-0.5261619749106649,<= 0,38.56620421163472
19,3,screen_unlock_event_count,0.36805512594799206,>= 0,38.56620421163472
19,3,telephony_event_count,0.018228581823170505,>= 0,38.56620421163472
19,3,telephony_mobile_data_enabled_fraction,-1.447152669552528,<= 0,38.56620421163472
19,3,telephony_network_type_diversity,0.521370921474562,>= 0,38.56620421163472
19,3,touch_active_hour_count,0.22333724297703822,>= 0,38.56620421163472
19,3,touch_app_diversity,6.23141802779834e-32,>= 0,38.56620421163472
19,3,touch_click_event_count,0.42129676716044334,>= 0,38.56620421163472
19,3,touch_distinct_event_count,-3.0734945173621526e-32,<= 0,38.56620421163472
19,3,touch_scroll_direction_change_count,-7.156489946197582e-26,<= 0,38.56620421163472
19,3,touch_scroll_event_count,-3.0600399858918226e-25,<= 0,38.56620421163472
19,3,touch_scroll_index_change_median,-1.73551967105125e-30,<= 0,38.56620421163472
19,3,touch_unique_app_count,-0.19327182784892688,<= 0,38.56620421163472
19,3,missing__app_foreground_event_count,0.07622431512983936,unconstrained,38.56620421163472
19,3,missing__app_use_diversity,0.07622431512983907,unconstrained,38.56620421163472
19,3,missing__unique_foreground_apps,0.07622431512983929,unconstrained,38.56620421163472
19,3,missing__gsm_cell_transition_count,0.05442181998215286,unconstrained,38.56620421163472
19,3,missing__unique_gsm_cell_count,0.05442181998215276,unconstrained,38.56620421163472
19,3,missing__unique_gsm_lac_count,0.05442181998215289,unconstrained,38.56620421163472
19,3,missing__gsm_neighbor_cell_transition_count,0.2288087901226562,unconstrained,38.56620421163472
19,3,missing__unique_gsm_neighbor_cell_count,0.22880879012265626,unconstrained,38.56620421163472
19,3,missing__unique_gsm_neighbor_lac_count,0.22880879012265626,unconstrained,38.56620421163472
19,3,missing__keyboard_deletion_event_count,-0.39153370450728747,unconstrained,38.56620421163472
19,3,missing__keyboard_inter_event_interval_iqr_ms,-0.3915337045072872,unconstrained,38.56620421163472
19,3,missing__keyboard_long_pause_count_2s,-0.3915337045072871,unconstrained,38.56620421163472
19,3,missing__keyboard_median_inter_event_interval_ms,-0.3915337045072872,unconstrained,38.56620421163472
19,3,missing__keyboard_median_word_completion_time_ms,0.344505630839439,unconstrained,38.56620421163472
19,3,missing__keyboard_typing_burst_count,-0.3915337045072872,unconstrained,38.56620421163472
19,3,missing__message_distinct_event_count,0.30593514965649127,unconstrained,38.56620421163472
19,3,missing__activity_active_hour_count,0.054421819982152814,unconstrained,38.56620421163472
19,3,missing__activity_state_diversity,0.05442181998215277,unconstrained,38.56620421163472
19,3,missing__activity_still_fraction,0.05442181998215278,unconstrained,38.56620421163472
19,3,missing__activity_transition_count,0.054421819982152946,unconstrained,38.56620421163472
19,3,missing__activity_unknown_fraction,0.05442181998215288,unconstrained,38.56620421163472
19,3,missing__median_unlocked_session_duration_seconds,-0.016168152177719955,unconstrained,38.56620421163472
19,3,missing__night_screen_event_count,0.07666428140640606,unconstrained,38.56620421163472
19,3,missing__screen_active_hour_count,0.07666428140640619,unconstrained,38.56620421163472
19,3,missing__screen_event_count,0.07666428140640645,unconstrained,38.56620421163472
19,3,missing__screen_off_event_count,0.07666428140640642,unconstrained,38.56620421163472
19,3,missing__screen_on_event_count,0.07666428140640644,unconstrained,38.56620421163472
19,3,missing__screen_transition_count,0.07666428140640634,unconstrained,38.56620421163472
19,3,missing__screen_unlock_event_count,0.07666428140640633,unconstrained,38.56620421163472
19,3,missing__telephony_event_count,0.054421819982152855,unconstrained,38.56620421163472
19,3,missing__telephony_mobile_data_enabled_fraction,0.054421819982152835,unconstrained,38.56620421163472
19,3,missing__telephony_network_type_diversity,0.054421819982152765,unconstrained,38.56620421163472
19,3,missing__touch_active_hour_count,-0.20823008749457866,unconstrained,38.56620421163472
19,3,missing__touch_app_diversity,-0.20823008749457847,unconstrained,38.56620421163472
19,3,missing__touch_click_event_count,-0.20823008749457853,unconstrained,38.56620421163472
19,3,missing__touch_distinct_event_count,-0.2082300874945784,unconstrained,38.56620421163472
19,3,missing__touch_scroll_direction_change_count,0.7053046109645256,unconstrained,38.56620421163472
19,3,missing__touch_scroll_event_count,-0.20823008749457847,unconstrained,38.56620421163472
19,3,missing__touch_scroll_index_change_median,0.7053046109645257,unconstrained,38.56620421163472
19,3,missing__touch_unique_app_count,-0.20823008749457836,unconstrained,38.56620421163472
19,4,app_foreground_event_count,0.18661230024329364,>= 0,204.33597178569437
19,4,app_use_diversity,0.2765809713932704,>= 0,204.33597178569437
19,4,unique_foreground_apps,0.14822999904741774,>= 0,204.33597178569437
19,4,call_event_count,-0.2240354850898258,<= 0,204.33597178569437
19,4,incoming_call_count,-0.04122815405341653,<= 0,204.33597178569437
19,4,missed_rejected_blocked_call_count,0.11324643435524503,>= 0,204.33597178569437
19,4,outgoing_call_count,-0.2940002339767447,<= 0,204.33597178569437
19,4,total_call_duration_seconds,-0.028542527726263915,<= 0,204.33597178569437
19,4,gsm_cell_transition_count,3.796350777306587e-15,>= 0,204.33597178569437
19,4,unique_gsm_cell_count,0.04494741251956018,>= 0,204.33597178569437
19,4,unique_gsm_lac_count,6.935830853089203e-21,>= 0,204.33597178569437
19,4,gsm_neighbor_cell_transition_count,-5e-324,<= 0,204.33597178569437
19,4,unique_gsm_neighbor_cell_count,3.334304843336968e-21,>= 0,204.33597178569437
19,4,unique_gsm_neighbor_lac_count,3.126421705514878e-26,>= 0,204.33597178569437
19,4,keyboard_deletion_event_count,-1.5033201033506823e-27,<= 0,204.33597178569437
19,4,keyboard_inter_event_interval_iqr_ms,-0.1069052409395757,<= 0,204.33597178569437
19,4,keyboard_long_pause_count_2s,0.11744886921845238,>= 0,204.33597178569437
19,4,keyboard_median_inter_event_interval_ms,-0.09266613852534375,<= 0,204.33597178569437
19,4,keyboard_median_word_completion_time_ms,-7.397377267993578e-28,<= 0,204.33597178569437
19,4,keyboard_typing_burst_count,0.08717208501923994,>= 0,204.33597178569437
19,4,message_distinct_event_count,2.9328260332892116e-34,>= 0,204.33597178569437
19,4,activity_active_hour_count,1.3528478882045576e-25,>= 0,204.33597178569437
19,4,activity_state_diversity,0.06636746642580528,>= 0,204.33597178569437
19,4,activity_still_fraction,-0.16747879156873471,<= 0,204.33597178569437
19,4,activity_transition_count,0.011930300874723007,>= 0,204.33597178569437
19,4,activity_unknown_fraction,-6.608671350953247e-41,<= 0,204.33597178569437
19,4,median_unlocked_session_duration_seconds,0.30678886965110835,>= 0,204.33597178569437
19,4,night_screen_event_count,-0.1711257119302058,<= 0,204.33597178569437
19,4,screen_active_hour_count,-0.11408729618715761,<= 0,204.33597178569437
19,4,screen_event_count,0.10402707036531758,>= 0,204.33597178569437
19,4,screen_off_event_count,0.07097547493128768,>= 0,204.33597178569437
19,4,screen_on_event_count,0.1401039382628738,>= 0,204.33597178569437
19,4,screen_transition_count,-2.8316893555067345e-17,<= 0,204.33597178569437
19,4,screen_unlock_event_count,0.2270601034169581,>= 0,204.33597178569437
19,4,telephony_event_count,0.13018067171518233,>= 0,204.33597178569437
19,4,telephony_mobile_data_enabled_fraction,-0.44118831393579966,<= 0,204.33597178569437
19,4,telephony_network_type_diversity,2.407991010654218e-25,>= 0,204.33597178569437
19,4,touch_active_hour_count,-2.3561859680442498e-27,<= 0,204.33597178569437
19,4,touch_app_diversity,1.4885997874514931e-27,>= 0,204.33597178569437
19,4,touch_click_event_count,-3.6710050762349238e-28,<= 0,204.33597178569437
19,4,touch_distinct_event_count,-1.1628440003532015e-27,<= 0,204.33597178569437
19,4,touch_scroll_direction_change_count,0.12760751780325122,>= 0,204.33597178569437
19,4,touch_scroll_event_count,-2.521405046107917e-27,<= 0,204.33597178569437
19,4,touch_scroll_index_change_median,0.0894615864334842,>= 0,204.33597178569437
19,4,touch_unique_app_count,0.05436273009394475,>= 0,204.33597178569437
19,4,missing__app_foreground_event_count,-0.03932225854018537,unconstrained,204.33597178569437
19,4,missing__app_use_diversity,-0.03932225854018535,unconstrained,204.33597178569437
19,4,missing__unique_foreground_apps,-0.03932225854018526,unconstrained,204.33597178569437
19,4,missing__call_event_count,-0.0008490276665015301,unconstrained,204.33597178569437
19,4,missing__incoming_call_count,-0.0008490276665013435,unconstrained,204.33597178569437
19,4,missing__missed_rejected_blocked_call_count,-0.0008490276665013232,unconstrained,204.33597178569437
19,4,missing__outgoing_call_count,-0.000849027666501342,unconstrained,204.33597178569437
19,4,missing__total_call_duration_seconds,-0.0008490276665012237,unconstrained,204.33597178569437
19,4,missing__gsm_cell_transition_count,0.15566015620183513,unconstrained,204.33597178569437
19,4,missing__unique_gsm_cell_count,0.15566015620183501,unconstrained,204.33597178569437
19,4,missing__unique_gsm_lac_count,0.15566015620183518,unconstrained,204.33597178569437
19,4,missing__gsm_neighbor_cell_transition_count,0.09230383512898875,unconstrained,204.33597178569437
19,4,missing__unique_gsm_neighbor_cell_count,0.09230383512898876,unconstrained,204.33597178569437
19,4,missing__unique_gsm_neighbor_lac_count,0.09230383512898886,unconstrained,204.33597178569437
19,4,missing__keyboard_deletion_event_count,-0.18108144375501709,unconstrained,204.33597178569437
19,4,missing__keyboard_inter_event_interval_iqr_ms,-0.18108144375501714,unconstrained,204.33597178569437
19,4,missing__keyboard_long_pause_count_2s,-0.1810814437550169,unconstrained,204.33597178569437
19,4,missing__keyboard_median_inter_event_interval_ms,-0.18108144375501714,unconstrained,204.33597178569437
19,4,missing__keyboard_median_word_completion_time_ms,-0.06994726362080878,unconstrained,204.33597178569437
19,4,missing__keyboard_typing_burst_count,-0.18108144375501714,unconstrained,204.33597178569437
19,4,missing__message_distinct_event_count,0.13490641375808027,unconstrained,204.33597178569437
19,4,missing__activity_active_hour_count,0.15566015620183501,unconstrained,204.33597178569437
19,4,missing__activity_state_diversity,0.15566015620183496,unconstrained,204.33597178569437
19,4,missing__activity_still_fraction,0.1556601562018351,unconstrained,204.33597178569437
19,4,missing__activity_transition_count,0.1556601562018351,unconstrained,204.33597178569437
19,4,missing__activity_unknown_fraction,0.15566015620183504,unconstrained,204.33597178569437
19,4,missing__median_unlocked_session_duration_seconds,0.12697799576328114,unconstrained,204.33597178569437
19,4,missing__night_screen_event_count,0.15566015620183515,unconstrained,204.33597178569437
19,4,missing__screen_active_hour_count,0.15566015620183513,unconstrained,204.33597178569437
19,4,missing__screen_event_count,0.15566015620183513,unconstrained,204.33597178569437
19,4,missing__screen_off_event_count,0.15566015620183507,unconstrained,204.33597178569437
19,4,missing__screen_on_event_count,0.15566015620183504,unconstrained,204.33597178569437
19,4,missing__screen_transition_count,0.15566015620183501,unconstrained,204.33597178569437
19,4,missing__screen_unlock_event_count,0.15566015620183513,unconstrained,204.33597178569437
19,4,missing__telephony_event_count,0.1556601562018351,unconstrained,204.33597178569437
19,4,missing__telephony_mobile_data_enabled_fraction,0.15566015620183513,unconstrained,204.33597178569437
19,4,missing__telephony_network_type_diversity,0.15566015620183515,unconstrained,204.33597178569437
19,4,missing__touch_active_hour_count,-0.1363219032946464,unconstrained,204.33597178569437
19,4,missing__touch_app_diversity,-0.1363219032946463,unconstrained,204.33597178569437
19,4,missing__touch_click_event_count,-0.1363219032946461,unconstrained,204.33597178569437
19,4,missing__touch_distinct_event_count,-0.13632190329464614,unconstrained,204.33597178569437
19,4,missing__touch_scroll_direction_change_count,0.061040223549116014,unconstrained,204.33597178569437
19,4,missing__touch_scroll_event_count,-0.1363219032946462,unconstrained,204.33597178569437
19,4,missing__touch_scroll_index_change_median,0.06104022354911573,unconstrained,204.33597178569437
19,4,missing__touch_unique_app_count,-0.13632190329464633,unconstrained,204.33597178569437
19,5,app_foreground_event_count,0.004232936105824036,>= 0,10000.0
19,5,app_use_diversity,0.011877449332851812,>= 0,10000.0
19,5,unique_foreground_apps,-2.186554235403189e-27,<= 0,10000.0
19,5,call_event_count,-0.00750137095994146,<= 0,10000.0
19,5,incoming_call_count,-1.3004121681235503e-11,<= 0,10000.0
19,5,missed_rejected_blocked_call_count,6.058451752097371e-28,>= 0,10000.0
19,5,outgoing_call_count,-0.010297292084130924,<= 0,10000.0
19,5,total_call_duration_seconds,-0.00146894439339552,<= 0,10000.0
19,5,gsm_cell_transition_count,-0.004117224537940975,<= 0,10000.0
19,5,unique_gsm_cell_count,1.5776334824799492e-27,>= 0,10000.0
19,5,unique_gsm_lac_count,2.162193055747172e-38,>= 0,10000.0
19,5,gsm_neighbor_cell_transition_count,-0.002332594901531325,<= 0,10000.0
19,5,unique_gsm_neighbor_cell_count,-0.01727171273350218,<= 0,10000.0
19,5,unique_gsm_neighbor_lac_count,-0.019924543996100153,<= 0,10000.0
19,5,keyboard_deletion_event_count,-1.1493770765803316e-24,<= 0,10000.0
19,5,keyboard_inter_event_interval_iqr_ms,-0.001911767722377325,<= 0,10000.0
19,5,keyboard_long_pause_count_2s,-2.909585975456543e-25,<= 0,10000.0
19,5,keyboard_median_inter_event_interval_ms,-0.0018808636942806364,<= 0,10000.0
19,5,keyboard_median_word_completion_time_ms,-6.953937811505199e-28,<= 0,10000.0
19,5,keyboard_typing_burst_count,-1.4770830727432987e-22,<= 0,10000.0
19,5,message_distinct_event_count,-0.004627474415932468,<= 0,10000.0
19,5,activity_active_hour_count,0.008312832164931274,>= 0,10000.0
19,5,activity_state_diversity,-0.001861731182147436,<= 0,10000.0
19,5,activity_still_fraction,0.002690038156472675,>= 0,10000.0
19,5,activity_transition_count,1.0903380643695611e-16,>= 0,10000.0
19,5,activity_unknown_fraction,-0.002797706212429552,<= 0,10000.0
19,5,median_unlocked_session_duration_seconds,-4.4328124796383145e-27,<= 0,10000.0
19,5,night_screen_event_count,-0.011161648747905059,<= 0,10000.0
19,5,screen_active_hour_count,-0.003991795273410749,<= 0,10000.0
19,5,screen_event_count,0.001301452067140157,>= 0,10000.0
19,5,screen_off_event_count,0.0007609287048209753,>= 0,10000.0
19,5,screen_on_event_count,0.001958951394442708,>= 0,10000.0
19,5,screen_transition_count,-0.00235037979928339,<= 0,10000.0
19,5,screen_unlock_event_count,0.005946036036970408,>= 0,10000.0
19,5,telephony_event_count,0.001927477390591847,>= 0,10000.0
19,5,telephony_mobile_data_enabled_fraction,-0.009749241912862599,<= 0,10000.0
19,5,telephony_network_type_diversity,0.003071106825974517,>= 0,10000.0
19,5,touch_active_hour_count,-1.5066931467796634e-23,<= 0,10000.0
19,5,touch_app_diversity,0.0006482690533061811,>= 0,10000.0
19,5,touch_click_event_count,-1.9817316243362053e-26,<= 0,10000.0
19,5,touch_distinct_event_count,-2.1101992471529846e-27,<= 0,10000.0
19,5,touch_scroll_direction_change_count,-1.4130556379764408e-25,<= 0,10000.0
19,5,touch_scroll_event_count,-8.331657153715266e-28,<= 0,10000.0
19,5,touch_scroll_index_change_median,0.00739419164574982,>= 0,10000.0
19,5,touch_unique_app_count,-0.0008401110184713316,<= 0,10000.0
19,5,missing__app_foreground_event_count,-0.002097740615591923,unconstrained,10000.0
19,5,missing__app_use_diversity,-0.0020977406155919323,unconstrained,10000.0
19,5,missing__unique_foreground_apps,-0.0020977406155919406,unconstrained,10000.0
19,5,missing__call_event_count,-8.723182292269419e-05,unconstrained,10000.0
19,5,missing__incoming_call_count,-8.723182292269295e-05,unconstrained,10000.0
19,5,missing__missed_rejected_blocked_call_count,-8.72318229226826e-05,unconstrained,10000.0
19,5,missing__outgoing_call_count,-8.723182292269585e-05,unconstrained,10000.0
19,5,missing__total_call_duration_seconds,-8.723182292268729e-05,unconstrained,10000.0
19,5,missing__gsm_cell_transition_count,0.004203861623099791,unconstrained,10000.0
19,5,missing__unique_gsm_cell_count,0.004203861623099793,unconstrained,10000.0
19,5,missing__unique_gsm_lac_count,0.004203861623099793,unconstrained,10000.0
19,5,missing__gsm_neighbor_cell_transition_count,0.005374107491223132,unconstrained,10000.0
19,5,missing__unique_gsm_neighbor_cell_count,0.005374107491223123,unconstrained,10000.0
19,5,missing__unique_gsm_neighbor_lac_count,0.005374107491223113,unconstrained,10000.0
19,5,missing__keyboard_deletion_event_count,-0.006903064645592029,unconstrained,10000.0
19,5,missing__keyboard_inter_event_interval_iqr_ms,-0.0069030646455920325,unconstrained,10000.0
19,5,missing__keyboard_long_pause_count_2s,-0.006903064645592032,unconstrained,10000.0
19,5,missing__keyboard_median_inter_event_interval_ms,-0.006903064645592045,unconstrained,10000.0
19,5,missing__keyboard_median_word_completion_time_ms,-0.001014547151555292,unconstrained,10000.0
19,5,missing__keyboard_typing_burst_count,-0.006903064645592029,unconstrained,10000.0
19,5,missing__message_distinct_event_count,0.010233391455716615,unconstrained,10000.0
19,5,missing__activity_active_hour_count,0.004203861623099783,unconstrained,10000.0
19,5,missing__activity_state_diversity,0.004203861623099808,unconstrained,10000.0
19,5,missing__activity_still_fraction,0.004203861623099793,unconstrained,10000.0
19,5,missing__activity_transition_count,0.0042038616230997946,unconstrained,10000.0
19,5,missing__activity_unknown_fraction,0.004203861623099805,unconstrained,10000.0
19,5,missing__median_unlocked_session_duration_seconds,0.004203861623099797,unconstrained,10000.0
19,5,missing__night_screen_event_count,0.005164841092342665,unconstrained,10000.0
19,5,missing__screen_active_hour_count,0.005164841092342664,unconstrained,10000.0
19,5,missing__screen_event_count,0.005164841092342666,unconstrained,10000.0
19,5,missing__screen_off_event_count,0.005164841092342669,unconstrained,10000.0
19,5,missing__screen_on_event_count,0.005164841092342665,unconstrained,10000.0
19,5,missing__screen_transition_count,0.005164841092342668,unconstrained,10000.0
19,5,missing__screen_unlock_event_count,0.005164841092342674,unconstrained,10000.0
19,5,missing__telephony_event_count,0.004203861623099796,unconstrained,10000.0
19,5,missing__telephony_mobile_data_enabled_fraction,0.0042038616230997946,unconstrained,10000.0
19,5,missing__telephony_network_type_diversity,0.004203861623099799,unconstrained,10000.0
19,5,missing__touch_active_hour_count,-0.006247740136434966,unconstrained,10000.0
19,5,missing__touch_app_diversity,-0.006247740136434971,unconstrained,10000.0
19,5,missing__touch_click_event_count,-0.006247740136434973,unconstrained,10000.0
19,5,missing__touch_distinct_event_count,-0.006247740136434999,unconstrained,10000.0
19,5,missing__touch_scroll_direction_change_count,-0.004349094983153254,unconstrained,10000.0
19,5,missing__touch_scroll_event_count,-0.00624774013643498,unconstrained,10000.0
19,5,missing__touch_scroll_index_change_median,-0.004349094983153255,unconstrained,10000.0
19,5,missing__touch_unique_app_count,-0.006247740136434972,unconstrained,10000.0
20,1,app_foreground_event_count,0.02338216373925634,>= 0,3290.344562312671
20,1,app_use_diversity,0.03194601128662513,>= 0,3290.344562312671
20,1,unique_foreground_apps,0.02224575315242116,>= 0,3290.344562312671
20,1,gsm_cell_transition_count,0.012781537155032358,>= 0,3290.344562312671
20,1,unique_gsm_cell_count,0.015154250524701048,>= 0,3290.344562312671
20,1,unique_gsm_lac_count,0.00033999106660625273,>= 0,3290.344562312671
20,1,gsm_neighbor_cell_transition_count,-0.012287062303149056,<= 0,3290.344562312671
20,1,unique_gsm_neighbor_cell_count,-0.03947081825630918,<= 0,3290.344562312671
20,1,unique_gsm_neighbor_lac_count,3.2110553850334226e-32,>= 0,3290.344562312671
20,1,keyboard_deletion_event_count,-9.664530708416321e-27,<= 0,3290.344562312671
20,1,keyboard_inter_event_interval_iqr_ms,-0.018981766976746948,<= 0,3290.344562312671
20,1,keyboard_long_pause_count_2s,-6.899505508793071e-25,<= 0,3290.344562312671
20,1,keyboard_median_inter_event_interval_ms,-0.006787505352953314,<= 0,3290.344562312671
20,1,keyboard_median_word_completion_time_ms,-0.0405242701846149,<= 0,3290.344562312671
20,1,keyboard_typing_burst_count,-8.608441079547906e-27,<= 0,3290.344562312671
20,1,message_distinct_event_count,-0.0026348742477394628,<= 0,3290.344562312671
20,1,activity_active_hour_count,3.615782256582638e-23,>= 0,3290.344562312671
20,1,activity_state_diversity,-0.008378835069203797,<= 0,3290.344562312671
20,1,activity_still_fraction,0.005853007597638023,>= 0,3290.344562312671
20,1,activity_transition_count,-0.012516874408225296,<= 0,3290.344562312671
20,1,activity_unknown_fraction,-0.005598080434770245,<= 0,3290.344562312671
20,1,median_unlocked_session_duration_seconds,-1.4896796504394468e-23,<= 0,3290.344562312671
20,1,screen_active_hour_count,-4.226152751156038e-32,<= 0,3290.344562312671
20,1,screen_event_count,0.011516916100276404,>= 0,3290.344562312671
20,1,screen_off_event_count,0.009032487065169197,>= 0,3290.344562312671
20,1,screen_on_event_count,0.013921710087708901,>= 0,3290.344562312671
20,1,screen_transition_count,-0.003965675514803633,<= 0,3290.344562312671
20,1,screen_unlock_event_count,0.022900269531842894,>= 0,3290.344562312671
20,1,telephony_event_count,0.016282122353396784,>= 0,3290.344562312671
20,1,telephony_mobile_data_enabled_fraction,-0.03793486618228096,<= 0,3290.344562312671
20,1,telephony_network_type_diversity,0.013633096434201873,>= 0,3290.344562312671
20,1,touch_active_hour_count,-9.514839017950812e-29,<= 0,3290.344562312671
20,1,touch_app_diversity,0.0008384092815281143,>= 0,3290.344562312671
20,1,touch_click_event_count,-3.1654736887094335e-28,<= 0,3290.344562312671
20,1,touch_distinct_event_count,-6.890690545669058e-28,<= 0,3290.344562312671
20,1,touch_scroll_direction_change_count,-3.8791500044628864e-28,<= 0,3290.344562312671
20,1,touch_scroll_event_count,-1.779595131629896e-27,<= 0,3290.344562312671
20,1,touch_scroll_index_change_median,-8.452256819804408e-24,<= 0,3290.344562312671
20,1,touch_unique_app_count,-3.288973500528258e-36,<= 0,3290.344562312671
20,1,missing__app_foreground_event_count,0.002807881305866981,unconstrained,3290.344562312671
20,1,missing__app_use_diversity,0.00280788130586695,unconstrained,3290.344562312671
20,1,missing__unique_foreground_apps,0.002807881305866962,unconstrained,3290.344562312671
20,1,missing__gsm_cell_transition_count,0.020800694436754676,unconstrained,3290.344562312671
20,1,missing__unique_gsm_cell_count,0.02080069443675469,unconstrained,3290.344562312671
20,1,missing__unique_gsm_lac_count,0.020800694436754672,unconstrained,3290.344562312671
20,1,missing__gsm_neighbor_cell_transition_count,0.01126859657959557,unconstrained,3290.344562312671
20,1,missing__unique_gsm_neighbor_cell_count,0.011268596579595584,unconstrained,3290.344562312671
20,1,missing__unique_gsm_neighbor_lac_count,0.011268596579595558,unconstrained,3290.344562312671
20,1,missing__keyboard_deletion_event_count,-0.014495668246461663,unconstrained,3290.344562312671
20,1,missing__keyboard_inter_event_interval_iqr_ms,-0.014495668246461686,unconstrained,3290.344562312671
20,1,missing__keyboard_long_pause_count_2s,-0.014495668246461688,unconstrained,3290.344562312671
20,1,missing__keyboard_median_inter_event_interval_ms,-0.01449566824646167,unconstrained,3290.344562312671
20,1,missing__keyboard_median_word_completion_time_ms,-0.0008345217813206209,unconstrained,3290.344562312671
20,1,missing__keyboard_typing_burst_count,-0.014495668246461679,unconstrained,3290.344562312671
20,1,missing__message_distinct_event_count,0.016141945367720508,unconstrained,3290.344562312671
20,1,missing__activity_active_hour_count,0.02080069443675468,unconstrained,3290.344562312671
20,1,missing__activity_state_diversity,0.020800694436754696,unconstrained,3290.344562312671
20,1,missing__activity_still_fraction,0.02080069443675469,unconstrained,3290.344562312671
20,1,missing__activity_transition_count,0.020800694436754683,unconstrained,3290.344562312671
20,1,missing__activity_unknown_fraction,0.0208006944367547,unconstrained,3290.344562312671
20,1,missing__median_unlocked_session_duration_seconds,0.018980750484436166,unconstrained,3290.344562312671
20,1,missing__screen_active_hour_count,0.023844680107861234,unconstrained,3290.344562312671
20,1,missing__screen_event_count,0.023844680107861248,unconstrained,3290.344562312671
20,1,missing__screen_off_event_count,0.023844680107861237,unconstrained,3290.344562312671
20,1,missing__screen_on_event_count,0.023844680107861223,unconstrained,3290.344562312671
20,1,missing__screen_transition_count,0.023844680107861196,unconstrained,3290.344562312671
20,1,missing__screen_unlock_event_count,0.02384468010786123,unconstrained,3290.344562312671
20,1,missing__telephony_event_count,0.020800694436754683,unconstrained,3290.344562312671
20,1,missing__telephony_mobile_data_enabled_fraction,0.02080069443675471,unconstrained,3290.344562312671
20,1,missing__telephony_network_type_diversity,0.0208006944367547,unconstrained,3290.344562312671
20,1,missing__touch_active_hour_count,0.0010011984218350086,unconstrained,3290.344562312671
20,1,missing__touch_app_diversity,0.001001198421834988,unconstrained,3290.344562312671
20,1,missing__touch_click_event_count,0.0010011984218350008,unconstrained,3290.344562312671
20,1,missing__touch_distinct_event_count,0.0010011984218350027,unconstrained,3290.344562312671
20,1,missing__touch_scroll_direction_change_count,0.009031498429591096,unconstrained,3290.344562312671
20,1,missing__touch_scroll_event_count,0.001001198421835005,unconstrained,3290.344562312671
20,1,missing__touch_scroll_index_change_median,0.00903149842959116,unconstrained,3290.344562312671
20,1,missing__touch_unique_app_count,0.0010011984218350285,unconstrained,3290.344562312671
20,2,app_foreground_event_count,0.264426006313264,>= 0,204.33597178569437
20,2,app_use_diversity,0.37845313499069977,>= 0,204.33597178569437
20,2,unique_foreground_apps,0.2027957943005576,>= 0,204.33597178569437
20,2,call_event_count,-0.21876682689637753,<= 0,204.33597178569437
20,2,incoming_call_count,-0.024219698295254895,<= 0,204.33597178569437
20,2,missed_rejected_blocked_call_count,0.0929994040695552,>= 0,204.33597178569437
20,2,outgoing_call_count,-0.2935157491933206,<= 0,204.33597178569437
20,2,total_call_duration_seconds,-0.017554012603755057,<= 0,204.33597178569437
20,2,gsm_cell_transition_count,0.044132447412250156,>= 0,204.33597178569437
20,2,unique_gsm_cell_count,0.10092300170067325,>= 0,204.33597178569437
20,2,unique_gsm_lac_count,0.012374777466329178,>= 0,204.33597178569437
20,2,gsm_neighbor_cell_transition_count,-4.416092251113156e-31,<= 0,204.33597178569437
20,2,unique_gsm_neighbor_cell_count,-0.43314600209389487,<= 0,204.33597178569437
20,2,unique_gsm_neighbor_lac_count,-0.5277125320206355,<= 0,204.33597178569437
20,2,keyboard_deletion_event_count,-9.782382643334e-29,<= 0,204.33597178569437
20,2,keyboard_inter_event_interval_iqr_ms,-0.01690394474135168,<= 0,204.33597178569437
20,2,keyboard_long_pause_count_2s,0.08377221703195047,>= 0,204.33597178569437
20,2,keyboard_median_inter_event_interval_ms,-4.539199874958478e-11,<= 0,204.33597178569437
20,2,keyboard_median_word_completion_time_ms,-4.168992380398738e-24,<= 0,204.33597178569437
20,2,keyboard_typing_burst_count,-5.440974929007038e-29,<= 0,204.33597178569437
20,2,message_distinct_event_count,4.761086685330418e-29,>= 0,204.33597178569437
20,2,activity_active_hour_count,0.1977737115240188,>= 0,204.33597178569437
20,2,activity_state_diversity,5.738477929863174e-24,>= 0,204.33597178569437
20,2,activity_still_fraction,-2.115358788152834e-22,<= 0,204.33597178569437
20,2,activity_transition_count,0.11480176690406933,>= 0,204.33597178569437
20,2,activity_unknown_fraction,0.05648209861818044,>= 0,204.33597178569437
20,2,median_unlocked_session_duration_seconds,0.1937489270954786,>= 0,204.33597178569437
20,2,night_screen_event_count,-0.23721303349212372,<= 0,204.33597178569437
20,2,screen_active_hour_count,1.8741864279384658e-31,>= 0,204.33597178569437
20,2,screen_event_count,0.06367240251378402,>= 0,204.33597178569437
20,2,screen_off_event_count,0.019255341753415842,>= 0,204.33597178569437
20,2,screen_on_event_count,0.08885035355852203,>= 0,204.33597178569437
20,2,screen_transition_count,-0.039594952608956534,<= 0,204.33597178569437
20,2,screen_unlock_event_count,0.23337049305993823,>= 0,204.33597178569437
20,2,telephony_event_count,0.11737688295126562,>= 0,204.33597178569437
20,2,telephony_mobile_data_enabled_fraction,-0.3426781824435891,<= 0,204.33597178569437
20,2,telephony_network_type_diversity,0.20726931039486474,>= 0,204.33597178569437
20,2,touch_active_hour_count,0.07419343636213675,>= 0,204.33597178569437
20,2,touch_app_diversity,1.355525235124187e-25,>= 0,204.33597178569437
20,2,touch_click_event_count,0.17197432071228116,>= 0,204.33597178569437
20,2,touch_distinct_event_count,-1.0535993762101084e-26,<= 0,204.33597178569437
20,2,touch_scroll_direction_change_count,-3.140048838540544e-25,<= 0,204.33597178569437
20,2,touch_scroll_event_count,-9.29461132806228e-26,<= 0,204.33597178569437
20,2,touch_scroll_index_change_median,-1.2589790890418278e-46,<= 0,204.33597178569437
20,2,touch_unique_app_count,0.03446862539270275,>= 0,204.33597178569437
20,2,missing__app_foreground_event_count,0.039474679413988766,unconstrained,204.33597178569437
20,2,missing__app_use_diversity,0.039474679413988883,unconstrained,204.33597178569437
20,2,missing__unique_foreground_apps,0.03947467941398863,unconstrained,204.33597178569437
20,2,missing__call_event_count,-0.03608013216781651,unconstrained,204.33597178569437
20,2,missing__incoming_call_count,-0.03608013216781635,unconstrained,204.33597178569437
20,2,missing__missed_rejected_blocked_call_count,-0.036080132167816484,unconstrained,204.33597178569437
20,2,missing__outgoing_call_count,-0.036080132167816296,unconstrained,204.33597178569437
20,2,missing__total_call_duration_seconds,-0.03608013216781633,unconstrained,204.33597178569437
20,2,missing__gsm_cell_transition_count,0.12503912755466473,unconstrained,204.33597178569437
20,2,missing__unique_gsm_cell_count,0.12503912755466473,unconstrained,204.33597178569437
20,2,missing__unique_gsm_lac_count,0.12503912755466465,unconstrained,204.33597178569437
20,2,missing__gsm_neighbor_cell_transition_count,0.027863466895562777,unconstrained,204.33597178569437
20,2,missing__unique_gsm_neighbor_cell_count,0.02786346689556267,unconstrained,204.33597178569437
20,2,missing__unique_gsm_neighbor_lac_count,0.027863466895562735,unconstrained,204.33597178569437
20,2,missing__keyboard_deletion_event_count,-0.2235927932325507,unconstrained,204.33597178569437
20,2,missing__keyboard_inter_event_interval_iqr_ms,-0.22359279323255082,unconstrained,204.33597178569437
20,2,missing__keyboard_long_pause_count_2s,-0.22359279323255069,unconstrained,204.33597178569437
20,2,missing__keyboard_median_inter_event_interval_ms,-0.22359279323255057,unconstrained,204.33597178569437
20,2,missing__keyboard_median_word_completion_time_ms,0.044947457006860876,unconstrained,204.33597178569437
20,2,missing__keyboard_typing_burst_count,-0.22359279323255063,unconstrained,204.33597178569437
20,2,missing__message_distinct_event_count,0.22411538857053553,unconstrained,204.33597178569437
20,2,missing__activity_active_hour_count,0.12503912755466465,unconstrained,204.33597178569437
20,2,missing__activity_state_diversity,0.12503912755466481,unconstrained,204.33597178569437
20,2,missing__activity_still_fraction,0.1250391275546648,unconstrained,204.33597178569437
20,2,missing__activity_transition_count,0.1250391275546649,unconstrained,204.33597178569437
20,2,missing__activity_unknown_fraction,0.12503912755466468,unconstrained,204.33597178569437
20,2,missing__median_unlocked_session_duration_seconds,0.1250391275546647,unconstrained,204.33597178569437
20,2,missing__night_screen_event_count,0.1683350244394066,unconstrained,204.33597178569437
20,2,missing__screen_active_hour_count,0.16833502443940648,unconstrained,204.33597178569437
20,2,missing__screen_event_count,0.16833502443940646,unconstrained,204.33597178569437
20,2,missing__screen_off_event_count,0.16833502443940657,unconstrained,204.33597178569437
20,2,missing__screen_on_event_count,0.16833502443940654,unconstrained,204.33597178569437
20,2,missing__screen_transition_count,0.16833502443940676,unconstrained,204.33597178569437
20,2,missing__screen_unlock_event_count,0.16833502443940665,unconstrained,204.33597178569437
20,2,missing__telephony_event_count,0.1250391275546648,unconstrained,204.33597178569437
20,2,missing__telephony_mobile_data_enabled_fraction,0.1250391275546647,unconstrained,204.33597178569437
20,2,missing__telephony_network_type_diversity,0.12503912755466473,unconstrained,204.33597178569437
20,2,missing__touch_active_hour_count,-0.0828358023839583,unconstrained,204.33597178569437
20,2,missing__touch_app_diversity,-0.08283580238395832,unconstrained,204.33597178569437
20,2,missing__touch_click_event_count,-0.08283580238395832,unconstrained,204.33597178569437
20,2,missing__touch_distinct_event_count,-0.08283580238395825,unconstrained,204.33597178569437
20,2,missing__touch_scroll_direction_change_count,0.04959770048368544,unconstrained,204.33597178569437
20,2,missing__touch_scroll_event_count,-0.08283580238395827,unconstrained,204.33597178569437
20,2,missing__touch_scroll_index_change_median,0.049597700483685433,unconstrained,204.33597178569437
20,2,missing__touch_unique_app_count,-0.08283580238395823,unconstrained,204.33597178569437
20,3,app_foreground_event_count,0.04257180024769987,>= 0,1082.636733874054
20,3,app_use_diversity,0.1097939055007219,>= 0,1082.636733874054
20,3,unique_foreground_apps,0.05030846678424757,>= 0,1082.636733874054
20,3,gsm_cell_transition_count,3.6775647070011295e-44,>= 0,1082.636733874054
20,3,unique_gsm_cell_count,1.8224940159286216e-06,>= 0,1082.636733874054
20,3,unique_gsm_lac_count,8.419119203071333e-35,>= 0,1082.636733874054
20,3,gsm_neighbor_cell_transition_count,-7.783780183714461e-49,<= 0,1082.636733874054
20,3,unique_gsm_neighbor_cell_count,-0.09019751212189407,<= 0,1082.636733874054
20,3,unique_gsm_neighbor_lac_count,-0.11948270085313621,<= 0,1082.636733874054
20,3,keyboard_deletion_event_count,-1.5298975653448087e-38,<= 0,1082.636733874054
20,3,keyboard_inter_event_interval_iqr_ms,4.13703698964351e-39,>= 0,1082.636733874054
20,3,keyboard_long_pause_count_2s,-4.277962203667658e-38,<= 0,1082.636733874054
20,3,keyboard_median_inter_event_interval_ms,-1.4887135476439978e-35,<= 0,1082.636733874054
20,3,keyboard_median_word_completion_time_ms,0.028262994933393848,>= 0,1082.636733874054
20,3,keyboard_typing_burst_count,-1.2098108481117265e-41,<= 0,1082.636733874054
20,3,message_distinct_event_count,-0.023529300920455562,<= 0,1082.636733874054
20,3,activity_active_hour_count,5.493748906161576e-36,>= 0,1082.636733874054
20,3,activity_state_diversity,0.023533216687656094,>= 0,1082.636733874054
20,3,activity_still_fraction,-0.011690094017685084,<= 0,1082.636733874054
20,3,activity_transition_count,3.9046822294239615e-37,>= 0,1082.636733874054
20,3,activity_unknown_fraction,-0.03627323696796864,<= 0,1082.636733874054
20,3,median_unlocked_session_duration_seconds,-2.4746233667866497e-36,<= 0,1082.636733874054
20,3,night_screen_event_count,-0.0896231793906995,<= 0,1082.636733874054
20,3,screen_active_hour_count,-0.03733428182445163,<= 0,1082.636733874054
20,3,screen_event_count,0.0034432429263025963,>= 0,1082.636733874054
20,3,screen_off_event_count,-2.337986839892431e-56,<= 0,1082.636733874054
20,3,screen_on_event_count,-3.564785612232333e-35,<= 0,1082.636733874054
20,3,screen_transition_count,-0.006097109402235797,<= 0,1082.636733874054
20,3,screen_unlock_event_count,0.03480875252657838,>= 0,1082.636733874054
20,3,telephony_event_count,0.04604061015594095,>= 0,1082.636733874054
20,3,telephony_mobile_data_enabled_fraction,-0.10251978451474106,<= 0,1082.636733874054
20,3,telephony_network_type_diversity,0.04428988695588703,>= 0,1082.636733874054
20,3,touch_active_hour_count,5.975893835536333e-36,>= 0,1082.636733874054
20,3,touch_app_diversity,8.949479570459791e-44,>= 0,1082.636733874054
20,3,touch_click_event_count,-1.9579268982568477e-43,<= 0,1082.636733874054
20,3,touch_distinct_event_count,-3.444650453150779e-39,<= 0,1082.636733874054
20,3,touch_scroll_direction_change_count,0.016406279450280354,>= 0,1082.636733874054
20,3,touch_scroll_event_count,-2.379323035450473e-38,<= 0,1082.636733874054
20,3,touch_scroll_index_change_median,-4.580981720203492e-44,<= 0,1082.636733874054
20,3,touch_unique_app_count,-2.206855500139616e-28,<= 0,1082.636733874054
20,3,missing__app_foreground_event_count,0.017805716905462565,unconstrained,1082.636733874054
20,3,missing__app_use_diversity,0.0178057169054626,unconstrained,1082.636733874054
20,3,missing__unique_foreground_apps,0.01780571690546254,unconstrained,1082.636733874054
20,3,missing__gsm_cell_transition_count,0.0434644268237886,unconstrained,1082.636733874054
20,3,missing__unique_gsm_cell_count,0.04346442682378858,unconstrained,1082.636733874054
20,3,missing__unique_gsm_lac_count,0.043464426823788614,unconstrained,1082.636733874054
20,3,missing__gsm_neighbor_cell_transition_count,0.010448887801844173,unconstrained,1082.636733874054
20,3,missing__unique_gsm_neighbor_cell_count,0.010448887801844177,unconstrained,1082.636733874054
20,3,missing__unique_gsm_neighbor_lac_count,0.010448887801844145,unconstrained,1082.636733874054
20,3,missing__keyboard_deletion_event_count,-0.057006523906743295,unconstrained,1082.636733874054
20,3,missing__keyboard_inter_event_interval_iqr_ms,-0.0570065239067433,unconstrained,1082.636733874054
20,3,missing__keyboard_long_pause_count_2s,-0.05700652390674331,unconstrained,1082.636733874054
20,3,missing__keyboard_median_inter_event_interval_ms,-0.057006523906743295,unconstrained,1082.636733874054
20,3,missing__keyboard_median_word_completion_time_ms,-0.03837286863804765,unconstrained,1082.636733874054
20,3,missing__keyboard_typing_burst_count,-0.05700652390674327,unconstrained,1082.636733874054
20,3,missing__message_distinct_event_count,0.05846074776097207,unconstrained,1082.636733874054
20,3,missing__activity_active_hour_count,0.043464426823788614,unconstrained,1082.636733874054
20,3,missing__activity_state_diversity,0.04346442682378862,unconstrained,1082.636733874054
20,3,missing__activity_still_fraction,0.04346442682378853,unconstrained,1082.636733874054
20,3,missing__activity_transition_count,0.04346442682378858,unconstrained,1082.636733874054
20,3,missing__activity_unknown_fraction,0.04346442682378858,unconstrained,1082.636733874054
20,3,missing__median_unlocked_session_duration_seconds,0.03802796117244257,unconstrained,1082.636733874054
20,3,missing__night_screen_event_count,0.05349398894828135,unconstrained,1082.636733874054
20,3,missing__screen_active_hour_count,0.05349398894828137,unconstrained,1082.636733874054
20,3,missing__screen_event_count,0.05349398894828132,unconstrained,1082.636733874054
20,3,missing__screen_off_event_count,0.053493988948281376,unconstrained,1082.636733874054
20,3,missing__screen_on_event_count,0.05349398894828136,unconstrained,1082.636733874054
20,3,missing__screen_transition_count,0.053493988948281404,unconstrained,1082.636733874054
20,3,missing__screen_unlock_event_count,0.053493988948281376,unconstrained,1082.636733874054
20,3,missing__telephony_event_count,0.0434644268237886,unconstrained,1082.636733874054
20,3,missing__telephony_mobile_data_enabled_fraction,0.04346442682378863,unconstrained,1082.636733874054
20,3,missing__telephony_network_type_diversity,0.04346442682378864,unconstrained,1082.636733874054
20,3,missing__touch_active_hour_count,-0.02207457858028326,unconstrained,1082.636733874054
20,3,missing__touch_app_diversity,-0.022074578580283315,unconstrained,1082.636733874054
20,3,missing__touch_click_event_count,-0.022074578580283298,unconstrained,1082.636733874054
20,3,missing__touch_distinct_event_count,-0.022074578580283315,unconstrained,1082.636733874054
20,3,missing__touch_scroll_direction_change_count,0.007853341583705787,unconstrained,1082.636733874054
20,3,missing__touch_scroll_event_count,-0.022074578580283336,unconstrained,1082.636733874054
20,3,missing__touch_scroll_index_change_median,0.00785334158370577,unconstrained,1082.636733874054
20,3,missing__touch_unique_app_count,-0.022074578580283347,unconstrained,1082.636733874054
20,4,app_foreground_event_count,0.007546186227690084,>= 0,10000.0
20,4,app_use_diversity,0.014098049548310237,>= 0,10000.0
20,4,unique_foreground_apps,0.009939231017779047,>= 0,10000.0
20,4,call_event_count,-0.008955549487282869,<= 0,10000.0
20,4,incoming_call_count,-0.0017552389225059418,<= 0,10000.0
20,4,missed_rejected_blocked_call_count,0.0017586768625616324,>= 0,10000.0
20,4,outgoing_call_count,-0.011381544457512847,<= 0,10000.0
20,4,total_call_duration_seconds,-0.0024652812863115523,<= 0,10000.0
20,4,gsm_cell_transition_count,2.8537191181863955e-27,>= 0,10000.0
20,4,unique_gsm_cell_count,0.002585186519990537,>= 0,10000.0
20,4,unique_gsm_lac_count,0.0015992033183207762,>= 0,10000.0
20,4,gsm_neighbor_cell_transition_count,-2.554596965733374e-26,<= 0,10000.0
20,4,unique_gsm_neighbor_cell_count,-0.003590388217188046,<= 0,10000.0
20,4,unique_gsm_neighbor_lac_count,2.377780609030673e-36,>= 0,10000.0
20,4,keyboard_deletion_event_count,0.010019953355309748,>= 0,10000.0
20,4,keyboard_inter_event_interval_iqr_ms,-1.9388648811985685e-17,<= 0,10000.0
20,4,keyboard_long_pause_count_2s,0.008244491297825597,>= 0,10000.0
20,4,keyboard_median_inter_event_interval_ms,-0.0018278462036705695,<= 0,10000.0
20,4,keyboard_median_word_completion_time_ms,-2.9484478113822125e-31,<= 0,10000.0
20,4,keyboard_typing_burst_count,0.004731743367095767,>= 0,10000.0
20,4,message_distinct_event_count,-0.002485116478772849,<= 0,10000.0
20,4,activity_active_hour_count,0.0016425617024734842,>= 0,10000.0
20,4,activity_state_diversity,0.004924645254270707,>= 0,10000.0
20,4,activity_still_fraction,-0.006309627053521264,<= 0,10000.0
20,4,activity_transition_count,0.00447898936125763,>= 0,10000.0
20,4,activity_unknown_fraction,0.007441317577297606,>= 0,10000.0
20,4,median_unlocked_session_duration_seconds,0.003509489842062516,>= 0,10000.0
20,4,night_screen_event_count,0.007684130218803533,>= 0,10000.0
20,4,screen_active_hour_count,-0.0015712817792089117,<= 0,10000.0
20,4,screen_event_count,0.010357229674093298,>= 0,10000.0
20,4,screen_off_event_count,0.009008522677980208,>= 0,10000.0
20,4,screen_on_event_count,0.010024461976926134,>= 0,10000.0
20,4,screen_transition_count,0.0018120448957050434,>= 0,10000.0
20,4,screen_unlock_event_count,0.010935938290771274,>= 0,10000.0
20,4,telephony_event_count,0.0017876665029934254,>= 0,10000.0
20,4,telephony_mobile_data_enabled_fraction,-0.013759080200915616,<= 0,10000.0
20,4,telephony_network_type_diversity,0.0002195973189069446,>= 0,10000.0
20,4,touch_active_hour_count,-2.4892061111444567e-59,<= 0,10000.0
20,4,touch_app_diversity,0.004085857792682301,>= 0,10000.0
20,4,touch_click_event_count,0.006801569356258588,>= 0,10000.0
20,4,touch_distinct_event_count,0.0070534355218488465,>= 0,10000.0
20,4,touch_scroll_direction_change_count,0.005506558589280793,>= 0,10000.0
20,4,touch_scroll_event_count,-6.734432938166156e-45,<= 0,10000.0
20,4,touch_scroll_index_change_median,0.006447182643216692,>= 0,10000.0
20,4,touch_unique_app_count,0.006700534042422844,>= 0,10000.0
20,4,missing__app_foreground_event_count,-0.004154185298578046,unconstrained,10000.0
20,4,missing__app_use_diversity,-0.004154185298578058,unconstrained,10000.0
20,4,missing__unique_foreground_apps,-0.004154185298578052,unconstrained,10000.0
20,4,missing__call_event_count,0.00048509646021950846,unconstrained,10000.0
20,4,missing__incoming_call_count,0.0004850964602195051,unconstrained,10000.0
20,4,missing__missed_rejected_blocked_call_count,0.00048509646021950955,unconstrained,10000.0
20,4,missing__outgoing_call_count,0.00048509646021951063,unconstrained,10000.0
20,4,missing__total_call_duration_seconds,0.00048509646021950423,unconstrained,10000.0
20,4,missing__gsm_cell_transition_count,0.0031178532641100206,unconstrained,10000.0
20,4,missing__unique_gsm_cell_count,0.0031178532641100345,unconstrained,10000.0
20,4,missing__unique_gsm_lac_count,0.0031178532641100124,unconstrained,10000.0
20,4,missing__gsm_neighbor_cell_transition_count,0.0038350517615143007,unconstrained,10000.0
20,4,missing__unique_gsm_neighbor_cell_count,0.0038350517615142955,unconstrained,10000.0
20,4,missing__unique_gsm_neighbor_lac_count,0.003835051761514296,unconstrained,10000.0
20,4,missing__keyboard_deletion_event_count,-0.00794526399527939,unconstrained,10000.0
20,4,missing__keyboard_inter_event_interval_iqr_ms,-0.00794526399527938,unconstrained,10000.0
20,4,missing__keyboard_long_pause_count_2s,-0.007945263995279377,unconstrained,10000.0
20,4,missing__keyboard_median_inter_event_interval_ms,-0.00794526399527941,unconstrained,10000.0
20,4,missing__keyboard_median_word_completion_time_ms,-0.006208697566561385,unconstrained,10000.0
20,4,missing__keyboard_typing_burst_count,-0.007945263995279398,unconstrained,10000.0
20,4,missing__message_distinct_event_count,0.002186665122853615,unconstrained,10000.0
20,4,missing__activity_active_hour_count,0.003117853264110024,unconstrained,10000.0
20,4,missing__activity_state_diversity,0.003117853264110024,unconstrained,10000.0
20,4,missing__activity_still_fraction,0.00311785326411002,unconstrained,10000.0
20,4,missing__activity_transition_count,0.003117853264110024,unconstrained,10000.0
20,4,missing__activity_unknown_fraction,0.0031178532641100323,unconstrained,10000.0
20,4,missing__median_unlocked_session_duration_seconds,0.0023634102424520283,unconstrained,10000.0
20,4,missing__night_screen_event_count,0.004159558300708676,unconstrained,10000.0
20,4,missing__screen_active_hour_count,0.004159558300708673,unconstrained,10000.0
20,4,missing__screen_event_count,0.004159558300708674,unconstrained,10000.0
20,4,missing__screen_off_event_count,0.004159558300708679,unconstrained,10000.0
20,4,missing__screen_on_event_count,0.0041595583007086765,unconstrained,10000.0
20,4,missing__screen_transition_count,0.0041595583007086635,unconstrained,10000.0
20,4,missing__screen_unlock_event_count,0.004159558300708672,unconstrained,10000.0
20,4,missing__telephony_event_count,0.0031178532641100293,unconstrained,10000.0
20,4,missing__telephony_mobile_data_enabled_fraction,0.0031178532641100254,unconstrained,10000.0
20,4,missing__telephony_network_type_diversity,0.0031178532641100206,unconstrained,10000.0
20,4,missing__touch_active_hour_count,-0.008552969475443057,unconstrained,10000.0
20,4,missing__touch_app_diversity,-0.008552969475443062,unconstrained,10000.0
20,4,missing__touch_click_event_count,-0.008552969475443054,unconstrained,10000.0
20,4,missing__touch_distinct_event_count,-0.008552969475443062,unconstrained,10000.0
20,4,missing__touch_scroll_direction_change_count,-0.005568458752262974,unconstrained,10000.0
20,4,missing__touch_scroll_event_count,-0.00855296947544307,unconstrained,10000.0
20,4,missing__touch_scroll_index_change_median,-0.005568458752262968,unconstrained,10000.0
20,4,missing__touch_unique_app_count,-0.008552969475443071,unconstrained,10000.0
20,5,app_foreground_event_count,0.007604197525851797,>= 0,10000.0
20,5,app_use_diversity,0.017183406585792725,>= 0,10000.0
20,5,unique_foreground_apps,-4.7582479621440765e-42,<= 0,10000.0
20,5,call_event_count,-0.009046712034022448,<= 0,10000.0
20,5,incoming_call_count,-0.0024565520905370716,<= 0,10000.0
20,5,missed_rejected_blocked_call_count,0.00047198340883787586,>= 0,10000.0
20,5,outgoing_call_count,-0.011022473459882656,<= 0,10000.0
20,5,total_call_duration_seconds,-0.002865599375735855,<= 0,10000.0
20,5,gsm_cell_transition_count,8.295686908802917e-43,>= 0,10000.0
20,5,unique_gsm_cell_count,0.0010444590348685381,>= 0,10000.0
20,5,unique_gsm_lac_count,7.976484895647364e-31,>= 0,10000.0
20,5,gsm_neighbor_cell_transition_count,-8.770987947631832e-05,<= 0,10000.0
20,5,unique_gsm_neighbor_cell_count,-0.015730414532844763,<= 0,10000.0
20,5,unique_gsm_neighbor_lac_count,6.694178909129866e-45,>= 0,10000.0
20,5,keyboard_deletion_event_count,0.004793688982192597,>= 0,10000.0
20,5,keyboard_inter_event_interval_iqr_ms,-0.007338992083924502,<= 0,10000.0
20,5,keyboard_long_pause_count_2s,0.0037447572173675723,>= 0,10000.0
20,5,keyboard_median_inter_event_interval_ms,-0.011438681927268088,<= 0,10000.0
20,5,keyboard_median_word_completion_time_ms,-4.474781279706401e-27,<= 0,10000.0
20,5,keyboard_typing_burst_count,-1.5241956020440908e-38,<= 0,10000.0
20,5,message_distinct_event_count,-0.0024667262566978225,<= 0,10000.0
20,5,activity_active_hour_count,0.004184386896620889,>= 0,10000.0
20,5,activity_state_diversity,-0.004589873296110315,<= 0,10000.0
20,5,activity_still_fraction,-6.463757739780844e-40,<= 0,10000.0
20,5,activity_transition_count,3.0550877148749376e-47,>= 0,10000.0
20,5,activity_unknown_fraction,-0.00847386982880476,<= 0,10000.0
20,5,median_unlocked_session_duration_seconds,-1.5790582035984986e-40,<= 0,10000.0
20,5,night_screen_event_count,-0.008562175143009129,<= 0,10000.0
20,5,screen_active_hour_count,-0.002613101860289064,<= 0,10000.0
20,5,screen_event_count,0.0018361532336367348,>= 0,10000.0
20,5,screen_off_event_count,0.0009449203157778893,>= 0,10000.0
20,5,screen_on_event_count,0.0026644151633197204,>= 0,10000.0
20,5,screen_transition_count,-0.0016874277529405576,<= 0,10000.0
20,5,screen_unlock_event_count,0.006665998366007107,>= 0,10000.0
20,5,telephony_event_count,0.00288064000110336,>= 0,10000.0
20,5,telephony_mobile_data_enabled_fraction,-0.016444828655848696,<= 0,10000.0
20,5,telephony_network_type_diversity,2.5897569531483055e-16,>= 0,10000.0
20,5,touch_active_hour_count,-2.70451421480691e-44,<= 0,10000.0
20,5,touch_app_diversity,3.0929999522153906e-14,>= 0,10000.0
20,5,touch_click_event_count,0.006620675347143133,>= 0,10000.0
20,5,touch_distinct_event_count,-1.609233058606215e-41,<= 0,10000.0
20,5,touch_scroll_direction_change_count,0.00405950499702063,>= 0,10000.0
20,5,touch_scroll_event_count,0.005448482890982137,>= 0,10000.0
20,5,touch_scroll_index_change_median,-7.232660317305338e-38,<= 0,10000.0
20,5,touch_unique_app_count,-2.913908991524294e-45,<= 0,10000.0
20,5,missing__app_foreground_event_count,-0.0009386575228216173,unconstrained,10000.0
20,5,missing__app_use_diversity,-0.0009386575228216172,unconstrained,10000.0
20,5,missing__unique_foreground_apps,-0.000938657522821615,unconstrained,10000.0
20,5,missing__call_event_count,-0.0013520560755197599,unconstrained,10000.0
20,5,missing__incoming_call_count,-0.001352056075519763,unconstrained,10000.0
20,5,missing__missed_rejected_blocked_call_count,-0.0013520560755197774,unconstrained,10000.0
20,5,missing__outgoing_call_count,-0.001352056075519757,unconstrained,10000.0
20,5,missing__total_call_duration_seconds,-0.0013520560755197542,unconstrained,10000.0
20,5,missing__gsm_cell_transition_count,0.0027950338526769813,unconstrained,10000.0
20,5,missing__unique_gsm_cell_count,0.0027950338526769743,unconstrained,10000.0
20,5,missing__unique_gsm_lac_count,0.002795033852676969,unconstrained,10000.0
20,5,missing__gsm_neighbor_cell_transition_count,0.005908423052056029,unconstrained,10000.0
20,5,missing__unique_gsm_neighbor_cell_count,0.005908423052056025,unconstrained,10000.0
20,5,missing__unique_gsm_neighbor_lac_count,0.0059084230520560265,unconstrained,10000.0
20,5,missing__keyboard_deletion_event_count,-0.009610989437872919,unconstrained,10000.0
20,5,missing__keyboard_inter_event_interval_iqr_ms,-0.00961098943787292,unconstrained,10000.0
20,5,missing__keyboard_long_pause_count_2s,-0.00961098943787294,unconstrained,10000.0
20,5,missing__keyboard_median_inter_event_interval_ms,-0.00961098943787292,unconstrained,10000.0
20,5,missing__keyboard_median_word_completion_time_ms,-0.004960184310385506,unconstrained,10000.0
20,5,missing__keyboard_typing_burst_count,-0.009610989437872919,unconstrained,10000.0
20,5,missing__message_distinct_event_count,0.007722997333171867,unconstrained,10000.0
20,5,missing__activity_active_hour_count,0.002795033852676968,unconstrained,10000.0
20,5,missing__activity_state_diversity,0.0027950338526769604,unconstrained,10000.0
20,5,missing__activity_still_fraction,0.0027950338526769604,unconstrained,10000.0
20,5,missing__activity_transition_count,0.002795033852676964,unconstrained,10000.0
20,5,missing__activity_unknown_fraction,0.00279503385267697,unconstrained,10000.0
20,5,missing__median_unlocked_session_duration_seconds,0.0020009661939434063,unconstrained,10000.0
20,5,missing__night_screen_event_count,0.002795033852676958,unconstrained,10000.0
20,5,missing__screen_active_hour_count,0.0027950338526769643,unconstrained,10000.0
20,5,missing__screen_event_count,0.0027950338526769643,unconstrained,10000.0
20,5,missing__screen_off_event_count,0.0027950338526769604,unconstrained,10000.0
20,5,missing__screen_on_event_count,0.0027950338526769635,unconstrained,10000.0
20,5,missing__screen_transition_count,0.0027950338526769648,unconstrained,10000.0
20,5,missing__screen_unlock_event_count,0.002795033852676946,unconstrained,10000.0
20,5,missing__telephony_event_count,0.0027950338526769474,unconstrained,10000.0
20,5,missing__telephony_mobile_data_enabled_fraction,0.0027950338526769774,unconstrained,10000.0
20,5,missing__telephony_network_type_diversity,0.002795033852676968,unconstrained,10000.0
20,5,missing__touch_active_hour_count,-0.0050233248669085875,unconstrained,10000.0
20,5,missing__touch_app_diversity,-0.005023324866908583,unconstrained,10000.0
20,5,missing__touch_click_event_count,-0.005023324866908572,unconstrained,10000.0
20,5,missing__touch_distinct_event_count,-0.005023324866908582,unconstrained,10000.0
20,5,missing__touch_scroll_direction_change_count,-0.003966767040468725,unconstrained,10000.0
20,5,missing__touch_scroll_event_count,-0.0050233248669085805,unconstrained,10000.0
20,5,missing__touch_scroll_index_change_median,-0.003966767040468732,unconstrained,10000.0
20,5,missing__touch_unique_app_count,-0.005023324866908568,unconstrained,10000.0
