chunk_index,chunk_start_ms,chunk_end_ms,chunk_start_local,chunk_end_local,local_hour,is_night_22_06,valid_sample_count,status,observed_span_seconds,median_interval_ms,p95_interval_ms,max_gap_seconds,gap_count_gt_1s,gap_burden_fraction,gravity_baseline_median,magnitude_mean,magnitude_sd,dynamic_magnitude_mean,dynamic_magnitude_median,dynamic_magnitude_sd,high_motion_fraction,effective_sampling_hz_from_median_interval,effective_nyquist_hz_from_median_interval,dominant_frequency_hz,total_power,very_low_lt_0_3hz_power,very_low_lt_0_3hz_power_ratio,handling_0_3_1hz_power,handling_0_3_1hz_power_ratio,walking_like_1_3hz_power,walking_like_1_3hz_power_ratio,vigorous_2_5_4hz_power,vigorous_2_5_4hz_power_ratio,shaking_like_3_8hz_power,shaking_like_3_8hz_power_ratio,high_freq_8_12hz_power,high_freq_8_12hz_power_ratio,walking_like_power_ratio,shaking_like_power_ratio,chunk_state_candidate,Subject_ID_D,device_id,raw_rows_downloaded
0,1736320047000,1736320347000,2025-01-08 09:07:27+0200,2025-01-08 09:12:27+0200,9,False,3198,ok,299.032,20.0,200.0,0.209,0,0.0,9.907332950801273,9.906014397445121,0.3139099847714061,0.08289193500574436,0.022253046332195048,0.3027707783673003,0.019699812382739212,50.0,25.0,0.08333333333333333,0.017051481861006208,0.005773373501939377,0.3385848543253056,0.005332075576521286,0.3127045273827386,0.005312722112640272,0.31156952550790024,0.0008815566282587036,0.05169970771130873,0.0005872671061696964,0.03444082519963704,,,0.31156952550790024,0.03444082519963704,still_phone_candidate,041,d74f7acf-f82f-491d-90b9-d7321e6d4bcf,3198
1,1736320347000,1736320647000,2025-01-08 09:12:27+0200,2025-01-08 09:17:27+0200,9,False,2739,ok,299.8,44.0,201.0,0.203,0,0.0,9.903140316794481,9.904206537924653,0.06442164231378221,0.028551337445948777,0.015082646178765202,0.057759033544120875,0.0018254837531945967,22.727272727272727,11.363636363636363,0.21666666666666667,0.0037851431418380226,0.0014726480640948367,0.3890600722116246,0.0010356750610330308,0.27361582434901494,0.0012253763207354222,0.3237331521735776,0.00020883970007893967,0.055173527724906454,8.292648931703649e-05,0.021908415668731706,,,0.3237331521735776,0.021908415668731706,still_phone_candidate,041,d74f7acf-f82f-491d-90b9-d7321e6d4bcf,2739
2,1736320647000,1736320947000,2025-01-08 09:17:27+0200,2025-01-08 09:22:27+0200,9,False,1500,ok,299.8,200.0,201.0,0.204,0,0.0,9.903522480961444,9.904124460747099,0.06010099255150987,0.019086160089861547,0.0103322242700159,0.056993071318916996,0.0013333333333333333,5.0,2.5,0.03333333333333333,0.001513312970806617,0.00038014355692055123,0.25119956298129753,0.0005505087279207354,0.36377718194492614,0.0005308106965623685,0.35076068652173054,6.252183777322898e-05,0.04131454562231365,3.6143359897969136e-05,0.02388359882933153,,,0.35076068652173054,0.02388359882933153,still_phone_candidate,041,d74f7acf-f82f-491d-90b9-d7321e6d4bcf,1500
3,1736320947000,1736321247000,2025-01-08 09:22:27+0200,2025-01-08 09:27:27+0200,9,False,1500,ok,299.799,200.0,201.0,0.213,0,0.0,9.904835433997714,9.905180277337829,0.033385632955791396,0.01608251666183747,0.009744303471505233,0.029258709175385134,0.0,5.0,2.5,0.16666666666666666,0.0007466437943121801,0.00020023119271427774,0.2681749908585711,0.0002824757331544249,0.3783273032017174,0.0002428905590806347,0.32530982100291783,2.95842429538836e-05,0.039622967711312816,1.3331157522759095e-05,0.017854775763642375,,,0.32530982100291783,0.017854775763642375,still_phone_candidate,041,d74f7acf-f82f-491d-90b9-d7321e6d4bcf,1500
4,1736321247000,1736321547000,2025-01-08 09:27:27+0200,2025-01-08 09:32:27+0200,9,False,1500,ok,299.8,200.0,201.0,0.211,0,0.0,9.90246669049247,9.898267434100516,0.0805009157191205,0.025139075133425386,0.01303502652939148,0.07659019576485172,0.0006666666666666666,5.0,2.5,0.06666666666666667,0.006168382533170007,0.0013604152070409998,0.22054650465101194,0.0023355473264003194,0.37863205043479253,0.002306372231040189,0.37390226994481096,0.00034049034614791593,0.055199291599857016,0.00014246767399687507,0.023096439501079254,,,0.37390226994481096,0.023096439501079254,still_phone_candidate,041,d74f7acf-f82f-491d-90b9-d7321e6d4bcf,1500
5,1736321547000,1736321847000,2025-01-08 09:32:27+0200,2025-01-08 09:37:27+0200,9,False,1500,ok,299.8,200.0,201.0,0.211,0,0.0,9.905324055318362,9.906846509390965,0.03658678060007093,0.017570477583183277,0.009463689589469304,0.03212769363928521,0.0,5.0,2.5,0.08333333333333333,0.0008891477088381435,0.00022772752315596085,0.2561188887879318,0.0002927005425289614,0.3291922586309484,0.0003409606009449629,0.3834690204516175,5.201166212753979e-05,0.0584960874448002,1.8967435048783826e-05,0.021332153094752643,,,0.3834690204516175,0.021332153094752643,still_phone_candidate,041,d74f7acf-f82f-491d-90b9-d7321e6d4bcf,1500
6,1736321847000,1736322147000,2025-01-08 09:37:27+0200,2025-01-08 09:42:27+0200,9,False,1500,ok,299.8,200.0,201.0,0.229,0,0.0,9.904496101434747,9.90633784597999,0.14785740112585782,0.04877614591722638,0.012661178920255978,0.13959258819910247,0.007333333333333333,5.0,2.5,0.03333333333333333,0.015378961631789954,0.005662427260853602,0.3681930806790467,0.005625057890279343,0.36576317861745283,0.004139434029734413,0.26916212738171874,0.0008210112585634553,0.05338535059911571,0.00026350784172941025,0.017134306466095307,,,0.26916212738171874,0.017134306466095307,still_phone_candidate,041,d74f7acf-f82f-491d-90b9-d7321e6d4bcf,1500
7,1736322147000,1736322447000,2025-01-08 09:42:27+0200,2025-01-08 09:47:27+0200,9,False,1500,ok,299.8,200.0,201.0,0.203,0,0.0,9.905709949965548,9.908905358091458,0.14407819007623582,0.036999659368742534,0.011468142055348629,0.13928302371549842,0.006666666666666667,5.0,2.5,0.2,0.021863051787490855,0.006144661651747902,0.2810523302727402,0.007847447213347588,0.3589364965890799,0.00708754034436026,0.3241789121322697,0.0010765117085081758,0.04923885827888455,0.0004055778723095822,0.018550835274590408,,,0.3241789121322697,0.018550835274590408,still_phone_candidate,041,d74f7acf-f82f-491d-90b9-d7321e6d4bcf,1500
8,1736322447000,1736322747000,2025-01-08 09:47:27+0200,2025-01-08 09:52:27+0200,9,False,1500,ok,299.8,200.0,201.0,0.203,0,0.0,9.905783551723502,9.904510588228488,0.03384552318633671,0.016856022902353055,0.010132166559220224,0.02937710618375887,0.0,5.0,2.5,0.06666666666666667,0.0004911873117461391,0.00012251145699476693,0.2494190180915843,0.00016630574932782695,0.33857908246167995,0.00019229745151265291,0.3914951524888701,2.8320749045226093e-05,0.057657737421082114,1.134877841936466e-05,0.023104787416068397,,,0.3914951524888701,0.023104787416068397,still_phone_candidate,041,d74f7acf-f82f-491d-90b9-d7321e6d4bcf,1500
9,1736322747000,1736323047000,2025-01-08 09:52:27+0200,2025-01-08 09:57:27+0200,9,False,1500,ok,299.8,200.0,201.0,0.211,0,0.0,9.902375979757256,9.899375816598114,0.04000330993678862,0.022840026879132006,0.014063772684191456,0.032978765244332124,0.0,5.0,2.5,0.016666666666666666,0.0009364896093155762,0.0002379194364780485,0.25405453953934365,0.00028584300774262065,0.30522816793613555,0.0003874618862784281,0.41373858548372006,5.9605761603956024e-05,0.06364807576190651,2.512446112866107e-05,0.026828339448446228,,,0.41373858548372006,0.026828339448446228,still_phone_candidate,041,d74f7acf-f82f-491d-90b9-d7321e6d4bcf,1500
10,1736323047000,1736323347000,2025-01-08 09:57:27+0200,2025-01-08 10:02:27+0200,9,False,1500,ok,299.8,200.0,201.0,0.212,0,0.0,9.904740959374097,9.903146421514263,0.06733654695905567,0.024620639866696447,0.01180234564540239,0.06269431553107502,0.0026666666666666666,5.0,2.5,0.016666666666666666,0.0026139930413305716,0.0007440742691814706,0.2846504399272321,0.0008691702438476777,0.33250671677582344,0.0009655540913371945,0.3693789830617565,0.0001445595041655204,0.055302176356191404,5.93876925324169e-05,0.022719147141335713,,,0.3693789830617565,0.022719147141335713,still_phone_candidate,041,d74f7acf-f82f-491d-90b9-d7321e6d4bcf,1500
11,1736323347000,1736323647000,2025-01-08 10:02:27+0200,2025-01-08 10:07:27+0200,10,False,1500,ok,299.801,200.0,201.0,0.203,0,0.0,9.904215689336716,9.905398686196886,0.03765209399612812,0.01650064215693637,0.009673258003666696,0.033864560712833315,0.0,5.0,2.5,0.016666666666666666,0.0008016647446133137,0.0002134043428253377,0.26620148167832197,0.00022417700722850191,0.2796393489109149,0.0003425207016965201,0.4272617749477512,4.9125141074978795e-05,0.061278909176272316,1.726966073670908e-05,0.021542247994252476,,,0.4272617749477512,0.021542247994252476,still_phone_candidate,041,d74f7acf-f82f-491d-90b9-d7321e6d4bcf,1500
12,1736323647000,1736323947000,2025-01-08 10:07:27+0200,2025-01-08 10:12:27+0200,10,False,2427,ok,299.798,200.0,200.0,0.215,0,0.0,9.933748742373103,10.086725639607518,1.3473795945895768,0.6123239643834139,0.18796007795644876,1.2099144869145175,0.21549237742068397,5.0,2.5,0.03333333333333333,0.3227459122998569,0.1950530076424132,0.6043546957806031,0.0636440796342807,0.1971956180041414,0.07095696126049215,0.2198539425483643,0.013255101077814203,0.04106977214168138,0.005633576738395695,0.017455145127172514,,,0.2198539425483643,0.017455145127172514,low_motion_phone_candidate,041,d74f7acf-f82f-491d-90b9-d7321e6d4bcf,2427
13,1736323947000,1736324247000,2025-01-08 10:12:27+0200,2025-01-08 10:17:27+0200,10,False,3203,ok,299.76,20.0,201.0,0.211,0,0.0,9.793242948879655,9.971852965812248,1.5755027860949584,0.8688715043945603,0.36761565092792736,1.3263381454187206,0.35060880424601937,50.0,25.0,0.016666666666666666,1.484733014929595,0.5538433959491386,0.3730255812863442,0.45653020825551643,0.30748303140357175,0.4676697454603415,0.314985752157278,0.0799498127951117,0.053847938983765956,0.04464843667694139,0.030071693852014594,,,0.314985752157278,0.030071693852014594,phone_handling_motion_candidate,041,d74f7acf-f82f-491d-90b9-d7321e6d4bcf,3203
14,1736324247000,1736324547000,2025-01-08 10:17:27+0200,2025-01-08 10:22:27+0200,10,False,17251,ok,299.956,10.0,20.0,0.207,0,0.0,9.789245929406924,9.913992869774656,1.5455935286797395,0.7902103678236766,0.2285567583200745,1.3341621826493841,0.30919946669758275,100.0,50.0,0.016666666666666666,0.6179758689751658,0.29578685653973624,0.47863819833331206,0.11309023761943578,0.18300105764158967,0.16608628298994274,0.2687585249329811,0.050183547257298025,0.08120632176224137,0.07458023589061963,0.12068470572208823,,,0.2687585249329811,0.12068470572208823,phone_handling_motion_candidate,041,d74f7acf-f82f-491d-90b9-d7321e6d4bcf,17251
15,1736324547000,1736324847000,2025-01-08 10:22:27+0200,2025-01-08 10:27:27+0200,10,False,13792,ok,299.86,10.0,199.0,0.209,0,0.0,9.772447027849992,9.834334759805989,0.90428307539008,0.3837499878533628,0.1576845705594092,0.8211540163855634,0.12449245939675174,100.0,50.0,0.016666666666666666,0.27784953161707704,0.12820925393073007,0.4614341193399015,0.06889067332660018,0.2479423770328431,0.061765340347993795,0.22229780265786708,0.02634713487302633,0.09482519088546484,0.03204860146552769,0.11534517002424176,,,0.22229780265786708,0.11534517002424176,low_motion_phone_candidate,041,d74f7acf-f82f-491d-90b9-d7321e6d4bcf,13792
16,1736324847000,1736325147000,2025-01-08 10:27:27+0200,2025-01-08 10:32:27+0200,10,False,3016,ok,299.93,20.0,201.0,12.829,1,0.042763333333333334,9.772225276182548,9.825762348442703,0.7270814316852218,0.364042147961315,0.12192002514229205,0.6316541307672522,0.14157824933687002,50.0,25.0,0.016666666666666666,0.30677570465659065,0.18897760112945292,0.61601227952845,0.068510814699779,0.22332542525318633,0.0619155974471666,0.20182692601578683,0.012202143248550689,0.03977545504201499,0.008084834217592906,0.026354219368979012,,,0.20182692601578683,0.026354219368979012,low_motion_phone_candidate,041,d74f7acf-f82f-491d-90b9-d7321e6d4bcf,3016
17,1736325147000,1736325447000,2025-01-08 10:32:27+0200,2025-01-08 10:37:27+0200,10,False,3473,ok,299.966,20.0,201.0,0.378,0,0.0,9.846621187181666,9.850608647581849,0.7254935996058196,0.37610370159891926,0.20970889387534264,0.6204054066117118,0.10365678088108264,50.0,25.0,0.05,0.26387217946537944,0.12265915444405939,0.4648430717197018,0.07551621358500596,0.2861848253120365,0.05842601045165221,0.22141784924059346,0.013689444382422802,0.05187907421751858,0.00703883320488267,0.02667516226660863,,,0.22141784924059346,0.02667516226660863,phone_handling_motion_candidate,041,d74f7acf-f82f-491d-90b9-d7321e6d4bcf,3473
18,1736325447000,1736325747000,2025-01-08 10:37:27+0200,2025-01-08 10:42:27+0200,10,False,1802,ok,299.679,195.0,201.0,94.712,1,0.3157066666666667,9.86067464286138,9.899922144101838,1.0149779830100663,0.40852994668583614,0.1946468536398287,0.9299591146978826,0.11709211986681466,5.128205128205129,2.5641025641025643,0.016666666666666666,0.25064817429891295,0.13432024673430404,0.535891582334524,0.06816275791071837,0.2719459581198872,0.054452802128183986,0.2172479503610737,0.007838701132774462,0.0312737212417368,0.003285252586652585,0.013107027792409628,,,0.2172479503610737,0.013107027792409628,low_motion_phone_candidate,041,d74f7acf-f82f-491d-90b9-d7321e6d4bcf,1802
19,1736325747000,1736326047000,2025-01-08 10:42:27+0200,2025-01-08 10:47:27+0200,10,False,3353,ok,299.922,20.0,201.0,0.214,0,0.0,9.851827365341244,9.99242015142803,1.1582056103662912,0.581986527954562,0.2678650735553756,1.0111865548270462,0.19862809424396063,50.0,25.0,0.016666666666666666,0.5652586056908931,0.3156340241495043,0.5583887108869707,0.1131408213754028,0.2001576273874066,0.169590334690284,0.3000225613248302,0.02871444022066782,0.050798767027299484,0.012893387778113267,0.02280971514330895,,,0.3000225613248302,0.02280971514330895,phone_handling_motion_candidate,041,d74f7acf-f82f-491d-90b9-d7321e6d4bcf,3353
20,1736326047000,1736326347000,2025-01-08 10:47:27+0200,2025-01-08 10:52:27+0200,10,False,3202,ok,299.72,20.0,201.0,0.227,0,0.0,10.060233511738438,10.170255505344654,1.103581226770316,0.5811813472014505,0.21107598745715883,0.9445764155546486,0.21486570893191756,50.0,25.0,0.016666666666666666,0.5224428820615266,0.24361666189093675,0.46630295914768866,0.12824174934612065,0.2454655881999709,0.17455412939672105,0.3341114127307879,0.02833706077016875,0.05423953841298881,0.016988054861629572,0.03251657826133219,,,0.3341114127307879,0.03251657826133219,phone_handling_motion_candidate,041,d74f7acf-f82f-491d-90b9-d7321e6d4bcf,3202
21,1736326347000,1736326647000,2025-01-08 10:52:27+0200,2025-01-08 10:57:27+0200,10,False,3045,ok,299.741,20.0,200.0,0.202,0,0.0,9.756475799975213,9.923192460809737,0.6745043059047268,0.25666079944987596,0.015297453749937517,0.6456591497915766,0.09261083743842365,50.0,25.0,0.016666666666666666,0.21773026138695672,0.06812285979317428,0.31287731599285734,0.06590926419601033,0.30271062816975364,0.07825197860131414,0.35939872621675856,0.013747418590424398,0.06313967797977367,0.009068945931377808,0.041652207063951514,,,0.35939872621675856,0.041652207063951514,still_phone_candidate,041,d74f7acf-f82f-491d-90b9-d7321e6d4bcf,3045
22,1736326647000,1736326947000,2025-01-08 10:57:27+0200,2025-01-08 11:02:27+0200,10,False,3044,ok,299.806,21.0,200.0,0.207,0,0.0,9.775168866754301,9.833489376482024,0.35043888550591207,0.1640072158999872,0.03907295444138992,0.3151354113111728,0.03613666228646518,47.61904761904762,23.80952380952381,0.016666666666666666,0.06153641727788776,0.030569157513560492,0.4967653117586533,0.018790874148781986,0.3053618488045163,0.01477289128198195,0.24006745818935382,0.0029360276462103707,0.04771203420816296,0.0015822825600103618,0.02571294576453889,,,0.24006745818935382,0.02571294576453889,still_phone_candidate,041,d74f7acf-f82f-491d-90b9-d7321e6d4bcf,3044
23,1736326947000,1736327247000,2025-01-08 11:02:27+0200,2025-01-08 11:07:27+0200,11,False,2928,ok,299.82,21.0,201.0,5.64,1,0.018799999999999997,9.907737578802612,9.88873409739529,0.5863348252178873,0.17341753477946711,0.011644607575187926,0.5604248550875497,0.06181693989071038,47.61904761904762,23.80952380952381,0.016666666666666666,0.392686291799513,0.1354503144892071,0.34493262769244215,0.12089337153746839,0.30786246951342733,0.13082275278492247,0.33314825476952065,0.02297682484719158,0.058511909702522694,0.011226804812830274,0.0285897548431921,,,0.33314825476952065,0.0285897548431921,still_phone_candidate,041,d74f7acf-f82f-491d-90b9-d7321e6d4bcf,2928
24,1736327247000,1736327547000,2025-01-08 11:07:27+0200,2025-01-08 11:12:27+0200,11,False,2737,ok,299.9,45.5,200.0,0.227,0,0.0,9.902226400341776,9.901636484120377,0.011251146085280815,0.009005127690171158,0.0077338580954045,0.006770817134165701,0.0,21.978021978021978,10.989010989010989,0.26666666666666666,3.0236660443742735e-05,8.716184800160938e-06,0.2882654589576109,9.725088918822788e-06,0.3216323752722939,1.0664162158899464e-05,0.3526898143642823,1.911551816962807e-06,0.0632196740284653,9.254565180998129e-07,0.030607100933705448,,,0.3526898143642823,0.030607100933705448,still_phone_candidate,041,d74f7acf-f82f-491d-90b9-d7321e6d4bcf,2737
25,1736327547000,1736327847000,2025-01-08 11:12:27+0200,2025-01-08 11:17:27+0200,11,False,1500,ok,299.8,200.0,201.0,0.211,0,0.0,9.898089329708577,9.897965961881987,0.015654255933967673,0.010713296231700805,0.0073828299351816895,0.011414737505463065,0.0,5.0,2.5,0.016666666666666666,9.984107891523983e-05,8.842939237220607e-05,0.8857014901379249,1.2301786885301692e-05,0.12321368137202629,1.3098589684544481e-05,0.1311943923969866,2.043024455369659e-06,0.020462764200536,7.125397418279119e-07,0.007136739201634862,,,0.1311943923969866,0.007136739201634862,still_phone_candidate,041,d74f7acf-f82f-491d-90b9-d7321e6d4bcf,1500
26,1736327847000,1736328147000,2025-01-08 11:17:27+0200,2025-01-08 11:22:27+0200,11,False,1500,ok,299.8,200.0,201.0,0.203,0,0.0,9.896436143550698,9.896221440076877,0.00921185239553264,0.007210160590366962,0.005873233602548211,0.0057374128664294845,0.0,5.0,2.5,0.03333333333333333,2.6580965245215512e-05,7.408210030177556e-06,0.27870357460066314,9.40888258352982e-06,0.35397068905251244,9.025411178749382e-06,0.3395441473057088,1.528901170972983e-06,0.05751864753098762,5.326102654596475e-07,0.020037280834092945,,,0.3395441473057088,0.020037280834092945,still_phone_candidate,041,d74f7acf-f82f-491d-90b9-d7321e6d4bcf,1500
27,1736328147000,1736328447000,2025-01-08 11:22:27+0200,2025-01-08 11:27:27+0200,11,False,1500,ok,299.8,200.0,201.0,0.216,0,0.0,9.894765924046059,9.88985561053814,0.2942723494972276,0.05530442625007105,0.00779354791393061,0.2890704884531019,0.011333333333333334,5.0,2.5,0.016666666666666666,0.017075146543829238,0.004499867711385568,0.26353318256069486,0.00594522341443887,0.34817993504058126,0.006301211042843392,0.36902822629774606,0.0011120682780505788,0.0651278907150854,0.00037577172879470645,0.022006940194050986,,,0.36902822629774606,0.022006940194050986,still_phone_candidate,041,d74f7acf-f82f-491d-90b9-d7321e6d4bcf,1500
28,1736328447000,1736328747000,2025-01-08 11:27:27+0200,2025-01-08 11:32:27+0200,11,False,1500,ok,299.8,200.0,206.0,0.207,0,0.0,9.84765734922507,9.834515762540693,0.23273393690246996,0.13130461791291803,0.0840957258251791,0.19260551394352257,0.012,5.0,2.5,0.06666666666666667,0.03295501919351011,0.011551186396991875,0.35051372081332816,0.010516595922985227,0.31911970256282773,0.009889193827743187,0.30008156783870676,0.0018416897579556092,0.055884954796758125,0.000594957952608693,0.018053636962404168,,,0.30008156783870676,0.018053636962404168,still_phone_candidate,041,d74f7acf-f82f-491d-90b9-d7321e6d4bcf,1500
29,1736328747000,1736329047000,2025-01-08 11:32:27+0200,2025-01-08 11:37:27+0200,11,False,3789,ok,299.724,30.0,200.0,0.208,0,0.0,9.823554479657377,9.825625232702071,0.2708422932107761,0.16196687700437665,0.1067709880349259,0.21708654164478564,0.020058062813407232,33.333333333333336,16.666666666666668,0.13333333333333333,0.03038511405931842,0.011245563347251289,0.37010107400938097,0.008260914595452367,0.271873739862396,0.009601586505207146,0.3159963950262862,0.002383839916764978,0.07845420333493562,0.0014717519277338408,0.048436610271090565,,,0.3159963950262862,0.048436610271090565,low_motion_phone_candidate,041,d74f7acf-f82f-491d-90b9-d7321e6d4bcf,3789
30,1736329047000,1736329347000,2025-01-08 11:37:27+0200,2025-01-08 11:42:27+0200,11,False,7885,ok,299.91,30.0,38.849999999999454,0.208,0,0.0,9.841974378095786,9.842219666542821,0.17741413360991548,0.08548426824602823,0.05629671034154349,0.15546148993696246,0.007102092580849715,33.333333333333336,16.666666666666668,0.016666666666666666,0.018905065711022257,0.007000182258290967,0.37028076840852436,0.005867219967469926,0.31035173625707896,0.004086282039786061,0.2161474655654663,0.0017619150197041012,0.09319803732165016,0.0020120778786140753,0.10643062073256744,,,0.2161474655654663,0.10643062073256744,still_phone_candidate,041,d74f7acf-f82f-491d-90b9-d7321e6d4bcf,7885
31,1736329347000,1736329647000,2025-01-08 11:42:27+0200,2025-01-08 11:47:27+0200,11,False,2254,ok,299.828,200.0,201.0,0.209,0,0.0,9.853797960811505,9.85480435176475,0.3125395344384382,0.14340416548771573,0.07497466561577681,0.2776998716789734,0.026175687666370896,5.0,2.5,0.05,0.07163229339209108,0.029043507163845114,0.4054527055956554,0.023189136090326398,0.32372460788595536,0.01860949586084784,0.25979198737901243,0.002374782876672269,0.033152406047835245,0.0011554496795021466,0.016130290191570494,,,0.25979198737901243,0.016130290191570494,still_phone_candidate,041,d74f7acf-f82f-491d-90b9-d7321e6d4bcf,2254
32,1736329647000,1736329947000,2025-01-08 11:47:27+0200,2025-01-08 11:52:27+0200,11,False,3200,ok,299.869,20.0,201.0,0.215,0,0.0,9.851828129911972,9.888939561156372,0.9915031823959112,0.3916168724656694,0.1159482862073471,0.9116424980388063,0.128125,50.0,25.0,0.03333333333333333,0.2689843764968608,0.11754548784245959,0.4369974545485597,0.07041700280957187,0.26178844930197526,0.06870319249135785,0.25541703717561326,0.014379908201872281,0.05346001276784231,0.014071665059235308,0.05231406092241767,,,0.25541703717561326,0.05231406092241767,low_motion_phone_candidate,041,d74f7acf-f82f-491d-90b9-d7321e6d4bcf,3200
33,1736329947000,1736330247000,2025-01-08 11:52:27+0200,2025-01-08 11:57:27+0200,11,False,3351,ok,299.874,20.0,201.0,0.214,0,0.0,9.99578086877595,10.008278960036446,0.8382196718895941,0.38257814748803937,0.166642673984164,0.7459238444321742,0.09907490301402566,50.0,25.0,0.06666666666666667,0.23540460925477966,0.10412545600474112,0.44232547669466227,0.05959914060423767,0.2531774581343613,0.0656707864514534,0.2789698411570929,0.012252562823809831,0.05204895036931421,0.009764555599503181,0.0414798827874052,,,0.2789698411570929,0.0414798827874052,low_motion_phone_candidate,041,d74f7acf-f82f-491d-90b9-d7321e6d4bcf,3351
34,1736330247000,1736330547000,2025-01-08 11:57:27+0200,2025-01-08 12:02:27+0200,11,False,1504,ok,299.904,200.0,206.0,0.21,0,0.0,9.876579070845603,9.876974211487974,0.365634944840747,0.1973325234400823,0.12277304149772572,0.3078131644644081,0.027925531914893616,5.0,2.5,0.06666666666666667,0.05730555320549844,0.021672769899487906,0.37819667880648633,0.01620049157292409,0.2827036939130301,0.018171060738951007,0.3170907481477293,0.0027871601542445376,0.0486368248509834,0.0011509846751831347,0.020085046052268078,,,0.3170907481477293,0.020085046052268078,low_motion_phone_candidate,041,d74f7acf-f82f-491d-90b9-d7321e6d4bcf,1504
35,1736330547000,1736330847000,2025-01-08 12:02:27+0200,2025-01-08 12:07:27+0200,12,False,1500,ok,299.8,200.0,201.0,0.203,0,0.0,9.649690802800253,9.703429416797801,0.45959338863470595,0.1524386922717002,0.009232677154936475,0.4368939992831251,0.056666666666666664,5.0,2.5,0.016666666666666666,0.012844628124541194,0.007292193192557342,0.5677231852765544,0.0032314096889587123,0.2515767414694333,0.003723709471436091,0.2899040311117688,0.0006681430070372213,0.05201731031517016,0.00021666690630805117,0.016868289545423524,,,0.2899040311117688,0.016868289545423524,still_phone_candidate,041,d74f7acf-f82f-491d-90b9-d7321e6d4bcf,1500
36,1736330847000,1736331147000,2025-01-08 12:07:27+0200,2025-01-08 12:12:27+0200,12,False,3358,ok,299.822,20.0,201.0,0.215,0,0.0,9.66930680710418,9.760671345855128,0.9522710227434221,0.5326418796637169,0.23545972582330066,0.7946447053408707,0.21560452650387135,50.0,25.0,0.016666666666666666,0.428157668222238,0.15646390196463172,0.3654352440172066,0.12107215597137619,0.2827746995028311,0.14307888902368507,0.3341733656616867,0.028417255032354344,0.06637100568663454,0.017411050995043753,0.04066504534961741,,,0.3341733656616867,0.04066504534961741,phone_handling_motion_candidate,041,d74f7acf-f82f-491d-90b9-d7321e6d4bcf,3358
37,1736331147000,1736331447000,2025-01-08 12:12:27+0200,2025-01-08 12:17:27+0200,12,False,3048,ok,299.78,20.0,200.0,0.208,0,0.0,9.70057587919618,9.740479354986233,0.5396316749145234,0.3684592714279608,0.25515723210727437,0.39627313465582975,0.11876640419947507,50.0,25.0,0.016666666666666666,0.1039210971965236,0.028473863480616687,0.2739950236165251,0.03405082584270011,0.3276603765865473,0.04033676181486537,0.3881479593944734,0.007722159829183444,0.07430791280600305,0.0031654048906345988,0.03045969467247396,,,0.3881479593944734,0.03045969467247396,phone_handling_motion_candidate,041,d74f7acf-f82f-491d-90b9-d7321e6d4bcf,3048
38,1736331447000,1736331747000,2025-01-08 12:17:27+0200,2025-01-08 12:22:27+0200,12,False,3201,ok,299.86,20.0,200.0,0.201,0,0.0,9.69044489056994,9.816509970798077,1.2096600789675074,0.6391906880798474,0.30292547704179995,1.0347005244864882,0.2561699468915964,50.0,25.0,0.03333333333333333,0.7534957259165832,0.3252593256516193,0.43166711431038374,0.21092482349429437,0.27992836089112083,0.2096966126737216,0.27829834392044894,0.03531877528948892,0.046873225785754404,0.02716045829703534,0.03604593544840117,,,0.27829834392044894,0.03604593544840117,phone_handling_motion_candidate,041,d74f7acf-f82f-491d-90b9-d7321e6d4bcf,3201
39,1736331747000,1736332047000,2025-01-08 12:22:27+0200,2025-01-08 12:27:27+0200,12,False,3047,ok,299.68,21.0,200.0,0.208,0,0.0,9.716382027462355,9.776453572968379,0.6139034436988514,0.33684802790286206,0.14574924159253122,0.5167392329432166,0.12110272399081064,47.61904761904762,23.80952380952381,0.016666666666666666,0.12187988712726074,0.07374318244609901,0.6050480040984954,0.025317869439929516,0.2077280348437958,0.04173585304715504,0.34243429355638144,0.006781573857631364,0.05564145173969838,0.0044411774229652125,0.03643896895250619,,,0.34243429355638144,0.03643896895250619,low_motion_phone_candidate,041,d74f7acf-f82f-491d-90b9-d7321e6d4bcf,3047
40,1736332047000,1736332347000,2025-01-08 12:27:27+0200,2025-01-08 12:32:27+0200,12,False,3203,ok,299.82,20.0,200.0,0.206,0,0.0,9.712524050677267,9.744288744359771,0.40205475514430145,0.24247655834761345,0.15290900438410837,0.322276497049946,0.05182641273805807,50.0,25.0,0.016666666666666666,0.08393536022957546,0.03767314850799213,0.4488352513761849,0.020421909783248305,0.24330520209112586,0.028262200673560608,0.3367138783494747,0.004673161026675627,0.055675712999787574,0.0020351800063375665,0.024246991980150585,,,0.3367138783494747,0.024246991980150585,low_motion_phone_candidate,041,d74f7acf-f82f-491d-90b9-d7321e6d4bcf,3203
41,1736332347000,1736332647000,2025-01-08 12:32:27+0200,2025-01-08 12:37:27+0200,12,False,3202,ok,299.84,20.0,200.0,0.207,0,0.0,9.892550313640974,9.900257271886714,0.6466296830489109,0.3988443087729034,0.28436609106278166,0.5090310025576058,0.1099312929419113,50.0,25.0,0.016666666666666666,0.31058086333452944,0.10940652828110684,0.3522642287308735,0.07304910471917377,0.23520156372445883,0.12090629572021963,0.38929087395185186,0.019664716159520472,0.0633159298624894,0.009582853825391818,0.03085461777170102,,,0.38929087395185186,0.03085461777170102,phone_handling_motion_candidate,041,d74f7acf-f82f-491d-90b9-d7321e6d4bcf,3202
42,1736332647000,1736332947000,2025-01-08 12:37:27+0200,2025-01-08 12:42:27+0200,12,False,3047,ok,299.802,20.0,200.0,0.208,0,0.0,10.121406874612234,10.216144303011161,0.6726454205594238,0.346735354285543,0.111643912126139,0.5841246752429526,0.14538890712175911,50.0,25.0,0.016666666666666666,0.30288446959113474,0.13459242735774582,0.4443688629510546,0.08377852774960542,0.27660225650624637,0.09764019962931088,0.32236779839229085,0.01596737345498857,0.05271770281435363,0.009450890120609581,0.031202953830440316,,,0.32236779839229085,0.031202953830440316,low_motion_phone_candidate,041,d74f7acf-f82f-491d-90b9-d7321e6d4bcf,3047
43,1736332947000,1736333247000,2025-01-08 12:42:27+0200,2025-01-08 12:47:27+0200,12,False,3201,ok,299.741,20.0,201.0,0.207,0,0.0,10.042550277745024,10.139672765041736,0.9756023015621422,0.47675352939065013,0.20989924189214193,0.8567022239761067,0.17150890346766634,50.0,25.0,0.016666666666666666,0.3463453017782313,0.14512550218439454,0.4190196934656847,0.07063126509292125,0.20393308276532426,0.12184331312017462,0.35179721651946133,0.030305777231942794,0.08750162648762567,0.030528297028794532,0.08814410610467047,,,0.35179721651946133,0.08814410610467047,phone_handling_motion_candidate,041,d74f7acf-f82f-491d-90b9-d7321e6d4bcf,3201
44,1736333247000,1736333547000,2025-01-08 12:47:27+0200,2025-01-08 12:52:27+0200,12,False,3354,ok,299.798,20.0,201.0,0.219,0,0.0,9.98818959744828,10.090568499673637,1.037932650819982,0.5722797654270015,0.27662239879404193,0.8719412235591801,0.19767441860465115,50.0,25.0,0.016666666666666666,0.6228735765429203,0.2791067872777034,0.44809540457118907,0.15902871622670267,0.25531459707978876,0.19923022949012678,0.31985660813530825,0.031810907433420764,0.051071210324859194,0.023002904213037117,0.036930293849850054,,,0.31985660813530825,0.036930293849850054,phone_handling_motion_candidate,041,d74f7acf-f82f-491d-90b9-d7321e6d4bcf,3354
45,1736333547000,1736333847000,2025-01-08 12:52:27+0200,2025-01-08 12:57:27+0200,12,False,3203,ok,299.92,20.0,200.0,0.203,0,0.0,10.185886222982589,10.217627475045814,0.4890414481360332,0.25274428201694316,0.13329648371945702,0.4198682805181519,0.06306587574149235,50.0,25.0,0.016666666666666666,0.08307593034622786,0.03786847434942231,0.45582967523326406,0.024636936963816882,0.2965592664582846,0.02276946530184347,0.27408017228274517,0.004210775159562424,0.05068586222283117,0.002291256460797875,0.027580268451389202,,,0.27408017228274517,0.027580268451389202,low_motion_phone_candidate,041,d74f7acf-f82f-491d-90b9-d7321e6d4bcf,3203
46,1736333847000,1736334147000,2025-01-08 12:57:27+0200,2025-01-08 13:02:27+0200,12,False,3047,ok,299.7,21.0,201.0,0.202,0,0.0,10.174797735742606,10.197979637643718,0.5064661645694022,0.2941407760091386,0.15982867942800816,0.41294864125958236,0.08926813258943223,47.61904761904762,23.80952380952381,0.06666666666666667,0.08460327253225428,0.028393556751211153,0.33560825605636413,0.028460458310673342,0.3363990240427524,0.023775301440896606,0.2810210613523546,0.00547230907385484,0.06468200236307134,0.003928097788958523,0.0464296199353396,,,0.2810210613523546,0.0464296199353396,low_motion_phone_candidate,041,d74f7acf-f82f-491d-90b9-d7321e6d4bcf,3047
47,1736334147000,1736334447000,2025-01-08 13:02:27+0200,2025-01-08 13:07:27+0200,13,False,3049,ok,299.779,20.0,200.0,0.201,0,0.0,10.182646337789617,10.267563407862395,0.944895667050798,0.5036027633578265,0.19595925526004088,0.8040043452242523,0.20892095769104624,50.0,25.0,0.016666666666666666,0.37883864903272246,0.1249775137155354,0.32989641905501665,0.11169379084866021,0.29483209047927045,0.14635641412592412,0.38632915226472175,0.025141456450425138,0.06636454995977331,0.0157165451994556,0.041486118799082906,,,0.38632915226472175,0.041486118799082906,low_motion_phone_candidate,041,d74f7acf-f82f-491d-90b9-d7321e6d4bcf,3049
48,1736334447000,1736334747000,2025-01-08 13:07:27+0200,2025-01-08 13:12:27+0200,13,False,3357,ok,299.8,20.0,200.0,0.209,0,0.0,9.880565583320942,10.0706216550458,1.3044213572121424,0.7237517474685906,0.38336260235073105,1.1017349025908247,0.26392612451593683,50.0,25.0,0.016666666666666666,0.810535665752236,0.2788386937870225,0.3440177965867053,0.2389897855671073,0.2948541263083191,0.30497166166079015,0.37625939800903674,0.06522289106713097,0.0804688724050155,0.03278631540818582,0.040450182260342284,,,0.37625939800903674,0.040450182260342284,phone_handling_motion_candidate,041,d74f7acf-f82f-491d-90b9-d7321e6d4bcf,3357
49,1736334747000,1736335047000,2025-01-08 13:12:27+0200,2025-01-08 13:17:27+0200,13,False,3356,ok,299.78,20.0,200.0,0.214,0,0.0,9.669634192768296,9.711859229621908,0.46422673247813884,0.2809421716958894,0.15629527689148048,0.37196896247861294,0.08224076281287247,50.0,25.0,0.016666666666666666,0.14215593990301098,0.055806959028392236,0.3925756395861317,0.04074877688527259,0.2866484292747411,0.044394480338807156,0.312294233846973,0.006992447704793499,0.04918857213820436,0.003632378172352278,0.025552067502986848,,,0.312294233846973,0.025552067502986848,low_motion_phone_candidate,041,d74f7acf-f82f-491d-90b9-d7321e6d4bcf,3356
50,1736335047000,1736335347000,2025-01-08 13:17:27+0200,2025-01-08 13:22:27+0200,13,False,3046,ok,299.84,20.0,200.0,0.214,0,0.0,9.73268192047685,9.790542962660034,0.9417904883218212,0.4399791780524538,0.08920251466638263,0.83470686290234,0.1927117531188444,50.0,25.0,0.016666666666666666,0.690262530263849,0.2688755615783615,0.38952652040316504,0.2292761691214243,0.3321579240782268,0.20345219807451118,0.29474611347763974,0.03527598767283941,0.05110517538791416,0.016417810746029077,0.023784878978949445,,,0.29474611347763974,0.023784878978949445,still_phone_candidate,041,d74f7acf-f82f-491d-90b9-d7321e6d4bcf,3046
51,1736335347000,1736335647000,2025-01-08 13:22:27+0200,2025-01-08 13:27:27+0200,13,False,2737,ok,299.914,46.0,200.0,0.215,0,0.0,9.748339956539178,9.746693146672657,0.012195612995848924,0.009738634885082259,0.007904663316447014,0.00752355963996119,0.0,21.73913043478261,10.869565217391305,0.016666666666666666,2.836887584285289e-05,8.658757386031827e-06,0.3052203208190666,8.478864761142567e-06,0.2988791240128991,1.0842879906159913e-05,0.3822104184255723,1.8245092043723322e-06,0.06431376465105823,8.779258932610222e-07,0.03094679881304505,,,0.3822104184255723,0.03094679881304505,still_phone_candidate,041,d74f7acf-f82f-491d-90b9-d7321e6d4bcf,2737
52,1736335647000,1736335947000,2025-01-08 13:27:27+0200,2025-01-08 13:32:27+0200,13,False,2427,ok,299.685,200.0,201.0,0.205,0,0.0,9.751395398958302,9.751125104822139,0.00905132495916309,0.006895020423215976,0.005605258476565567,0.005870113780826338,0.0,5.0,2.5,0.016666666666666666,2.816777592223041e-05,1.4802333521757492e-05,0.5255059385102279,6.122123970039755e-06,0.2173449542818923,8.406105243368144e-06,0.29842985355240365,1.2945672907056426e-06,0.045959158943889196,6.752322229252577e-07,0.023971797588476087,,,0.29842985355240365,0.023971797588476087,still_phone_candidate,041,d74f7acf-f82f-491d-90b9-d7321e6d4bcf,2427
53,1736335947000,1736336247000,2025-01-08 13:32:27+0200,2025-01-08 13:37:27+0200,13,False,1500,ok,299.8,200.0,201.0,0.219,0,0.0,9.75158125507918,9.751670333076275,0.007823062041202576,0.006260970586266069,0.005407998979868545,0.0046913198471200245,0.0,5.0,2.5,0.95,1.7057804506968378e-05,2.6541610824527226e-06,0.15559804788291814,5.794605602958139e-06,0.33970406921892865,7.950426217404757e-06,0.46608731001442094,1.3358994812611685e-06,0.07831602717192783,4.57878315606221e-07,0.026842746111855754,,,0.46608731001442094,0.026842746111855754,still_phone_candidate,041,d74f7acf-f82f-491d-90b9-d7321e6d4bcf,1500
54,1736336247000,1736336547000,2025-01-08 13:37:27+0200,2025-01-08 13:42:27+0200,13,False,1500,ok,299.8,200.0,201.0,0.211,0,0.0,9.75126688156761,9.751266069314047,0.008125263300256685,0.006430329426105649,0.0053944341590952405,0.004966967669515655,0.0,5.0,2.5,0.016666666666666666,1.902796702109869e-05,3.10037179435582e-06,0.16293762706851705,6.610806512027842e-06,0.34742579197754614,8.595160992424048e-06,0.4517119975504223,1.3777988578489726e-06,0.07240914682694344,4.873096716013736e-07,0.025610180586346,,,0.4517119975504223,0.025610180586346,still_phone_candidate,041,d74f7acf-f82f-491d-90b9-d7321e6d4bcf,1500
55,1736336547000,1736336847000,2025-01-08 13:42:27+0200,2025-01-08 13:47:27+0200,13,False,1500,ok,299.8,200.0,201.0,0.212,0,0.0,9.747123651723935,9.74696778326305,0.011136474130710096,0.008657051243509501,0.007079391380671041,0.00700719735759773,0.0,5.0,2.5,0.016666666666666666,3.8683964942598856e-05,1.8796732421797786e-05,0.4859050112802369,1.049677298945646e-05,0.2713468747330342,1.1839438948063056e-05,0.3060554667969271,1.7290076337178424e-06,0.04469571917675522,8.12340657297005e-07,0.020999415610638558,,,0.3060554667969271,0.020999415610638558,still_phone_candidate,041,d74f7acf-f82f-491d-90b9-d7321e6d4bcf,1500
56,1736336847000,1736337147000,2025-01-08 13:47:27+0200,2025-01-08 13:52:27+0200,13,False,1500,ok,299.799,200.0,201.0,0.206,0,0.0,9.75108219432628,9.751048588213063,0.009733505848009352,0.006796093892652101,0.005822862520006744,0.006968168573329332,0.0,5.0,2.5,0.03333333333333333,4.4236393466071276e-05,6.435480087057588e-06,0.14547931200570216,1.4853659864416334e-05,0.33577917864865936,2.128863767866083e-05,0.4812471363649691,3.529582394299266e-06,0.0797891084183074,1.1871477294737551e-06,0.02683644927754523,,,0.4812471363649691,0.02683644927754523,still_phone_candidate,041,d74f7acf-f82f-491d-90b9-d7321e6d4bcf,1500
57,1736337147000,1736337447000,2025-01-08 13:52:27+0200,2025-01-08 13:57:27+0200,13,False,1500,ok,299.8,200.0,201.0,0.206,0,0.0,9.74910667760653,9.749557986828892,0.008529943573229113,0.00675696520612062,0.005631004202116152,0.005225613703665474,0.0,5.0,2.5,0.11666666666666667,2.1359495010868985e-05,5.072283238502202e-06,0.2374720580201508,7.0206676025591065e-06,0.32869071103912206,8.611408340515531e-06,0.4031653527451624,1.4481762223168343e-06,0.0678001151984125,4.972976336118388e-07,0.02328227485522406,,,0.4031653527451624,0.02328227485522406,still_phone_candidate,041,d74f7acf-f82f-491d-90b9-d7321e6d4bcf,1500
58,1736337447000,1736337747000,2025-01-08 13:57:27+0200,2025-01-08 14:02:27+0200,13,False,1500,ok,299.8,200.0,201.0,0.211,0,0.0,9.756553767480442,9.799120587789002,0.32869139744011144,0.11208922357540725,0.017752209582711842,0.3119069971972044,0.02,5.0,2.5,0.016666666666666666,0.09493872981611895,0.055004483289702075,0.5793682240771171,0.029834608140121382,0.31425118281976405,0.016278788082116812,0.17146625106156577,0.002998588398782581,0.03158445878294732,0.0005301395887964817,0.005584018132781815,,,0.17146625106156577,0.005584018132781815,still_phone_candidate,041,d74f7acf-f82f-491d-90b9-d7321e6d4bcf,1500
59,1736337747000,1736338047000,2025-01-08 14:02:27+0200,2025-01-08 14:07:27+0200,14,False,1500,ok,299.801,200.0,201.0,0.227,0,0.0,9.902240931188992,9.902016209732162,0.018732592337244745,0.008739451273377774,0.006282765211689245,0.016570531278351203,0.0,5.0,2.5,0.06666666666666667,0.00029584763661376644,9.445070102789762e-05,0.31925453963049377,7.726419817827598e-05,0.26116212744719525,0.00011591666040930502,0.39181202099861956,1.7561645875059283e-05,0.05936043997534541,6.956154843576386e-06,0.02351262603681959,,,0.39181202099861956,0.02351262603681959,still_phone_candidate,041,d74f7acf-f82f-491d-90b9-d7321e6d4bcf,1500
60,1736338047000,1736338347000,2025-01-08 14:07:27+0200,2025-01-08 14:12:27+0200,14,False,1500,ok,299.8,200.0,202.0,0.212,0,0.0,9.899136099127169,9.92825704952973,0.6923696512450687,0.08763578105904912,0.013910981662229815,0.687418165017289,0.014,5.0,2.5,0.03333333333333333,0.45372840507821444,0.1446640066268031,0.31883392136726746,0.15937543011619884,0.3512573344151232,0.13832662490618866,0.30486657515379423,0.02679769193257093,0.05906108507346261,0.007957219187099705,0.017537405853459906,,,0.30486657515379423,0.017537405853459906,still_phone_candidate,041,d74f7acf-f82f-491d-90b9-d7321e6d4bcf,1500
61,1736338347000,1736338647000,2025-01-08 14:12:27+0200,2025-01-08 14:17:27+0200,14,False,1500,ok,299.8,200.0,203.0,0.207,0,0.0,9.903774777518858,9.902296001115634,0.05817747897932813,0.015428257559257391,0.007713929946129738,0.056113943977643535,0.0013333333333333333,5.0,2.5,0.06666666666666667,0.0011510933342646706,0.00023285105272634609,0.20228685702110644,0.0003581570979017413,0.3111451410936503,0.0005187637319940149,0.45067043353648306,8.729480157560241e-05,0.07583642349155567,2.7500246179902145e-05,0.02389054419941504,,,0.45067043353648306,0.02389054419941504,still_phone_candidate,041,d74f7acf-f82f-491d-90b9-d7321e6d4bcf,1500
62,1736338647000,1736338947000,2025-01-08 14:17:27+0200,2025-01-08 14:22:27+0200,14,False,1500,ok,299.8,200.0,201.0,0.202,0,0.0,9.904164968326803,9.90471817606093,0.05314251013606972,0.01372285618923973,0.007160513072381747,0.05134311677692362,0.002,5.0,2.5,0.03333333333333333,0.0026853347035042698,0.0007160633610613903,0.26665702421636756,0.0007278829323332784,0.2710585504977894,0.0011967698467249598,0.44566878205655935,0.00018175009373156458,0.0676824730616958,7.094757052816538e-05,0.026420382694038562,,,0.44566878205655935,0.026420382694038562,still_phone_candidate,041,d74f7acf-f82f-491d-90b9-d7321e6d4bcf,1500
63,1736338947000,1736339247000,2025-01-08 14:22:27+0200,2025-01-08 14:27:27+0200,14,False,1500,ok,299.8,200.0,206.0,0.209,0,0.0,9.838325328529534,9.836399425688901,0.2030166162756865,0.09439451317055761,0.06349098877970061,0.17974741018739135,0.008666666666666666,5.0,2.5,0.03333333333333333,0.027909002370738872,0.011080850994476822,0.3970350085352572,0.009154642208528583,0.3280175366686251,0.007295485936616057,0.26140260549997274,0.0009038270966276893,0.032384786980967285,0.0004318073831718323,0.015471974864445879,,,0.26140260549997274,0.015471974864445879,still_phone_candidate,041,d74f7acf-f82f-491d-90b9-d7321e6d4bcf,1500
64,1736339247000,1736339547000,2025-01-08 14:27:27+0200,2025-01-08 14:32:27+0200,14,False,1500,ok,299.8,200.0,206.0,0.21,0,0.0,9.854526280684928,9.861970648108928,0.17660234286353413,0.10600918756657092,0.07005618956830961,0.14144206680725627,0.006,5.0,2.5,0.03333333333333333,0.019124909588608487,0.008408551217998831,0.43966488725297187,0.005528031782583211,0.28904877991558786,0.004669652839100257,0.24416600860072443,0.0007319653119726521,0.03827287698178914,0.0002586623660899796,0.013524893536963366,,,0.24416600860072443,0.013524893536963366,still_phone_candidate,041,d74f7acf-f82f-491d-90b9-d7321e6d4bcf,1500
65,1736339547000,1736339847000,2025-01-08 14:32:27+0200,2025-01-08 14:37:27+0200,14,False,1500,ok,299.8,200.0,203.0,0.209,0,0.0,9.909477995801304,9.91931717372566,0.6162245865182256,0.08619137857317453,0.008917830375341218,0.6102463410061882,0.02266666666666667,5.0,2.5,0.016666666666666666,0.19526179531479684,0.03359847160662906,0.17206884507264888,0.06859050892286182,0.3512745993771167,0.08565159174670207,0.43865002679411214,0.01331265833037611,0.06817851033743559,0.004997998159869181,0.02559639560730002,,,0.43865002679411214,0.02559639560730002,still_phone_candidate,041,d74f7acf-f82f-491d-90b9-d7321e6d4bcf,1500
66,1736339847000,1736340147000,2025-01-08 14:37:27+0200,2025-01-08 14:42:27+0200,14,False,3355,ok,299.914,20.0,201.0,0.224,0,0.0,9.89346741395106,9.910140719029998,1.564845382687401,0.44022373100700407,0.16246703528874562,1.5017397036366213,0.1406855439642325,50.0,25.0,0.016666666666666666,0.5074537989496637,0.23237953739187722,0.4579324026598288,0.1462355281346511,0.28817505837444085,0.12317455760775148,0.24273058525268748,0.018156495209218967,0.03577960249149693,0.01817211209853583,0.03581037748884484,,,0.24273058525268748,0.03581037748884484,low_motion_phone_candidate,041,d74f7acf-f82f-491d-90b9-d7321e6d4bcf,3355
67,1736340147000,1736340447000,2025-01-08 14:42:27+0200,2025-01-08 14:47:27+0200,14,False,3201,ok,299.946,20.0,201.0,0.209,0,0.0,9.729579251420386,9.734554646178436,0.312504502882639,0.1308205495302238,0.06900660477743337,0.28384820361512597,0.019681349578256794,50.0,25.0,0.08333333333333333,0.02470240336938297,0.009297011343445948,0.3763605995912524,0.009367629854901683,0.37921937047276355,0.004925012358043171,0.19937381332487691,0.0011052472839427811,0.04474250004809911,0.0009418265883197176,0.038126921264958806,,,0.19937381332487691,0.038126921264958806,still_phone_candidate,041,d74f7acf-f82f-491d-90b9-d7321e6d4bcf,3201
68,1736340447000,1736340747000,2025-01-08 14:47:27+0200,2025-01-08 14:52:27+0200,14,False,2819,ok,299.72,24.0,201.0,0.208,0,0.0,9.711039408664936,9.746151560201412,0.3511466503413265,0.14244896390263212,0.07894992030805525,0.3228701378488276,0.02908832919474991,41.666666666666664,20.833333333333332,0.016666666666666666,0.013891023682685903,0.007145792726028043,0.5144180075752607,0.004063128660150598,0.2925003047266399,0.0032542672690795403,0.23427123467766706,0.000668137012327854,0.048098471904603805,0.0004148448096332298,0.02986423600661642,,,0.23427123467766706,0.02986423600661642,still_phone_candidate,041,d74f7acf-f82f-491d-90b9-d7321e6d4bcf,2819
69,1736340747000,1736341047000,2025-01-08 14:52:27+0200,2025-01-08 14:57:27+0200,14,False,2118,ok,299.915,200.0,201.0,0.207,0,0.0,9.957721261712589,9.947726321707997,0.22978109155773024,0.05023832898258819,0.030893643822459183,0.22444455699391475,0.0084985835694051,5.0,2.5,0.03333333333333333,0.06944304166139695,0.0277116634812288,0.39905601509148153,0.020437992486914695,0.29431303695725175,0.021908114372737344,0.31548321975239685,0.003184870136733912,0.04586305640618801,0.0012327325106382837,0.017751706739014484,,,0.31548321975239685,0.017751706739014484,still_phone_candidate,041,d74f7acf-f82f-491d-90b9-d7321e6d4bcf,2118
70,1736341047000,1736341347000,2025-01-08 14:57:27+0200,2025-01-08 15:02:27+0200,14,False,1500,ok,299.799,200.0,201.0,0.205,0,0.0,9.90717456639354,9.903932067808693,0.10793791763241006,0.024764390361231875,0.01092127869072268,0.10510867152585555,0.006,5.0,2.5,0.03333333333333333,0.011464803491044374,0.0052696151661561835,0.4596341463918239,0.005068946282567514,0.4421311090527696,0.0013067967509142865,0.11398335365582836,0.00021741038084175087,0.018963288905176526,0.0001074404057430795,0.009371325537939275,,,0.11398335365582836,0.009371325537939275,still_phone_candidate,041,d74f7acf-f82f-491d-90b9-d7321e6d4bcf,1500
71,1736341347000,1736341647000,2025-01-08 15:02:27+0200,2025-01-08 15:07:27+0200,15,False,1500,ok,299.801,200.0,201.0,0.202,0,0.0,9.912998143548672,9.912064849088717,0.010414215254261042,0.00773032878720502,0.006011640562816112,0.00704052091487385,0.0,5.0,2.5,0.016666666666666666,3.4199459914595945e-05,1.5632156799801047e-05,0.4570878264989623,9.93213280219586e-06,0.2904178261001408,9.037204672501574e-06,0.26424992368504036,1.3757757677777134e-06,0.04022799691028301,5.667170850796465e-07,0.01657093669007849,,,0.26424992368504036,0.01657093669007849,still_phone_candidate,041,d74f7acf-f82f-491d-90b9-d7321e6d4bcf,1500
72,1736341647000,1736341947000,2025-01-08 15:07:27+0200,2025-01-08 15:12:27+0200,15,False,1500,ok,299.8,200.0,201.0,0.202,0,0.0,9.90004776983529,9.899727974641175,0.009330950344240647,0.007119682147261067,0.005755937314371629,0.0060397871994661515,0.0,5.0,2.5,0.03333333333333333,2.896152189951377e-05,9.094483741378156e-06,0.3140195385081211,9.363798288682816e-06,0.3233185852998983,9.921661249273816e-06,0.3425807968137333,1.465335622785565e-06,0.0505959468521634,5.537881861689352e-07,0.019121515370994113,,,0.3425807968137333,0.019121515370994113,still_phone_candidate,041,d74f7acf-f82f-491d-90b9-d7321e6d4bcf,1500
73,1736341947000,1736342247000,2025-01-08 15:12:27+0200,2025-01-08 15:17:27+0200,15,False,1500,ok,299.8,200.0,201.0,0.205,0,0.0,9.9020260158664,9.90113579203113,0.0092191478035621,0.007133592004548397,0.0058865887777228565,0.005907372496588377,0.0,5.0,2.5,0.016666666666666666,2.9355115347626737e-05,1.0014989192761266e-05,0.341166746380063,9.759846707171955e-06,0.3324751611974506,9.038959587336475e-06,0.3079176995319572,1.4933481026175105e-06,0.05087181858879129,6.311027009722717e-07,0.021498900396018858,,,0.3079176995319572,0.021498900396018858,still_phone_candidate,041,d74f7acf-f82f-491d-90b9-d7321e6d4bcf,1500
74,1736342247000,1736342547000,2025-01-08 15:17:27+0200,2025-01-08 15:22:27+0200,15,False,1500,ok,299.799,200.0,201.0,0.207,0,0.0,9.90217503517923,9.900525435088992,0.013586174862275913,0.009052191852556093,0.006103949042779,0.010264655401452421,0.0,5.0,2.5,0.016666666666666666,8.952669940233113e-05,7.5422130389572e-05,0.8424540488265574,1.3096324244987493e-05,0.1462840061391394,1.2367980781290025e-05,0.13814851730106317,1.8674577026284135e-06,0.02085922652231484,7.880916432554286e-07,0.008802867172772238,,,0.13814851730106317,0.008802867172772238,still_phone_candidate,041,d74f7acf-f82f-491d-90b9-d7321e6d4bcf,1500
75,1736342547000,1736342847000,2025-01-08 15:22:27+0200,2025-01-08 15:27:27+0200,15,False,1500,ok,299.8,200.0,201.0,0.203,0,0.0,9.903116962374861,9.902278727351009,0.009355684176685423,0.007152789942310589,0.005961981207912359,0.006088436614622505,0.0,5.0,2.5,0.05,2.9397892244505764e-05,1.0220699189014603e-05,0.34766775468145245,8.85599160823622e-06,0.3012458013853471,9.580545538909785e-06,0.3258922598677228,1.44835422603958e-06,0.049267281272869695,5.179677551930131e-07,0.01761921402000571,,,0.3258922598677228,0.01761921402000571,still_phone_candidate,041,d74f7acf-f82f-491d-90b9-d7321e6d4bcf,1500
76,1736342847000,1736343147000,2025-01-08 15:27:27+0200,2025-01-08 15:32:27+0200,15,False,1500,ok,299.799,200.0,201.0,0.202,0,0.0,9.90279402530437,9.90231723016578,0.00919954755840443,0.007216513641743912,0.005913085391330064,0.00572546415079623,0.0,5.0,2.5,0.2,2.6834369446346417e-05,6.403693926525547e-06,0.23863776413041185,1.0048432697281137e-05,0.37446129365448017,9.592408096184333e-06,0.3574672442131995,1.4224611532295721e-06,0.053008927825700956,6.057779367844241e-07,0.022574703608953355,,,0.3574672442131995,0.022574703608953355,still_phone_candidate,041,d74f7acf-f82f-491d-90b9-d7321e6d4bcf,1500
77,1736343147000,1736343447000,2025-01-08 15:32:27+0200,2025-01-08 15:37:27+0200,15,False,1500,ok,299.799,200.0,201.0,0.204,0,0.0,9.900657809884017,9.899257847280115,0.019416371123090775,0.013382162273370942,0.00900771386042809,0.014137648169730429,0.0,5.0,2.5,0.016666666666666666,0.00013947735951889235,0.00014705261346567783,1.0543117103228457,1.5077538876769338e-05,0.10810026034889963,1.6722210372448523e-05,0.11989193393199764,2.7025201964226334e-06,0.01937604931542007,1.0675720615022767e-06,0.007654088557345201,,,0.11989193393199764,0.007654088557345201,still_phone_candidate,041,d74f7acf-f82f-491d-90b9-d7321e6d4bcf,1569
78,1736343447000,1736343747000,2025-01-08 15:37:27+0200,2025-01-08 15:42:27+0200,15,False,1500,ok,299.801,200.0,201.0,0.201,0,0.0,9.903172985462788,9.902688476834722,0.009395195766396865,0.007339927146318779,0.0059758674274554835,0.005884719329443271,0.0,5.0,2.5,0.03333333333333333,3.0348475956536127e-05,8.22546664439129e-06,0.27103392790371006,1.078921520563341e-05,0.3555109396954658,1.0295873251548076e-05,0.33925503429870457,1.427639589667662e-06,0.0470415579257512,5.720442924745742e-07,0.018849193392572103,,,0.33925503429870457,0.018849193392572103,still_phone_candidate,041,d74f7acf-f82f-491d-90b9-d7321e6d4bcf,3000
79,1736343747000,1736344047000,2025-01-08 15:42:27+0200,2025-01-08 15:47:27+0200,15,False,1500,ok,299.8,200.0,201.0,0.207,0,0.0,9.902764608739968,9.902649722139715,0.008848502566476622,0.006963160945360104,0.005768367525939233,0.00546109753152907,0.0,5.0,2.5,0.15,2.3981864936209846e-05,4.081790919882033e-06,0.17020323193126652,8.803131385227422e-06,0.3670745127054615,1.0390368436144e-05,0.43325940095908655,1.5944523519351826e-06,0.06648575313789479,6.6211481600015e-07,0.027608979441812845,,,0.43325940095908655,0.027608979441812845,still_phone_candidate,041,d74f7acf-f82f-491d-90b9-d7321e6d4bcf,3000
80,1736344047000,1736344347000,2025-01-08 15:47:27+0200,2025-01-08 15:52:27+0200,15,False,1500,ok,299.801,200.0,201.0,0.204,0,0.0,9.903472074647086,9.903108461700754,0.009174743148307777,0.007170045379126011,0.005828364151008181,0.005735727981122721,0.0,5.0,2.5,0.03333333333333333,2.7924903392121505e-05,8.776336649287325e-06,0.3142835098138032,7.927022327477812e-06,0.283869283849135,1.0567373014166818e-05,0.3784211127171959,1.614006544165472e-06,0.05779810663985445,6.268613572860805e-07,0.022448111940932904,,,0.3784211127171959,0.022448111940932904,still_phone_candidate,041,d74f7acf-f82f-491d-90b9-d7321e6d4bcf,3000
81,1736344347000,1736344647000,2025-01-08 15:52:27+0200,2025-01-08 15:57:27+0200,15,False,1500,ok,299.8,200.0,201.0,0.204,0,0.0,9.903356601718912,9.903049255210494,0.008765284915884405,0.00679628177510939,0.005539431776660386,0.005543936829201997,0.0,5.0,2.5,0.21666666666666667,2.5389483921001978e-05,7.4239135613428024e-06,0.292401121048459,9.046201131160197e-06,0.3562971645783336,8.448620224634712e-06,0.33276061265845897,1.4182039344729528e-06,0.0558579268048779,4.894216571644052e-07,0.019276550034936297,,,0.33276061265845897,0.019276550034936297,still_phone_candidate,041,d74f7acf-f82f-491d-90b9-d7321e6d4bcf,3000
82,1736344647000,1736344947000,2025-01-08 15:57:27+0200,2025-01-08 16:02:27+0200,15,False,1601,ok,299.725,200.0,201.0,0.234,0,0.0,9.899934486780777,9.895020618278902,0.023515907882308933,0.01542058220818665,0.008955418175982999,0.018421445967771018,0.0,5.0,2.5,0.016666666666666666,0.00013887010925240048,0.00015009813422646776,1.0808527121820004,9.916715724766191e-06,0.07141000880716722,1.5105127266423987e-05,0.10877162369743641,2.3875604371237775e-06,0.017192759838507196,1.1039924164413632e-06,0.007949820320475335,,,0.10877162369743641,0.007949820320475335,still_phone_candidate,041,d74f7acf-f82f-491d-90b9-d7321e6d4bcf,1782
83,1736344947000,1736345247000,2025-01-08 16:02:27+0200,2025-01-08 16:07:27+0200,16,False,1500,ok,299.801,200.0,201.0,0.203,0,0.0,9.901980406451248,9.90174203093858,0.009145498535877816,0.007257613619311448,0.00630778064677795,0.005569920188617387,0.0,5.0,2.5,0.016666666666666666,2.4248067251948035e-05,6.975641692400206e-06,0.28767825575210737,7.6201665461042646e-06,0.31425871872291505,8.861566014922983e-06,0.36545452975065734,1.3660544907892882e-06,0.0563366340333596,5.366054395404979e-07,0.022129823130434784,,,0.36545452975065734,0.022129823130434784,still_phone_candidate,041,d74f7acf-f82f-491d-90b9-d7321e6d4bcf,1500
84,1736345247000,1736345547000,2025-01-08 16:07:27+0200,2025-01-08 16:12:27+0200,16,False,1500,ok,299.801,200.0,201.0,0.202,0,0.0,9.902560573709835,9.90238587013898,0.008824022142903195,0.006983975309678127,0.005752667458140515,0.0053961075776823965,0.0,5.0,2.5,0.15,2.2328028052135817e-05,4.73571965154525e-06,0.21209753232517317,7.684558173715088e-06,0.3441664510529855,9.06952255622783e-06,0.4061945163742426,1.4545583950326842e-06,0.06514495555255927,4.983137136002365e-07,0.02231785594485446,,,0.4061945163742426,0.02231785594485446,still_phone_candidate,041,d74f7acf-f82f-491d-90b9-d7321e6d4bcf,1500
85,1736345547000,1736345847000,2025-01-08 16:12:27+0200,2025-01-08 16:17:27+0200,16,False,1500,ok,299.8,200.0,201.0,0.209,0,0.0,9.901526286098967,9.90106706074678,0.009692672725825384,0.007485181086584216,0.006114788199433896,0.006175018752610543,0.0,5.0,2.5,0.016666666666666666,2.8964499120516926e-05,1.1360317368917469e-05,0.39221521910836077,7.879600583108613e-06,0.2720433918198543,9.798937228727324e-06,0.33830853376595327,1.5404523560471089e-06,0.053184153112315814,5.454061593775835e-07,0.018830160228500082,,,0.33830853376595327,0.018830160228500082,still_phone_candidate,041,d74f7acf-f82f-491d-90b9-d7321e6d4bcf,1500
86,1736345847000,1736346147000,2025-01-08 16:17:27+0200,2025-01-08 16:22:27+0200,16,False,1500,ok,299.8,200.0,201.0,0.212,0,0.0,9.898137517994067,9.89659846896725,0.014984297841504946,0.010313344780240576,0.007807890065776313,0.010978741874812493,0.0,5.0,2.5,0.016666666666666666,7.163199279379248e-05,4.8814575612419576e-05,0.681463319789838,1.2775444732223396e-05,0.17834830826220566,1.5956243288551795e-05,0.22275302788916043,2.3211319220687245e-06,0.03240356482543468,9.992569627072025e-07,0.013949869656478363,,,0.22275302788916043,0.013949869656478363,still_phone_candidate,041,d74f7acf-f82f-491d-90b9-d7321e6d4bcf,1500
87,1736346147000,1736346447000,2025-01-08 16:22:27+0200,2025-01-08 16:27:27+0200,16,False,1500,ok,299.801,200.0,201.0,0.209,0,0.0,9.897492699756022,9.851048183979612,0.6283874876904575,0.21662736326720652,0.018692266023929704,0.5916929213836579,0.06266666666666666,5.0,2.5,0.016666666666666666,0.2802509872747977,0.1425091495178013,0.5085054325894852,0.07442079659692817,0.2655505242661483,0.0746676599583348,0.2664313895355525,0.010920826471421645,0.038968021406873124,0.00443748019440953,0.015833950265653825,,,0.2664313895355525,0.015833950265653825,still_phone_candidate,041,d74f7acf-f82f-491d-90b9-d7321e6d4bcf,1500
88,1736346447000,1736346747000,2025-01-08 16:27:27+0200,2025-01-08 16:32:27+0200,16,False,1500,ok,299.799,200.0,201.0,0.203,0,0.0,9.903033738306007,9.902575548790319,0.014177115031473462,0.00869569707822217,0.0071767213521578554,0.011206488324703515,0.0,5.0,2.5,0.016666666666666666,8.734652094925295e-05,1.5121427276409872e-05,0.17311997217605496,3.106760701045946e-05,0.3556822489645499,3.870084374382151e-05,0.4430725267959572,5.613017473607227e-06,0.06426148875315033,2.0638755184242832e-06,0.023628594430490996,,,0.4430725267959572,0.023628594430490996,still_phone_candidate,041,d74f7acf-f82f-491d-90b9-d7321e6d4bcf,1500
89,1736346747000,1736347047000,2025-01-08 16:32:27+0200,2025-01-08 16:37:27+0200,16,False,1500,ok,299.8,200.0,201.0,0.204,0,0.0,9.90340209875207,9.903213135688912,0.01711449921417846,0.008252825550238811,0.00624966754837164,0.014994420990110916,0.0,5.0,2.5,0.26666666666666666,2.575211457428874e-05,4.943674122043261e-06,0.19197157995635405,7.74378152378985e-06,0.30070468587932375,1.2098026679949157e-05,0.46978770015367943,1.8246427410308735e-06,0.07085409377809392,6.887444445482215e-07,0.026745160773549572,,,0.46978770015367943,0.026745160773549572,still_phone_candidate,041,d74f7acf-f82f-491d-90b9-d7321e6d4bcf,1500
90,1736347047000,1736347347000,2025-01-08 16:37:27+0200,2025-01-08 16:42:27+0200,16,False,1812,ok,299.843,200.0,201.0,0.209,0,0.0,9.825420977759913,9.82110799016835,0.29112732600336827,0.142436927120835,0.08132208831760224,0.2539398424828415,0.02262693156732892,5.0,2.5,0.03333333333333333,0.06490090702220971,0.024771244600848077,0.3816779416098317,0.01698238273294554,0.2616663389177905,0.021912493114565,0.33762999809950783,0.004196476380784264,0.06465974935216529,0.0018777564835824614,0.0289326693529857,,,0.33762999809950783,0.0289326693529857,still_phone_candidate,041,d74f7acf-f82f-491d-90b9-d7321e6d4bcf,1812
91,1736347347000,1736347647000,2025-01-08 16:42:27+0200,2025-01-08 16:47:27+0200,16,False,1500,ok,299.8,200.0,205.0,0.208,0,0.0,9.864483040237053,9.853603513861422,0.19242918083721952,0.07093184958545035,0.03630304188640565,0.1792094485406068,0.0026666666666666666,5.0,2.5,0.03333333333333333,0.02727285797548085,0.007502761076561338,0.27509992107561865,0.01113399090070123,0.40824437654135975,0.008055609530612613,0.2953709339100016,0.0010370389198642482,0.03802457816472988,0.00047326221572239916,0.017352864747357123,,,0.2953709339100016,0.017352864747357123,still_phone_candidate,041,d74f7acf-f82f-491d-90b9-d7321e6d4bcf,1500
92,1736347647000,1736347947000,2025-01-08 16:47:27+0200,2025-01-08 16:52:27+0200,16,False,2737,ok,299.718,42.0,201.0,0.21,0,0.0,9.885170964903573,9.870901637540708,1.2927466518487267,0.6035345801063531,0.19753560187110786,1.1433037786106235,0.2433321154548776,23.80952380952381,11.904761904761905,0.016666666666666666,0.4514397516469023,0.23507411647625365,0.5207209059872933,0.10646073938338123,0.23582491128661276,0.12468891110373478,0.27620277268197096,0.023854098926292245,0.05284004972816383,0.015535280623713347,0.034412744041788346,,,0.27620277268197096,0.034412744041788346,low_motion_phone_candidate,041,d74f7acf-f82f-491d-90b9-d7321e6d4bcf,2737
93,1736347947000,1736348247000,2025-01-08 16:52:27+0200,2025-01-08 16:57:27+0200,16,False,3356,ok,299.84,20.0,200.0,0.21,0,0.0,9.66416500074694,9.749919814452895,0.7834040765768995,0.431576549859229,0.1608551233400375,0.6594069433078876,0.18176400476758045,50.0,25.0,0.016666666666666666,0.3436720245375824,0.13259110726761253,0.38580710037721727,0.0857755147001462,0.24958538541377898,0.1286378746275333,0.3743041779458719,0.02255653381727448,0.06563389571096091,0.012375182042447953,0.03600869770851733,,,0.3743041779458719,0.03600869770851733,low_motion_phone_candidate,041,d74f7acf-f82f-491d-90b9-d7321e6d4bcf,3356
94,1736348247000,1736348547000,2025-01-08 16:57:27+0200,2025-01-08 17:02:27+0200,16,False,3047,ok,299.84,20.0,200.0,0.215,0,0.0,9.770102937398347,9.77142325295592,0.033730852749631224,0.015294523967668628,0.009120286831818092,0.030093042335252174,0.0003281916639317361,50.0,25.0,0.18333333333333332,0.0017836355430628382,0.0005497152990438543,0.3081993410491751,0.0007717295694853168,0.4326722308752111,0.0004132737506563295,0.23170302490533498,4.7064139112470236e-05,0.026386634475590368,2.335764298033081e-05,0.013095524515182814,,,0.23170302490533498,0.013095524515182814,still_phone_candidate,041,d74f7acf-f82f-491d-90b9-d7321e6d4bcf,3047
95,1736348547000,1736348847000,2025-01-08 17:02:27+0200,2025-01-08 17:07:27+0200,17,False,2738,ok,299.835,40.0,201.0,0.22,0,0.0,9.9061833977239,9.895940711981826,0.16610878283933472,0.025078946495482948,0.006315044421587146,0.1645238183068119,0.005113221329437546,25.0,12.5,0.03333333333333333,0.05886356964581084,0.043659809814623085,0.7417118954444897,0.00654264759804048,0.11114935158381281,0.010182226936222331,0.17298011312412775,0.002645379760671252,0.04494086540433785,0.0003405692556854994,0.0057857390867517115,,,0.17298011312412775,0.0057857390867517115,still_phone_candidate,041,d74f7acf-f82f-491d-90b9-d7321e6d4bcf,2738
96,1736348847000,1736349147000,2025-01-08 17:07:27+0200,2025-01-08 17:12:27+0200,17,False,1500,ok,299.799,200.0,201.0,0.202,0,0.0,9.896151888504082,9.89605423487203,0.02039285653144962,0.016384142184108386,0.014016616759120915,0.012142405800954789,0.0,5.0,2.5,1.9166666666666667,9.227868973663226e-05,1.4974398099384525e-05,0.16227363156241345,2.608903196075899e-05,0.2827200086522503,4.6245340086405904e-05,0.5011486424264615,7.329192455952251e-06,0.07942453969459376,5.6791308514635275e-06,0.06154325411069485,,,0.5011486424264615,0.06154325411069485,still_phone_candidate,041,d74f7acf-f82f-491d-90b9-d7321e6d4bcf,1500
97,1736349147000,1736349447000,2025-01-08 17:12:27+0200,2025-01-08 17:17:27+0200,17,False,1500,ok,299.8,200.0,201.0,0.203,0,0.0,9.895660335851126,9.894743037249482,0.019008296383931565,0.009035181115388147,0.005936427883962203,0.0167487990720558,0.0,5.0,2.5,0.1,0.00032463370987391535,0.0001676251975140291,0.516351791005109,8.840863419123539e-05,0.2723334992708319,7.345423253223624e-05,0.2262680377856174,1.1165591973224365e-05,0.03439443173526549,3.887372570471023e-06,0.011974642349929837,,,0.2262680377856174,0.011974642349929837,still_phone_candidate,041,d74f7acf-f82f-491d-90b9-d7321e6d4bcf,1500
98,1736349447000,1736349747000,2025-01-08 17:17:27+0200,2025-01-08 17:22:27+0200,17,False,1500,ok,299.8,200.0,201.0,0.23,0,0.0,9.897820306343785,9.896798355879609,0.03786181560613305,0.01178024465412283,0.008339918219188114,0.03599704570701687,0.0006666666666666666,5.0,2.5,0.05,0.0013650981015832994,0.00031967039579339733,0.23417393623405516,0.0003923420627521526,0.2874094266903583,0.0005985018866222513,0.43843141084738385,8.842583014080044e-05,0.06477617252433386,3.932843343098275e-05,0.02880996859153781,,,0.43843141084738385,0.02880996859153781,still_phone_candidate,041,d74f7acf-f82f-491d-90b9-d7321e6d4bcf,1500
99,1736349747000,1736350047000,2025-01-08 17:22:27+0200,2025-01-08 17:27:27+0200,17,False,1500,ok,299.8,200.0,201.0,0.205,0,0.0,9.897234659539258,9.896432644747877,0.010320790182543274,0.007769184353033453,0.006030548393546553,0.0068411776914689415,0.0,5.0,2.5,0.016666666666666666,4.104729276574975e-05,1.7490647911572728e-05,0.4261096587146203,1.284360756692227e-05,0.31289779913668503,1.0668563584043461e-05,0.2599090674487895,1.5176268319127076e-06,0.03697264130361917,7.35380301478181e-07,0.017915439775160746,,,0.2599090674487895,0.017915439775160746,still_phone_candidate,041,d74f7acf-f82f-491d-90b9-d7321e6d4bcf,1500
100,1736350047000,1736350347000,2025-01-08 17:27:27+0200,2025-01-08 17:32:27+0200,17,False,1500,ok,299.799,200.0,201.0,0.202,0,0.0,9.89761068166108,9.897000471481535,0.010361674953992287,0.007880014070669449,0.0062768924651601665,0.006755889472265175,0.0,5.0,2.5,0.016666666666666666,3.217100466352823e-05,1.2308063757074217e-05,0.38258251135774063,9.792844057882841e-06,0.3043996965685326,1.0089112632389114e-05,0.3136088766238309,1.4570971013652948e-06,0.04529224737010415,5.720752950873855e-07,0.01778232607500562,,,0.3136088766238309,0.01778232607500562,still_phone_candidate,041,d74f7acf-f82f-491d-90b9-d7321e6d4bcf,1500
101,1736350347000,1736350647000,2025-01-08 17:32:27+0200,2025-01-08 17:37:27+0200,17,False,1500,ok,299.801,200.0,201.0,0.217,0,0.0,9.896083594292998,9.896063686417321,0.030574568760127797,0.008496982283540268,0.005788244023193556,0.02937015395370782,0.0006666666666666666,5.0,2.5,0.03333333333333333,0.0008825924859549487,0.00024547126286681646,0.2781252580019658,0.00028613426828603565,0.32419748959956723,0.0003275441102388374,0.3711159062094674,7.943880296941368e-05,0.090006208112527,1.8591463306976943e-05,0.021064606375910084,,,0.3711159062094674,0.021064606375910084,still_phone_candidate,041,d74f7acf-f82f-491d-90b9-d7321e6d4bcf,1500
102,1736350647000,1736350947000,2025-01-08 17:37:27+0200,2025-01-08 17:42:27+0200,17,False,1500,ok,299.799,200.0,201.0,0.207,0,0.0,9.896363468057952,9.894727881328826,0.03909600032142891,0.017294175831592096,0.012524145981047674,0.03510105222621738,0.0006666666666666666,5.0,2.5,0.03333333333333333,0.00025616981073115934,5.870267009660221e-05,0.2291553010444641,8.731775911220104e-05,0.3408588969284822,0.00010230947579366336,0.3993814708362858,1.8758734208622758e-05,0.07322773185131229,6.906290659173169e-06,0.026959814817605746,,,0.3993814708362858,0.026959814817605746,still_phone_candidate,041,d74f7acf-f82f-491d-90b9-d7321e6d4bcf,1500
103,1736350947000,1736351247000,2025-01-08 17:42:27+0200,2025-01-08 17:47:27+0200,17,False,1500,ok,299.8,200.0,201.0,0.202,0,0.0,9.895548658886737,9.895644114665554,0.012982592599605904,0.008608485200415579,0.006331093864658577,0.009718580398765952,0.0,5.0,2.5,0.016666666666666666,6.798126274963725e-05,1.788229037883358e-05,0.2630473406281204,2.709842814849831e-05,0.39861613410002317,2.253322062851515e-05,0.33146222528258923,4.246422380704628e-06,0.06246459993459429,1.2839687036903977e-06,0.018887096999345588,,,0.33146222528258923,0.018887096999345588,still_phone_candidate,041,d74f7acf-f82f-491d-90b9-d7321e6d4bcf,1500
104,1736351247000,1736351547000,2025-01-08 17:47:27+0200,2025-01-08 17:52:27+0200,17,False,1500,ok,299.801,200.0,201.0,0.213,0,0.0,9.896627602368596,9.894182187454234,0.01760226637615159,0.01160066355483072,0.00806645891875668,0.013462705551560015,0.0,5.0,2.5,0.016666666666666666,0.00015161450950408015,0.00011921333319806492,0.7862923778733508,2.4673782049339898e-05,0.16274024254041394,1.9493609375618567e-05,0.1285735081647576,3.370951917363141e-06,0.022233702621136168,1.05351262912919e-06,0.0069486267018582315,,,0.1285735081647576,0.0069486267018582315,still_phone_candidate,041,d74f7acf-f82f-491d-90b9-d7321e6d4bcf,1500
105,1736351547000,1736351847000,2025-01-08 17:52:27+0200,2025-01-08 17:57:27+0200,17,False,2839,ok,299.725,40.0,201.0,0.233,0,0.0,9.889832570007243,9.87698436960284,0.40279200765645673,0.17445246185379176,0.046398510149385785,0.3632806301452118,0.06692497358224728,25.0,12.5,0.016666666666666666,0.06687173825242276,0.02913430899915108,0.4356744681763307,0.018384772134554517,0.2749258896958378,0.022686396556397617,0.3392523829837142,0.005355382360867076,0.08008438992047662,0.0028223833915756343,0.04220592234228904,,,0.3392523829837142,0.04220592234228904,still_phone_candidate,041,d74f7acf-f82f-491d-90b9-d7321e6d4bcf,2839
106,1736351847000,1736352147000,2025-01-08 17:57:27+0200,2025-01-08 18:02:27+0200,17,False,3203,ok,299.84,20.0,200.0,0.204,0,0.0,9.767295160427038,9.808858411511025,0.5138886569330314,0.31044689834176187,0.1478167246773996,0.41162091646937143,0.10958476428348424,50.0,25.0,0.016666666666666666,0.15979356451876447,0.09562207912109552,0.5984100762072097,0.03020339880264263,0.189015113929046,0.03811347096762397,0.2385169332845587,0.0056797406934608625,0.0355442392850176,0.0037911442184838614,0.02372526221504164,,,0.2385169332845587,0.02372526221504164,low_motion_phone_candidate,041,d74f7acf-f82f-491d-90b9-d7321e6d4bcf,3203
107,1736352147000,1736352447000,2025-01-08 18:02:27+0200,2025-01-08 18:07:27+0200,18,False,3026,ok,299.8,20.0,200.0,18.096,1,0.06032,9.802384079459987,9.894946604450597,0.956644882723914,0.541627821829355,0.2554550671723588,0.793962565424137,0.2243886318572373,50.0,25.0,0.03333333333333333,0.3146451009583167,0.15077334218418842,0.47918541151594934,0.06749513435742355,0.2145119506130976,0.08897667081329497,0.2827842243286106,0.01638553506181925,0.052076244034671815,0.011776818615266596,0.037428895537854744,,,0.2827842243286106,0.037428895537854744,phone_handling_motion_candidate,041,d74f7acf-f82f-491d-90b9-d7321e6d4bcf,3026
108,1736352447000,1736352747000,2025-01-08 18:07:27+0200,2025-01-08 18:12:27+0200,18,False,3045,ok,299.678,20.0,200.0,0.218,0,0.0,9.693363715392952,9.795636087124361,1.0302664005888158,0.5585973327572111,0.2672499580020453,0.8717095353604498,0.2735632183908046,50.0,25.0,0.05,0.8459814669571519,0.2893235631750156,0.3419975194204456,0.25756739682057744,0.3044598574328141,0.2747169513665396,0.32473164259099985,0.044102764647210684,0.05213206951901754,0.02389801849206157,0.028248867647205772,,,0.32473164259099985,0.028248867647205772,phone_handling_motion_candidate,041,d74f7acf-f82f-491d-90b9-d7321e6d4bcf,3045
109,1736352747000,1736353047000,2025-01-08 18:12:27+0200,2025-01-08 18:17:27+0200,18,False,3198,ok,299.862,20.0,201.0,0.207,0,0.0,9.682084070363523,9.713627711214007,0.46456994910915833,0.18878261484513675,0.01270494961703239,0.42565404171183785,0.08786741713570982,50.0,25.0,0.016666666666666666,0.08498525488609601,0.04731828793840731,0.5567823265556718,0.019553611946566178,0.23008240632770333,0.025384619004134166,0.2986943916113054,0.003984207522606981,0.046881162243343655,0.0023122855975182925,0.027208079808872743,,,0.2986943916113054,0.027208079808872743,still_phone_candidate,041,d74f7acf-f82f-491d-90b9-d7321e6d4bcf,3198
110,1736353047000,1736353347000,2025-01-08 18:17:27+0200,2025-01-08 18:22:27+0200,18,False,2892,ok,299.838,21.0,201.0,0.208,0,0.0,9.696785415717294,9.736225504532035,1.3917589201093472,0.07356056113087225,0.026654623228576924,1.3903730636616065,0.00656984785615491,47.61904761904762,23.80952380952381,0.016666666666666666,2.600642221269427,0.7110689891283434,0.27342053563263924,0.9094986801484353,0.3497208007737759,0.915225035190002,0.3519227011331308,0.14288239768762973,0.054941197416185104,0.05217486243435187,0.020062299230412497,,,0.3519227011331308,0.020062299230412497,still_phone_candidate,041,d74f7acf-f82f-491d-90b9-d7321e6d4bcf,2892
111,1736353347000,1736353647000,2025-01-08 18:22:27+0200,2025-01-08 18:27:27+0200,18,False,1962,ok,299.841,200.0,201.0,0.222,0,0.0,9.736738298974032,9.736497154463592,0.009127381834661065,0.007276707025024961,0.006065078948724434,0.005515141403678503,0.0,5.0,2.5,0.03333333333333333,2.351629742726461e-05,5.344016127390446e-06,0.2272473438439606,6.839958319302452e-06,0.290860342299135,1.0836830341707228e-05,0.46082213304306535,1.7952578329770497e-06,0.07634100727505011,7.115854658202552e-07,0.030259247571654223,,,0.46082213304306535,0.030259247571654223,still_phone_candidate,041,d74f7acf-f82f-491d-90b9-d7321e6d4bcf,1962
112,1736353647000,1736353947000,2025-01-08 18:27:27+0200,2025-01-08 18:32:27+0200,18,False,1500,ok,299.8,200.0,203.0,0.213,0,0.0,9.891563596240754,9.843668706871068,0.3937068665191471,0.15872135411158256,0.11547996908749081,0.36346464604008694,0.030666666666666665,5.0,2.5,0.016666666666666666,0.056977432979227055,0.03035584018602119,0.5327695299486094,0.015078104489496624,0.2646329204580668,0.01370499181901073,0.24053368329189775,0.0023900422390878053,0.041947173014255865,0.0008363908258773593,0.014679334995353201,,,0.24053368329189775,0.014679334995353201,low_motion_phone_candidate,041,d74f7acf-f82f-491d-90b9-d7321e6d4bcf,1500
113,1736353947000,1736354247000,2025-01-08 18:32:27+0200,2025-01-08 18:37:27+0200,18,False,1500,ok,299.8,200.0,201.0,0.208,0,0.0,9.909950102879442,9.906863532840845,0.0232366737931136,0.0123681150053441,0.00885098862531386,0.019912299083363602,0.0,5.0,2.5,0.03333333333333333,0.0004119844341358604,0.00015927573515193356,0.3866061966297714,0.00015385670376992278,0.37345271088369647,9.465393420993238e-05,0.22975123904491568,1.456510854559659e-05,0.03535354090779421,5.3781486853866025e-06,0.01305425215073307,,,0.22975123904491568,0.01305425215073307,still_phone_candidate,041,d74f7acf-f82f-491d-90b9-d7321e6d4bcf,1500
114,1736354247000,1736354547000,2025-01-08 18:37:27+0200,2025-01-08 18:42:27+0200,18,False,1500,ok,299.8,200.0,201.0,0.203,0,0.0,9.912613702795998,9.911501926397111,0.012867834377156965,0.009333882247985138,0.0075983702296964495,0.008927253244969124,0.0,5.0,2.5,0.21666666666666667,6.097835849681348e-05,9.77909996178889e-06,0.16037000999788986,2.1141953255026096e-05,0.34671240381341034,2.804740417461683e-05,0.45995669391596516,4.394892618537025e-06,0.07207298994063094,1.5970066884379385e-06,0.026189729074478,,,0.45995669391596516,0.026189729074478,still_phone_candidate,041,d74f7acf-f82f-491d-90b9-d7321e6d4bcf,1500
115,1736354547000,1736354847000,2025-01-08 18:42:27+0200,2025-01-08 18:47:27+0200,18,False,3279,ok,299.794,20.0,201.0,27.554,2,0.12424666666666667,9.816159783340407,9.808413699039082,0.3880184851374877,0.18742236472191778,0.08972427779253422,0.33983996797380733,0.04574565416285453,50.0,25.0,0.016666666666666666,0.11709856639794686,0.05771223415461507,0.4928517566857844,0.042670091082902616,0.36439464969957797,0.020748142301790663,0.17718528023033464,0.002562635542388592,0.02188443139158298,0.00176375565908495,0.015062145620903815,,,0.17718528023033464,0.015062145620903815,still_phone_candidate,041,d74f7acf-f82f-491d-90b9-d7321e6d4bcf,3279
116,1736354847000,1736355147000,2025-01-08 18:47:27+0200,2025-01-08 18:52:27+0200,18,False,14870,ok,299.996,20.0,24.0,0.204,0,0.0,9.794789762105905,9.800237365039267,0.1526278419765134,0.09887130244848648,0.0670525291891293,0.11640189034662221,0.0039677202420981845,50.0,25.0,0.03333333333333333,0.009029837144653443,0.002767366758475773,0.30646917703430876,0.0025061686009521258,0.2775430565141505,0.0023480502340797855,0.26003240107935544,0.0012458742381389163,0.13797305734097287,0.0013720538165047085,0.15194668458855873,,,0.26003240107935544,0.15194668458855873,still_phone_candidate,041,d74f7acf-f82f-491d-90b9-d7321e6d4bcf,14870
117,1736355147000,1736355447000,2025-01-08 18:52:27+0200,2025-01-08 18:57:27+0200,18,False,6322,ok,299.91,20.0,200.0,0.208,0,0.0,9.822104653148735,9.833763566740222,0.4703891969120683,0.2147396033496413,0.09567147302075885,0.4186750883333675,0.05994938310661183,50.0,25.0,0.016666666666666666,0.05498688045187007,0.03067178833486475,0.5578019353491369,0.01053352838531886,0.19156439315627008,0.012966506670393655,0.2358109164192942,0.005831402471842438,0.10605079655221858,0.005094494202624258,0.09264926762090933,,,0.2358109164192942,0.09264926762090933,still_phone_candidate,041,d74f7acf-f82f-491d-90b9-d7321e6d4bcf,6322
118,1736355447000,1736355747000,2025-01-08 18:57:27+0200,2025-01-08 19:02:27+0200,18,False,1500,ok,299.799,200.0,205.0,0.25,0,0.0,9.845753120739912,9.846726864808526,0.35371187801676446,0.18851083458824605,0.11000203606329695,0.29929367863438167,0.034666666666666665,5.0,2.5,0.06666666666666667,0.07740059203604388,0.02954140255009117,0.38166894816947056,0.025541132395805317,0.329986266563844,0.021495447933581095,0.2777168412816675,0.003802052980298756,0.04912175579391198,0.0012889102649879993,0.016652460027538032,,,0.2777168412816675,0.016652460027538032,low_motion_phone_candidate,041,d74f7acf-f82f-491d-90b9-d7321e6d4bcf,1500
119,1736355747000,1736356047000,2025-01-08 19:02:27+0200,2025-01-08 19:07:27+0200,19,False,4297,ok,299.872,20.0,200.0,0.209,0,0.0,9.849296783707269,9.841698102788754,0.1521554132338891,0.09225876545462355,0.061234598917502936,0.12123254482549527,0.005585292064230859,50.0,25.0,0.016666666666666666,0.027055915518723717,0.011503534024473818,0.425176298932222,0.00758493051465687,0.28034277788189466,0.007930401841585239,0.2931115687472154,0.0012354373068532581,0.045662373021466925,0.000600266992125807,0.022186164489994786,,,0.2931115687472154,0.022186164489994786,still_phone_candidate,041,d74f7acf-f82f-491d-90b9-d7321e6d4bcf,4297
120,1736356047000,1736356347000,2025-01-08 19:07:27+0200,2025-01-08 19:12:27+0200,19,False,14707,ok,299.98,20.0,24.0,0.201,0,0.0,9.829671860059314,9.830158725111852,0.15206486506362862,0.10332799689055852,0.07614011261646958,0.11156740242106424,0.00367172094920786,50.0,25.0,0.016666666666666666,0.006929929604476061,0.0023154562314538505,0.3341240623798387,0.0014568649657310969,0.21022796029415705,0.002393874520081018,0.34543994769222586,0.0008868792287680576,0.12797810070036206,0.0009076621909136299,0.13097711560119865,,,0.34543994769222586,0.13097711560119865,still_phone_candidate,041,d74f7acf-f82f-491d-90b9-d7321e6d4bcf,14707
121,1736356347000,1736356647000,2025-01-08 19:12:27+0200,2025-01-08 19:17:27+0200,19,False,14104,ok,299.964,20.0,25.0,0.207,0,0.0,9.814978203466005,9.817053612803248,0.14818149162590977,0.0957948412745354,0.06883997407018771,0.11307258805556392,0.003970504821327283,50.0,25.0,0.05,0.008317262263830793,0.0034955842842179234,0.4202806372259224,0.001696964629493887,0.20402923169484055,0.0023004613682075146,0.27658877347315486,0.0008343133563221672,0.10031105547198368,0.0008244285182217724,0.09912258289689357,,,0.27658877347315486,0.09912258289689357,still_phone_candidate,041,d74f7acf-f82f-491d-90b9-d7321e6d4bcf,14104
122,1736356647000,1736356947000,2025-01-08 19:17:27+0200,2025-01-08 19:22:27+0200,19,False,15000,ok,299.962,20.0,25.0,0.079,0,0.0,9.865187977923384,9.861340693413895,0.28467076414804865,0.04502075056614655,0.015380182370082096,0.2811145275100377,0.008533333333333334,50.0,25.0,0.016666666666666666,0.012053069557543965,0.003750669164723364,0.3111795834925582,0.0018727846353325459,0.1553782317766828,0.003839168806545385,0.31852208171672464,0.0020867541507437123,0.17313051590560363,0.002626347490143249,0.21789864213464438,,,0.31852208171672464,0.21789864213464438,still_phone_candidate,041,d74f7acf-f82f-491d-90b9-d7321e6d4bcf,15000
123,1736356947000,1736357247000,2025-01-08 19:22:27+0200,2025-01-08 19:27:27+0200,19,False,15000,ok,299.98,20.0,27.0,0.073,0,0.0,9.872604084068602,9.875461081782309,0.05508839877271472,0.0171100703451979,0.011242661398135567,0.05244177350223912,0.0006666666666666666,50.0,25.0,0.03333333333333333,0.0012991425201575116,0.00024112249053169553,0.18560126144009295,0.00035701521202526727,0.2748083497274662,0.0003762133737934353,0.2895859137516507,0.0002007085953409401,0.15449313083571897,0.0003235781517430445,0.24907055748110915,,,0.2895859137516507,0.24907055748110915,still_phone_candidate,041,d74f7acf-f82f-491d-90b9-d7321e6d4bcf,17594
124,1736357247000,1736357547000,2025-01-08 19:27:27+0200,2025-01-08 19:32:27+0200,19,False,14648,ok,299.998,20.0,25.0,0.208,0,0.0,9.876761723871068,9.876268119192005,0.2088888539649839,0.057974934822778684,0.021143871433985773,0.20068309318096061,0.008874931731294375,50.0,25.0,0.05,0.019423200376977062,0.00976971015576771,0.502991781279673,0.002345695286332847,0.12076770258279754,0.00532893226440728,0.27435912522036443,0.0021706041391751957,0.11175316616452569,0.002230418055908472,0.11483267497730484,,,0.27435912522036443,0.11483267497730484,still_phone_candidate,041,d74f7acf-f82f-491d-90b9-d7321e6d4bcf,29296
125,1736357547000,1736357847000,2025-01-08 19:32:27+0200,2025-01-08 19:37:27+0200,19,False,3372,ok,299.824,20.0,201.5,0.208,0,0.0,9.88517900470378,9.888478409351391,0.33925667879440735,0.08717879732269498,0.022772864099550816,0.3278808281601852,0.021648873072360617,50.0,25.0,0.016666666666666666,0.06392798643555388,0.02919266895857507,0.4566492797016898,0.019638984233778065,0.3072047991621983,0.014748295368497947,0.2307017034451066,0.002573646567380544,0.0402585269907578,0.0009386547482232261,0.014683001930140388,,,0.2307017034451066,0.014683001930140388,still_phone_candidate,041,d74f7acf-f82f-491d-90b9-d7321e6d4bcf,6744
126,1736357847000,1736358147000,2025-01-08 19:37:27+0200,2025-01-08 19:42:27+0200,19,False,3481,ok,299.844,21.0,201.0,0.207,0,0.0,9.877684069171377,9.877386096114451,0.22479908046864158,0.050849628332616824,0.023265616172007952,0.21897267104806523,0.007469118069520253,47.61904761904762,23.80952380952381,0.03333333333333333,0.0970941610002784,0.04015506879538585,0.4135683174117001,0.03262471676168963,0.3360111094795503,0.022793485634320303,0.23475650234265835,0.004264916420625814,0.04392557056663361,0.001773053094838952,0.018261171182414028,,,0.23475650234265835,0.018261171182414028,still_phone_candidate,041,d74f7acf-f82f-491d-90b9-d7321e6d4bcf,6962
127,1736358147000,1736358447000,2025-01-08 19:42:27+0200,2025-01-08 19:47:27+0200,19,False,1500,ok,299.8,200.0,202.0,0.224,0,0.0,9.902867520573402,9.87549867493102,0.3313211641891325,0.1161683970172833,0.018699133044457028,0.31149265013138516,0.027333333333333334,5.0,2.5,0.06666666666666667,0.06776811776392345,0.03034359015166927,0.4477561300636088,0.019267172595978897,0.28431028087718013,0.01774168891471295,0.2617999363139725,0.0028813327301687943,0.04251752631239051,0.0009011705395005923,0.013297854053434149,,,0.2617999363139725,0.013297854053434149,still_phone_candidate,041,d74f7acf-f82f-491d-90b9-d7321e6d4bcf,3000
128,1736358447000,1736358747000,2025-01-08 19:47:27+0200,2025-01-08 19:52:27+0200,19,False,1656,ok,299.913,200.0,202.0,0.206,0,0.0,9.895690514376817,9.85643780698521,0.7289729792746523,0.11832125399074828,0.025468969649567796,0.7203766101173684,0.006642512077294686,5.0,2.5,0.016666666666666666,0.3880182341382894,0.11216653083973054,0.28907541185230606,0.13366355176012287,0.3444775013137277,0.13330924892388574,0.3435643925856701,0.00976117624519499,0.025156488500785543,0.005381196451846114,0.013868411271435918,,,0.3435643925856701,0.013868411271435918,still_phone_candidate,041,d74f7acf-f82f-491d-90b9-d7321e6d4bcf,3312
129,1736358747000,1736359047000,2025-01-08 19:52:27+0200,2025-01-08 19:57:27+0200,19,False,1500,ok,299.799,200.0,201.0,0.202,0,0.0,9.908732445366415,9.908008525444561,0.010972072133902689,0.0083019456220133,0.006663034186358274,0.007210279180028623,0.0,5.0,2.5,0.05,4.101551713436467e-05,1.4279450570566263e-05,0.3481475199687849,1.4443471812631972e-05,0.3521465245779036,1.1405512897000817e-05,0.27807799813024325,1.7660018221577173e-06,0.043056919564670816,7.453801711958698e-07,0.018173126252536174,,,0.27807799813024325,0.018173126252536174,still_phone_candidate,041,d74f7acf-f82f-491d-90b9-d7321e6d4bcf,3000
130,1736359047000,1736359347000,2025-01-08 19:57:27+0200,2025-01-08 20:02:27+0200,19,False,1500,ok,299.801,200.0,201.0,0.203,0,0.0,9.909238808642709,9.908896983604967,0.009552067407108391,0.0073776471439707374,0.005963037822695583,0.006076936623450145,0.0,5.0,2.5,0.03333333333333333,3.0357302741062566e-05,1.0331209154451465e-05,0.34032039152401494,7.803797665112613e-06,0.2570649221268551,1.1333614788804251e-05,0.37334063851048027,1.7037778666033058e-06,0.05612415177777649,7.095254056121366e-07,0.02337247849929706,,,0.37334063851048027,0.02337247849929706,still_phone_candidate,041,d74f7acf-f82f-491d-90b9-d7321e6d4bcf,3000
131,1736359347000,1736359647000,2025-01-08 20:02:27+0200,2025-01-08 20:07:27+0200,20,False,1500,ok,299.801,200.0,201.0,0.208,0,0.0,9.911001372744828,9.90978897225985,0.013207747669094582,0.009360750798868701,0.007074934373517472,0.009396321509395377,0.0,5.0,2.5,0.016666666666666666,5.863693801903909e-05,4.433261723326982e-05,0.7560527328162201,9.943880335421993e-06,0.16958389491950057,1.2672078542029715e-05,0.21611085043211434,1.9057139228321359e-06,0.03250022915953355,7.558747431748418e-07,0.012890760819219678,,,0.21611085043211434,0.012890760819219678,still_phone_candidate,041,d74f7acf-f82f-491d-90b9-d7321e6d4bcf,3000
132,1736359647000,1736359947000,2025-01-08 20:07:27+0200,2025-01-08 20:12:27+0200,20,False,1500,ok,299.8,200.0,201.0,0.202,0,0.0,9.9079530628084,9.906247547700596,0.042358716936580006,0.01096123581557272,0.007966021402181056,0.040951446759445065,0.0006666666666666666,5.0,2.5,0.016666666666666666,0.0002186034367644793,5.0380901771680497e-05,0.2304671075503734,6.466265672612881e-05,0.2957989027217151,9.903854205286026e-05,0.45305116661803996,1.4188853954082867e-05,0.0649068201492631,6.817275306459538e-06,0.03118558155974642,,,0.45305116661803996,0.03118558155974642,still_phone_candidate,041,d74f7acf-f82f-491d-90b9-d7321e6d4bcf,3000
133,1736359947000,1736360247000,2025-01-08 20:12:27+0200,2025-01-08 20:17:27+0200,20,False,1500,ok,299.801,200.0,201.0,0.204,0,0.0,9.89979495212243,9.899134628841363,0.010894190293722659,0.008144528214904537,0.006501133067335907,0.007265402201391557,0.0,5.0,2.5,0.016666666666666666,4.190259249173657e-05,1.9827826911374313e-05,0.47318854830484475,1.1630220015710774e-05,0.2775537102627796,1.0704896846216911e-05,0.25547099140293,1.6832199559923469e-06,0.04016982854519771,7.246729533405506e-07,0.017294227164666727,,,0.25547099140293,0.017294227164666727,still_phone_candidate,041,d74f7acf-f82f-491d-90b9-d7321e6d4bcf,3000
134,1736360247000,1736360547000,2025-01-08 20:17:27+0200,2025-01-08 20:22:27+0200,20,False,1500,ok,299.799,200.0,201.0,0.206,0,0.0,9.899329962190961,9.89971102277622,0.016518967037859728,0.01259552800967002,0.009754697198713025,0.010694585233899979,0.0,5.0,2.5,0.016666666666666666,6.965644127822089e-05,4.3173564691751063e-05,0.6198072123625689,1.673933893836664e-05,0.2403128645562954,1.5042267394522625e-05,0.2159494099682898,2.3418978141755644e-06,0.03362069280601898,1.0218441669232822e-06,0.01466977279016947,,,0.2159494099682898,0.01466977279016947,still_phone_candidate,041,d74f7acf-f82f-491d-90b9-d7321e6d4bcf,3000
135,1736360547000,1736360847000,2025-01-08 20:22:27+0200,2025-01-08 20:27:27+0200,20,False,1500,ok,299.8,200.0,201.0,0.221,0,0.0,9.90659448702132,9.905493318141982,0.027391858020877936,0.010442865711032336,0.00788367999958961,0.025347051396130936,0.0006666666666666666,5.0,2.5,0.05,0.000595091796758511,0.000169601769283268,0.2850010203587004,0.00021946355957014248,0.36878942167505807,0.00014924076267764714,0.2507861198735516,5.4930000579059056e-05,0.09230508785075678,4.7138118428532445e-05,0.079211507678808,,,0.2507861198735516,0.079211507678808,still_phone_candidate,041,d74f7acf-f82f-491d-90b9-d7321e6d4bcf,4261
136,1736360847000,1736361147000,2025-01-08 20:27:27+0200,2025-01-08 20:32:27+0200,20,False,1500,ok,299.801,200.0,201.0,0.223,0,0.0,9.901641855108949,9.89894891791135,0.05361528659592058,0.009575372060924304,0.006231029962445511,0.05282199463677788,0.0013333333333333333,5.0,2.5,0.06666666666666667,0.003106582307348448,0.000805130323614422,0.25916915888883124,0.0010494932353687354,0.33782888445808035,0.0011592658561262606,0.37316437854682993,0.000314177169425161,0.10113273634565945,6.04190774381419e-05,0.01944872900847466,,,0.37316437854682993,0.01944872900847466,still_phone_candidate,041,d74f7acf-f82f-491d-90b9-d7321e6d4bcf,4500
137,1736361147000,1736361447000,2025-01-08 20:32:27+0200,2025-01-08 20:37:27+0200,20,False,1500,ok,299.801,200.0,201.0,0.207,0,0.0,9.90176257942641,9.89999316072274,0.015360628034151738,0.009643780543545217,0.006721752241209522,0.012086241474519798,0.0,5.0,2.5,0.03333333333333333,0.00014739554604978515,0.00013475393275351176,0.9142334104722304,1.2715244239715244e-05,0.08626613612476779,1.2911958420961383e-05,0.08760073670475882,2.107731058533737e-06,0.01429982869239358,7.734244025667094e-07,0.005247271191664593,,,0.08760073670475882,0.005247271191664593,still_phone_candidate,041,d74f7acf-f82f-491d-90b9-d7321e6d4bcf,3239
138,1736361447000,1736361747000,2025-01-08 20:37:27+0200,2025-01-08 20:42:27+0200,20,False,1500,ok,299.8,200.0,201.0,0.202,0,0.0,9.901808487945672,9.901555900800965,0.009990099303009389,0.007692352801848928,0.006459284122945164,0.0063791529783778795,0.0,5.0,2.5,0.016666666666666666,3.2889493608737986e-05,1.020866538352327e-05,0.31039290251678003,1.0567598421102772e-05,0.32130620637756496,1.1606934048553442e-05,0.35290704644566934,1.8292068288363809e-06,0.05561675258965989,7.220384764092996e-07,0.021953468940533353,,,0.35290704644566934,0.021953468940533353,still_phone_candidate,041,d74f7acf-f82f-491d-90b9-d7321e6d4bcf,3000
139,1736361747000,1736362047000,2025-01-08 20:42:27+0200,2025-01-08 20:47:27+0200,20,False,1500,ok,299.8,200.0,201.0,0.208,0,0.0,9.90236046322958,9.901946658317133,0.008871211861153064,0.00696964345941197,0.005841812288492676,0.005503971696848138,0.0,5.0,2.5,0.21666666666666667,2.37923667803995e-05,5.3066203081439885e-06,0.22303877361690894,8.341244422137214e-06,0.3505848955308159,9.469838694622836e-06,0.3980200365112153,1.4876486341116262e-06,0.0625262987849184,5.177768013588501e-07,0.02176230747188221,,,0.3980200365112153,0.02176230747188221,still_phone_candidate,041,d74f7acf-f82f-491d-90b9-d7321e6d4bcf,3000
140,1736362047000,1736362347000,2025-01-08 20:47:27+0200,2025-01-08 20:52:27+0200,20,False,1500,ok,299.8,200.0,201.0,0.205,0,0.0,9.902401953318975,9.902191767298914,0.008883227499201908,0.007029478148685842,0.0059593710949332745,0.005435287105825616,0.0,5.0,2.5,0.26666666666666666,2.2689050872074554e-05,4.65364123317726e-06,0.20510515223468043,7.66515950349921e-06,0.3378351763904504,9.641642389565175e-06,0.4249469245728567,1.3808816443844508e-06,0.06086114629343202,5.727760943094399e-07,0.025244603555206743,,,0.4249469245728567,0.025244603555206743,still_phone_candidate,041,d74f7acf-f82f-491d-90b9-d7321e6d4bcf,3261
141,1736362347000,1736362647000,2025-01-08 20:52:27+0200,2025-01-08 20:57:27+0200,20,False,1500,ok,299.8,200.0,201.0,0.206,0,0.0,9.902284174423098,9.902202353289326,0.009107511988274237,0.007149758267549627,0.005978682888647668,0.005642200459935514,0.0,5.0,2.5,0.03333333333333333,2.4639168939916492e-05,5.125650692022292e-06,0.20802855423092304,8.723799099095758e-06,0.35406222995463277,9.970894197820498e-06,0.4046765628392291,1.6197871667078667e-06,0.06574033282769304,5.997186150499324e-07,0.024340050450255366,,,0.4046765628392291,0.024340050450255366,still_phone_candidate,041,d74f7acf-f82f-491d-90b9-d7321e6d4bcf,4500
142,1736362647000,1736362947000,2025-01-08 20:57:27+0200,2025-01-08 21:02:27+0200,20,False,1600,ok,299.644,200.0,201.0,0.234,0,0.0,9.868098078089758,9.872850055659292,0.03279927039162306,0.027999698168603145,0.02699538323904971,0.01773105556675278,0.0,5.0,2.5,0.016666666666666666,0.00011496096706150951,8.730935864657647e-05,0.7594695910992282,1.6487504048602122e-05,0.1434182790040426,2.213316967492503e-05,0.19252769214339285,3.6991257113637342e-06,0.032177232028541725,1.4840447090442147e-06,0.01290911817269405,,,0.19252769214339285,0.01290911817269405,still_phone_candidate,041,d74f7acf-f82f-491d-90b9-d7321e6d4bcf,3439
143,1736362947000,1736363247000,2025-01-08 21:02:27+0200,2025-01-08 21:07:27+0200,21,False,1500,ok,299.799,200.0,201.0,0.204,0,0.0,9.913491582293187,9.911938477271157,0.012627973947835379,0.009009525908154471,0.006937571260934305,0.008983668746506626,0.0,5.0,2.5,0.03333333333333333,7.647640891620717e-05,5.834570469428384e-05,0.7629242209608903,1.04796866759682e-05,0.1370316261508888,9.912545398010738e-06,0.12961572775823726,1.4772869394333715e-06,0.01931689733303232,5.749752500111768e-07,0.007518334845470573,,,0.12961572775823726,0.007518334845470573,still_phone_candidate,041,d74f7acf-f82f-491d-90b9-d7321e6d4bcf,3000
144,1736363247000,1736363547000,2025-01-08 21:07:27+0200,2025-01-08 21:12:27+0200,21,False,1500,ok,299.799,200.0,201.0,0.204,0,0.0,9.900293074940999,9.900266374527106,0.008808435233156133,0.007039790950173176,0.006128944811024439,0.00529439208471268,0.0,5.0,2.5,0.25,2.207058788778443e-05,4.3915272214148655e-06,0.19897644973224643,8.50446301143679e-06,0.38533015317384534,8.507341404365483e-06,0.3854605707659515,1.3264632403236523e-06,0.060100947336242896,5.146312128333114e-07,0.02331751267568854,,,0.3854605707659515,0.02331751267568854,still_phone_candidate,041,d74f7acf-f82f-491d-90b9-d7321e6d4bcf,3000
145,1736363547000,1736363847000,2025-01-08 21:12:27+0200,2025-01-08 21:17:27+0200,21,False,1500,ok,299.8,200.0,201.0,0.205,0,0.0,9.900251492646563,9.899996508752993,0.009724709036085357,0.007467632442027143,0.005994978042701327,0.00623453673766408,0.0,5.0,2.5,0.16666666666666666,2.3153051028520873e-05,4.404077663178585e-06,0.19021586648573713,8.221875193661959e-06,0.35510979453783076,9.805920330225026e-06,0.42352605357046436,1.4840015241528165e-06,0.06409529017686537,5.64279372104104e-07,0.024371706839370833,,,0.42352605357046436,0.024371706839370833,still_phone_candidate,041,d74f7acf-f82f-491d-90b9-d7321e6d4bcf,3000
146,1736363847000,1736364147000,2025-01-08 21:17:27+0200,2025-01-08 21:22:27+0200,21,False,1500,ok,299.8,200.0,201.0,0.203,0,0.0,9.902010378452324,9.901409759427475,0.01813506004973824,0.01018124987262536,0.00725346793358117,0.015019430656712313,0.0,5.0,2.5,0.016666666666666666,9.15268690745047e-05,3.9229380183111155e-05,0.4286105334945704,2.505750415880814e-05,0.27377211098973386,3.0423592676932674e-05,0.3324006708037534,4.5755312522260756e-06,0.04999112608671779,1.8724174718139208e-06,0.020457571538798465,,,0.3324006708037534,0.020457571538798465,still_phone_candidate,041,d74f7acf-f82f-491d-90b9-d7321e6d4bcf,3000
147,1736364147000,1736364447000,2025-01-08 21:22:27+0200,2025-01-08 21:27:27+0200,21,False,1500,ok,299.8,200.0,201.0,0.209,0,0.0,9.901881720534703,9.901213811550049,0.029515380469410702,0.01247885794963854,0.008424960683833582,0.026755969258066437,0.0006666666666666666,5.0,2.5,0.016666666666666666,0.0008129973963962884,0.00017529164856897736,0.21561157433711264,0.00028739005688912297,0.3534944369600874,0.00032787686102135063,0.40329386351629837,5.8077267293304725e-05,0.07143598189949857,1.8498553991266538e-05,0.022753521811095176,,,0.40329386351629837,0.022753521811095176,still_phone_candidate,041,d74f7acf-f82f-491d-90b9-d7321e6d4bcf,3000
148,1736364447000,1736364747000,2025-01-08 21:27:27+0200,2025-01-08 21:32:27+0200,21,False,1500,ok,299.8,200.0,201.0,0.204,0,0.0,9.904283500482691,9.903412554659946,0.014677227099879613,0.009045625635806402,0.006878239070907455,0.011591212137841356,0.0,5.0,2.5,0.18333333333333332,0.00013038989368873593,3.8583871912860305e-05,0.2959115221381109,4.4884139343315795e-05,0.34423020123371134,4.367222137967969e-05,0.33493563146798105,6.84000567527788e-06,0.05245809687985636,2.445362566789778e-06,0.01875423391806191,,,0.33493563146798105,0.01875423391806191,still_phone_candidate,041,d74f7acf-f82f-491d-90b9-d7321e6d4bcf,3000
149,1736364747000,1736365047000,2025-01-08 21:32:27+0200,2025-01-08 21:37:27+0200,21,False,1500,ok,299.801,200.0,201.0,0.21,0,0.0,9.903493111071196,9.902425095574525,0.013308764278672473,0.00903039077379774,0.006757454372347205,0.009834424548437345,0.0,5.0,2.5,0.03333333333333333,9.002842952152376e-05,5.7084538676847544e-05,0.6340723589230214,2.1414339938236392e-05,0.23786197373482681,1.4676290867041547e-05,0.16301840368694623,2.6887660310542e-06,0.0298657440249069,8.53787076976018e-07,0.009483527387000534,,,0.16301840368694623,0.009483527387000534,still_phone_candidate,041,d74f7acf-f82f-491d-90b9-d7321e6d4bcf,3000
150,1736365047000,1736365347000,2025-01-08 21:37:27+0200,2025-01-08 21:42:27+0200,21,False,1500,ok,299.799,200.0,201.0,0.205,0,0.0,9.90413122201911,9.903855498287747,0.009540075525840025,0.007407136217063207,0.0060873832018977225,0.006018587681228877,0.0,5.0,2.5,0.016666666666666666,2.9947332996225442e-05,7.658397979937439e-06,0.2557288817973441,1.0807103989638959e-05,0.36087033162522636,1.0781650797214434e-05,0.3600203997655935,1.545982943945305e-06,0.05162339311284115,6.706038314833948e-07,0.022392773058219163,,,0.3600203997655935,0.022392773058219163,still_phone_candidate,041,d74f7acf-f82f-491d-90b9-d7321e6d4bcf,3000
151,1736365347000,1736365647000,2025-01-08 21:42:27+0200,2025-01-08 21:47:27+0200,21,False,1500,ok,299.801,200.0,201.0,0.203,0,0.0,9.904067478924695,9.90406219834535,0.008778397548014415,0.0069287574082626735,0.005645228902894317,0.005390047511195873,0.0,5.0,2.5,0.16666666666666666,2.304780152081385e-05,4.6352809163001556e-06,0.20111596813753183,7.106582168445886e-06,0.3083409999877048,1.0564474480540249e-05,0.458372329829366,1.552479186501084e-06,0.06735910082786342,5.637582170248872e-07,0.024460390138112405,,,0.458372329829366,0.024460390138112405,still_phone_candidate,041,d74f7acf-f82f-491d-90b9-d7321e6d4bcf,3000
152,1736365647000,1736365947000,2025-01-08 21:47:27+0200,2025-01-08 21:52:27+0200,21,False,1809,ok,299.956,200.0,201.0,0.204,0,0.0,9.89929268605235,9.887023294678066,0.03091471107841609,0.021114309552375744,0.009727289601073608,0.025699090604216743,0.0,5.0,2.5,0.016666666666666666,0.00012751477058142382,0.0001411563600863221,1.1069804654213569,1.1732267950038085e-05,0.09200712902938968,1.3287179011948434e-05,0.10420109726397525,2.1217607308443222e-06,0.016639333005657442,9.061613142411097e-07,0.007106324311366624,,,0.10420109726397525,0.007106324311366624,still_phone_candidate,041,d74f7acf-f82f-491d-90b9-d7321e6d4bcf,3618
153,1736365947000,1736366247000,2025-01-08 21:52:27+0200,2025-01-08 21:57:27+0200,21,False,1500,ok,299.8,200.0,201.0,0.204,0,0.0,9.903501661426503,9.903889330150655,0.014453723757252917,0.010590629078550086,0.007983101370660606,0.009843728623404428,0.0,5.0,2.5,0.016666666666666666,7.017025531157673e-05,2.9967831349462988e-05,0.42707314112506695,2.086659694768763e-05,0.29737097086270753,2.153629255846273e-05,0.30691483824357213,3.1872295665726778e-06,0.04542137622872304,1.3504192722345786e-06,0.019244896092201987,,,0.30691483824357213,0.019244896092201987,still_phone_candidate,041,d74f7acf-f82f-491d-90b9-d7321e6d4bcf,3000
154,1736366247000,1736366547000,2025-01-08 21:57:27+0200,2025-01-08 22:02:27+0200,21,False,1500,ok,299.801,200.0,201.0,0.203,0,0.0,9.902800203170056,9.90276421726722,0.01752015098106185,0.008076050122197627,0.006025548052407181,0.015547810129023223,0.0,5.0,2.5,0.11666666666666667,0.00012314001308394388,2.172100435281144e-05,0.17639274033538024,4.051462015933982e-05,0.3290126348429184,4.991152583446206e-05,0.4053233760860302,1.2731850126496924e-05,0.10339328222921083,9.455878611894308e-06,0.07678965086229353,,,0.4053233760860302,0.07678965086229353,still_phone_candidate,041,d74f7acf-f82f-491d-90b9-d7321e6d4bcf,3000
155,1736366547000,1736366847000,2025-01-08 22:02:27+0200,2025-01-08 22:07:27+0200,22,True,1500,ok,299.801,200.0,201.0,0.202,0,0.0,9.902873698286767,9.902889690254977,0.009431014857535225,0.006978071205532963,0.005694497405569265,0.006344353334785916,0.0,5.0,2.5,0.21666666666666667,2.2807491545564824e-05,4.12945386027534e-06,0.18105690632507804,6.889193357036663e-06,0.30205835408393894,1.0858918677599713e-05,0.4761119238345768,1.8038345694650005e-06,0.07908956431536096,6.566534525971581e-07,0.02879112993576235,,,0.4761119238345768,0.02879112993576235,still_phone_candidate,041,d74f7acf-f82f-491d-90b9-d7321e6d4bcf,3000
156,1736366847000,1736367147000,2025-01-08 22:07:27+0200,2025-01-08 22:12:27+0200,22,True,1808,ok,299.787,200.0,202.0,0.207,0,0.0,9.887222859202256,9.872253257857443,0.32564058878420743,0.077285867882139,0.016363571183475756,0.31669034821707526,0.01825221238938053,5.0,2.5,0.03333333333333333,0.08933403112466796,0.026329260390507054,0.29472822460864756,0.0259145527240901,0.2900860108722248,0.033359224727063125,0.3734212405629548,0.007876249542337977,0.08816628381346035,0.0042151529646304465,0.04718417955133012,,,0.3734212405629548,0.04718417955133012,still_phone_candidate,041,d74f7acf-f82f-491d-90b9-d7321e6d4bcf,3616
157,1736367147000,1736367447000,2025-01-08 22:12:27+0200,2025-01-08 22:17:27+0200,22,True,1500,ok,299.8,200.0,205.0,0.208,0,0.0,9.87776189784029,9.868977519113933,0.07083646916797956,0.024730788537537202,0.01400375799569975,0.06695788804992152,0.0026666666666666666,5.0,2.5,0.13333333333333333,0.004363486743091397,0.0012574146649913854,0.28816740808992247,0.002091928813484188,0.47941679135299037,0.0009067359712515358,0.20780078516043365,0.00010982127672988563,0.025168238886886272,4.679370303724606e-05,0.01072392464840953,,,0.20780078516043365,0.01072392464840953,still_phone_candidate,041,d74f7acf-f82f-491d-90b9-d7321e6d4bcf,3000
158,1736367447000,1736367747000,2025-01-08 22:17:27+0200,2025-01-08 22:22:27+0200,22,True,1500,ok,299.8,200.0,205.0,0.208,0,0.0,9.844161308559356,9.822556798725728,0.16798519115220897,0.08959864208752583,0.04767962651855928,0.14372843360889656,0.006,5.0,2.5,0.03333333333333333,0.015926934834894168,0.006610794306046025,0.41507009192770095,0.003300369597920213,0.20721938226867515,0.0059696865387464295,0.3748170379693838,0.0015465144360945699,0.09710056907537076,0.00022919037053486353,0.014390111651159177,,,0.3748170379693838,0.014390111651159177,still_phone_candidate,041,d74f7acf-f82f-491d-90b9-d7321e6d4bcf,3000
159,1736367747000,1736368047000,2025-01-08 22:22:27+0200,2025-01-08 22:27:27+0200,22,True,1500,ok,299.8,200.0,205.0,0.208,0,0.0,9.772159348210366,9.770553655023072,0.16460332578190673,0.09365080696486085,0.054986091984210006,0.1353748849081934,0.008,5.0,2.5,0.05,0.01893071178435196,0.007199684465476001,0.38031768416796813,0.0057611286705399785,0.30432710276124436,0.005532261043059551,0.2922373498725226,0.0009638977884019238,0.05091714455230771,0.00025790348015388597,0.013623549029311607,,,0.2922373498725226,0.013623549029311607,still_phone_candidate,041,d74f7acf-f82f-491d-90b9-d7321e6d4bcf,3000
160,1736368047000,1736368347000,2025-01-08 22:27:27+0200,2025-01-08 22:32:27+0200,22,True,1500,ok,299.8,200.0,205.0,0.217,0,0.0,9.853890374406516,9.832007193529016,0.19380515249687671,0.07989435136581041,0.04133478593691464,0.17792190241645747,0.009333333333333334,5.0,2.5,0.03333333333333333,0.02815910418137208,0.01038635340555033,0.36884530625165096,0.009765901815262061,0.34681152327716586,0.007496406105086463,0.2662160719603259,0.0011186412054882383,0.039725738371615034,0.00041389926400326555,0.01469859486073672,,,0.2662160719603259,0.01469859486073672,still_phone_candidate,041,d74f7acf-f82f-491d-90b9-d7321e6d4bcf,3000
161,1736368347000,1736368647000,2025-01-08 22:32:27+0200,2025-01-08 22:37:27+0200,22,True,1500,ok,299.8,200.0,205.0,0.207,0,0.0,9.882478157839987,9.880881557956796,0.026058629469622518,0.0150713645704701,0.011453322424811674,0.021317956539172817,0.0,5.0,2.5,0.016666666666666666,0.00028127937416796343,8.226876676725347e-05,0.2924806236170286,8.266623081292666e-05,0.293893681530887,0.00011194730528715118,0.397993296231891,1.77473205271073e-05,0.06309499436140542,6.056763671629587e-06,0.02153291079214662,,,0.397993296231891,0.02153291079214662,still_phone_candidate,041,d74f7acf-f82f-491d-90b9-d7321e6d4bcf,3000
162,1736368647000,1736368947000,2025-01-08 22:37:27+0200,2025-01-08 22:42:27+0200,22,True,9667,ok,299.812,30.0,35.0,0.206,0,0.0,9.863232016095822,9.830150830438136,0.14421940377741235,0.06685513360071065,0.026673860676231342,0.13199997114265494,0.004965346022550946,33.333333333333336,16.666666666666668,0.016666666666666666,0.007318455131582858,0.0034908825023512173,0.4769971858249541,0.0017329120175320113,0.2367865876574981,0.0019231433971929894,0.2627799668940576,0.00045547372537974143,0.06223632135341522,0.00046936695380940036,0.0641347040284285,,,0.2627799668940576,0.0641347040284285,still_phone_candidate,041,d74f7acf-f82f-491d-90b9-d7321e6d4bcf,19334
163,1736368947000,1736369247000,2025-01-08 22:42:27+0200,2025-01-08 22:47:27+0200,22,True,14029,ok,299.98,20.0,24.0,0.203,0,0.0,9.803006386742757,9.803765503972706,0.12664923732606034,0.08648261249759902,0.06379966226617206,0.09252763538441741,0.001995865706750303,50.0,25.0,0.03333333333333333,0.0068581786726588,0.0025572697799640717,0.37287885049700253,0.0017774364031987427,0.2591703261224107,0.0017209774180522268,0.25093796767255017,0.0006726370850256831,0.0980780929063945,0.0008657113636122115,0.1262305059306059,,,0.25093796767255017,0.1262305059306059,still_phone_candidate,041,d74f7acf-f82f-491d-90b9-d7321e6d4bcf,28058
164,1736369247000,1736369547000,2025-01-08 22:47:27+0200,2025-01-08 22:52:27+0200,22,True,14569,ok,299.978,20.0,24.0,0.208,0,0.0,9.831796263628771,9.834732054736277,0.17784221974388714,0.11066626092775306,0.07461749404011542,0.1392460149703769,0.007687555769098771,50.0,25.0,0.016666666666666666,0.010266469659656035,0.004847859124456507,0.4722031316672618,0.002327058831868539,0.22666592402382885,0.002362640554102735,0.2301317426950729,0.0009097930462348163,0.08861790629061264,0.00101711846803484,0.0990718817425422,,,0.2301317426950729,0.0990718817425422,still_phone_candidate,041,d74f7acf-f82f-491d-90b9-d7321e6d4bcf,29138
165,1736369547000,1736369847000,2025-01-08 22:52:27+0200,2025-01-08 22:57:27+0200,22,True,14613,ok,299.98,20.0,24.0,0.207,0,0.0,9.852904282757226,9.85284089902962,0.19012411262933926,0.09602635130888908,0.05992026842377207,0.1640918098958398,0.00814343392869363,50.0,25.0,0.03333333333333333,0.008148587395978192,0.003809290325480745,0.4674786119813668,0.0017535946809033856,0.21520229159828216,0.0017696890611395935,0.2171774045171362,0.0006089230492050965,0.07472743674635385,0.0008741324419416388,0.10727410770277493,,,0.2171774045171362,0.10727410770277493,still_phone_candidate,041,d74f7acf-f82f-491d-90b9-d7321e6d4bcf,29226
166,1736369847000,1736370147000,2025-01-08 22:57:27+0200,2025-01-08 23:02:27+0200,22,True,12514,ok,299.98,20.0,25.0,0.208,0,0.0,9.850670597476554,9.851512515253377,0.14874038515252638,0.03900312631677921,0.015794255845508864,0.14353803376938878,0.008150871024452612,50.0,25.0,0.016666666666666666,0.04337460380464877,0.01660281747883875,0.38277738636218517,0.012534188792051032,0.28897529182059417,0.013299262897749116,0.30661404903308276,0.0030784823447249465,0.07097430465508951,0.002375075794932018,0.05475729082457842,,,0.30661404903308276,0.05475729082457842,still_phone_candidate,041,d74f7acf-f82f-491d-90b9-d7321e6d4bcf,25028
167,1736370147000,1736370447000,2025-01-08 23:02:27+0200,2025-01-08 23:07:27+0200,23,True,2011,ok,299.981,200.0,201.0,0.224,0,0.0,9.902965189741034,9.915490104919915,0.5103556561905391,0.11009960460011564,0.007643909988669151,0.49849558310261094,0.03679761312779711,5.0,2.5,0.016666666666666666,0.22796478059084962,0.05508921601977396,0.24165669748191448,0.07281523992483781,0.3194144276853289,0.10100895196569579,0.4430901637695794,0.013795360587628792,0.06051531535649209,0.005654863703794853,0.024805865577736685,,,0.4430901637695794,0.024805865577736685,still_phone_candidate,041,d74f7acf-f82f-491d-90b9-d7321e6d4bcf,4022
168,1736370447000,1736370747000,2025-01-08 23:07:27+0200,2025-01-08 23:12:27+0200,23,True,1500,ok,299.799,200.0,201.0,0.203,0,0.0,9.9068073645002,9.906554882909575,0.009884798615384969,0.00760852295192947,0.006278755736397024,0.00631532810788823,0.0,5.0,2.5,0.03333333333333333,3.3532346436574743e-05,1.1599172256949658e-05,0.3459099493347143,1.1640188497565891e-05,0.34713313366193743,9.946676288424344e-06,0.29662929515648817,1.6376997996262862e-06,0.048839403550954535,5.869321759166962e-07,0.017503462724472854,,,0.29662929515648817,0.017503462724472854,still_phone_candidate,041,d74f7acf-f82f-491d-90b9-d7321e6d4bcf,3000
169,1736370747000,1736371047000,2025-01-08 23:12:27+0200,2025-01-08 23:17:27+0200,23,True,1500,ok,299.801,200.0,201.0,0.207,0,0.0,9.898393281793364,9.89733348512332,0.016934949661523892,0.013469070301238157,0.011058679118985282,0.010319875689197504,0.0,5.0,2.5,0.016666666666666666,6.460661139511407e-05,3.312850526458749e-05,0.5127726799039775,1.965415641046351e-05,0.30421277305916516,1.6208728314959643e-05,0.25088343073485264,2.2888901158313133e-06,0.035428109699689535,1.185346967219534e-06,0.018347146547747537,,,0.25088343073485264,0.018347146547747537,still_phone_candidate,041,d74f7acf-f82f-491d-90b9-d7321e6d4bcf,3000
170,1736371047000,1736371347000,2025-01-08 23:17:27+0200,2025-01-08 23:22:27+0200,23,True,1500,ok,299.8,200.0,201.0,0.203,0,0.0,9.912624441969452,9.911656460050477,0.012777247743998651,0.009025397727657753,0.006677420352072971,0.009096001581165938,0.0,5.0,2.5,0.016666666666666666,6.366250590158334e-05,4.8047536073349776e-05,0.7547226643517153,1.15783916447265e-05,0.18187144035180897,1.0684277883444116e-05,0.16782685086196694,1.650754855293892e-06,0.02592978130401927,6.736644766225938e-07,0.01058180897974736,,,0.16782685086196694,0.01058180897974736,still_phone_candidate,041,d74f7acf-f82f-491d-90b9-d7321e6d4bcf,3000
171,1736371347000,1736371647000,2025-01-08 23:22:27+0200,2025-01-08 23:27:27+0200,23,True,1500,ok,299.799,200.0,201.0,0.212,0,0.0,9.903831993034643,9.90389074945392,0.01169128568530335,0.009178558641679966,0.007796795494386721,0.007241800504945383,0.0,5.0,2.5,0.05,4.351684306956416e-05,1.4346953610958964e-05,0.32968737157758754,1.4262143944210428e-05,0.3277384786716163,1.3906026101703129e-05,0.3195550302091894,2.103420459912993e-06,0.048335777863080624,8.227534026659824e-07,0.01890655076588998,,,0.3195550302091894,0.01890655076588998,still_phone_candidate,041,d74f7acf-f82f-491d-90b9-d7321e6d4bcf,3000
172,1736371647000,1736371947000,2025-01-08 23:27:27+0200,2025-01-08 23:32:27+0200,23,True,1500,ok,299.799,200.0,201.0,0.201,0,0.0,9.900461622827027,9.900046801329248,0.009832792208183921,0.007385012267296951,0.005778072074225982,0.0065051881829978975,0.0,5.0,2.5,0.03333333333333333,3.5557169143088294e-05,1.6057347958902565e-05,0.45159241710961234,9.544923971597638e-06,0.26843880437127005,9.558275433436825e-06,0.26881429719482575,1.437723829007601e-06,0.040434147702308576,5.636880792141255e-07,0.015853007784330235,,,0.26881429719482575,0.015853007784330235,still_phone_candidate,041,d74f7acf-f82f-491d-90b9-d7321e6d4bcf,3000
173,1736371947000,1736372247000,2025-01-08 23:32:27+0200,2025-01-08 23:37:27+0200,23,True,1500,ok,299.801,200.0,201.0,0.204,0,0.0,9.901511835805678,9.900980765214253,0.011729984939786059,0.008319100232032202,0.00636108779944955,0.008286564667586087,0.0,5.0,2.5,0.03333333333333333,6.377648917881214e-05,4.474164902831225e-05,0.7015382879240764,1.1543968904054837e-05,0.18100665390483708,1.1391613365085801e-05,0.17861775572416314,1.7342531688172576e-06,0.027192672270730953,6.182940300662007e-07,0.00969470157462996,,,0.17861775572416314,0.00969470157462996,still_phone_candidate,041,d74f7acf-f82f-491d-90b9-d7321e6d4bcf,3000
174,1736372247000,1736372547000,2025-01-08 23:37:27+0200,2025-01-08 23:42:27+0200,23,True,1500,ok,299.8,200.0,201.0,0.202,0,0.0,9.902148833908498,9.901857980996171,0.008941073617120512,0.007058995499883118,0.005833579726735039,0.005495268453497721,0.0,5.0,2.5,0.36666666666666664,2.424105269707238e-05,5.844773513712279e-06,0.24111054857028377,7.897579214126436e-06,0.32579357476006954,9.731220293575234e-06,0.4014355488262473,1.4283674895033333e-06,0.05892349261201181,5.887642261979444e-07,0.024287898448776945,,,0.4014355488262473,0.024287898448776945,still_phone_candidate,041,d74f7acf-f82f-491d-90b9-d7321e6d4bcf,3000
175,1736372547000,1736372847000,2025-01-08 23:42:27+0200,2025-01-08 23:47:27+0200,23,True,1500,ok,299.8,200.0,201.0,0.204,0,0.0,9.897348402873416,9.895120321424987,0.01537893739764841,0.011760159829935706,0.009417396543443424,0.010157494927194933,0.0,5.0,2.5,0.016666666666666666,7.922216338961586e-05,4.3653330597197096e-05,0.5510242175855425,2.349891941792254e-05,0.2966205214865754,1.639645729142421e-05,0.2069680577995096,2.2355075493384377e-06,0.02821820881543181,1.0039152143704956e-06,0.012672150966557483,,,0.2069680577995096,0.012672150966557483,still_phone_candidate,041,d74f7acf-f82f-491d-90b9-d7321e6d4bcf,3000
176,1736372847000,1736373147000,2025-01-08 23:47:27+0200,2025-01-08 23:52:27+0200,23,True,1500,ok,299.8,200.0,201.0,0.204,0,0.0,9.903203300547517,9.90431816131236,0.013319607550199933,0.009584578654840603,0.006870268120207967,0.009316153274045315,0.0,5.0,2.5,0.03333333333333333,6.304796805411378e-05,3.90445439162311e-05,0.6192831445847604,1.5505836055689863e-05,0.24593712587820873,1.086701013065798e-05,0.17236098903823316,1.742004330329349e-06,0.027629825101329112,6.11837029968045e-07,0.009704310049182046,,,0.17236098903823316,0.009704310049182046,still_phone_candidate,041,d74f7acf-f82f-491d-90b9-d7321e6d4bcf,3000
177,1736373147000,1736373447000,2025-01-08 23:52:27+0200,2025-01-08 23:57:27+0200,23,True,1500,ok,299.801,200.0,201.0,0.204,0,0.0,9.901781036382438,9.901612840817773,0.009824806648668782,0.00726554410929382,0.005850175108731648,0.0066156620400081734,0.0,5.0,2.5,0.06666666666666667,4.188594270525799e-05,2.3468866096956004e-05,0.5603041159202543,8.486795368933272e-06,0.20261679267082403,9.933050034835466e-06,0.23714519462369793,1.5786705245315166e-06,0.0376897455941309,5.751835332675759e-07,0.013732137708228601,,,0.23714519462369793,0.013732137708228601,still_phone_candidate,041,d74f7acf-f82f-491d-90b9-d7321e6d4bcf,3000
178,1736373447000,1736373747000,2025-01-08 23:57:27+0200,2025-01-09 00:02:27+0200,23,True,1500,ok,299.801,200.0,201.0,0.208,0,0.0,9.901575136957078,9.90067634152003,0.01102449008149178,0.007978436975833503,0.005959289605533158,0.0076610546413154665,0.0,5.0,2.5,0.016666666666666666,4.858768276482207e-05,2.9697573432768697e-05,0.6112160889934437,1.1087999990873328e-05,0.22820598472543627,1.0008838615214025e-05,0.20599538907133302,1.608482927058465e-06,0.03310474662568229,6.077875314050759e-07,0.012509086600135616,,,0.20599538907133302,0.012509086600135616,still_phone_candidate,041,d74f7acf-f82f-491d-90b9-d7321e6d4bcf,3000
179,1736373747000,1736374047000,2025-01-09 00:02:27+0200,2025-01-09 00:07:27+0200,0,True,1675,ok,299.733,200.0,201.0,0.236,0,0.0,9.899838422253048,9.895206810005197,0.018309877372274044,0.01243460585205139,0.007830912900439913,0.014215625864037898,0.0,5.0,2.5,0.016666666666666666,8.350908970418783e-05,6.878807521467789e-05,0.8237196149346637,1.3938177678692649e-05,0.16690611438905045,1.2145945182956658e-05,0.14544458843918592,1.8653864378994207e-06,0.022337525705370908,9.291305787243785e-07,0.011126101146780724,,,0.14544458843918592,0.011126101146780724,still_phone_candidate,041,d74f7acf-f82f-491d-90b9-d7321e6d4bcf,3350
180,1736374047000,1736374347000,2025-01-09 00:07:27+0200,2025-01-09 00:12:27+0200,0,True,1500,ok,299.799,200.0,201.0,0.204,0,0.0,9.89924461301985,9.896472461646573,0.014464085709139438,0.011073769922703145,0.008303608760417802,0.009709079170380835,0.0,5.0,2.5,0.016666666666666666,4.533210580150419e-05,2.2425968313145154e-05,0.4947038730418084,1.1481067115028628e-05,0.25326569132483734,1.4600172639650914e-05,0.322071352775464,2.160802884104358e-06,0.04766606019949462,8.420813883903798e-07,0.018575827738459887,,,0.322071352775464,0.018575827738459887,still_phone_candidate,041,d74f7acf-f82f-491d-90b9-d7321e6d4bcf,3000
181,1736374347000,1736374647000,2025-01-09 00:12:27+0200,2025-01-09 00:17:27+0200,0,True,1500,ok,299.8,200.0,201.0,0.209,0,0.0,9.90248981842932,9.901569872102307,0.011764215599117958,0.009060066900310164,0.007066410696624281,0.0075603080406170114,0.0,5.0,2.5,0.016666666666666666,3.597148967731626e-05,1.489923400521195e-05,0.4141956349004767,1.0532325854799512e-05,0.29279648825445315,1.1376625956956464e-05,0.3162678571004693,1.7021132894620908e-06,0.04731839867436597,6.053273280683783e-07,0.016827974974027826,,,0.3162678571004693,0.016827974974027826,still_phone_candidate,041,d74f7acf-f82f-491d-90b9-d7321e6d4bcf,3000
182,1736374647000,1736374947000,2025-01-09 00:17:27+0200,2025-01-09 00:22:27+0200,0,True,1500,ok,299.8,200.0,201.0,0.202,0,0.0,9.902832003633101,9.902717402179588,0.008403202726463397,0.006652657241457851,0.005605186402579676,0.0051350853140787744,0.0,5.0,2.5,0.03333333333333333,2.0288508231435807e-05,4.204022077100496e-06,0.20721198567899732,7.187122705544491e-06,0.35424599105854826,8.182254211234249e-06,0.40329501399991274,1.3173393522139646e-06,0.06493032100668829,4.89825668727836e-07,0.024143010572304228,,,0.40329501399991274,0.024143010572304228,still_phone_candidate,041,d74f7acf-f82f-491d-90b9-d7321e6d4bcf,3000
183,1736374947000,1736375247000,2025-01-09 00:22:27+0200,2025-01-09 00:27:27+0200,0,True,1500,ok,299.799,200.0,201.0,0.268,0,0.0,9.903312489612029,9.902469065668717,0.012734171232121994,0.008602740066777111,0.006420556463631044,0.009426735609988387,0.0,5.0,2.5,0.016666666666666666,7.303151851362163e-05,6.368943964982413e-05,0.8720815470644357,7.950364159999195e-06,0.10886209573358817,9.842179557930161e-06,0.13476619079328642,1.6072859871725952e-06,0.022008114029188765,5.785746153794285e-07,0.00792225914447492,,,0.13476619079328642,0.00792225914447492,still_phone_candidate,041,d74f7acf-f82f-491d-90b9-d7321e6d4bcf,3000
184,1736375247000,1736375547000,2025-01-09 00:27:27+0200,2025-01-09 00:32:27+0200,0,True,1500,ok,299.8,200.0,201.0,0.205,0,0.0,9.903259631213196,9.90310913380091,0.009065714614564228,0.007149065236803925,0.006023097642600561,0.005576799905299618,0.0,5.0,2.5,0.03333333333333333,2.310801683657155e-05,5.90521442919778e-06,0.25554830044315974,7.912368810993906e-06,0.3424079559467655,8.702111968788673e-06,0.3765841106284988,1.4231369186989776e-06,0.061586285346939496,5.074753803210194e-07,0.02196100963185518,,,0.3765841106284988,0.02196100963185518,still_phone_candidate,041,d74f7acf-f82f-491d-90b9-d7321e6d4bcf,3000
185,1736375547000,1736375847000,2025-01-09 00:32:27+0200,2025-01-09 00:37:27+0200,0,True,1500,ok,299.8,200.0,201.0,0.201,0,0.0,9.903661057434284,9.90349185618845,0.008508735110980097,0.006774396754697812,0.005698855097802102,0.005151189266602113,0.0,5.0,2.5,0.016666666666666666,1.9824402318792378e-05,3.620638058437104e-06,0.18263542074128258,7.025742241917402e-06,0.35439869151855374,8.625965659267696e-06,0.4351185735920413,1.3627727920055894e-06,0.06874218804133934,4.974083597002798e-07,0.025090711523179977,,,0.4351185735920413,0.025090711523179977,still_phone_candidate,041,d74f7acf-f82f-491d-90b9-d7321e6d4bcf,3000
186,1736375847000,1736376147000,2025-01-09 00:37:27+0200,2025-01-09 00:42:27+0200,0,True,1500,ok,299.8,200.0,201.0,0.207,0,0.0,9.895021508154453,9.894811770077613,0.017717687011415396,0.014418929262947685,0.013036230923511027,0.010298296072917353,0.0,5.0,2.5,0.016666666666666666,7.644085306851869e-05,3.781818612163226e-05,0.49473788692197707,2.2937652331943993e-05,0.3000705959074469,1.9268354594149422e-05,0.25206880641269136,2.9192107549828697e-06,0.038189144126455514,1.1820849660289435e-06,0.015464047280704302,,,0.25206880641269136,0.015464047280704302,still_phone_candidate,041,d74f7acf-f82f-491d-90b9-d7321e6d4bcf,3000
187,1736376147000,1736376447000,2025-01-09 00:42:27+0200,2025-01-09 00:47:27+0200,0,True,1500,ok,299.801,200.0,201.0,0.204,0,0.0,9.904955207402974,9.904901354899174,0.008562718227306781,0.0068255792643178905,0.0059208037265134905,0.005170542644532683,0.0,5.0,2.5,0.03333333333333333,2.0785403039192466e-05,3.8422317221125215e-06,0.1848524041062711,7.354135099791323e-06,0.3538124849407317,8.732584444734054e-06,0.4201306286083603,1.4001957102334589e-06,0.06736437622081626,5.417243859040751e-07,0.026062731854783493,,,0.4201306286083603,0.026062731854783493,still_phone_candidate,041,d74f7acf-f82f-491d-90b9-d7321e6d4bcf,3000
188,1736376447000,1736376747000,2025-01-09 00:47:27+0200,2025-01-09 00:52:27+0200,0,True,1500,ok,299.8,200.0,201.0,0.203,0,0.0,9.905796113767163,9.904411988457573,0.013017386626452982,0.008949334644987724,0.006277386856580414,0.009553929394088355,0.0,5.0,2.5,0.016666666666666666,6.677805445046079e-05,5.295308425779698e-05,0.7929713540408722,1.0383229768222603e-05,0.15548865347560237,1.0693906895798534e-05,0.16014103710870756,1.605437110614762e-06,0.024041387905449588,5.921279946032268e-07,0.008867104612077254,,,0.16014103710870756,0.008867104612077254,still_phone_candidate,041,d74f7acf-f82f-491d-90b9-d7321e6d4bcf,3000
189,1736376747000,1736377047000,2025-01-09 00:52:27+0200,2025-01-09 00:57:27+0200,0,True,1500,ok,299.8,200.0,201.0,0.204,0,0.0,9.905035846298759,9.90432949077534,0.00907685177231574,0.007139513318963142,0.005891992559669212,0.005649382779596817,0.0,5.0,2.5,0.5333333333333333,2.452961334655784e-05,5.1119778741278015e-06,0.2084002630577603,9.437273785386008e-06,0.3847298223602171,9.44836016496384e-06,0.38518178136263603,1.5132919030166962e-06,0.06169244829246571,5.336015722175532e-07,0.021753362545049316,,,0.38518178136263603,0.021753362545049316,still_phone_candidate,041,d74f7acf-f82f-491d-90b9-d7321e6d4bcf,3000
190,1736377047000,1736377347000,2025-01-09 00:57:27+0200,2025-01-09 01:02:27+0200,0,True,1808,ok,299.773,200.0,201.0,0.944,0,0.0,9.894974217603314,9.886071781557876,0.027227976449257025,0.021749226756622362,0.016404986036757663,0.018643690743880698,0.0,5.0,2.5,0.016666666666666666,0.0002546814955727174,0.00021662151981142184,0.8505585351785852,4.014824372222311e-05,0.15764099245584912,1.831638922545753e-05,0.07191880660300183,3.0670858316432802e-06,0.012042829514355341,1.3390512019699395e-06,0.00525774830620786,,,0.07191880660300183,0.00525774830620786,still_phone_candidate,041,d74f7acf-f82f-491d-90b9-d7321e6d4bcf,3616
191,1736377347000,1736377647000,2025-01-09 01:02:27+0200,2025-01-09 01:07:27+0200,1,True,1500,ok,299.8,200.0,201.0,0.204,0,0.0,9.905720947096517,9.904812275273812,0.012235322956944924,0.008955380606608197,0.006912151860105631,0.0083862965922335,0.0,5.0,2.5,0.03333333333333333,6.643584745420402e-05,4.2205234106230434e-05,0.635278027202462,1.1631296156121175e-05,0.17507560453923515,1.5108813537918938e-05,0.22741959524688599,2.1301094149932476e-06,0.03206265136395811,8.700962533705196e-07,0.013096788657212508,,,0.22741959524688599,0.013096788657212508,still_phone_candidate,041,d74f7acf-f82f-491d-90b9-d7321e6d4bcf,3000
192,1736377647000,1736377947000,2025-01-09 01:07:27+0200,2025-01-09 01:12:27+0200,1,True,1500,ok,299.802,200.0,201.0,0.208,0,0.0,9.89696833298903,9.89597734180366,0.016445595045418364,0.013119656274713237,0.010925281849593738,0.009965654979014069,0.0,5.0,2.5,0.016666666666666666,6.226735206050407e-05,2.4381805987924777e-05,0.3915664498505318,2.2345972731059906e-05,0.35887141482018897,1.7054746799330153e-05,0.2738954883252199,2.726641190456209e-06,0.04378925874038742,9.782177014931195e-07,0.015709961466525875,,,0.2738954883252199,0.015709961466525875,still_phone_candidate,041,d74f7acf-f82f-491d-90b9-d7321e6d4bcf,3000
193,1736377947000,1736378247000,2025-01-09 01:12:27+0200,2025-01-09 01:17:27+0200,1,True,1500,ok,299.801,200.0,201.0,0.204,0,0.0,9.904433862384742,9.903952561375714,0.010181399142723176,0.007617482688303555,0.0061988977070814855,0.0067724808348294955,0.0,5.0,2.5,0.03333333333333333,4.377525114257447e-05,2.3628439526302355e-05,0.5397670809322224,1.0074678471264136e-05,0.2301455321969772,1.0123719284389164e-05,0.23126581847392633,1.5577081279624269e-06,0.03558421910337021,6.175340506472507e-07,0.014106921937145803,,,0.23126581847392633,0.014106921937145803,still_phone_candidate,041,d74f7acf-f82f-491d-90b9-d7321e6d4bcf,3000
194,1736378247000,1736378547000,2025-01-09 01:17:27+0200,2025-01-09 01:22:27+0200,1,True,1500,ok,299.8,200.0,201.0,0.208,0,0.0,9.903903402736072,9.903253698181544,0.011358942333165124,0.008211001261317864,0.006031287974784583,0.007875731408763286,0.0,5.0,2.5,0.016666666666666666,4.9452583410124166e-05,3.3982375807961506e-05,0.687170891076329,1.0091754192107463e-05,0.20406930227312314,1.012346231977622e-05,0.20471048470449973,1.5503465816386473e-06,0.03135016362605746,6.101956801495295e-07,0.012339005125152012,,,0.20471048470449973,0.012339005125152012,still_phone_candidate,041,d74f7acf-f82f-491d-90b9-d7321e6d4bcf,3000
195,1736378547000,1736378847000,2025-01-09 01:22:27+0200,2025-01-09 01:27:27+0200,1,True,1500,ok,299.799,200.0,201.0,0.203,0,0.0,9.904390521395126,9.904344546139681,0.008641555974072443,0.006821184645308835,0.005655023712567875,0.005305661449031901,0.0,5.0,2.5,0.18333333333333332,2.2645000812151e-05,5.337812855323314e-06,0.2357170529426131,7.389873293976384e-06,0.32633574868370413,9.224101461232035e-06,0.40733500244709675,1.34861999582253e-06,0.059554866304040006,5.12236959368042e-07,0.022620310929429628,,,0.40733500244709675,0.022620310929429628,still_phone_candidate,041,d74f7acf-f82f-491d-90b9-d7321e6d4bcf,3000
196,1736378847000,1736379147000,2025-01-09 01:27:27+0200,2025-01-09 01:32:27+0200,1,True,1500,ok,299.8,200.0,201.0,0.203,0,0.0,9.904497066192054,9.904443379660234,0.008710476609428083,0.006758477269339101,0.005535542674778071,0.00549529526112286,0.0,5.0,2.5,0.23333333333333334,2.1673350294471636e-05,4.772291225305445e-06,0.22019167135976872,7.157598378425454e-06,0.33024882084110413,9.142365086579994e-06,0.42182518910848765,1.41159916986826e-06,0.06513063973447271,5.996828194575869e-07,0.02766913335085771,,,0.42182518910848765,0.02766913335085771,still_phone_candidate,041,d74f7acf-f82f-491d-90b9-d7321e6d4bcf,3000
197,1736379147000,1736379447000,2025-01-09 01:32:27+0200,2025-01-09 01:37:27+0200,1,True,1500,ok,299.801,200.0,201.0,0.204,0,0.0,9.904930171651937,9.904331303261364,0.011454418166949861,0.008059995435588163,0.005950878224687983,0.008160809547519085,0.0,5.0,2.5,0.016666666666666666,5.862286483993578e-05,4.550251070848474e-05,0.7761904989243543,8.748526159868877e-06,0.14923402641197944,1.0338963996352553e-05,0.17636401811105823,1.5035298758682168e-06,0.025647499145145223,5.718270439134218e-07,0.00975433468621402,,,0.17636401811105823,0.00975433468621402,still_phone_candidate,041,d74f7acf-f82f-491d-90b9-d7321e6d4bcf,3000
198,1736379447000,1736379747000,2025-01-09 01:37:27+0200,2025-01-09 01:42:27+0200,1,True,1500,ok,299.8,200.0,201.0,0.212,0,0.0,9.891778960618218,9.891929249558524,0.015392697195262586,0.01294673217277807,0.011870349988702067,0.008327054686801104,0.0,5.0,2.5,0.08333333333333333,4.9945322769374606e-05,1.3850596675882185e-05,0.27731519004968913,1.758048327750624e-05,0.35199458733473665,1.7253055201316285e-05,0.3454388568271599,2.4228908893835497e-06,0.04851086658447253,9.747489163062153e-07,0.019516320293036734,,,0.3454388568271599,0.019516320293036734,still_phone_candidate,041,d74f7acf-f82f-491d-90b9-d7321e6d4bcf,3000
199,1736379747000,1736380047000,2025-01-09 01:42:27+0200,2025-01-09 01:47:27+0200,1,True,1500,ok,299.801,200.0,201.0,0.207,0,0.0,9.90595712059611,9.90562034796399,0.00935197752717365,0.007436121526446526,0.0063161211050895005,0.005681284724287575,0.0,5.0,2.5,0.03333333333333333,2.336517726648975e-05,5.816949167487569e-06,0.2489580584449584,7.992128134468118e-06,0.3420529638322239,9.002453309978318e-06,0.38529360198305035,1.364413596198023e-06,0.05839517417892052,5.146937640588011e-07,0.02202824135201289,,,0.38529360198305035,0.02202824135201289,still_phone_candidate,041,d74f7acf-f82f-491d-90b9-d7321e6d4bcf,3000
200,1736380047000,1736380347000,2025-01-09 01:47:27+0200,2025-01-09 01:52:27+0200,1,True,1500,ok,299.8,200.0,201.0,0.205,0,0.0,9.905350135481612,9.90435836185671,0.01237103526390059,0.008597452152411516,0.006350692644288891,0.008950415907136237,0.0,5.0,2.5,0.016666666666666666,6.598521850057195e-05,5.385297207380354e-05,0.8161369060759683,1.077665304181131e-05,0.16331919915848878,1.1528555877574477e-05,0.17471421841960785,1.695790990912848e-06,0.02569955862005896,6.330856296980335e-07,0.009594355282653887,,,0.17471421841960785,0.009594355282653887,still_phone_candidate,041,d74f7acf-f82f-491d-90b9-d7321e6d4bcf,3000
201,1736380347000,1736380647000,2025-01-09 01:52:27+0200,2025-01-09 01:57:27+0200,1,True,1500,ok,299.8,200.0,201.0,0.203,0,0.0,9.905871100302916,9.905650735954126,0.009446876319123942,0.007172779433776516,0.005828245858447545,0.006151688209705928,0.0,5.0,2.5,0.03333333333333333,3.558322274812645e-05,1.3599837489739803e-05,0.38219802590691054,1.0576784345828224e-05,0.29724076485975737,1.0578000999113852e-05,0.2972749566274407,1.5808202763255724e-06,0.04442600063280684,5.557799482075842e-07,0.015619157155652728,,,0.2972749566274407,0.015619157155652728,still_phone_candidate,041,d74f7acf-f82f-491d-90b9-d7321e6d4bcf,3000
202,1736380647000,1736380947000,2025-01-09 01:57:27+0200,2025-01-09 02:02:27+0200,1,True,1500,ok,299.8,200.0,201.0,0.212,0,0.0,9.905383858337338,9.904919641189561,0.009709107630598509,0.007271280828625863,0.005761688149969579,0.006450639011299173,0.0,5.0,2.5,0.1,2.9214664667417322e-05,1.279535121927096e-05,0.43797700110319676,6.724851817965917e-06,0.23018754089845994,9.41223239130997e-06,0.3221749247667146,1.3776703643220108e-06,0.04715680908904992,5.774566466815214e-07,0.019765985790196325,,,0.3221749247667146,0.019765985790196325,still_phone_candidate,041,d74f7acf-f82f-491d-90b9-d7321e6d4bcf,3000
203,1736380947000,1736381247000,2025-01-09 02:02:27+0200,2025-01-09 02:07:27+0200,2,True,1500,ok,299.8,200.0,201.0,0.213,0,0.0,9.90668159313721,9.905884150893261,0.011646980577005063,0.008541713312125287,0.006492241087830308,0.007957839178258558,0.0,5.0,2.5,0.03333333333333333,4.965584765901865e-05,2.9813415929193963e-05,0.6004009061313277,1.114583797704876e-05,0.22446174020804208,1.1476866731757371e-05,0.23112820086302377,1.7320393641693252e-06,0.034880873972045603,6.914038951487659e-07,0.013923916874736724,,,0.23112820086302377,0.013923916874736724,still_phone_candidate,041,d74f7acf-f82f-491d-90b9-d7321e6d4bcf,3000
204,1736381247000,1736381547000,2025-01-09 02:07:27+0200,2025-01-09 02:12:27+0200,2,True,1500,ok,299.8,200.0,201.0,0.215,0,0.0,9.897613483588417,9.895791590378169,0.014750208202222406,0.012167587806906051,0.01077240792567924,0.008534503139591103,0.0,5.0,2.5,0.016666666666666666,5.3291900230218016e-05,1.5152694380082042e-05,0.2843339103057548,2.0881500256979774e-05,0.3918325330260859,1.6656333770805862e-05,0.31254906841098623,2.407819374217763e-06,0.04518171361531712,9.861472062647597e-07,0.01850463582654511,,,0.31254906841098623,0.01850463582654511,still_phone_candidate,041,d74f7acf-f82f-491d-90b9-d7321e6d4bcf,3000
205,1736381547000,1736381847000,2025-01-09 02:12:27+0200,2025-01-09 02:17:27+0200,2,True,1500,ok,299.801,200.0,201.0,0.206,0,0.0,9.905855540570933,9.904579667108202,0.01240127161946247,0.009432587344168542,0.007223205085438167,0.00815142238307012,0.0,5.0,2.5,0.08333333333333333,4.0299629130478685e-05,1.199771786094787e-05,0.2977128603864489,1.4156143475134608e-05,0.3512723015217103,1.315483832781245e-05,0.32642579129502264,1.8574715157083475e-06,0.046091528775472984,7.930745245355624e-07,0.019679449703316466,,,0.32642579129502264,0.019679449703316466,still_phone_candidate,041,d74f7acf-f82f-491d-90b9-d7321e6d4bcf,3000
206,1736381847000,1736382147000,2025-01-09 02:17:27+0200,2025-01-09 02:22:27+0200,2,True,1500,ok,299.8,200.0,201.0,0.205,0,0.0,9.906994011324068,9.905972880480096,0.011948790844080797,0.00862664706633744,0.006464029467339039,0.00833050245957303,0.0,5.0,2.5,0.016666666666666666,4.429395411589403e-05,2.9719484629308544e-05,0.6709602974606478,9.534929465611396e-06,0.21526480658429115,1.0516931828690868e-05,0.23743492850454437,1.7726848838848395e-06,0.040020922025761206,6.504988901619299e-07,0.0146859521382967,,,0.23743492850454437,0.0146859521382967,still_phone_candidate,041,d74f7acf-f82f-491d-90b9-d7321e6d4bcf,3000
207,1736382147000,1736382447000,2025-01-09 02:22:27+0200,2025-01-09 02:27:27+0200,2,True,1500,ok,299.801,200.0,201.0,0.215,0,0.0,9.906966400611488,9.906605843200525,0.008684669859882624,0.006868215415106513,0.005752443951558384,0.005327392348367768,0.0,5.0,2.5,0.016666666666666666,2.1085549865027357e-05,3.726989027213147e-06,0.17675560045008631,7.216799965422372e-06,0.34226282983457823,9.387520645697941e-06,0.4452110903338665,1.4174446464589048e-06,0.06722350877886701,5.526054365809985e-07,0.02620777926676476,,,0.4452110903338665,0.02620777926676476,still_phone_candidate,041,d74f7acf-f82f-491d-90b9-d7321e6d4bcf,3000
208,1736382447000,1736382747000,2025-01-09 02:27:27+0200,2025-01-09 02:32:27+0200,2,True,1500,ok,299.8,200.0,201.0,0.205,0,0.0,9.907113165162084,9.907061808630987,0.00907913487704681,0.006871791584492332,0.00565604100815964,0.005933953827608917,0.0,5.0,2.5,0.4,2.4726430951128414e-05,4.23076988651431e-06,0.1711031363513963,8.917130721697821e-06,0.3606315338967624,1.0578596861022321e-05,0.4278254666810115,1.8580588780490588e-06,0.07514464508531364,5.921682223917993e-07,0.02394879485689685,,,0.4278254666810115,0.02394879485689685,still_phone_candidate,041,d74f7acf-f82f-491d-90b9-d7321e6d4bcf,3000
209,1736382747000,1736383047000,2025-01-09 02:32:27+0200,2025-01-09 02:37:27+0200,2,True,1500,ok,299.801,200.0,201.0,0.205,0,0.0,9.907473411970173,9.907146829072593,0.010850713939955738,0.007829742254167093,0.00593478744462228,0.0075192942241311175,0.0,5.0,2.5,0.03333333333333333,4.7376982313066394e-05,3.0744611014848386e-05,0.6489356120592159,9.94798507709616e-06,0.20997506787916595,1.0689242128761592e-05,0.22562100004865737,1.6653423397322684e-06,0.03515087408327763,6.347101487881752e-07,0.01339701512844402,,,0.22562100004865737,0.01339701512844402,still_phone_candidate,041,d74f7acf-f82f-491d-90b9-d7321e6d4bcf,3000
210,1736383047000,1736383347000,2025-01-09 02:37:27+0200,2025-01-09 02:42:27+0200,2,True,1500,ok,299.801,200.0,201.0,0.211,0,0.0,9.89337273703567,9.89446269526765,0.01625363575666231,0.013515201004822406,0.01234072232401573,0.00909439531013264,0.0,5.0,2.5,0.016666666666666666,6.012044594331968e-05,2.583165402745785e-05,0.4296650435995003,1.6701658606219158e-05,0.2778033054173473,1.820291387658504e-05,0.30277409940948163,2.580972500200035e-06,0.042930029205593766,9.764464932082251e-07,0.01624150449796728,,,0.30277409940948163,0.01624150449796728,still_phone_candidate,041,d74f7acf-f82f-491d-90b9-d7321e6d4bcf,3000
211,1736383347000,1736383647000,2025-01-09 02:42:27+0200,2025-01-09 02:47:27+0200,2,True,1500,ok,299.801,200.0,201.0,0.202,0,0.0,9.907978142514633,9.907912615577342,0.008566821765367732,0.006865358197874147,0.005917340643507352,0.005124605912064995,0.0,5.0,2.5,0.18333333333333332,1.954103822424844e-05,4.494094514201105e-06,0.2299823818278187,6.060121239731615e-06,0.31012278724329095,8.42216919124241e-06,0.4309990643583796,1.2973546186764792e-06,0.06639128401410085,5.160868818899207e-07,0.026410412587469862,,,0.4309990643583796,0.026410412587469862,still_phone_candidate,041,d74f7acf-f82f-491d-90b9-d7321e6d4bcf,3000
212,1736383647000,1736383947000,2025-01-09 02:47:27+0200,2025-01-09 02:52:27+0200,2,True,1500,ok,299.8,200.0,201.0,0.203,0,0.0,9.90762444111845,9.907469676899021,0.008530639817983413,0.006784170701819509,0.005699943961802845,0.005174050208140002,0.0,5.0,2.5,0.3833333333333333,2.054335726352211e-05,3.927588707728138e-06,0.19118533827487755,6.875341492589866e-06,0.33467467874874046,9.022588372705438e-06,0.4391973647231668,1.4378737455341508e-06,0.06999215011887647,5.245913562599896e-07,0.025535814303900665,,,0.4391973647231668,0.025535814303900665,still_phone_candidate,041,d74f7acf-f82f-491d-90b9-d7321e6d4bcf,3000
213,1736383947000,1736384247000,2025-01-09 02:52:27+0200,2025-01-09 02:57:27+0200,2,True,1810,ok,299.897,200.0,201.0,0.204,0,0.0,9.904454679475574,9.891285503549183,0.03185033081274731,0.02155909450683112,0.009477118900136361,0.026890076450378664,0.0,5.0,2.5,0.016666666666666666,0.00013315384477353796,0.00016021760691944538,1.2032518264263135,1.2998074288204896e-05,0.09761696562582502,1.2412568870051379e-05,0.0932197556229947,2.061044433440654e-06,0.015478670082309565,7.965924201879754e-07,0.005982496574115331,,,0.0932197556229947,0.005982496574115331,still_phone_candidate,041,d74f7acf-f82f-491d-90b9-d7321e6d4bcf,3620
214,1736384247000,1736384547000,2025-01-09 02:57:27+0200,2025-01-09 03:02:27+0200,2,True,1500,ok,299.799,200.0,201.0,0.204,0,0.0,9.90773965017075,9.907289948364793,0.010492931445840379,0.007993501186927337,0.006448766293750907,0.006812325653987671,0.0,5.0,2.5,0.016666666666666666,3.52081852862829e-05,1.3769743150840726e-05,0.3910949411018186,1.0690765384713583e-05,0.3036443173025081,1.0882850094824527e-05,0.3091000006485561,1.682152459812424e-06,0.0477773121827949,6.335569162016993e-07,0.01799459162834311,,,0.3091000006485561,0.01799459162834311,still_phone_candidate,041,d74f7acf-f82f-491d-90b9-d7321e6d4bcf,3000
215,1736384547000,1736384847000,2025-01-09 03:02:27+0200,2025-01-09 03:07:27+0200,3,True,1500,ok,299.8,200.0,201.0,0.203,0,0.0,9.907795032295997,9.907228537975856,0.010896939637900178,0.00803384220422359,0.006457643934780322,0.007383873558263727,0.0,5.0,2.5,0.016666666666666666,3.9481250229036083e-05,2.371149009394319e-05,0.600575968501241,8.934740623569122e-06,0.22630338633496866,9.112165136909547e-06,0.2307972793173631,1.4884092812942026e-06,0.03769914257172047,5.205477754474474e-07,0.013184683170560183,,,0.2307972793173631,0.013184683170560183,still_phone_candidate,041,d74f7acf-f82f-491d-90b9-d7321e6d4bcf,3000
216,1736384847000,1736385147000,2025-01-09 03:07:27+0200,2025-01-09 03:12:27+0200,3,True,1500,ok,299.799,200.0,201.0,0.203,0,0.0,9.90611667764704,9.904250304534063,0.012799846982223247,0.009319952982451259,0.006712359445345761,0.008969833207483369,0.0,5.0,2.5,0.016666666666666666,2.6305911716353387e-05,8.696771837727218e-06,0.3306014226574312,8.990562025334655e-06,0.3417696418309487,9.733026231566174e-06,0.3699938757688266,1.5018049991610197e-06,0.057090018979551446,5.420919782409983e-07,0.02060723019548493,,,0.3699938757688266,0.02060723019548493,still_phone_candidate,041,d74f7acf-f82f-491d-90b9-d7321e6d4bcf,3000
217,1736385147000,1736385447000,2025-01-09 03:12:27+0200,2025-01-09 03:17:27+0200,3,True,1500,ok,299.8,200.0,201.0,0.206,0,0.0,9.895146804543053,9.895382109590876,0.014980481549198989,0.012320495469490609,0.011111819382017885,0.008524997788720162,0.0,5.0,2.5,0.05,5.647195446917801e-05,1.3743686219075058e-05,0.24337188872356566,2.496784928542483e-05,0.4421283010321894,1.671479183754034e-05,0.2959839445022777,2.6555561234140418e-06,0.04702433532495188,1.1375561352661955e-06,0.02014373587666539,,,0.2959839445022777,0.02014373587666539,still_phone_candidate,041,d74f7acf-f82f-491d-90b9-d7321e6d4bcf,3000
218,1736385447000,1736385747000,2025-01-09 03:17:27+0200,2025-01-09 03:22:27+0200,3,True,1500,ok,299.8,200.0,201.0,0.202,0,0.0,9.906696968850135,9.906611525121178,0.008554011502339415,0.006777034292135574,0.005761888151448069,0.005220174289828967,0.0,5.0,2.5,0.3833333333333333,2.2296969692589078e-05,3.6740741840413556e-06,0.1647790814041659,9.056042329562357e-06,0.40615574467827104,8.742533207175548e-06,0.3920951289663965,1.4077903312354975e-06,0.06313819100285227,5.197512980120347e-07,0.02331040070367886,,,0.3920951289663965,0.02331040070367886,still_phone_candidate,041,d74f7acf-f82f-491d-90b9-d7321e6d4bcf,3000
219,1736385747000,1736386047000,2025-01-09 03:22:27+0200,2025-01-09 03:27:27+0200,3,True,1500,ok,299.8,200.0,201.0,0.204,0,0.0,9.907831228912872,9.907351416013126,0.012131321843690123,0.008570397496529034,0.0061961242629067215,0.008599271878795662,0.0,5.0,2.5,0.016666666666666666,4.958662453527644e-05,3.597034721419756e-05,0.7254042305018742,9.765060702716846e-06,0.1969293291131337,1.0772689548233314e-05,0.21724990658659393,1.7161887251895652e-06,0.03460991227520741,6.304599012963145e-07,0.012714313732885745,,,0.21724990658659393,0.012714313732885745,still_phone_candidate,041,d74f7acf-f82f-491d-90b9-d7321e6d4bcf,3000
220,1736386047000,1736386347000,2025-01-09 03:27:27+0200,2025-01-09 03:32:27+0200,3,True,1500,ok,299.801,200.0,201.0,0.202,0,0.0,9.908315748471498,9.907838234600474,0.008852423972497652,0.0070399092003362316,0.005722901886944243,0.005388237943603904,0.0,5.0,2.5,0.23333333333333334,2.1334549401046388e-05,4.3648343566083965e-06,0.20458994818959317,6.588819760163603e-06,0.3088333217780753,9.675341111911032e-06,0.4535057633528688,1.5201206229750663e-06,0.07125159263501996,6.37095251495676e-07,0.02986213767722831,,,0.4535057633528688,0.02986213767722831,still_phone_candidate,041,d74f7acf-f82f-491d-90b9-d7321e6d4bcf,3000
221,1736386347000,1736386647000,2025-01-09 03:32:27+0200,2025-01-09 03:37:27+0200,3,True,1500,ok,299.8,200.0,201.0,0.203,0,0.0,9.908461106400125,9.908125437103806,0.01128351558782515,0.00822901584148657,0.006255337029915431,0.007727463761011574,0.0,5.0,2.5,0.016666666666666666,2.8824149975639686e-05,1.2092551740185715e-05,0.419528477002984,7.5762798289579315e-06,0.2628448656893929,1.0251139300261852e-05,0.35564411470678076,1.5691189504579575e-06,0.05443764870027653,6.772377250500856e-07,0.023495496853244355,,,0.35564411470678076,0.023495496853244355,still_phone_candidate,041,d74f7acf-f82f-491d-90b9-d7321e6d4bcf,3000
222,1736386647000,1736386947000,2025-01-09 03:37:27+0200,2025-01-09 03:42:27+0200,3,True,1500,ok,299.798,200.0,201.0,0.205,0,0.0,9.901419197750903,9.898230893507149,0.015674829042082502,0.012553569855542662,0.01041392662211127,0.009913295785522884,0.0,5.0,2.5,0.03333333333333333,6.71608083265774e-05,3.598576316355053e-05,0.5358149203411234,1.620718297299369e-05,0.2413190575995503,1.5754425198391364e-05,0.23457765906841982,2.26302340312754e-06,0.03369559508758918,9.774225573150113e-07,0.014553466250170458,,,0.23457765906841982,0.014553466250170458,still_phone_candidate,041,d74f7acf-f82f-491d-90b9-d7321e6d4bcf,3000
223,1736386947000,1736387247000,2025-01-09 03:42:27+0200,2025-01-09 03:47:27+0200,3,True,1500,ok,299.801,200.0,201.0,0.205,0,0.0,9.905454651849713,9.90354363779644,0.013294859570234638,0.010400118318341898,0.008171974661156156,0.008499576734670514,0.0,5.0,2.5,0.18333333333333332,4.1889346203442614e-05,9.319748394670385e-06,0.2224849332669808,1.8069325541189338e-05,0.4313584999257959,1.3372465152776953e-05,0.31923308346306817,1.9593029020937303e-06,0.04677329869456659,8.096080064178017e-07,0.01932730108715006,,,0.31923308346306817,0.01932730108715006,still_phone_candidate,041,d74f7acf-f82f-491d-90b9-d7321e6d4bcf,3000
224,1736387247000,1736387547000,2025-01-09 03:47:27+0200,2025-01-09 03:52:27+0200,3,True,1500,ok,299.801,200.0,201.0,0.203,0,0.0,9.908234131695298,9.90774599289169,0.008804316134965235,0.0069540046243745405,0.005845489907135182,0.00542181535836245,0.0,5.0,2.5,0.23333333333333334,2.2633004943294284e-05,5.9099004840079016e-06,0.26111868480631817,7.760992453034586e-06,0.34290596730214634,8.29898532645444e-06,0.36667624768549645,1.2398771080134335e-06,0.05478181580925182,4.974575990758327e-07,0.021979299713943624,,,0.36667624768549645,0.021979299713943624,still_phone_candidate,041,d74f7acf-f82f-491d-90b9-d7321e6d4bcf,3000
225,1736387547000,1736387847000,2025-01-09 03:52:27+0200,2025-01-09 03:57:27+0200,3,True,1500,ok,299.801,200.0,201.0,0.205,0,0.0,9.907744094367278,9.90764415505534,0.008769090878576668,0.0069585240759768826,0.00576677143259996,0.005337217007660169,0.0,5.0,2.5,0.08333333333333333,2.171733976073146e-05,3.949090911148128e-06,0.18184045351119557,6.87011328809626e-06,0.31634230360564514,1.0020280425302802e-05,0.4613953889242514,1.504955086835651e-06,0.06929739569470007,5.71462100446766e-07,0.026313632642984384,,,0.4613953889242514,0.026313632642984384,still_phone_candidate,041,d74f7acf-f82f-491d-90b9-d7321e6d4bcf,3000
226,1736387847000,1736388147000,2025-01-09 03:57:27+0200,2025-01-09 04:02:27+0200,3,True,1500,ok,299.8,200.0,201.0,0.204,0,0.0,9.908236112795914,9.906942948032755,0.012465988908792143,0.008587467957804984,0.006152542195141386,0.009128447220227244,0.0,5.0,2.5,0.016666666666666666,6.273900826041469e-05,5.009784926467187e-05,0.7985119729136875,1.0466848578880679e-05,0.16683159120774244,9.780645573205255e-06,0.15589416926401073,1.595253046579786e-06,0.02542681325082906,6.399155279195163e-07,0.010199643661298873,,,0.15589416926401073,0.010199643661298873,still_phone_candidate,041,d74f7acf-f82f-491d-90b9-d7321e6d4bcf,3000
227,1736388147000,1736388447000,2025-01-09 04:02:27+0200,2025-01-09 04:07:27+0200,4,True,1500,ok,299.801,200.0,201.0,0.204,0,0.0,9.90835587682336,9.907135882079356,0.011950199614527588,0.007930111005499273,0.0056435442507192235,0.0090226934694089,0.0,5.0,2.5,0.03333333333333333,8.970460215406093e-05,7.494863070518497e-05,0.8355048559990971,1.0115920783778077e-05,0.11276925086189828,9.76095768971302e-06,0.10881222875220277,1.4550511573990216e-06,0.016220473893859763,5.189452732747665e-07,0.0057850462608765255,,,0.10881222875220277,0.0057850462608765255,still_phone_candidate,041,d74f7acf-f82f-491d-90b9-d7321e6d4bcf,3000
228,1736388447000,1736388747000,2025-01-09 04:07:27+0200,2025-01-09 04:12:27+0200,4,True,1500,ok,299.801,200.0,201.0,0.203,0,0.0,9.909182630117519,9.908705737551362,0.009516893168809937,0.007306766174408511,0.0059533854904740835,0.00611635922577455,0.0,5.0,2.5,0.03333333333333333,2.8126912923446787e-05,1.1744145203065449e-05,0.4175412081314992,7.900701493211578e-06,0.2808947257992717,8.136473303304543e-06,0.28927715336018706,1.2771987684580612e-06,0.045408423310948555,4.962104264931087e-07,0.017641837475859797,,,0.28927715336018706,0.017641837475859797,still_phone_candidate,041,d74f7acf-f82f-491d-90b9-d7321e6d4bcf,3000
229,1736388747000,1736389047000,2025-01-09 04:12:27+0200,2025-01-09 04:17:27+0200,4,True,1500,ok,299.8,200.0,201.0,0.207,0,0.0,9.891933805122079,9.892508148218877,0.016467758073599927,0.013730658005780187,0.012891122116660547,0.009109662819872062,0.0,5.0,2.5,0.05,5.632129871963102e-05,2.3143309377439766e-05,0.4109157619508705,1.6063168858364315e-05,0.2852059384909999,1.670798445340111e-05,0.2966548150207601,2.551181999323346e-06,0.045296931308761196,1.0072937265260394e-06,0.017884774488961544,,,0.2966548150207601,0.017884774488961544,still_phone_candidate,041,d74f7acf-f82f-491d-90b9-d7321e6d4bcf,3000
230,1736389047000,1736389347000,2025-01-09 04:17:27+0200,2025-01-09 04:22:27+0200,4,True,1500,ok,299.801,200.0,201.0,0.202,0,0.0,9.909013431286485,9.908761215567942,0.010143128328677796,0.007947126931834381,0.006495865620796515,0.00630791872094265,0.0,5.0,2.5,0.18333333333333332,2.6863884246458644e-05,7.787952322906326e-06,0.2899041795838954,8.6908423345401e-06,0.3235139883274988,9.80182898652179e-06,0.36487013183188227,1.6273534348013583e-06,0.06057774147146594,6.291144042732515e-07,0.02341859421748309,,,0.36487013183188227,0.02341859421748309,still_phone_candidate,041,d74f7acf-f82f-491d-90b9-d7321e6d4bcf,3000
231,1736389347000,1736389647000,2025-01-09 04:22:27+0200,2025-01-09 04:27:27+0200,4,True,1500,ok,299.8,200.0,201.0,0.202,0,0.0,9.907650599867148,9.907503067694375,0.00877317295098289,0.006995115587652811,0.0056850943691477696,0.005297045146611258,0.0,5.0,2.5,0.31666666666666665,2.0629867965731808e-05,3.5614659641586687e-06,0.17263639156947613,7.533361396680449e-06,0.3651676980770835,8.819026218747539e-06,0.42748825311905964,1.4254437276068657e-06,0.06909611491332202,5.234822423281969e-07,0.025374968138320186,,,0.42748825311905964,0.025374968138320186,still_phone_candidate,041,d74f7acf-f82f-491d-90b9-d7321e6d4bcf,3000
232,1736389647000,1736389947000,2025-01-09 04:27:27+0200,2025-01-09 04:32:27+0200,4,True,1500,ok,299.801,200.0,201.0,0.202,0,0.0,9.90791927504467,9.907875870936255,0.008341246331138962,0.0065895122616737075,0.0055605431906888825,0.0051143525911515175,0.0,5.0,2.5,0.2,2.008257371726905e-05,3.7830513840531e-06,0.18837482871032837,6.941426860508252e-06,0.3456442863465903,8.795324536588986e-06,0.437958035678757,1.2934499456264173e-06,0.06440658273367506,5.295352944737798e-07,0.02636789994792506,,,0.437958035678757,0.02636789994792506,still_phone_candidate,041,d74f7acf-f82f-491d-90b9-d7321e6d4bcf,3000
233,1736389947000,1736390247000,2025-01-09 04:32:27+0200,2025-01-09 04:37:27+0200,4,True,1500,ok,299.8,200.0,201.0,0.204,0,0.0,9.907956082523956,9.907859955628794,0.008521097367059539,0.00673514383161198,0.005572876226617396,0.005220744993425895,0.0,5.0,2.5,0.16666666666666666,2.1290148318459004e-05,4.3325969169043255e-06,0.2035024299547915,7.4564575841799445e-06,0.35023041984705383,8.985351849411781e-06,0.4220427079703007,1.5550654640786604e-06,0.07304155146398797,4.926090346982229e-07,0.023137886468884792,,,0.4220427079703007,0.023137886468884792,still_phone_candidate,041,d74f7acf-f82f-491d-90b9-d7321e6d4bcf,3000
234,1736390247000,1736390547000,2025-01-09 04:37:27+0200,2025-01-09 04:42:27+0200,4,True,1500,ok,299.801,200.0,201.0,0.203,0,0.0,9.907928943092312,9.907735782522018,0.008347023438705999,0.006550054617449472,0.005298824711461592,0.005177537619433832,0.0,5.0,2.5,0.43333333333333335,2.1283572361284818e-05,4.375804749467008e-06,0.20559540828900846,7.674832303485722e-06,0.36059887753835784,8.622704988598106e-06,0.40513429053305705,1.3895027441955824e-06,0.06528522188893025,5.499320396559826e-07,0.025838333448961717,,,0.40513429053305705,0.025838333448961717,still_phone_candidate,041,d74f7acf-f82f-491d-90b9-d7321e6d4bcf,3000
235,1736390547000,1736390847000,2025-01-09 04:42:27+0200,2025-01-09 04:47:27+0200,4,True,1500,ok,299.8,200.0,201.0,0.203,0,0.0,9.9083350276887,9.908174463859561,0.008661376169189104,0.006877683527274535,0.005841947095700739,0.005267132729111857,0.0,5.0,2.5,0.16666666666666666,2.218834167799959e-05,4.8712278300324375e-06,0.21953996836376496,8.163446462201667e-06,0.3679160245804206,8.693683127068936e-06,0.3918131085789519,1.332264250783134e-06,0.06004343497667129,5.022362028558309e-07,0.02263513921609623,,,0.3918131085789519,0.02263513921609623,still_phone_candidate,041,d74f7acf-f82f-491d-90b9-d7321e6d4bcf,3000
236,1736390847000,1736391147000,2025-01-09 04:47:27+0200,2025-01-09 04:52:27+0200,4,True,1500,ok,299.799,200.0,201.0,0.203,0,0.0,9.907473906099156,9.907125242828734,0.009092759424953576,0.006979617923034258,0.005592624068937013,0.005838216652770113,0.0,5.0,2.5,0.03333333333333333,2.837990732654596e-05,1.1514882855292057e-05,0.4057406785300275,7.99958225412554e-06,0.2818748547019708,8.331562842177672e-06,0.2935725880395848,1.4507530129797075e-06,0.05111901868765808,4.936715729121606e-07,0.017395108702500616,,,0.2935725880395848,0.017395108702500616,still_phone_candidate,041,d74f7acf-f82f-491d-90b9-d7321e6d4bcf,3000
237,1736391147000,1736391447000,2025-01-09 04:52:27+0200,2025-01-09 04:57:27+0200,4,True,1500,ok,299.8,200.0,201.0,0.205,0,0.0,9.888617779061672,9.8880100842257,0.015547277578426832,0.011972482154076147,0.009802745115725209,0.009937142656953703,0.0,5.0,2.5,0.016666666666666666,5.541540635529813e-05,3.1192355754795776e-05,0.5628823788605775,1.4745812073153497e-05,0.2660958935969922,1.5569379400200773e-05,0.2809575968887978,2.3927489408511826e-06,0.043178406479778844,9.865156255158929e-07,0.01780219058921643,,,0.2809575968887978,0.01780219058921643,still_phone_candidate,041,d74f7acf-f82f-491d-90b9-d7321e6d4bcf,3000
238,1736391447000,1736391747000,2025-01-09 04:57:27+0200,2025-01-09 05:02:27+0200,4,True,1500,ok,299.801,200.0,201.0,0.205,0,0.0,9.906882944809645,9.906172564444539,0.010722828633476341,0.008299922795890336,0.006649218553209657,0.0068260512559084425,0.0,5.0,2.5,0.43333333333333335,3.551564044363628e-05,7.417282875884262e-06,0.208845533495463,1.4567422566951099e-05,0.4101692207992071,1.27050680889376e-05,0.35773163401349,1.896213509941422e-06,0.05339094230753726,7.548211672777916e-07,0.021253204443143894,,,0.35773163401349,0.021253204443143894,still_phone_candidate,041,d74f7acf-f82f-491d-90b9-d7321e6d4bcf,3000
239,1736391747000,1736392047000,2025-01-09 05:02:27+0200,2025-01-09 05:07:27+0200,5,True,1500,ok,299.799,200.0,201.0,0.203,0,0.0,9.907038146300252,9.906838221252833,0.008672785895101105,0.006869672803060808,0.0058534621659624975,0.005297620294598005,0.0,5.0,2.5,0.016666666666666666,2.104835452119916e-05,4.374708537668875e-06,0.20784088054307634,6.966773783551888e-06,0.33098899852409835,9.067609298269865e-06,0.4307989628898206,1.4418335020992819e-06,0.06850100803115598,5.263451706738023e-07,0.02500647592873286,,,0.4307989628898206,0.02500647592873286,still_phone_candidate,041,d74f7acf-f82f-491d-90b9-d7321e6d4bcf,3000
240,1736392047000,1736392347000,2025-01-09 05:07:27+0200,2025-01-09 05:12:27+0200,5,True,1500,ok,299.8,200.0,201.0,0.207,0,0.0,9.906580962172526,9.90636940380428,0.009138921806353492,0.007201626510673165,0.005986134659389464,0.005630384030116207,0.0,5.0,2.5,0.03333333333333333,2.566233087070661e-05,8.735038779551546e-06,0.3403836862505166,7.620574058554896e-06,0.2969556466616107,9.246410382697608e-06,0.3603106214039321,1.4093261343220031e-06,0.054918087582244535,5.378992478196169e-07,0.02096065437429246,,,0.3603106214039321,0.02096065437429246,still_phone_candidate,041,d74f7acf-f82f-491d-90b9-d7321e6d4bcf,3000
241,1736392347000,1736392647000,2025-01-09 05:12:27+0200,2025-01-09 05:17:27+0200,5,True,1500,ok,299.801,200.0,201.0,0.203,0,0.0,9.90706740576821,9.906721443171667,0.008661300285461413,0.0069393775532641064,0.005974435437591907,0.005194502086475103,0.0,5.0,2.5,0.05,2.1468291259315116e-05,4.9287728162329025e-06,0.22958384329233947,6.8007502587514656e-06,0.31678116234800996,9.108156193188417e-06,0.42426088239493104,1.3800544751555934e-06,0.06428338699554331,5.160186478349676e-07,0.024036316705507082,,,0.42426088239493104,0.024036316705507082,still_phone_candidate,041,d74f7acf-f82f-491d-90b9-d7321e6d4bcf,3000
242,1736392647000,1736392947000,2025-01-09 05:17:27+0200,2025-01-09 05:22:27+0200,5,True,1500,ok,299.799,200.0,201.0,0.205,0,0.0,9.907308754289591,9.906394136309801,0.011706355207810248,0.008302164019420404,0.0061577070178202575,0.008303574585383295,0.0,5.0,2.5,0.016666666666666666,5.156873880544063e-05,3.6122760294758754e-05,0.7004778695682918,9.784070332378415e-06,0.18972871082405007,1.026772840863981e-05,0.1991076114422356,1.6200697398255234e-06,0.03141573320103384,6.118961916066253e-07,0.011865641971877519,,,0.1991076114422356,0.011865641971877519,still_phone_candidate,041,d74f7acf-f82f-491d-90b9-d7321e6d4bcf,3000
243,1736392947000,1736393247000,2025-01-09 05:22:27+0200,2025-01-09 05:27:27+0200,5,True,1500,ok,299.8,200.0,201.0,0.202,0,0.0,9.90736774820664,9.907239273123297,0.008869150026249656,0.006892388400698923,0.00569816030603576,0.005583306383235226,0.0,5.0,2.5,0.03333333333333333,2.5992639247801805e-05,7.6188738632508e-06,0.29311659314839017,8.565556331933192e-06,0.32953776837639065,8.988921161988951e-06,0.3458256422632859,1.4620133974169638e-06,0.0562472084300022,6.0355223565541e-07,0.023220121277467136,,,0.3458256422632859,0.023220121277467136,still_phone_candidate,041,d74f7acf-f82f-491d-90b9-d7321e6d4bcf,3000
244,1736393247000,1736393547000,2025-01-09 05:27:27+0200,2025-01-09 05:32:27+0200,5,True,1500,ok,299.8,200.0,201.0,0.203,0,0.0,9.907574965222334,9.907381419689028,0.010382524820367127,0.007337866493974289,0.005596153391098646,0.007347788567699245,0.0,5.0,2.5,0.016666666666666666,4.6446257088897414e-05,1.9312648476874443e-05,0.41580634667526245,1.120030789092811e-05,0.24114554310567793,1.6145543654252105e-05,0.34761775579353543,2.8633952240457453e-06,0.0616496442020129,9.034371137348075e-07,0.019451236124487768,,,0.34761775579353543,0.019451236124487768,still_phone_candidate,041,d74f7acf-f82f-491d-90b9-d7321e6d4bcf,3000
245,1736393547000,1736393847000,2025-01-09 05:32:27+0200,2025-01-09 05:37:27+0200,5,True,1500,ok,299.8,200.0,201.0,0.203,0,0.0,9.906960780449841,9.906677204588656,0.011264275872172892,0.00798787640148201,0.006069882225899548,0.007947210629403862,0.0,5.0,2.5,0.05,1.9523359925934105e-05,3.534300218785756e-06,0.18102930193336872,5.892712777346227e-06,0.30182882453130244,9.202734881377276e-06,0.47137044629048225,1.4517103057320559e-06,0.07435760602885048,5.838053172395237e-07,0.02990291217568644,,,0.47137044629048225,0.02990291217568644,still_phone_candidate,041,d74f7acf-f82f-491d-90b9-d7321e6d4bcf,3000
246,1736393847000,1736394147000,2025-01-09 05:37:27+0200,2025-01-09 05:42:27+0200,5,True,1500,ok,299.799,200.0,201.0,0.207,0,0.0,9.88719927097142,9.88876211081649,0.014723871324784584,0.011699212776211752,0.00977336290613362,0.009075421510160227,0.0,5.0,2.5,0.23333333333333334,3.8232663221355137e-05,8.755721884249184e-06,0.22901156096702702,1.3419998570487628e-05,0.35100873022603846,1.5130813935421064e-05,0.3957562110653499,2.3639974011207428e-06,0.06183187886844133,9.75588646578576e-07,0.025517151157642966,,,0.3957562110653499,0.025517151157642966,still_phone_candidate,041,d74f7acf-f82f-491d-90b9-d7321e6d4bcf,3000
247,1736394147000,1736394447000,2025-01-09 05:42:27+0200,2025-01-09 05:47:27+0200,5,True,1811,ok,299.786,200.0,201.0,0.207,0,0.0,9.902531288012677,9.893927375118965,0.027236724201441513,0.019195391762893508,0.011113599150869291,0.021151912381082376,0.0,5.0,2.5,0.016666666666666666,7.036815194237779e-05,5.127071386010447e-05,0.728606797889028,1.2035153882392442e-05,0.17103126272589397,1.5340031723643446e-05,0.2179967968493034,2.66640807639536e-06,0.03789225669275492,9.818135675484444e-07,0.013952527392682131,,,0.2179967968493034,0.013952527392682131,still_phone_candidate,041,d74f7acf-f82f-491d-90b9-d7321e6d4bcf,3622
248,1736394447000,1736394747000,2025-01-09 05:47:27+0200,2025-01-09 05:52:27+0200,5,True,1500,ok,299.8,200.0,201.0,0.211,0,0.0,9.908303833179419,9.90676043922173,0.014369525106518852,0.009885984881247901,0.007249755788056866,0.010541945722836983,0.0,5.0,2.5,0.016666666666666666,7.244531293209284e-05,5.960285525408965e-05,0.8227289363765857,1.1287058686403268e-05,0.15580108953333224,1.2872659937987278e-05,0.17768796098725617,2.200157190157643e-06,0.030369903877977267,7.064462656782948e-07,0.009751441978592701,,,0.17768796098725617,0.009751441978592701,still_phone_candidate,041,d74f7acf-f82f-491d-90b9-d7321e6d4bcf,3000
249,1736394747000,1736395047000,2025-01-09 05:52:27+0200,2025-01-09 05:57:27+0200,5,True,1500,ok,299.801,200.0,201.0,0.213,0,0.0,9.90807448849281,9.90740484149886,0.009550220617697648,0.007371521637056395,0.005894506829880797,0.006108666769239692,0.0,5.0,2.5,0.21666666666666667,2.5279405191443016e-05,5.531500270337429e-06,0.21881449458351263,9.091989435741792e-06,0.35965994321810213,9.891917877426017e-06,0.39130342674258783,1.5621297222639574e-06,0.06179456005526318,5.582558120916148e-07,0.022083423556207023,,,0.39130342674258783,0.022083423556207023,still_phone_candidate,041,d74f7acf-f82f-491d-90b9-d7321e6d4bcf,3000
250,1736395047000,1736395347000,2025-01-09 05:57:27+0200,2025-01-09 06:02:27+0200,5,True,1500,ok,299.801,200.0,201.0,0.231,0,0.0,9.907037309957817,9.910429974416527,0.21688306663137014,0.04324911457381848,0.006406041620151903,0.21255420215121,0.02266666666666667,5.0,2.5,0.016666666666666666,0.03628200824881824,0.019433211875391872,0.5356156622345964,0.010211646218066955,0.2814520670420597,0.008850503034499588,0.24393641536608884,0.0008079887405680561,0.02226968074718889,0.0003097184705626841,0.008536420267551538,,,0.24393641536608884,0.008536420267551538,still_phone_candidate,041,d74f7acf-f82f-491d-90b9-d7321e6d4bcf,3000
251,1736395347000,1736395647000,2025-01-09 06:02:27+0200,2025-01-09 06:07:27+0200,6,False,1500,ok,299.8,200.0,201.0,0.203,0,0.0,9.908161460794705,9.907178488187851,0.011373930731370583,0.00805250682786123,0.005916709797485709,0.00809256876492813,0.0,5.0,2.5,0.03333333333333333,6.324033042496369e-05,4.527755081022321e-05,0.7159600607075609,1.0800017561908926e-05,0.17077737401646614,1.0892289817774668e-05,0.17223644697269025,1.6162486572865604e-06,0.02555724561250169,6.461001353369189e-07,0.010216583800167421,,,0.17223644697269025,0.010216583800167421,still_phone_candidate,041,d74f7acf-f82f-491d-90b9-d7321e6d4bcf,3000
252,1736395647000,1736395947000,2025-01-09 06:07:27+0200,2025-01-09 06:12:27+0200,6,False,1500,ok,299.8,200.0,201.0,0.206,0,0.0,9.89655000796985,9.89508036250258,0.017045012288943256,0.013861077568546208,0.011856053012176737,0.01002810203221144,0.0,5.0,2.5,0.016666666666666666,6.547933313931343e-05,2.750217253670202e-05,0.42001302118011136,2.3970614502655208e-05,0.36607908714732135,1.6648034012762673e-05,0.25424867992076855,2.4642549213648905e-06,0.03763408701982283,1.0147223824304396e-06,0.01549683440226128,,,0.25424867992076855,0.01549683440226128,still_phone_candidate,041,d74f7acf-f82f-491d-90b9-d7321e6d4bcf,3000
253,1736395947000,1736396247000,2025-01-09 06:12:27+0200,2025-01-09 06:17:27+0200,6,False,1500,ok,299.8,200.0,201.0,0.203,0,0.0,9.907043281201846,9.906194996666091,0.01015056816266545,0.007482328436811035,0.005808070070336235,0.0069114674159838655,0.0,5.0,2.5,0.03333333333333333,4.075651999222645e-05,2.047954050603789e-05,0.5024850136847794,1.1151033406600706e-05,0.2736012154307473,9.340757462538697e-06,0.229184372569598,1.4316170834915243e-06,0.035126087403060384,5.24825772518634e-07,0.0128770997283069,,,0.229184372569598,0.0128770997283069,still_phone_candidate,041,d74f7acf-f82f-491d-90b9-d7321e6d4bcf,3000
254,1736396247000,1736396547000,2025-01-09 06:17:27+0200,2025-01-09 06:22:27+0200,6,False,1500,ok,299.8,200.0,201.0,0.203,0,0.0,9.906766602448208,9.906057945016904,0.012240564133560951,0.008560465792320771,0.006033274106919784,0.00877792863272809,0.0,5.0,2.5,0.016666666666666666,5.253954297181427e-05,3.752916968213443e-05,0.7143033144058294,1.0884460887227345e-05,0.20716702642553436,1.0902333104253819e-05,0.20750719339341342,1.7130443307165656e-06,0.03260485786173582,6.788857666727698e-07,0.012921425050023172,,,0.20750719339341342,0.012921425050023172,still_phone_candidate,041,d74f7acf-f82f-491d-90b9-d7321e6d4bcf,3000
255,1736396547000,1736396847000,2025-01-09 06:22:27+0200,2025-01-09 06:27:27+0200,6,False,1500,ok,299.8,200.0,200.0,0.205,0,0.0,9.906461355150803,9.906156297911181,0.009052232503163171,0.0070597754244990365,0.005824965364765511,0.005674111751314782,0.0,5.0,2.5,0.016666666666666666,2.5224422225234133e-05,7.344120701899842e-06,0.29115119610362744,8.30398673522287e-06,0.32920423948960414,8.884925050543662e-06,0.35223502727667305,1.389149939267361e-06,0.05507162569922717,5.150772723949754e-07,0.020419784754463068,,,0.35223502727667305,0.020419784754463068,still_phone_candidate,041,d74f7acf-f82f-491d-90b9-d7321e6d4bcf,3000
256,1736396847000,1736397147000,2025-01-09 06:27:27+0200,2025-01-09 06:32:27+0200,6,False,1963,ok,299.74,200.0,201.0,0.209,0,0.0,9.90375801652399,9.929532633304866,0.5330511927847824,0.207330974843435,0.013089263985360589,0.49175377158691036,0.09475292919001528,5.0,2.5,0.016666666666666666,0.09230437681679969,0.059368223625461534,0.6431788575236481,0.016409829850390092,0.17777954216579955,0.029308917784689137,0.3175246807944953,0.006362354272662501,0.06892798036316444,0.003983540675086547,0.04315657407007736,,,0.3175246807944953,0.04315657407007736,still_phone_candidate,041,d74f7acf-f82f-491d-90b9-d7321e6d4bcf,3926
257,1736397147000,1736397447000,2025-01-09 06:32:27+0200,2025-01-09 06:37:27+0200,6,False,3047,ok,299.875,20.0,200.0,0.21,0,0.0,9.892127968081297,9.890667760678731,0.04669937167725319,0.015140241741548233,0.009614883841226884,0.044201092754775,0.0006563833278634722,50.0,25.0,0.1,0.0035230790139282584,0.0007163611794640662,0.2033338385633646,0.0012199902857967903,0.3462852467894248,0.001458516471771135,0.41398914585934266,0.0002522670037986807,0.07160412888878162,8.564576449197021e-05,0.02430991872546014,,,0.41398914585934266,0.02430991872546014,still_phone_candidate,041,d74f7acf-f82f-491d-90b9-d7321e6d4bcf,6094
258,1736397447000,1736397747000,2025-01-09 06:37:27+0200,2025-01-09 06:42:27+0200,6,False,2737,ok,299.726,46.5,201.0,0.211,0,0.0,9.863319598738517,9.86223892455515,0.04480485089859789,0.017294655057777455,0.012790758425850868,0.0413465527845875,0.00036536353671903543,21.50537634408602,10.75268817204301,0.03333333333333333,0.0002009330917665749,8.794860994041516e-05,0.43770097382757417,6.578308634673662e-05,0.3273880164206959,4.661050271347081e-05,0.23197026584161903,7.762064660559553e-06,0.038630096179362965,4.1710829342830664e-06,0.02075856643428668,,,0.23197026584161903,0.02075856643428668,still_phone_candidate,041,d74f7acf-f82f-491d-90b9-d7321e6d4bcf,5474
259,1736397747000,1736398047000,2025-01-09 06:42:27+0200,2025-01-09 06:47:27+0200,6,False,1500,ok,299.8,200.0,200.0,0.206,0,0.0,9.891740776270073,9.887233193735126,0.03712790880555331,0.016982784763401697,0.008292117623319939,0.03332243890027862,0.0,5.0,2.5,0.1,0.0008055139966826231,0.00019685697067818188,0.24438677849038615,0.00030609862865137725,0.3800041090682398,0.00027948594220775095,0.3469659662759031,4.311831870454389e-05,0.05352895031261976,1.601901596701615e-05,0.019886700954903122,,,0.3469659662759031,0.019886700954903122,still_phone_candidate,041,d74f7acf-f82f-491d-90b9-d7321e6d4bcf,3000
260,1736398047000,1736398347000,2025-01-09 06:47:27+0200,2025-01-09 06:52:27+0200,6,False,1500,ok,299.8,200.0,201.0,0.204,0,0.0,9.871545705961232,9.857835735309044,0.04972418185241628,0.03464310222188739,0.020759068537097747,0.03821404224391684,0.0,5.0,2.5,0.016666666666666666,0.0006393051208304539,0.0004878949960717043,0.7631645362670196,0.00012009175057032254,0.1878473152449084,0.00014541578955341953,0.2274591346375033,2.281784082992331e-05,0.035691628436016684,8.786874325817934e-06,0.013744414113880133,,,0.2274591346375033,0.013744414113880133,still_phone_candidate,041,d74f7acf-f82f-491d-90b9-d7321e6d4bcf,3000
261,1736398347000,1736398647000,2025-01-09 06:52:27+0200,2025-01-09 06:57:27+0200,6,False,1500,ok,299.8,200.0,200.0,0.205,0,0.0,9.874840208841842,9.866119971646471,0.03183010964932618,0.02413546784064086,0.018349056776084893,0.02250950041971268,0.0,5.0,2.5,0.016666666666666666,0.0002755297485891964,0.0001641193441037252,0.5956501791333627,4.2769337210394214e-05,0.1552258419622106,8.617432927688921e-05,0.31275871196533345,1.392785545335767e-05,0.05054937089251852,5.960618933961824e-06,0.02163330444165165,,,0.31275871196533345,0.02163330444165165,still_phone_candidate,041,d74f7acf-f82f-491d-90b9-d7321e6d4bcf,3000
262,1736398647000,1736398947000,2025-01-09 06:57:27+0200,2025-01-09 07:02:27+0200,6,False,2538,ok,299.78,198.0,201.0,11.82,1,0.0394,10.164629480933051,10.831028382885657,3.1109158882370753,1.5834110996768096,0.578191304530975,2.7594735819771468,0.4499605988967691,5.05050505050505,2.525252525252525,0.016666666666666666,4.4153119850225,1.380284837669453,0.31261320657557545,0.915671127238093,0.20738537397678972,2.1243712247402815,0.48113728586938254,0.4206521970143486,0.09527122849784418,0.13518432708320308,0.030617163077438614,,,0.48113728586938254,0.030617163077438614,phone_handling_motion_candidate,041,d74f7acf-f82f-491d-90b9-d7321e6d4bcf,5076
263,1736398947000,1736399247000,2025-01-09 07:02:27+0200,2025-01-09 07:07:27+0200,7,False,3207,ok,299.895,20.0,200.0,0.211,0,0.0,10.195765231179529,10.43089175028926,1.4891330619782956,0.754407996070806,0.2649631459412287,1.3052472301177063,0.2675397567820393,50.0,25.0,0.016666666666666666,0.8662807914045867,0.2559096533450235,0.29541189864096135,0.24196339352072943,0.2793128924495835,0.35425619342494613,0.408939222639989,0.0644176731446353,0.07436119302632643,0.03468742514698277,0.04004178032245251,,,0.408939222639989,0.04004178032245251,phone_handling_motion_candidate,041,d74f7acf-f82f-491d-90b9-d7321e6d4bcf,6414
264,1736399247000,1736399547000,2025-01-09 07:07:27+0200,2025-01-09 07:12:27+0200,7,False,3200,ok,299.646,20.0,200.0,0.203,0,0.0,9.938850955451692,10.053605132610688,0.775040609609429,0.4110554274676431,0.2185190962930479,0.6670006771125401,0.15,50.0,25.0,0.016666666666666666,0.24588102425145386,0.07703848315961787,0.3133160982802533,0.07404966242779235,0.3011605415799162,0.08717701985658852,0.35454960431365234,0.019393354743608825,0.07887292157924283,0.015124461767477912,0.061511301303229717,,,0.35454960431365234,0.061511301303229717,phone_handling_motion_candidate,041,d74f7acf-f82f-491d-90b9-d7321e6d4bcf,6400
265,1736399547000,1736399847000,2025-01-09 07:12:27+0200,2025-01-09 07:17:27+0200,7,False,3357,ok,299.88,20.0,200.0,0.213,0,0.0,9.948938390334352,10.04310051265695,0.7380453858364061,0.32282337790346993,0.14967496090353904,0.6703451077718843,0.09651474530831099,50.0,25.0,0.016666666666666666,0.2559817261104529,0.0646198466061246,0.2524392955231576,0.0838434636818144,0.32753691037162946,0.09781700902672595,0.38212496850075595,0.017372453347364022,0.06786599032412191,0.010371474591239072,0.04051646478375535,,,0.38212496850075595,0.04051646478375535,low_motion_phone_candidate,041,d74f7acf-f82f-491d-90b9-d7321e6d4bcf,6714
266,1736399847000,1736400147000,2025-01-09 07:17:27+0200,2025-01-09 07:22:27+0200,7,False,3357,ok,299.78,20.0,200.0,0.206,0,0.0,10.116231035713822,10.124367415393618,0.695969812219199,0.3608271182326097,0.18674261662725833,0.595183980751054,0.10902591599642537,50.0,25.0,0.016666666666666666,0.32082461753498304,0.09124595968953053,0.2844107175771229,0.12526031937130738,0.3904323811985808,0.11078930809755551,0.3453267051287763,0.016338936209011567,0.05092793793241241,0.009963722167962779,0.031056601094136188,,,0.3453267051287763,0.031056601094136188,low_motion_phone_candidate,041,d74f7acf-f82f-491d-90b9-d7321e6d4bcf,6714
267,1736400147000,1736400447000,2025-01-09 07:22:27+0200,2025-01-09 07:27:27+0200,7,False,3356,ok,299.894,20.0,200.0,0.214,0,0.0,9.892655393067699,10.142293338667967,0.9442308717232967,0.37588318207445237,0.03794833137579623,0.9014448826370047,0.12395709177592372,50.0,25.0,0.016666666666666666,0.6593527769021145,0.25299340904878787,0.38369961864336927,0.18564123556923923,0.2815506995230248,0.2255935870946212,0.34214398573483545,0.036425578103051914,0.05524444482389667,0.018941874273677148,0.028727981343573232,,,0.34214398573483545,0.028727981343573232,still_phone_candidate,041,d74f7acf-f82f-491d-90b9-d7321e6d4bcf,6712
268,1736400447000,1736400747000,2025-01-09 07:27:27+0200,2025-01-09 07:32:27+0200,7,False,2737,ok,299.665,41.5,201.0,0.205,0,0.0,9.864746503364513,9.864324877861213,0.01945867534922208,0.014060575654291986,0.011762878725509296,0.013458009759299009,0.0,24.096385542168676,12.048192771084338,0.016666666666666666,0.00018648233909642162,6.10691662992121e-05,0.32747962404973907,6.545813960665745e-05,0.3510152217299891,5.5864902308038954e-05,0.299572080545138,9.30919209592924e-06,0.04991996636805309,3.964886650633503e-06,0.02126145923439666,,,0.299572080545138,0.02126145923439666,still_phone_candidate,041,d74f7acf-f82f-491d-90b9-d7321e6d4bcf,5474
269,1736400747000,1736401047000,2025-01-09 07:32:27+0200,2025-01-09 07:37:27+0200,7,False,2118,ok,299.88,200.0,200.0,0.209,0,0.0,9.866523024760571,9.866371395185002,0.018673754036551492,0.014826155784875356,0.01265571193079662,0.011354170422730939,0.0,5.0,2.5,0.15,9.49543565197613e-05,1.7401577380795306e-05,0.1832625486453989,3.368283438706801e-05,0.35472658255609524,3.9814638954102175e-05,0.4193029199857323,6.18832775502569e-06,0.06517160435643429,2.6400977799990614e-06,0.02780386152634946,,,0.4193029199857323,0.02780386152634946,still_phone_candidate,041,d74f7acf-f82f-491d-90b9-d7321e6d4bcf,4236
270,1736401047000,1736401347000,2025-01-09 07:37:27+0200,2025-01-09 07:42:27+0200,7,False,1500,ok,299.8,200.0,201.0,0.202,0,0.0,9.866199060346231,9.866216716887902,0.017786132181476184,0.014138316887600247,0.01176333524000217,0.010791422766076966,0.0,5.0,2.5,0.2,8.456776124271907e-05,1.643351504985422e-05,0.19432363832699992,2.9032304601559724e-05,0.34330227234269234,3.609146815362242e-05,0.4267757313574355,5.52921080854392e-06,0.0653820170629143,1.968051090110952e-06,0.023271883530916967,,,0.4267757313574355,0.023271883530916967,still_phone_candidate,041,d74f7acf-f82f-491d-90b9-d7321e6d4bcf,3000
271,1736401347000,1736401647000,2025-01-09 07:42:27+0200,2025-01-09 07:47:27+0200,7,False,1500,ok,299.801,200.0,201.0,0.203,0,0.0,9.866964115987287,9.866067657278933,0.01852159494252215,0.014320096207303375,0.011588872947049467,0.011780830278219969,0.0,5.0,2.5,0.05,9.718492656657128e-05,2.5290780816456024e-05,0.2602335743818455,2.973315917757924e-05,0.30594414409740944,3.8665924921165777e-05,0.39785928010842064,6.012233061480472e-06,0.06186384323048407,2.193866792538949e-06,0.0225741467328903,,,0.39785928010842064,0.0225741467328903,still_phone_candidate,041,d74f7acf-f82f-491d-90b9-d7321e6d4bcf,3000
272,1736401647000,1736401947000,2025-01-09 07:47:27+0200,2025-01-09 07:52:27+0200,7,False,1500,ok,299.8,200.0,201.0,0.203,0,0.0,9.871293093997615,9.871987121938401,0.04047692143277888,0.01582173883225448,0.012090986666327908,0.03726305709119794,0.0013333333333333333,5.0,2.5,0.06666666666666667,0.001509564652310719,0.00039949106837045944,0.26463991970065737,0.0002574847069386959,0.17056885012812084,0.0007772164742866651,0.5148613364104447,9.714386549840987e-05,0.06435223913709819,6.2501327738499e-05,0.041403544818585304,,,0.5148613364104447,0.041403544818585304,still_phone_candidate,041,d74f7acf-f82f-491d-90b9-d7321e6d4bcf,3000
273,1736401947000,1736402247000,2025-01-09 07:52:27+0200,2025-01-09 07:57:27+0200,7,False,3203,ok,299.84,20.0,200.0,0.215,0,0.0,10.153950561510943,10.403814911752606,1.8092804265612594,1.293134805335909,0.950711794030541,1.2898566705988077,0.5757102716203559,50.0,25.0,0.016666666666666666,1.2102239090892213,0.3114326283047034,0.25733471795238155,0.3192695627182638,0.26381032494932,0.5406570106335357,0.44674130677224694,0.09419216495729478,0.0778303620097714,0.0536433370032003,0.044325134051905066,,,0.44674130677224694,0.044325134051905066,phone_handling_motion_candidate,041,d74f7acf-f82f-491d-90b9-d7321e6d4bcf,6406
274,1736402247000,1736402547000,2025-01-09 07:57:27+0200,2025-01-09 08:02:27+0200,7,False,3049,ok,299.815,20.0,201.0,0.202,0,0.0,10.16905631282921,10.1677281600421,0.024393451891183512,0.017609092904683543,0.012621730037595924,0.0169329363096781,0.0,50.0,25.0,0.016666666666666666,0.00020494850404055543,6.275748251820608e-05,0.30621098120231977,5.424900904111516e-05,0.2646958039292656,8.360224329760251e-05,0.407918289957653,1.494929929420461e-05,0.07294173414042791,6.570515094723422e-06,0.032059346446477316,,,0.407918289957653,0.032059346446477316,still_phone_candidate,041,d74f7acf-f82f-491d-90b9-d7321e6d4bcf,6098
275,1736402547000,1736402847000,2025-01-09 08:02:27+0200,2025-01-09 08:07:27+0200,8,False,3146,ok,288.563,20.0,201.0,0.216,0,0.0,9.94314671007027,10.178151711997987,1.1516262005055398,0.6952867556243769,0.37657406097281854,0.9476531982087121,0.3239033693579148,50.0,25.0,0.016666666666666666,0.8019938718993046,0.18893472431766778,0.23558125683707185,0.2154200008417728,0.2686055447426413,0.3750884399955352,0.46769489535779135,0.062997177846042,0.07855069727259922,0.030586745540859373,0.03813837812553726,,,0.46769489535779135,0.03813837812553726,phone_handling_motion_candidate,041,d74f7acf-f82f-491d-90b9-d7321e6d4bcf,6292
276,1736402847000,1736403147000,2025-01-09 08:07:27+0200,2025-01-09 08:12:27+0200,8,False,2184,ok,250.905,196.0,201.0,0.207,0,0.0,9.87752090318302,9.86677252255811,0.5416290230339721,0.09722915114027328,0.020586942985928225,0.5329390382091885,0.0173992673992674,5.1020408163265305,2.5510204081632653,0.1,0.04283057053361485,0.015905208857748817,0.3713517858760691,0.011051716961252962,0.25803338184765034,0.015381632601060659,0.3591274271956906,0.0034766734433487817,0.08117270911953352,0.0008862228487574923,0.020691362214331356,,,0.3591274271956906,0.020691362214331356,still_phone_candidate,041,d74f7acf-f82f-491d-90b9-d7321e6d4bcf,4368
277,1736403147000,1736403447000,2025-01-09 08:12:27+0200,2025-01-09 08:17:27+0200,8,False,2890,ok,299.882,24.0,201.0,0.214,0,0.0,9.80225048365427,9.813606427069256,0.5166100749605195,0.23108772832020108,0.09922458132224588,0.46218328487880966,0.07993079584775087,41.666666666666664,20.833333333333332,0.03333333333333333,0.2806543783748626,0.12266052180444295,0.4370518732496257,0.0897409134451555,0.31975597161463465,0.07336185476996011,0.26139572521463617,0.011945086274504368,0.04256155326588076,0.006110020369498179,0.02177062194745876,,,0.26139572521463617,0.02177062194745876,still_phone_candidate,041,d74f7acf-f82f-491d-90b9-d7321e6d4bcf,5854
278,1736403447000,1736403747000,2025-01-09 08:17:27+0200,2025-01-09 08:22:27+0200,8,False,176,ok,35.0,200.0,202.29999999999998,0.205,0,0.0,9.703485335944196,9.723257830627738,0.19330916476692944,0.07042503568599316,0.02641316466267707,0.1811068719776395,0.017045454545454544,5.0,2.5,0.02849002849002849,0.00152701346857855,0.0021054883472042285,1.3788276204034815,0.00032494822770017765,0.21279984386952527,0.00028036774029336015,0.1836052831638387,3.383018498886555e-05,0.02215447714443346,1.7120076836344828e-05,0.011211477297761743,,,0.1836052831638387,0.011211477297761743,still_phone_candidate,041,d74f7acf-f82f-491d-90b9-d7321e6d4bcf,528
279,1736403747000,1736404047000,2025-01-09 08:22:27+0200,2025-01-09 08:27:27+0200,8,False,0,no_rows,0.0,,,,0,,,,,,,,,,,,,,,,,,,,,,,,,,,insufficient_signal,041,d74f7acf-f82f-491d-90b9-d7321e6d4bcf,0
280,1736404047000,1736404347000,2025-01-09 08:27:27+0200,2025-01-09 08:32:27+0200,8,False,576,ok,115.0,200.0,200.0,0.203,0,0.0,9.87878561036814,9.877791065794856,0.0142203862784386,0.010705281704883043,0.008903627470407294,0.009413046713755983,0.0,5.0,2.5,0.016666666666666666,3.6154341851949797e-05,8.701789689866985e-06,0.2406844999557833,1.3445393028278103e-05,0.3718887508265621,1.4921006939146965e-05,0.41270304408382635,2.2720193630767603e-06,0.06284222714883221,8.752531999216435e-07,0.02420879913969285,,,0.41270304408382635,0.02420879913969285,still_phone_candidate,041,d74f7acf-f82f-491d-90b9-d7321e6d4bcf,1728
281,1736404347000,1736404647000,2025-01-09 08:32:27+0200,2025-01-09 08:37:27+0200,8,False,1500,ok,299.8,200.0,200.0,0.226,0,0.0,9.874737119375553,9.867733829838128,0.06402975925172809,0.02353135341874396,0.014930400144261391,0.05995941577818625,0.002,5.0,2.5,0.016666666666666666,0.003208458143829772,0.0010607191573526894,0.330600902303361,0.0006225764325514214,0.19404224853258764,0.0014267081650553614,0.4446709606603666,0.00018433851882681575,0.05745392664115615,0.00012146323409658835,0.037857197648090216,,,0.4446709606603666,0.037857197648090216,still_phone_candidate,041,d74f7acf-f82f-491d-90b9-d7321e6d4bcf,4500
282,1736404647000,1736404947000,2025-01-09 08:37:27+0200,2025-01-09 08:42:27+0200,8,False,1500,ok,299.805,200.0,204.0,0.209,0,0.0,9.87414789421847,9.86804956861784,0.2642217456112306,0.07235893429750581,0.030464560732541557,0.2541938336315545,0.014666666666666666,5.0,2.5,0.06666666666666667,0.05436528305315475,0.022076754178720872,0.40608184008047365,0.01820097898369494,0.3347904758612079,0.01346002290681573,0.24758489519231267,0.0020860734964800753,0.038371427119039396,0.0008676691458975715,0.01595998580655273,,,0.24758489519231267,0.01595998580655273,still_phone_candidate,041,d74f7acf-f82f-491d-90b9-d7321e6d4bcf,4500
283,1736404947000,1736405247000,2025-01-09 08:42:27+0200,2025-01-09 08:47:27+0200,8,False,1438,ok,299.678,200.0,201.0,12.478,1,0.04159333333333333,9.906157978332354,9.8635042148236,0.3564101939186792,0.09148182491416068,0.011368258480084492,0.34710033935590745,0.011821974965229486,5.0,2.5,0.03333333333333333,0.09129714656621957,0.03676565914038676,0.4027032664566348,0.02441790687171464,0.2674553125710656,0.032469222002176286,0.3556433385201775,0.0055213259865611545,0.0604764354004912,0.0017497109182533245,0.019165012095796727,,,0.3556433385201775,0.019165012095796727,still_phone_candidate,041,d74f7acf-f82f-491d-90b9-d7321e6d4bcf,4314
284,1736405247000,1736405547000,2025-01-09 08:47:27+0200,2025-01-09 08:52:27+0200,8,False,1500,ok,299.8,200.0,201.0,0.221,0,0.0,9.912326773061817,9.910790844801937,0.014089803412452839,0.010236150358314123,0.00744911703294715,0.009803206703066626,0.0,5.0,2.5,0.016666666666666666,7.084191584352537e-05,5.0644745272970865e-05,0.714898018636795,1.2354006598792915e-05,0.1743883751828546,1.2401452225169857e-05,0.17505811464164817,1.970216658200795e-06,0.027811453639291484,7.511233841922328e-07,0.010602810147756358,,,0.17505811464164817,0.010602810147756358,still_phone_candidate,041,d74f7acf-f82f-491d-90b9-d7321e6d4bcf,3236
285,1736405547000,1736405847000,2025-01-09 08:52:27+0200,2025-01-09 08:57:27+0200,8,False,1500,ok,299.8,200.0,201.0,0.206,0,0.0,9.912232427605305,9.891043984640252,0.3083358005322337,0.10870482090834338,0.012401527787668343,0.28931501502068946,0.022,5.0,2.5,0.016666666666666666,0.06224966578807557,0.024092297102027517,0.3870269309404484,0.018683590679666344,0.30013961429565356,0.021221857362554084,0.3409152016141314,0.0034499836652390928,0.055421721893002755,0.0011804880628346062,0.01896376547391421,,,0.3409152016141314,0.01896376547391421,still_phone_candidate,041,d74f7acf-f82f-491d-90b9-d7321e6d4bcf,3000
286,1736405847000,1736406147000,2025-01-09 08:57:27+0200,2025-01-09 09:02:27+0200,8,False,1500,ok,299.797,200.0,204.0999999999999,0.207,0,0.0,9.843692962613805,9.867144589231941,0.3630351544728715,0.18770857638857463,0.10678513378740284,0.31162476237351994,0.03266666666666666,5.0,2.5,0.016666666666666666,0.09021790151863544,0.020327014662671845,0.2253102136106889,0.03049909404918166,0.3380603354300117,0.037569033853107246,0.41642549007135765,0.007119662450674924,0.07891629411491337,0.0019392245550872694,0.021494897602852163,,,0.41642549007135765,0.021494897602852163,low_motion_phone_candidate,041,d74f7acf-f82f-491d-90b9-d7321e6d4bcf,3000
287,1736406147000,1736406447000,2025-01-09 09:02:27+0200,2025-01-09 09:07:27+0200,9,False,1500,ok,299.8,200.0,203.0,0.206,0,0.0,9.905170428577778,9.954459945453294,0.7327248129243396,0.24736057061303995,0.06717897901685355,0.6914678995114824,0.06533333333333333,5.0,2.5,0.016666666666666666,0.15087807182496996,0.07549315758596892,0.5003587113278245,0.04676817268319735,0.30997329245731603,0.03342463373608011,0.22153407272367073,0.003984858525038237,0.026411117777677965,0.0018352161457165994,0.012163571044608721,,,0.22153407272367073,0.012163571044608721,still_phone_candidate,041,d74f7acf-f82f-491d-90b9-d7321e6d4bcf,3000
