repeat,fold,feature,gradient_weight,extra_weight
1,1,app_foreground_event_count,1.1397175164448754,0.1397175164448754
1,1,app_use_diversity,1.1185978700300154,0.11859787003001543
1,1,unique_foreground_apps,1.0540226202915814,0.05402262029158145
1,1,gsm_cell_transition_count,1.046889987075674,0.046889987075674044
1,1,unique_gsm_cell_count,1.1132551995477642,0.1132551995477642
1,1,unique_gsm_lac_count,1.0340710121042165,0.03407101210421648
1,1,keyboard_deletion_event_count,1.0757533087423556,0.07575330874235564
1,1,keyboard_inter_event_interval_iqr_ms,1.090322954654737,0.09032295465473705
1,1,keyboard_long_pause_count_2s,1.0225962889731306,0.022596288973130596
1,1,keyboard_median_inter_event_interval_ms,1.1700638986168896,0.17006389861688964
1,1,keyboard_typing_burst_count,1.0547518423858793,0.05475184238587927
1,1,message_distinct_event_count,1.006361563270941,0.006361563270941062
1,1,outgoing_message_count,1.119765378597823,0.11976537859782299
1,1,activity_active_hour_count,1.1268291875702294,0.12682918757022943
1,1,activity_state_diversity,1.080493557520616,0.08049355752061604
1,1,activity_still_fraction,1.0729398096598703,0.07293980965987035
1,1,activity_transition_count,1.0337873636152295,0.03378736361522949
1,1,activity_unknown_fraction,1.1003178731732517,0.10031787317325169
1,1,median_unlocked_session_duration_seconds,1.0175342653962107,0.017534265396210724
1,1,night_screen_event_count,1.0135358589089496,0.013535858908949594
1,1,screen_active_hour_count,1.052762202426351,0.05276220242635099
1,1,screen_event_count,1.1946033559236262,0.1946033559236262
1,1,screen_off_event_count,1.1442416780444997,0.14424167804449972
1,1,screen_on_event_count,1.1649487885407444,0.16494878854074435
1,1,screen_transition_count,1.0701251137763608,0.07012511377636077
1,1,screen_unlock_event_count,1.2420421395112766,0.24204213951127662
1,1,telephony_event_count,1.101069829973869,0.10106982997386904
1,1,telephony_mobile_data_enabled_fraction,1.3644788790237117,0.3644788790237117
1,1,telephony_network_type_diversity,1.0726007345865347,0.07260073458653471
1,1,touch_active_hour_count,1.045953847220909,0.045953847220908894
1,1,touch_app_diversity,1.003225676407616,0.0032256764076159516
1,1,touch_click_event_count,1.0506854840357878,0.050685484035787765
1,1,touch_distinct_event_count,1.0584072582544461,0.05840725825444615
1,1,touch_scroll_direction_change_count,1.0346676925254519,0.034667692525451876
1,1,touch_scroll_event_count,1.0609072582625756,0.06090725826257559
1,1,touch_scroll_index_change_median,1.0689740815052977,0.06897408150529771
1,1,touch_unique_app_count,1.0178748420394155,0.017874842039415473
1,2,app_foreground_event_count,1.1392886239753122,0.13928862397531216
1,2,app_use_diversity,1.1034030233215035,0.10340302332150353
1,2,unique_foreground_apps,1.1046135438562432,0.10461354385624322
1,2,gsm_cell_transition_count,1.1159324348603832,0.11593243486038318
1,2,unique_gsm_cell_count,1.1830365305646295,0.18303653056462954
1,2,unique_gsm_lac_count,1.0828332568021275,0.0828332568021275
1,2,keyboard_deletion_event_count,1.0014825156068956,0.001482515606895607
1,2,keyboard_inter_event_interval_iqr_ms,1.1791174820364319,0.17911748203643185
1,2,keyboard_long_pause_count_2s,1.0762350498294389,0.07623504982943885
1,2,keyboard_median_inter_event_interval_ms,1.261108207995669,0.26110820799566903
1,2,keyboard_typing_burst_count,1.033364172914752,0.03336417291475202
1,2,message_distinct_event_count,1.0021127731924122,0.0021127731924122095
1,2,outgoing_message_count,1.11716961284912,0.11716961284911998
1,2,activity_active_hour_count,1.2172744184913697,0.21727441849136975
1,2,activity_state_diversity,1.09236042249168,0.09236042249168008
1,2,activity_still_fraction,1.0901596467994956,0.09015964679949562
1,2,activity_transition_count,1.1300826211129085,0.13008262111290847
1,2,activity_unknown_fraction,1.0816812486410796,0.08168124864107962
1,2,median_unlocked_session_duration_seconds,1.0701801203987553,0.07018012039875532
1,2,night_screen_event_count,1.067898505011288,0.06789850501128791
1,2,screen_active_hour_count,1.1326901313808009,0.13269013138080088
1,2,screen_event_count,1.0464846022199736,0.046484602219973636
1,2,screen_off_event_count,1.006477746632939,0.0064777466329390965
1,2,screen_on_event_count,1.0139453806659922,0.013945380665992158
1,2,screen_transition_count,1.0878965000686622,0.08789650006866223
1,2,screen_unlock_event_count,1.1204621590209887,0.12046215902098867
1,2,telephony_event_count,1.0101383652485527,0.010138365248552716
1,2,telephony_mobile_data_enabled_fraction,1.2768042068459409,0.27680420684594087
1,2,telephony_network_type_diversity,1.0576612635368101,0.057661263536810115
1,2,touch_active_hour_count,1.0838275502868442,0.08382755028684419
1,2,touch_app_diversity,1.0394938261062554,0.0394938261062554
1,2,touch_click_event_count,1.046562061623825,0.046562061623824924
1,2,touch_distinct_event_count,1.0028320661362584,0.0028320661362584154
1,2,touch_scroll_direction_change_count,1.0449405717875417,0.04494057178754174
1,2,touch_scroll_event_count,1.0216110019716709,0.021611001971670873
1,2,touch_scroll_index_change_median,1.0329340292856546,0.03293402928565459
1,2,touch_unique_app_count,1.038694561023173,0.038694561023173035
1,3,app_foreground_event_count,1.2086303516908454,0.20863035169084543
1,3,app_use_diversity,1.2411466480534055,0.24114664805340547
1,3,unique_foreground_apps,1.1603648166936507,0.16036481669365066
1,3,gsm_cell_transition_count,1.1562530056920728,0.1562530056920728
1,3,unique_gsm_cell_count,1.1980811310815498,0.1980811310815498
1,3,unique_gsm_lac_count,1.1061054804673076,0.10610548046730761
1,3,keyboard_deletion_event_count,1.0060698080156039,0.006069808015603861
1,3,keyboard_inter_event_interval_iqr_ms,1.1049510826352251,0.10495108263522512
1,3,keyboard_long_pause_count_2s,1.0878898019061645,0.08788980190616447
1,3,keyboard_median_inter_event_interval_ms,1.2157469940225245,0.2157469940225245
1,3,keyboard_typing_burst_count,1.0558564487008073,0.055856448700807304
1,3,message_distinct_event_count,1.1174581490983928,0.1174581490983928
1,3,outgoing_message_count,1.031302930644538,0.03130293064453804
1,3,activity_active_hour_count,1.1748195902491818,0.1748195902491818
1,3,activity_state_diversity,1.0898883319140615,0.08988833191406154
1,3,activity_still_fraction,1.0854585167889332,0.08545851678893324
1,3,activity_transition_count,1.0079367520991882,0.007936752099188205
1,3,activity_unknown_fraction,1.0209493340292526,0.020949334029252586
1,3,median_unlocked_session_duration_seconds,1.0985285540411862,0.09852855404118621
1,3,night_screen_event_count,1.0456129564084171,0.045612956408417116
1,3,screen_active_hour_count,1.0663692527000266,0.06636925270002658
1,3,screen_event_count,1.0665176161181633,0.06651761611816331
1,3,screen_off_event_count,1.025485898041495,0.025485898041494925
1,3,screen_on_event_count,1.0448912791063825,0.044891279106382465
1,3,screen_transition_count,1.0529300015517744,0.05293000155177441
1,3,screen_unlock_event_count,1.1651468656920496,0.16514686569204962
1,3,telephony_event_count,1.0695553197793426,0.0695553197793426
1,3,telephony_mobile_data_enabled_fraction,1.3561323526584301,0.35613235265843013
1,3,telephony_network_type_diversity,1.1893979974869873,0.18939799748698727
1,3,touch_active_hour_count,1.0217400814917275,0.02174008149172746
1,3,touch_app_diversity,1.0132766975020868,0.01327669750208682
1,3,touch_click_event_count,1.0660860656339928,0.06608606563399277
1,3,touch_distinct_event_count,1.0467886188497983,0.04678861884979835
1,3,touch_scroll_direction_change_count,1.0441276308664564,0.044127630866456435
1,3,touch_scroll_event_count,1.015070335350414,0.015070335350414021
1,3,touch_scroll_index_change_median,1.1726807914372208,0.17268079143722082
1,3,touch_unique_app_count,1.0710622436716937,0.07106224367169367
1,4,app_foreground_event_count,1.1738581431757265,0.17385814317572645
1,4,app_use_diversity,1.1707554662068298,0.1707554662068298
1,4,unique_foreground_apps,1.0595543639704628,0.059554363970462765
1,4,gsm_cell_transition_count,1.0064403883698916,0.006440388369891581
1,4,unique_gsm_cell_count,1.0556893177776154,0.05568931777761543
1,4,unique_gsm_lac_count,1.0375504547993102,0.037550454799310184
1,4,keyboard_deletion_event_count,1.0500804970006687,0.050080497000668744
1,4,keyboard_inter_event_interval_iqr_ms,1.164449272100807,0.16444927210080706
1,4,keyboard_long_pause_count_2s,1.0344445193974552,0.03444451939745519
1,4,keyboard_median_inter_event_interval_ms,1.250712766695615,0.25071276669561504
1,4,keyboard_typing_burst_count,1.06126400641635,0.0612640064163501
1,4,message_distinct_event_count,1.200283309914863,0.2002833099148631
1,4,outgoing_message_count,1.0112671643682252,0.011267164368225169
1,4,activity_active_hour_count,1.1858969464664204,0.1858969464664204
1,4,activity_state_diversity,1.034116778586199,0.034116778586199104
1,4,activity_still_fraction,1.0718021291435427,0.07180212914354267
1,4,activity_transition_count,1.0163818431211613,0.01638184312116131
1,4,activity_unknown_fraction,1.098043438552044,0.0980434385520439
1,4,median_unlocked_session_duration_seconds,1.0005509999053694,0.0005509999053694425
1,4,night_screen_event_count,1.169090804985165,0.16909080498516493
1,4,screen_active_hour_count,1.182183557489033,0.18218355748903292
1,4,screen_event_count,1.0401771982268495,0.04017719822684951
1,4,screen_off_event_count,1.0004768717215633,0.00047687172156329893
1,4,screen_on_event_count,1.0461768009856587,0.046176800985658684
1,4,screen_transition_count,1.1613855910398565,0.1613855910398565
1,4,screen_unlock_event_count,1.11936808762268,0.11936808762267992
1,4,telephony_event_count,1.0421012152773557,0.042101215277355664
1,4,telephony_mobile_data_enabled_fraction,1.2140868504254332,0.21408685042543318
1,4,telephony_network_type_diversity,1.0572685786951548,0.05726857869515478
1,4,touch_active_hour_count,1.1179266895905304,0.11792668959053043
1,4,touch_app_diversity,1.040788320173434,0.040788320173434034
1,4,touch_click_event_count,1.0844944249927992,0.08449442499279924
1,4,touch_distinct_event_count,1.1252263415751615,0.12522634157516155
1,4,touch_scroll_direction_change_count,1.1371398617186332,0.13713986171863324
1,4,touch_scroll_event_count,1.1602622752003167,0.16026227520031666
1,4,touch_scroll_index_change_median,1.16942028619253,0.16942028619253002
1,4,touch_unique_app_count,1.073560914641942,0.07356091464194203
1,5,app_foreground_event_count,1.3513333237533345,0.3513333237533345
1,5,app_use_diversity,1.2798924981550543,0.27989249815505435
1,5,unique_foreground_apps,1.2302849673371026,0.23028496733710258
1,5,gsm_cell_transition_count,1.1606930217308085,0.16069302173080846
1,5,unique_gsm_cell_count,1.1931542847595629,0.19315428475956287
1,5,unique_gsm_lac_count,1.102251526385379,0.10225152638537893
1,5,keyboard_deletion_event_count,1.0619107648626274,0.061910764862627365
1,5,keyboard_inter_event_interval_iqr_ms,1.0591365647947613,0.05913656479476126
1,5,keyboard_long_pause_count_2s,1.0878183112239188,0.08781831122391881
1,5,keyboard_median_inter_event_interval_ms,1.1153561490958184,0.11535614909581837
1,5,keyboard_typing_burst_count,1.0346972946942932,0.03469729469429317
1,5,message_distinct_event_count,1.0114395550453883,0.011439555045388294
1,5,outgoing_message_count,1.0706640315112645,0.07066403151126455
1,5,activity_active_hour_count,1.2342443109378196,0.2342443109378196
1,5,activity_state_diversity,1.0649228580589478,0.06492285805894782
1,5,activity_still_fraction,1.0769480105002207,0.07694801050022071
1,5,activity_transition_count,1.106540905861089,0.10654090586108911
1,5,activity_unknown_fraction,1.0627511998013595,0.06275119980135946
1,5,median_unlocked_session_duration_seconds,1.1129341000438073,0.11293410004380733
1,5,night_screen_event_count,1.0036738480634002,0.003673848063400209
1,5,screen_active_hour_count,1.007730572819838,0.007730572819838022
1,5,screen_event_count,1.1825034253211235,0.1825034253211235
1,5,screen_off_event_count,1.1608565897132939,0.16085658971329386
1,5,screen_on_event_count,1.1745965844061659,0.17459658440616588
1,5,screen_transition_count,1.0017075872383332,0.001707587238333197
1,5,screen_unlock_event_count,1.271844811608871,0.271844811608871
1,5,telephony_event_count,1.2432134595817246,0.24321345958172458
1,5,telephony_mobile_data_enabled_fraction,1.4072099676628094,0.40720996766280937
1,5,telephony_network_type_diversity,1.1683337617970455,0.1683337617970455
1,5,touch_active_hour_count,1.0548880226230295,0.0548880226230295
1,5,touch_app_diversity,1.1755966372256084,0.17559663722560837
1,5,touch_click_event_count,1.121656527536824,0.12165652753682399
1,5,touch_distinct_event_count,1.082783648673066,0.08278364867306598
1,5,touch_scroll_direction_change_count,1.1209377193853165,0.1209377193853165
1,5,touch_scroll_event_count,1.0613726121544778,0.06137261215447776
1,5,touch_scroll_index_change_median,1.00315924235732,0.0031592423573199024
1,5,touch_unique_app_count,1.1639619676601902,0.16396196766019022
2,1,app_foreground_event_count,1.1323485473861867,0.13234854738618673
2,1,app_use_diversity,1.1121120275600407,0.11211202756004068
2,1,unique_foreground_apps,1.0557811816670406,0.0557811816670406
2,1,gsm_cell_transition_count,1.0174056345306506,0.017405634530650582
2,1,unique_gsm_cell_count,1.0455130814384808,0.04551308143848076
2,1,unique_gsm_lac_count,1.014717453486037,0.014717453486037035
2,1,keyboard_deletion_event_count,1.0529273876424472,0.0529273876424472
2,1,keyboard_inter_event_interval_iqr_ms,1.0940176579515533,0.09401765795155326
2,1,keyboard_long_pause_count_2s,1.0318917802456369,0.03189178024563688
2,1,keyboard_median_inter_event_interval_ms,1.209026520539855,0.20902652053985493
2,1,keyboard_typing_burst_count,1.1092138295939473,0.10921382959394732
2,1,message_distinct_event_count,1.186125085901526,0.186125085901526
2,1,outgoing_message_count,1.0280293340331301,0.028029334033130127
2,1,activity_active_hour_count,1.1950911469169962,0.19509114691699625
2,1,activity_state_diversity,1.0802770919033873,0.08027709190338728
2,1,activity_still_fraction,1.0794111816985867,0.07941118169858674
2,1,activity_transition_count,1.1029369323391887,0.10293693233918866
2,1,activity_unknown_fraction,1.1244024327563502,0.12440243275635021
2,1,median_unlocked_session_duration_seconds,1.0221870653672354,0.02218706536723536
2,1,night_screen_event_count,1.1121589234071625,0.11215892340716249
2,1,screen_active_hour_count,1.204887871489509,0.20488787148950904
2,1,screen_event_count,1.0403008038700947,0.040300803870094715
2,1,screen_off_event_count,1.0205110675050395,0.020511067505039504
2,1,screen_on_event_count,1.0190398060670902,0.019039806067090215
2,1,screen_transition_count,1.1585622244585854,0.15856222445858537
2,1,screen_unlock_event_count,1.0875168795913326,0.08751687959133259
2,1,telephony_event_count,1.0471749172917943,0.04717491729179435
2,1,telephony_mobile_data_enabled_fraction,1.2243115798100999,0.22431157981009986
2,1,telephony_network_type_diversity,1.0418230697176716,0.04182306971767158
2,1,touch_active_hour_count,1.1326888359247873,0.1326888359247873
2,1,touch_app_diversity,1.0138311923196426,0.013831192319642582
2,1,touch_click_event_count,1.0867372669926025,0.08673726699260254
2,1,touch_distinct_event_count,1.1303188940792155,0.13031889407921549
2,1,touch_scroll_direction_change_count,1.0729972584335676,0.07299725843356764
2,1,touch_scroll_event_count,1.1522704900332483,0.15227049003324833
2,1,touch_scroll_index_change_median,1.0637525433924446,0.06375254339244463
2,1,touch_unique_app_count,1.041701780754588,0.04170178075458808
2,2,app_foreground_event_count,1.328336670935515,0.3283366709355151
2,2,app_use_diversity,1.2722369540577296,0.27223695405772963
2,2,unique_foreground_apps,1.182898274007686,0.1828982740076861
2,2,gsm_cell_transition_count,1.0645366482655338,0.06453664826553385
2,2,unique_gsm_cell_count,1.125326162725326,0.12532616272532593
2,2,unique_gsm_lac_count,1.0687463760292992,0.06874637602929923
2,2,keyboard_deletion_event_count,1.0288531434460446,0.028853143446044616
2,2,keyboard_inter_event_interval_iqr_ms,1.0957902367188455,0.09579023671884546
2,2,keyboard_long_pause_count_2s,1.0688541167681653,0.06885411676816533
2,2,keyboard_median_inter_event_interval_ms,1.2815073462858502,0.28150734628585017
2,2,keyboard_typing_burst_count,1.0138361858931262,0.013836185893126185
2,2,message_distinct_event_count,1.0846286338833604,0.0846286338833604
2,2,outgoing_message_count,1.0253259632210645,0.025325963221064507
2,2,activity_active_hour_count,1.0784829623178145,0.07848296231781449
2,2,activity_state_diversity,1.0713692436826225,0.07136924368262254
2,2,activity_still_fraction,1.075860584017822,0.07586058401782192
2,2,activity_transition_count,1.0088596302502566,0.0088596302502566
2,2,activity_unknown_fraction,1.0190420525170445,0.019042052517044494
2,2,median_unlocked_session_duration_seconds,1.099889803800966,0.0998898038009659
2,2,night_screen_event_count,1.0202550594047515,0.020255059404751474
2,2,screen_active_hour_count,1.0316120685661798,0.03161206856617982
2,2,screen_event_count,1.1583154334411645,0.1583154334411645
2,2,screen_off_event_count,1.1268430977651926,0.12684309776519265
2,2,screen_on_event_count,1.153641571785321,0.153641571785321
2,2,screen_transition_count,1.0362414146461625,0.036241414646162484
2,2,screen_unlock_event_count,1.2502922618926173,0.25029226189261733
2,2,telephony_event_count,1.1822250936368581,0.18222509363685813
2,2,telephony_mobile_data_enabled_fraction,1.3686052783450293,0.3686052783450293
2,2,telephony_network_type_diversity,1.0881591742890881,0.08815917428908815
2,2,touch_active_hour_count,1.0076314382490492,0.007631438249049216
2,2,touch_app_diversity,1.0177801072595423,0.017780107259542266
2,2,touch_click_event_count,1.0831770990996552,0.0831770990996552
2,2,touch_distinct_event_count,1.05507509324776,0.05507509324775994
2,2,touch_scroll_direction_change_count,1.0856017923362635,0.08560179233626353
2,2,touch_scroll_event_count,1.0384646399483912,0.03846463994839122
2,2,touch_scroll_index_change_median,1.1041714375993257,0.10417143759932568
2,2,touch_unique_app_count,1.089613233793213,0.08961323379321295
2,3,app_foreground_event_count,1.0487565380616872,0.04875653806168723
2,3,app_use_diversity,1.0040559291732576,0.004055929173257589
2,3,unique_foreground_apps,1.033594065370365,0.03359406537036502
2,3,gsm_cell_transition_count,1.060998861791393,0.06099886179139302
2,3,unique_gsm_cell_count,1.1284351944242286,0.12843519442422857
2,3,unique_gsm_lac_count,1.0600372471125648,0.06003724711256475
2,3,keyboard_deletion_event_count,1.0386502784054525,0.03865027840545254
2,3,keyboard_inter_event_interval_iqr_ms,1.1989779766574624,0.19897797665746242
2,3,keyboard_long_pause_count_2s,1.0279199728024777,0.02791997280247771
2,3,keyboard_median_inter_event_interval_ms,1.1755832822127794,0.1755832822127794
2,3,keyboard_typing_burst_count,1.0503681577199602,0.05036815771996017
2,3,message_distinct_event_count,1.0385388699803517,0.03853886998035172
2,3,outgoing_message_count,1.2340219468030564,0.23402194680305644
2,3,activity_active_hour_count,1.2184460236130403,0.21844602361304033
2,3,activity_state_diversity,1.0154156413800717,0.015415641380071676
2,3,activity_still_fraction,1.0272080943204813,0.027208094320481324
2,3,activity_transition_count,1.0353089967751976,0.03530899677519761
2,3,activity_unknown_fraction,1.0254990431696973,0.02549904316969731
2,3,median_unlocked_session_duration_seconds,1.0183648436030042,0.018364843603004166
2,3,night_screen_event_count,1.0789952231126323,0.0789952231126323
2,3,screen_active_hour_count,1.0853629246759864,0.08536292467598638
2,3,screen_event_count,1.1414887949747126,0.14148879497471256
2,3,screen_off_event_count,1.0849987846214697,0.0849987846214697
2,3,screen_on_event_count,1.1189607966912245,0.1189607966912245
2,3,screen_transition_count,1.104928768195215,0.1049287681952149
2,3,screen_unlock_event_count,1.2228705737119008,0.22287057371190078
2,3,telephony_event_count,1.0471201506493937,0.04712015064939368
2,3,telephony_mobile_data_enabled_fraction,1.3317591527616062,0.33175915276160617
2,3,telephony_network_type_diversity,1.08777840831158,0.08777840831158001
2,3,touch_active_hour_count,1.1092100973774195,0.10921009737741949
2,3,touch_app_diversity,1.0725437848926715,0.07254378489267155
2,3,touch_click_event_count,1.0655081125637316,0.06550811256373157
2,3,touch_distinct_event_count,1.107281861409781,0.10728186140978102
2,3,touch_scroll_direction_change_count,1.058955644126108,0.0589556441261081
2,3,touch_scroll_event_count,1.1236649172335906,0.12366491723359063
2,3,touch_scroll_index_change_median,1.0519533583759277,0.05195335837592774
2,3,touch_unique_app_count,1.0755017774973812,0.07550177749738118
2,4,app_foreground_event_count,1.263927815231438,0.26392781523143793
2,4,app_use_diversity,1.2938341657012007,0.2938341657012007
2,4,unique_foreground_apps,1.2322893079339297,0.23228930793392966
2,4,gsm_cell_transition_count,1.1884563234747727,0.1884563234747727
2,4,unique_gsm_cell_count,1.229477852079744,0.22947785207974403
2,4,unique_gsm_lac_count,1.1244654102780283,0.12446541027802827
2,4,keyboard_deletion_event_count,1.014646722506312,0.014646722506312049
2,4,keyboard_inter_event_interval_iqr_ms,1.1087629019095655,0.1087629019095655
2,4,keyboard_long_pause_count_2s,1.1292801016593048,0.1292801016593048
2,4,keyboard_median_inter_event_interval_ms,1.2004799491976232,0.20047994919762324
2,4,keyboard_typing_burst_count,1.01894722330202,0.018947223302020033
2,4,message_distinct_event_count,1.0311478001981305,0.03114780019813046
2,4,outgoing_message_count,1.0751962300307232,0.07519623003072318
2,4,activity_active_hour_count,1.1843457727028395,0.18434577270283947
2,4,activity_state_diversity,1.023133478986781,0.023133478986780975
2,4,activity_still_fraction,1.0393761344455847,0.03937613444558474
2,4,activity_transition_count,1.0173965207143822,0.017396520714382246
2,4,activity_unknown_fraction,1.005168117645983,0.005168117645983017
2,4,median_unlocked_session_duration_seconds,1.0020742853482354,0.002074285348235394
2,4,night_screen_event_count,1.0187389411637686,0.01873894116376862
2,4,screen_active_hour_count,1.0015212246668,0.0015212246667999363
2,4,screen_event_count,1.1341126620076913,0.13411266200769134
2,4,screen_off_event_count,1.11461347362268,0.11461347362268004
2,4,screen_on_event_count,1.1140644410146043,0.11406444101460433
2,4,screen_transition_count,1.0380810428083544,0.03808104280835445
2,4,screen_unlock_event_count,1.210179448301127,0.210179448301127
2,4,telephony_event_count,1.1243443620292362,0.12434436202923616
2,4,telephony_mobile_data_enabled_fraction,1.3363740645962263,0.3363740645962263
2,4,telephony_network_type_diversity,1.1828993938137653,0.1828993938137653
2,4,touch_active_hour_count,1.040048910164297,0.0400489101642969
2,4,touch_app_diversity,1.09728204960991,0.09728204960991005
2,4,touch_click_event_count,1.1074049368000054,0.1074049368000054
2,4,touch_distinct_event_count,1.0943676738414954,0.09436767384149536
2,4,touch_scroll_direction_change_count,1.088478446124325,0.0884784461243251
2,4,touch_scroll_event_count,1.0624809393561654,0.06248093935616539
2,4,touch_scroll_index_change_median,1.0376180631397154,0.037618063139715385
2,4,touch_unique_app_count,1.1335866636683145,0.1335866636683145
2,5,app_foreground_event_count,1.203173196201839,0.20317319620183905
2,5,app_use_diversity,1.2047860018871088,0.20478600188710883
2,5,unique_foreground_apps,1.1588006706521843,0.15880067065218428
2,5,gsm_cell_transition_count,1.1838315018013934,0.1838315018013934
2,5,unique_gsm_cell_count,1.226774962905886,0.22677496290588595
2,5,unique_gsm_lac_count,1.1491132393299879,0.14911323932998788
2,5,keyboard_deletion_event_count,1.0061982355758954,0.006198235575895383
2,5,keyboard_inter_event_interval_iqr_ms,1.0212796717752517,0.021279671775251696
2,5,keyboard_long_pause_count_2s,1.055328726917794,0.055328726917794
2,5,keyboard_median_inter_event_interval_ms,1.142865404614394,0.142865404614394
2,5,keyboard_typing_burst_count,1.0324190782296427,0.03241907822964274
2,5,message_distinct_event_count,1.0453058795546502,0.04530587955465015
2,5,outgoing_message_count,1.0414608591997243,0.04146085919972431
2,5,activity_active_hour_count,1.2531323462277755,0.2531323462277755
2,5,activity_state_diversity,1.0442413341916148,0.0442413341916148
2,5,activity_still_fraction,1.0403195748969736,0.040319574896973576
2,5,activity_transition_count,1.101465011719357,0.10146501171935696
2,5,activity_unknown_fraction,1.0220396390112074,0.022039639011207424
2,5,median_unlocked_session_duration_seconds,1.125496297428522,0.12549629742852209
2,5,night_screen_event_count,1.0773256595115501,0.07732565951155013
2,5,screen_active_hour_count,1.0960390895218604,0.09603908952186035
2,5,screen_event_count,1.0590856792903398,0.05908567929033981
2,5,screen_off_event_count,1.0310195614516533,0.0310195614516533
2,5,screen_on_event_count,1.0511781675466745,0.05117816754667448
2,5,screen_transition_count,1.1116909217009756,0.11169092170097561
2,5,screen_unlock_event_count,1.1570178282834638,0.15701782828346378
2,5,telephony_event_count,1.1424172692844128,0.14241726928441278
2,5,telephony_mobile_data_enabled_fraction,1.3544796691203902,0.3544796691203902
2,5,telephony_network_type_diversity,1.1764071639498397,0.17640716394983968
2,5,touch_active_hour_count,1.0228546014812627,0.022854601481262726
2,5,touch_app_diversity,1.0956304571374196,0.09563045713741958
2,5,touch_click_event_count,1.0426717330676505,0.042671733067650486
2,5,touch_distinct_event_count,1.0236951649541295,0.02369516495412949
2,5,touch_scroll_direction_change_count,1.0522266474104731,0.052226647410473115
2,5,touch_scroll_event_count,1.0099047944689294,0.009904794468929445
2,5,touch_scroll_index_change_median,1.1955073194074999,0.19550731940749988
2,5,touch_unique_app_count,1.0760182791167252,0.07601827911672521
3,1,app_foreground_event_count,1.2681787870750918,0.2681787870750918
3,1,app_use_diversity,1.0510816737285889,0.05108167372858885
3,1,unique_foreground_apps,1.042371763880577,0.04237176388057695
3,1,gsm_cell_transition_count,1.0377216774584195,0.03772167745841948
3,1,unique_gsm_cell_count,1.057657864549217,0.05765786454921695
3,1,unique_gsm_lac_count,1.0071272609739976,0.007127260973997629
3,1,keyboard_deletion_event_count,1.072062178023099,0.072062178023099
3,1,keyboard_inter_event_interval_iqr_ms,1.1385308096643962,0.13853080966439624
3,1,keyboard_long_pause_count_2s,1.026730580582384,0.02673058058238409
3,1,keyboard_median_inter_event_interval_ms,1.2018566497795171,0.20185664977951712
3,1,keyboard_typing_burst_count,1.060355995097919,0.06035599509791889
3,1,message_distinct_event_count,1.0995546486845058,0.09955464868450581
3,1,outgoing_message_count,1.0061387268690882,0.006138726869088229
3,1,activity_active_hour_count,1.2337413774084038,0.23374137740840384
3,1,activity_state_diversity,1.0520208495447785,0.05202084954477848
3,1,activity_still_fraction,1.0406733317728558,0.040673331772855814
3,1,activity_transition_count,1.081245514083943,0.08124551408394298
3,1,activity_unknown_fraction,1.0516106983000102,0.051610698300010194
3,1,median_unlocked_session_duration_seconds,1.0483809869380247,0.04838098693802473
3,1,night_screen_event_count,1.0898623279229536,0.08986232792295357
3,1,screen_active_hour_count,1.133789859040718,0.13378985904071805
3,1,screen_event_count,1.172760276312627,0.17276027631262703
3,1,screen_off_event_count,1.1399397063849117,0.1399397063849117
3,1,screen_on_event_count,1.1543173875280333,0.15431738752803326
3,1,screen_transition_count,1.1499465178396666,0.14994651783966662
3,1,screen_unlock_event_count,1.2913222472275194,0.2913222472275194
3,1,telephony_event_count,1.114760822532186,0.11476082253218589
3,1,telephony_mobile_data_enabled_fraction,1.2141769876008741,0.2141769876008741
3,1,telephony_network_type_diversity,1.1472057768365822,0.1472057768365822
3,1,touch_active_hour_count,1.1718654996618252,0.17186549966182518
3,1,touch_app_diversity,1.0317622951977437,0.03176229519774365
3,1,touch_click_event_count,1.1295521497146177,0.1295521497146177
3,1,touch_distinct_event_count,1.1283726097575468,0.12837260975754683
3,1,touch_scroll_direction_change_count,1.0592911003313963,0.059291100331396285
3,1,touch_scroll_event_count,1.1253495570784058,0.12534955707840578
3,1,touch_scroll_index_change_median,1.212847677772275,0.21284767777227498
3,1,touch_unique_app_count,1.057315263971812,0.05731526397181197
3,2,app_foreground_event_count,1.237729449536219,0.237729449536219
3,2,app_use_diversity,1.2712006581142818,0.27120065811428185
3,2,unique_foreground_apps,1.1787030099076194,0.17870300990761945
3,2,gsm_cell_transition_count,1.1059038492685032,0.10590384926850316
3,2,unique_gsm_cell_count,1.1621286695978053,0.16212866959780525
3,2,unique_gsm_lac_count,1.0697510281025548,0.06975102810255485
3,2,keyboard_deletion_event_count,1.0997294842732575,0.09972948427325745
3,2,keyboard_inter_event_interval_iqr_ms,1.0585735471625835,0.05857354716258345
3,2,keyboard_long_pause_count_2s,1.1804527847884663,0.18045278478846627
3,2,keyboard_median_inter_event_interval_ms,1.1612637557653733,0.16126375576537333
3,2,keyboard_typing_burst_count,1.046584947743063,0.0465849477430631
3,2,message_distinct_event_count,1.0248158841927253,0.02481588419272529
3,2,outgoing_message_count,1.0758357739211672,0.07583577392116725
3,2,activity_active_hour_count,1.1973899695290138,0.19738996952901378
3,2,activity_state_diversity,1.160505632667188,0.1605056326671881
3,2,activity_still_fraction,1.1242686986361063,0.12426869863610635
3,2,activity_transition_count,1.0952126284807302,0.0952126284807302
3,2,activity_unknown_fraction,1.0215865814532203,0.021586581453220344
3,2,median_unlocked_session_duration_seconds,1.1510433589671256,0.15104335896712562
3,2,night_screen_event_count,1.0502643322935685,0.050264332293568526
3,2,screen_active_hour_count,1.0397412486473048,0.03974124864730477
3,2,screen_event_count,1.123031013023437,0.12303101302343711
3,2,screen_off_event_count,1.0907342740711674,0.09073427407116741
3,2,screen_on_event_count,1.107063747267207,0.10706374726720691
3,2,screen_transition_count,1.0300438429555165,0.030043842955516542
3,2,screen_unlock_event_count,1.2154977468953736,0.2154977468953736
3,2,telephony_event_count,1.1295377939483364,0.12953779394833642
3,2,telephony_mobile_data_enabled_fraction,1.338080344137903,0.338080344137903
3,2,telephony_network_type_diversity,1.1437168030762597,0.14371680307625967
3,2,touch_active_hour_count,1.0034004928462057,0.003400492846205694
3,2,touch_app_diversity,1.0363318109114983,0.036331810911498286
3,2,touch_click_event_count,1.11614900268957,0.11614900268956996
3,2,touch_distinct_event_count,1.0563560682044595,0.056356068204459486
3,2,touch_scroll_direction_change_count,1.1236068431737392,0.12360684317373916
3,2,touch_scroll_event_count,1.019405247355297,0.01940524735529703
3,2,touch_scroll_index_change_median,1.0850718131510975,0.08507181315109746
3,2,touch_unique_app_count,1.0964363702521653,0.09643637025216534
3,3,app_foreground_event_count,1.1757484127798268,0.17574841277982678
3,3,app_use_diversity,1.1757484127798268,0.17574841277982678
3,3,unique_foreground_apps,1.0749102404740647,0.0749102404740647
3,3,gsm_cell_transition_count,1.023562242538895,0.02356224253889505
3,3,unique_gsm_cell_count,1.08354316691105,0.08354316691105002
3,3,unique_gsm_lac_count,1.002061472879696,0.002061472879695936
3,3,keyboard_deletion_event_count,1.0769662346990418,0.07696623469904185
3,3,keyboard_inter_event_interval_iqr_ms,1.2375728838560085,0.2375728838560085
3,3,keyboard_long_pause_count_2s,1.0412724656528887,0.04127246565288867
3,3,keyboard_median_inter_event_interval_ms,1.329413316494743,0.32941331649474304
3,3,keyboard_typing_burst_count,1.1393386593466859,0.13933865934668588
3,3,message_distinct_event_count,1.1266106438888854,0.12661064388888543
3,3,outgoing_message_count,1.053663938645696,0.053663938645696074
3,3,activity_active_hour_count,1.2210825146560556,0.22108251465605555
3,3,activity_state_diversity,1.064871146504697,0.06487114650469694
3,3,activity_still_fraction,1.070339736304882,0.0703397363048821
3,3,activity_transition_count,1.0624284372349133,0.062428437234913314
3,3,activity_unknown_fraction,1.0233440427095406,0.023344042709540602
3,3,median_unlocked_session_duration_seconds,1.0506186343379642,0.05061863433796421
3,3,night_screen_event_count,1.0216765747049905,0.021676574704990514
3,3,screen_active_hour_count,1.1133990648022118,0.11339906480221185
3,3,screen_event_count,1.111103908964864,0.111103908964864
3,3,screen_off_event_count,1.0702664161714777,0.07026641617147766
3,3,screen_on_event_count,1.0863759380021552,0.08637593800215515
3,3,screen_transition_count,1.106470902940743,0.1064709029407429
3,3,screen_unlock_event_count,1.173626979316152,0.173626979316152
3,3,telephony_event_count,1.0862001197407345,0.0862001197407345
3,3,telephony_mobile_data_enabled_fraction,1.440693101229559,0.44069310122955896
3,3,telephony_network_type_diversity,1.0781270879009746,0.07812708790097456
3,3,touch_active_hour_count,1.074361858827904,0.07436185882790403
3,3,touch_app_diversity,1.022082946857217,0.022082946857217012
3,3,touch_click_event_count,1.0193225785000648,0.019322578500064802
3,3,touch_distinct_event_count,1.0405466558474716,0.040546655847471635
3,3,touch_scroll_direction_change_count,1.0577706372785691,0.057770637278569126
3,3,touch_scroll_event_count,1.0530364739433447,0.05303647394334465
3,3,touch_scroll_index_change_median,1.1099663751304827,0.10996637513048269
3,3,touch_unique_app_count,1.0268525095440975,0.026852509544097458
3,4,app_foreground_event_count,1.1622267765476149,0.16222677654761486
3,4,app_use_diversity,1.2312585390943236,0.2312585390943236
3,4,unique_foreground_apps,1.180617686369243,0.18061768636924302
3,4,gsm_cell_transition_count,1.1653352497476712,0.16533524974767122
3,4,unique_gsm_cell_count,1.2421325413938145,0.24213254139381446
3,4,unique_gsm_lac_count,1.1545427832083761,0.1545427832083761
3,4,keyboard_deletion_event_count,1.0475176284643997,0.047517628464399664
3,4,keyboard_inter_event_interval_iqr_ms,1.1144725079682278,0.11447250796822783
3,4,keyboard_long_pause_count_2s,1.1398403180869696,0.13984031808696962
3,4,keyboard_median_inter_event_interval_ms,1.20582883587275,0.20582883587275003
3,4,keyboard_typing_burst_count,1.0219138795643805,0.021913879564380512
3,4,message_distinct_event_count,1.0228623269432866,0.022862326943286604
3,4,outgoing_message_count,1.103218230771469,0.10321823077146908
3,4,activity_active_hour_count,1.0864793901342744,0.08647939013427441
3,4,activity_state_diversity,1.0840436914484173,0.08404369144841728
3,4,activity_still_fraction,1.059151460429372,0.059151460429371916
3,4,activity_transition_count,1.0574336371949846,0.05743363719498462
3,4,activity_unknown_fraction,1.009237351354724,0.009237351354723922
3,4,median_unlocked_session_duration_seconds,1.0812455143212332,0.08124551432123317
3,4,night_screen_event_count,1.0261699081824953,0.026169908182495316
3,4,screen_active_hour_count,1.0119204035500429,0.011920403550042868
3,4,screen_event_count,1.0616795776422439,0.061679577642243855
3,4,screen_off_event_count,1.0140027875993305,0.01400278759933049
3,4,screen_on_event_count,1.0371120655946526,0.03711206559465263
3,4,screen_transition_count,1.0003727412701646,0.00037274127016462266
3,4,screen_unlock_event_count,1.1304982010993152,0.1304982010993152
3,4,telephony_event_count,1.0516173993046198,0.05161739930461984
3,4,telephony_mobile_data_enabled_fraction,1.2852491531453012,0.2852491531453012
3,4,telephony_network_type_diversity,1.0937466928454103,0.09374669284541026
3,4,touch_active_hour_count,1.0501802512782723,0.0501802512782723
3,4,touch_app_diversity,1.055706398997274,0.05570639899727392
3,4,touch_click_event_count,1.077453953104611,0.077453953104611
3,4,touch_distinct_event_count,1.0632891343364292,0.06328913433642924
3,4,touch_scroll_direction_change_count,1.1083867017422175,0.10838670174221754
3,4,touch_scroll_event_count,1.0519301263146603,0.05193012631466032
3,4,touch_scroll_index_change_median,1.0698402120050101,0.06984021200501012
3,4,touch_unique_app_count,1.0699814951319946,0.06998149513199459
3,5,app_foreground_event_count,1.1392982778282723,0.1392982778282723
3,5,app_use_diversity,1.1402363133692033,0.14023631336920328
3,5,unique_foreground_apps,1.1078446048730783,0.10784460487307834
3,5,gsm_cell_transition_count,1.1382410293863003,0.13824102938630034
3,5,unique_gsm_cell_count,1.2030077966691533,0.20300779666915325
3,5,unique_gsm_lac_count,1.136255630928066,0.13625563092806603
3,5,keyboard_deletion_event_count,1.0276516633558344,0.027651663355834355
3,5,keyboard_inter_event_interval_iqr_ms,1.0014185709500374,0.00141857095003739
3,5,keyboard_long_pause_count_2s,1.0238713065959948,0.02387130659599479
3,5,keyboard_median_inter_event_interval_ms,1.1000154202480266,0.10001542024802657
3,5,keyboard_typing_burst_count,1.0156704329183934,0.01567043291839343
3,5,message_distinct_event_count,1.0801360317284296,0.08013603172842965
3,5,outgoing_message_count,1.2002849310982324,0.20028493109823242
3,5,activity_active_hour_count,1.1851259260877753,0.18512592608777534
3,5,activity_state_diversity,1.0429766814111092,0.04297668141110922
3,5,activity_still_fraction,1.0337168524170193,0.03371685241701927
3,5,activity_transition_count,1.0576201319133913,0.057620131913391326
3,5,activity_unknown_fraction,1.078508583365176,0.07850858336517597
3,5,median_unlocked_session_duration_seconds,1.0618416364379406,0.061841636437940606
3,5,night_screen_event_count,1.1120756193804318,0.11207561938043176
3,5,screen_active_hour_count,1.1116980736698179,0.11169807366981788
3,5,screen_event_count,1.080548290214544,0.08054829021454402
3,5,screen_off_event_count,1.044574351522564,0.04457435152256406
3,5,screen_on_event_count,1.0697939504988723,0.06979395049887227
3,5,screen_transition_count,1.0772052379188177,0.07720523791881773
3,5,screen_unlock_event_count,1.1146381387137674,0.11463813871376738
3,5,telephony_event_count,1.092585756212789,0.09258575621278897
3,5,telephony_mobile_data_enabled_fraction,1.3602267284469731,0.3602267284469731
3,5,telephony_network_type_diversity,1.1122277637462652,0.1122277637462652
3,5,touch_active_hour_count,1.0020424935509835,0.002042493550983515
3,5,touch_app_diversity,1.1579308509145207,0.15793085091452075
3,5,touch_click_event_count,1.0367673687821135,0.03676736878211351
3,5,touch_distinct_event_count,1.0129040866211483,0.01290408662114828
3,5,touch_scroll_direction_change_count,1.0042487777542097,0.004248777754209732
3,5,touch_scroll_event_count,1.064023634908823,0.06402363490882301
3,5,touch_scroll_index_change_median,1.163272511767051,0.16327251176705104
3,5,touch_unique_app_count,1.0721636570406146,0.07216365704061456
4,1,app_foreground_event_count,1.2214395499874944,0.22143954998749438
4,1,app_use_diversity,1.2124743860203893,0.21247438602038926
4,1,unique_foreground_apps,1.1609105581119004,0.16091055811190036
4,1,gsm_cell_transition_count,1.107338923612299,0.10733892361229902
4,1,unique_gsm_cell_count,1.1752894296006802,0.17528942960068017
4,1,unique_gsm_lac_count,1.0650545500395516,0.06505455003955163
4,1,keyboard_deletion_event_count,1.0706857625257356,0.07068576252573555
4,1,keyboard_inter_event_interval_iqr_ms,1.047725127736789,0.04772512773678894
4,1,keyboard_long_pause_count_2s,1.1738409246164572,0.17384092461645717
4,1,keyboard_median_inter_event_interval_ms,1.18146805670231,0.18146805670230992
4,1,keyboard_typing_burst_count,1.0510686147362445,0.051068614736244466
4,1,message_distinct_event_count,1.0223040088923934,0.022304008892393368
4,1,outgoing_message_count,1.0767392797920001,0.07673927979200013
4,1,activity_active_hour_count,1.1945973808367036,0.19459738083670364
4,1,activity_state_diversity,1.0695536265211054,0.06955362652110542
4,1,activity_still_fraction,1.054890970119359,0.05489097011935895
4,1,activity_transition_count,1.0500034179854434,0.05000341798544339
4,1,activity_unknown_fraction,1.0535921800418149,0.053592180041814874
4,1,median_unlocked_session_duration_seconds,1.12161772165291,0.12161772165290996
4,1,night_screen_event_count,1.0104691389939733,0.010469138993973282
4,1,screen_active_hour_count,1.0514489033579821,0.051448903357982134
4,1,screen_event_count,1.172465765634513,0.172465765634513
4,1,screen_off_event_count,1.1290437601974546,0.12904376019745456
4,1,screen_on_event_count,1.1540555880587935,0.1540555880587935
4,1,screen_transition_count,1.0636284076407534,0.06362840764075339
4,1,screen_unlock_event_count,1.2720951717565119,0.2720951717565119
4,1,telephony_event_count,1.0959241221460632,0.09592412214606316
4,1,telephony_mobile_data_enabled_fraction,1.3236924853152905,0.3236924853152905
4,1,telephony_network_type_diversity,1.1550933479708736,0.1550933479708736
4,1,touch_active_hour_count,1.0099336288339327,0.009933628833932673
4,1,touch_app_diversity,1.0068672413557282,0.0068672413557282486
4,1,touch_click_event_count,1.0387312107251603,0.03873121072516028
4,1,touch_distinct_event_count,1.0081640493779012,0.008164049377901161
4,1,touch_scroll_direction_change_count,1.0750291812797592,0.07502918127975922
4,1,touch_scroll_event_count,1.0030736720776101,0.0030736720776101123
4,1,touch_scroll_index_change_median,1.0743429819705,0.07434298197049993
4,1,touch_unique_app_count,1.070411169520682,0.07041116952068194
4,2,app_foreground_event_count,1.037481323406618,0.03748132340661803
4,2,app_use_diversity,1.0310779082460342,0.03107790824603418
4,2,unique_foreground_apps,1.081720325170207,0.081720325170207
4,2,gsm_cell_transition_count,1.0220761151175164,0.022076115117516393
4,2,unique_gsm_cell_count,1.0286779325502708,0.028677932550270846
4,2,unique_gsm_lac_count,1.0504129553895027,0.050412955389502745
4,2,keyboard_deletion_event_count,1.1907808899618952,0.19078088996189524
4,2,keyboard_inter_event_interval_iqr_ms,1.181824170855251,0.18182417085525104
4,2,keyboard_long_pause_count_2s,1.16001995315994,0.16001995315994
4,2,keyboard_median_inter_event_interval_ms,1.231240529679162,0.23124052967916198
4,2,keyboard_typing_burst_count,1.2486708866221452,0.2486708866221452
4,2,message_distinct_event_count,1.0490836720673558,0.049083672067355755
4,2,outgoing_message_count,1.0791467500224814,0.0791467500224814
4,2,activity_active_hour_count,1.153425601016346,0.15342560101634595
4,2,activity_state_diversity,1.0394321482620061,0.03943214826200614
4,2,activity_still_fraction,1.0793332973725083,0.07933329737250827
4,2,activity_transition_count,1.0125550184077667,0.012555018407766738
4,2,activity_unknown_fraction,1.000938001696992,0.0009380016969919858
4,2,median_unlocked_session_duration_seconds,1.0903043819495157,0.09030438194951573
4,2,night_screen_event_count,1.1050379983851313,0.10503799838513128
4,2,screen_active_hour_count,1.1601410096035556,0.1601410096035556
4,2,screen_event_count,1.069895413383617,0.06989541338361693
4,2,screen_off_event_count,1.0189195194093705,0.018919519409370533
4,2,screen_on_event_count,1.0315816457733697,0.03158164577336975
4,2,screen_transition_count,1.1354034932602124,0.1354034932602124
4,2,screen_unlock_event_count,1.06744031037884,0.06744031037883991
4,2,telephony_event_count,1.0502209795337416,0.050220979533741605
4,2,telephony_mobile_data_enabled_fraction,1.328709018566065,0.32870901856606505
4,2,telephony_network_type_diversity,1.0344788794262356,0.03447887942623562
4,2,touch_active_hour_count,1.196905011082512,0.1969050110825119
4,2,touch_app_diversity,1.0485542332729336,0.04855423327293362
4,2,touch_click_event_count,1.1496707921735236,0.14967079217352364
4,2,touch_distinct_event_count,1.1867816091954022,0.1867816091954022
4,2,touch_scroll_direction_change_count,1.1790370744036205,0.1790370744036205
4,2,touch_scroll_event_count,1.215612625917849,0.21561262591784902
4,2,touch_scroll_index_change_median,1.0301329380594726,0.03013293805947259
4,2,touch_unique_app_count,1.1359033546700072,0.13590335467000725
4,3,app_foreground_event_count,1.2856369753716008,0.2856369753716008
4,3,app_use_diversity,1.2452646404668615,0.24526464046686147
4,3,unique_foreground_apps,1.1797104275425232,0.1797104275425232
4,3,gsm_cell_transition_count,1.1130900586085322,0.11309005860853216
4,3,unique_gsm_cell_count,1.1533007726092013,0.15330077260920127
4,3,unique_gsm_lac_count,1.0952624181022548,0.09526241810225478
4,3,keyboard_deletion_event_count,1.0367936767317176,0.03679367673171763
4,3,keyboard_inter_event_interval_iqr_ms,1.2173070829657502,0.2173070829657502
4,3,keyboard_long_pause_count_2s,1.0701196174473628,0.07011961744736284
4,3,keyboard_median_inter_event_interval_ms,1.212490965090302,0.21249096509030196
4,3,keyboard_typing_burst_count,1.0239337534496447,0.023933753449644657
4,3,message_distinct_event_count,1.063179026835825,0.06317902683582499
4,3,outgoing_message_count,1.1039410351464745,0.10394103514647446
4,3,activity_active_hour_count,1.186373365177365,0.1863733651773649
4,3,activity_state_diversity,1.0367879428669746,0.03678794286697462
4,3,activity_still_fraction,1.0109553521489316,0.010955352148931619
4,3,activity_transition_count,1.021603137662096,0.021603137662095984
4,3,activity_unknown_fraction,1.0494935583769782,0.04949355837697822
4,3,median_unlocked_session_duration_seconds,1.1417065076778972,0.14170650767789716
4,3,night_screen_event_count,1.0609699694151038,0.0609699694151038
4,3,screen_active_hour_count,1.0224890354574068,0.02248903545740677
4,3,screen_event_count,1.123184840246522,0.1231848402465221
4,3,screen_off_event_count,1.0964863704805499,0.09648637048054987
4,3,screen_on_event_count,1.1232175008347673,0.12321750083476735
4,3,screen_transition_count,1.0262121588136954,0.02621215881369543
4,3,screen_unlock_event_count,1.225093841337915,0.2250938413379151
4,3,telephony_event_count,1.1655835216042083,0.1655835216042083
4,3,telephony_mobile_data_enabled_fraction,1.3546303330994953,0.3546303330994953
4,3,telephony_network_type_diversity,1.1354318015921312,0.1354318015921312
4,3,touch_active_hour_count,1.0114448419972624,0.011444841997262367
4,3,touch_app_diversity,1.0207245530557145,0.020724553055714523
4,3,touch_click_event_count,1.0779202454047674,0.07792024540476739
4,3,touch_distinct_event_count,1.0414499416693925,0.04144994166939253
4,3,touch_scroll_direction_change_count,1.0658568867477531,0.06585688674775314
4,3,touch_scroll_event_count,1.029273013280135,0.029273013280135096
4,3,touch_scroll_index_change_median,1.1316304175498326,0.13163041754983262
4,3,touch_unique_app_count,1.0620760059231495,0.062076005923149546
4,4,app_foreground_event_count,1.2096250480993367,0.20962504809933669
4,4,app_use_diversity,1.2179307527606995,0.2179307527606995
4,4,unique_foreground_apps,1.1663588141440022,0.16635881414400222
4,4,gsm_cell_transition_count,1.0800926879586372,0.08009268795863722
4,4,unique_gsm_cell_count,1.154980431521107,0.15498043152110696
4,4,unique_gsm_lac_count,1.0711848999653346,0.07118489996533461
4,4,keyboard_deletion_event_count,1.0069804591427765,0.006980459142776452
4,4,keyboard_inter_event_interval_iqr_ms,1.1087660467548555,0.10876604675485546
4,4,keyboard_long_pause_count_2s,1.0485806165176619,0.04858061651766188
4,4,keyboard_median_inter_event_interval_ms,1.2306068762830975,0.2306068762830975
4,4,keyboard_typing_burst_count,1.0155915311693335,0.015591531169333539
4,4,message_distinct_event_count,1.1559205528418088,0.15592055284180883
4,4,outgoing_message_count,1.0859025352459997,0.08590253524599967
4,4,activity_active_hour_count,1.1975970909968543,0.1975970909968543
4,4,activity_state_diversity,1.0065756787814475,0.0065756787814474915
4,4,activity_still_fraction,1.025893561779389,0.02589356177938895
4,4,activity_transition_count,1.0356406997575751,0.03564069975757511
4,4,activity_unknown_fraction,1.025396732715902,0.025396732715901926
4,4,median_unlocked_session_duration_seconds,1.0236571710845692,0.023657171084569217
4,4,night_screen_event_count,1.0972410745403358,0.09724107454033581
4,4,screen_active_hour_count,1.127646941709881,0.1276469417098809
4,4,screen_event_count,1.0177566588310125,0.017756658831012517
4,4,screen_off_event_count,1.0149508816425798,0.01495088164257985
4,4,screen_on_event_count,1.0167843050658272,0.016784305065827176
4,4,screen_transition_count,1.102098096586758,0.10209809658675795
4,4,screen_unlock_event_count,1.1451973715137769,0.14519737151377687
4,4,telephony_event_count,1.0456504903823964,0.045650490382396436
4,4,telephony_mobile_data_enabled_fraction,1.2814023378403352,0.2814023378403352
4,4,telephony_network_type_diversity,1.0854847699832513,0.08548476998325127
4,4,touch_active_hour_count,1.0013361851208376,0.001336185120837552
4,4,touch_app_diversity,1.0331649672715466,0.03316496727154661
4,4,touch_click_event_count,1.079387770892526,0.07938777089252591
4,4,touch_distinct_event_count,1.0665027449325386,0.0665027449325386
4,4,touch_scroll_direction_change_count,1.0334926303419045,0.03349263034190453
4,4,touch_scroll_event_count,1.022986753177865,0.022986753177864916
4,4,touch_scroll_index_change_median,1.196207980698385,0.19620798069838497
4,4,touch_unique_app_count,1.0779362795551193,0.07793627955511928
4,5,app_foreground_event_count,1.2182976508854024,0.21829765088540243
4,5,app_use_diversity,1.1701141095466407,0.17011410954664075
4,5,unique_foreground_apps,1.144609972431678,0.14460997243167806
4,5,gsm_cell_transition_count,1.173162679927924,0.173162679927924
4,5,unique_gsm_cell_count,1.2113630433705946,0.21136304337059464
4,5,unique_gsm_lac_count,1.166260912576212,0.166260912576212
4,5,keyboard_deletion_event_count,1.024801392888028,0.024801392888027962
4,5,keyboard_inter_event_interval_iqr_ms,1.0124595221219186,0.012459522121918587
4,5,keyboard_long_pause_count_2s,1.1055317017961814,0.10553170179618143
4,5,keyboard_median_inter_event_interval_ms,1.158678757684152,0.15867875768415196
4,5,keyboard_typing_burst_count,1.0245864464768284,0.024586446476828394
4,5,message_distinct_event_count,1.052749051340381,0.05274905134038099
4,5,outgoing_message_count,1.0014338049290972,0.001433804929097171
4,5,activity_active_hour_count,1.2113087069762292,0.21130870697622917
4,5,activity_state_diversity,1.0234989062366138,0.02349890623661377
4,5,activity_still_fraction,1.0484563652741208,0.04845636527412078
4,5,activity_transition_count,1.1556301057532685,0.15563010575326852
4,5,activity_unknown_fraction,1.1495502805182565,0.14955028051825647
4,5,median_unlocked_session_duration_seconds,1.1212380163513,0.12123801635130005
4,5,night_screen_event_count,1.0086821045018588,0.0086821045018588
4,5,screen_active_hour_count,1.0838674553339476,0.08386745533394757
4,5,screen_event_count,1.1374929106975387,0.13749291069753866
4,5,screen_off_event_count,1.0981669666157687,0.09816696661576874
4,5,screen_on_event_count,1.1036220734323505,0.10362207343235053
4,5,screen_transition_count,1.0668200900043212,0.06682009000432121
4,5,screen_unlock_event_count,1.2015948653116795,0.20159486531167947
4,5,telephony_event_count,1.0899632111603172,0.08996321116031725
4,5,telephony_mobile_data_enabled_fraction,1.3203899002428146,0.32038990024281455
4,5,telephony_network_type_diversity,1.1568894746267921,0.15688947462679215
4,5,touch_active_hour_count,1.0319793542615623,0.03197935426156229
4,5,touch_app_diversity,1.0812022377833959,0.08120223778339586
4,5,touch_click_event_count,1.0147297413225929,0.01472974132259286
4,5,touch_distinct_event_count,1.0074075655636807,0.007407565563680718
4,5,touch_scroll_direction_change_count,1.0548122891037324,0.05481228910373237
4,5,touch_scroll_event_count,1.0290965759749189,0.02909657597491888
4,5,touch_scroll_index_change_median,1.0213679456478753,0.021367945647875253
4,5,touch_unique_app_count,1.0737272906223703,0.07372729062237027
5,1,app_foreground_event_count,1.2397763155780102,0.23977631557801016
5,1,app_use_diversity,1.225777939044115,0.22577793904411503
5,1,unique_foreground_apps,1.194309092478366,0.19430909247836592
5,1,gsm_cell_transition_count,1.0508180586427258,0.050818058642725816
5,1,unique_gsm_cell_count,1.1079780485109427,0.10797804851094273
5,1,unique_gsm_lac_count,1.0096051117029359,0.009605111702935876
5,1,keyboard_deletion_event_count,1.030922848146347,0.03092284814634705
5,1,keyboard_inter_event_interval_iqr_ms,1.1527160135269627,0.15271601352696274
5,1,keyboard_long_pause_count_2s,1.0289817351065274,0.02898173510652735
5,1,keyboard_median_inter_event_interval_ms,1.1878767914048645,0.18787679140486446
5,1,keyboard_typing_burst_count,1.011956309101803,0.011956309101802898
5,1,message_distinct_event_count,1.1220349637980267,0.1220349637980267
5,1,outgoing_message_count,1.0115461284045952,0.011546128404595235
5,1,activity_active_hour_count,1.1390128343231323,0.13901283432313227
5,1,activity_state_diversity,1.0422383561757,0.04223835617570004
5,1,activity_still_fraction,1.0192579832235895,0.019257983223589514
5,1,activity_transition_count,1.0056451985215644,0.005645198521564421
5,1,activity_unknown_fraction,1.040853996359308,0.040853996359307976
5,1,median_unlocked_session_duration_seconds,1.0480990505628427,0.04809905056284269
5,1,night_screen_event_count,1.1208381039321023,0.12083810393210226
5,1,screen_active_hour_count,1.1198982356438452,0.11989823564384516
5,1,screen_event_count,1.0430798910653984,0.043079891065398446
5,1,screen_off_event_count,1.0114284044272082,0.01142840442720816
5,1,screen_on_event_count,1.0530469096128363,0.05304690961283631
5,1,screen_transition_count,1.1148489681439155,0.11484896814391554
5,1,screen_unlock_event_count,1.1624844722058585,0.1624844722058585
5,1,telephony_event_count,1.0818797109687117,0.08187971096871172
5,1,telephony_mobile_data_enabled_fraction,1.2110523197648284,0.2110523197648284
5,1,telephony_network_type_diversity,1.0042996755682911,0.004299675568291139
5,1,touch_active_hour_count,1.026379086754289,0.026379086754289016
5,1,touch_app_diversity,1.027699379172391,0.02769937917239096
5,1,touch_click_event_count,1.0129629256532064,0.012962925653206447
5,1,touch_distinct_event_count,1.0376799322914256,0.03767993229142563
5,1,touch_scroll_direction_change_count,1.0747974483811424,0.07479744838114244
5,1,touch_scroll_event_count,1.0209866339113343,0.020986633911334263
5,1,touch_scroll_index_change_median,1.0495122644811887,0.04951226448118873
5,1,touch_unique_app_count,1.0830978246607104,0.08309782466071036
5,2,app_foreground_event_count,1.1999516163170871,0.19995161631708713
5,2,app_use_diversity,1.1614047832460779,0.16140478324607788
5,2,unique_foreground_apps,1.0676782958551776,0.0676782958551776
5,2,gsm_cell_transition_count,1.0070868652011042,0.007086865201104242
5,2,unique_gsm_cell_count,1.0391859064523996,0.03918590645239961
5,2,unique_gsm_lac_count,1.0053615629074701,0.005361562907470141
5,2,keyboard_deletion_event_count,1.0545398810221134,0.05453988102211338
5,2,keyboard_inter_event_interval_iqr_ms,1.1320585983318197,0.13205859833181965
5,2,keyboard_long_pause_count_2s,1.004880011716496,0.004880011716495991
5,2,keyboard_median_inter_event_interval_ms,1.1757702872774025,0.17577028727740251
5,2,keyboard_typing_burst_count,1.1064637895499714,0.10646378954997138
5,2,message_distinct_event_count,1.1277529285223764,0.1277529285223764
5,2,outgoing_message_count,1.0636562230756874,0.06365622307568741
5,2,activity_active_hour_count,1.293079874875861,0.29307987487586096
5,2,activity_state_diversity,1.0235499198011484,0.0235499198011484
5,2,activity_still_fraction,1.0310694878073206,0.03106948780732055
5,2,activity_transition_count,1.0549953860087775,0.054995386008777514
5,2,activity_unknown_fraction,1.0180127833602397,0.018012783360239704
5,2,median_unlocked_session_duration_seconds,1.0001803947046681,0.0001803947046681298
5,2,night_screen_event_count,1.0261567928613797,0.02615679286137973
5,2,screen_active_hour_count,1.0927795405341199,0.09277954053411985
5,2,screen_event_count,1.2194706925766006,0.21947069257660057
5,2,screen_off_event_count,1.1697975592392587,0.16979755923925866
5,2,screen_on_event_count,1.17756312748514,0.17756312748513992
5,2,screen_transition_count,1.0949417357530526,0.09494173575305265
5,2,screen_unlock_event_count,1.2675321324813318,0.2675321324813318
5,2,telephony_event_count,1.139475663437751,0.13947566343775097
5,2,telephony_mobile_data_enabled_fraction,1.2318853076556955,0.23188530765569548
5,2,telephony_network_type_diversity,1.1058819127937953,0.10588191279379533
5,2,touch_active_hour_count,1.1152967117860204,0.11529671178602041
5,2,touch_app_diversity,1.0297771242996285,0.029777124299628532
5,2,touch_click_event_count,1.0508892611940983,0.05088926119409831
5,2,touch_distinct_event_count,1.0871611534547205,0.08716115345472053
5,2,touch_scroll_direction_change_count,1.068517495636849,0.06851749563684906
5,2,touch_scroll_event_count,1.1074353989104395,0.10743539891043952
5,2,touch_scroll_index_change_median,1.1077289166262045,0.10772891662620454
5,2,touch_unique_app_count,1.03272005001037,0.03272005001036993
5,3,app_foreground_event_count,1.170423497888968,0.17042349788896805
5,3,app_use_diversity,1.1097592217115573,0.10975922171155728
5,3,unique_foreground_apps,1.0781050073243363,0.07810500732433634
5,3,gsm_cell_transition_count,1.1662572553310433,0.1662572553310433
5,3,unique_gsm_cell_count,1.2128924634542233,0.2128924634542233
5,3,unique_gsm_lac_count,1.153883200953637,0.15388320095363706
5,3,keyboard_deletion_event_count,1.0031385929385168,0.0031385929385168154
5,3,keyboard_inter_event_interval_iqr_ms,1.1522313679489251,0.1522313679489251
5,3,keyboard_long_pause_count_2s,1.0442780433022771,0.04427804330227714
5,3,keyboard_median_inter_event_interval_ms,1.3035795197100135,0.3035795197100135
5,3,keyboard_typing_burst_count,1.067581235973754,0.06758123597375398
5,3,message_distinct_event_count,1.0285630138282233,0.02856301382822335
5,3,outgoing_message_count,1.0168164922855627,0.0168164922855627
5,3,activity_active_hour_count,1.1925658638349546,0.19256586383495455
5,3,activity_state_diversity,1.070100117539584,0.0701001175395839
5,3,activity_still_fraction,1.0253269596051404,0.02532695960514042
5,3,activity_transition_count,1.0632091641427435,0.06320916414274347
5,3,activity_unknown_fraction,1.0566429153562258,0.05664291535622579
5,3,median_unlocked_session_duration_seconds,1.0883918105877408,0.08839181058774082
5,3,night_screen_event_count,1.0647019248641727,0.0647019248641727
5,3,screen_active_hour_count,1.086240874189528,0.08624087418952797
5,3,screen_event_count,1.0081009024547163,0.008100902454716286
5,3,screen_off_event_count,1.0003076554946189,0.00030765549461886366
5,3,screen_on_event_count,1.006836321424391,0.006836321424390945
5,3,screen_transition_count,1.0638501509932905,0.0638501509932905
5,3,screen_unlock_event_count,1.0986173070992298,0.09861730709922978
5,3,telephony_event_count,1.0429888334293616,0.04298883342936155
5,3,telephony_mobile_data_enabled_fraction,1.3455953644955012,0.3455953644955012
5,3,telephony_network_type_diversity,1.1468401313604122,0.14684013136041218
5,3,touch_active_hour_count,1.0393775246602774,0.03937752466027744
5,3,touch_app_diversity,1.0423559921381278,0.042355992138127796
5,3,touch_click_event_count,1.045790712246051,0.045790712246051024
5,3,touch_distinct_event_count,1.0042021851374823,0.004202185137482273
5,3,touch_scroll_direction_change_count,1.0394668984235158,0.039466898423515806
5,3,touch_scroll_event_count,1.0394534626837,0.03945346268369998
5,3,touch_scroll_index_change_median,1.1529559258295272,0.15295592582952722
5,3,touch_unique_app_count,1.0045211920777815,0.004521192077781455
5,4,app_foreground_event_count,1.1819393658947936,0.18193936589479365
5,4,app_use_diversity,1.1567146332195433,0.15671463321954326
5,4,unique_foreground_apps,1.1054333771819311,0.10543337718193113
5,4,gsm_cell_transition_count,1.0377954084631345,0.03779540846313445
5,4,unique_gsm_cell_count,1.1120664369702198,0.11206643697021978
5,4,unique_gsm_lac_count,1.0095381269578512,0.009538126957851167
5,4,keyboard_deletion_event_count,1.0312117024819556,0.031211702481955594
5,4,keyboard_inter_event_interval_iqr_ms,1.0432708257124597,0.04327082571245966
5,4,keyboard_long_pause_count_2s,1.0923623245514993,0.09236232455149929
5,4,keyboard_median_inter_event_interval_ms,1.2011481072624008,0.20114810726240084
5,4,keyboard_typing_burst_count,1.020588289835025,0.02058828983502492
5,4,message_distinct_event_count,1.0937677338604825,0.09376773386048254
5,4,outgoing_message_count,1.0611940820990697,0.061194082099069735
5,4,activity_active_hour_count,1.0849643052701226,0.08496430527012255
5,4,activity_state_diversity,1.0161508645245758,0.016150864524575814
5,4,activity_still_fraction,1.0079677598321242,0.007967759832124166
5,4,activity_transition_count,1.012059497659146,0.012059497659145935
5,4,activity_unknown_fraction,1.0357780103658698,0.035778010365869806
5,4,median_unlocked_session_duration_seconds,1.0708196937195495,0.07081969371954955
5,4,night_screen_event_count,1.019682360320743,0.019682360320742998
5,4,screen_active_hour_count,1.0652453758442677,0.0652453758442677
5,4,screen_event_count,1.1479673852020844,0.1479673852020844
5,4,screen_off_event_count,1.0903418141527732,0.0903418141527732
5,4,screen_on_event_count,1.1130741019779078,0.11307410197790779
5,4,screen_transition_count,1.0473908024596514,0.04739080245965144
5,4,screen_unlock_event_count,1.1971970948200454,0.19719709482004544
5,4,telephony_event_count,1.0490063375002843,0.04900633750028427
5,4,telephony_mobile_data_enabled_fraction,1.3647246536406938,0.36472465364069384
5,4,telephony_network_type_diversity,1.0441474409302836,0.044147440930283555
5,4,touch_active_hour_count,1.036769212276646,0.03676921227664609
5,4,touch_app_diversity,1.0518069536782284,0.05180695367822841
5,4,touch_click_event_count,1.0077959705288964,0.0077959705288963566
5,4,touch_distinct_event_count,1.0281335774941371,0.02813357749413714
5,4,touch_scroll_direction_change_count,1.0214328409383289,0.021432840938328868
5,4,touch_scroll_event_count,1.0514096186578565,0.05140961865785654
5,4,touch_scroll_index_change_median,1.0306753205349328,0.030675320534932826
5,4,touch_unique_app_count,1.0046757540483164,0.004675754048316438
5,5,app_foreground_event_count,1.2137596870031517,0.21375968700315173
5,5,app_use_diversity,1.1968962804990086,0.19689628049900865
5,5,unique_foreground_apps,1.1422222794945192,0.14222227949451915
5,5,gsm_cell_transition_count,1.2213871098628135,0.2213871098628135
5,5,unique_gsm_cell_count,1.2697494696716167,0.2697494696716167
5,5,unique_gsm_lac_count,1.2079648417236184,0.2079648417236184
5,5,keyboard_deletion_event_count,1.0166600831253707,0.016660083125370706
5,5,keyboard_inter_event_interval_iqr_ms,1.0631835556941414,0.06318355569414136
5,5,keyboard_long_pause_count_2s,1.0710277843926836,0.07102778439268365
5,5,keyboard_median_inter_event_interval_ms,1.1274871535642996,0.12748715356429963
5,5,keyboard_typing_burst_count,1.003998166518955,0.003998166518955015
5,5,message_distinct_event_count,1.0321718575960257,0.0321718575960257
5,5,outgoing_message_count,1.2192961705544416,0.21929617055444162
5,5,activity_active_hour_count,1.2163051624756305,0.21630516247563047
5,5,activity_state_diversity,1.0639170249635894,0.06391702496358942
5,5,activity_still_fraction,1.0407422415716185,0.04074224157161854
5,5,activity_transition_count,1.1017924288489305,0.10179242884893047
5,5,activity_unknown_fraction,1.0716959732350202,0.0716959732350202
5,5,median_unlocked_session_duration_seconds,1.0558166565271139,0.05581665652711387
5,5,night_screen_event_count,1.0392550634795346,0.03925506347953456
5,5,screen_active_hour_count,1.0689895932551299,0.06898959325512988
5,5,screen_event_count,1.0844664133139523,0.08446641331395233
5,5,screen_off_event_count,1.057161842523927,0.05716184252392709
5,5,screen_on_event_count,1.0794425092219866,0.07944250922198659
5,5,screen_transition_count,1.0633842764993695,0.06338427649936951
5,5,screen_unlock_event_count,1.171844864954102,0.171844864954102
5,5,telephony_event_count,1.1495851167450453,0.14958511674504527
5,5,telephony_mobile_data_enabled_fraction,1.4576848496313413,0.45768484963134126
5,5,telephony_network_type_diversity,1.2640775725554403,0.2640775725554403
5,5,touch_active_hour_count,1.0094902282681664,0.009490228268166367
5,5,touch_app_diversity,1.1682071433577828,0.16820714335778275
5,5,touch_click_event_count,1.0496958054173093,0.049695805417309336
5,5,touch_distinct_event_count,1.0233744610850812,0.023374461085081233
5,5,touch_scroll_direction_change_count,1.0000226331399122,2.2633139912242584e-05
5,5,touch_scroll_event_count,1.0037997651908424,0.0037997651908423524
5,5,touch_scroll_index_change_median,1.1249016336066402,0.1249016336066402
5,5,touch_unique_app_count,1.1126609051745833,0.11266090517458327
6,1,app_foreground_event_count,1.1020654825113136,0.10206548251131364
6,1,app_use_diversity,1.0885000454578482,0.08850004545784818
6,1,unique_foreground_apps,1.0051816292791294,0.005181629279129352
6,1,gsm_cell_transition_count,1.0380273178767474,0.0380273178767474
6,1,unique_gsm_cell_count,1.077182654212121,0.077182654212121
6,1,unique_gsm_lac_count,1.0063471242552395,0.0063471242552395335
6,1,keyboard_deletion_event_count,1.0828096875450317,0.08280968754503171
6,1,keyboard_inter_event_interval_iqr_ms,1.2156176827329983,0.2156176827329983
6,1,keyboard_long_pause_count_2s,1.0300793481251702,0.030079348125170213
6,1,keyboard_median_inter_event_interval_ms,1.2533610895325604,0.2533610895325604
6,1,keyboard_typing_burst_count,1.1089546940663522,0.10895469406635216
6,1,message_distinct_event_count,1.0641830335093458,0.06418303350934584
6,1,outgoing_message_count,1.0551222128988897,0.055122212898889744
6,1,activity_active_hour_count,1.2945621239806262,0.2945621239806262
6,1,activity_state_diversity,1.0331191469773715,0.033119146977371505
6,1,activity_still_fraction,1.0869505778229447,0.08695057782294469
6,1,activity_transition_count,1.0534905580468872,0.05349055804688718
6,1,activity_unknown_fraction,1.0687333380510777,0.06873333805107773
6,1,median_unlocked_session_duration_seconds,1.034930617348683,0.03493061734868297
6,1,night_screen_event_count,1.0670542001529604,0.06705420015296037
6,1,screen_active_hour_count,1.1327580601624625,0.1327580601624625
6,1,screen_event_count,1.050140178750497,0.05014017875049692
6,1,screen_off_event_count,1.0172925141425884,0.017292514142588367
6,1,screen_on_event_count,1.0329627589581811,0.032962758958181126
6,1,screen_transition_count,1.1245887828810017,0.12458878288100173
6,1,screen_unlock_event_count,1.1268050761094242,0.12680507610942415
6,1,telephony_event_count,1.0044774844115925,0.004477484411592458
6,1,telephony_mobile_data_enabled_fraction,1.3542593484337957,0.3542593484337957
6,1,telephony_network_type_diversity,1.0917612851237262,0.09176128512372617
6,1,touch_active_hour_count,1.149357185435732,0.14935718543573206
6,1,touch_app_diversity,1.120393517043318,0.12039351704331791
6,1,touch_click_event_count,1.0798943613742726,0.07989436137427264
6,1,touch_distinct_event_count,1.0990484255472306,0.09904842554723059
6,1,touch_scroll_direction_change_count,1.0865108281960005,0.08651082819600053
6,1,touch_scroll_event_count,1.1141284626547674,0.11412846265476739
6,1,touch_scroll_index_change_median,1.1106063025502846,0.11060630255028459
6,1,touch_unique_app_count,1.1000041156286287,0.10000411562862865
6,2,app_foreground_event_count,1.2295333135938413,0.22953331359384133
6,2,app_use_diversity,1.1972785005119735,0.1972785005119735
6,2,unique_foreground_apps,1.1049636450997198,0.10496364509971978
6,2,gsm_cell_transition_count,1.0718000610637342,0.07180006106373416
6,2,unique_gsm_cell_count,1.1287889686362917,0.12878896863629175
6,2,unique_gsm_lac_count,1.0741431709645615,0.07414317096456147
6,2,keyboard_deletion_event_count,1.0060743179168845,0.0060743179168845085
6,2,keyboard_inter_event_interval_iqr_ms,1.0372119248228413,0.0372119248228413
6,2,keyboard_long_pause_count_2s,1.060818115717905,0.060818115717905075
6,2,keyboard_median_inter_event_interval_ms,1.2509779047969203,0.2509779047969203
6,2,keyboard_typing_burst_count,1.0800892719587525,0.08008927195875248
6,2,message_distinct_event_count,1.0372879381029367,0.037287938102936735
6,2,outgoing_message_count,1.016469046874486,0.016469046874485915
6,2,activity_active_hour_count,1.190399772964438,0.190399772964438
6,2,activity_state_diversity,1.018150290950406,0.0181502909504061
6,2,activity_still_fraction,1.0427504174349744,0.04275041743497443
6,2,activity_transition_count,1.053543358303698,0.05354335830369794
6,2,activity_unknown_fraction,1.0396389389863332,0.039638938986333194
6,2,median_unlocked_session_duration_seconds,1.0926258227768395,0.0926258227768395
6,2,night_screen_event_count,1.1131164115407948,0.11311641154079477
6,2,screen_active_hour_count,1.0960587410643472,0.0960587410643472
6,2,screen_event_count,1.083491338371868,0.08349133837186806
6,2,screen_off_event_count,1.035703288337509,0.03570328833750902
6,2,screen_on_event_count,1.0690046350265168,0.06900463502651677
6,2,screen_transition_count,1.1123571835052903,0.11235718350529034
6,2,screen_unlock_event_count,1.1906290011757472,0.19062900117574721
6,2,telephony_event_count,1.1338443590145615,0.1338443590145615
6,2,telephony_mobile_data_enabled_fraction,1.3462230866101887,0.34622308661018875
6,2,telephony_network_type_diversity,1.1729019494250839,0.17290194942508386
6,2,touch_active_hour_count,1.0454974221292423,0.04549742212924235
6,2,touch_app_diversity,1.088667847948021,0.08866784794802096
6,2,touch_click_event_count,1.0003201844265213,0.0003201844265212639
6,2,touch_distinct_event_count,1.039767754614478,0.0397677546144779
6,2,touch_scroll_direction_change_count,1.0353780392565308,0.035378039256530824
6,2,touch_scroll_event_count,1.0667079366434702,0.06670793664347019
6,2,touch_scroll_index_change_median,1.1441928380320863,0.14419283803208627
6,2,touch_unique_app_count,1.039490333212678,0.03949033321267792
6,3,app_foreground_event_count,1.2920915718964896,0.2920915718964896
6,3,app_use_diversity,1.211844539941111,0.21184453994111108
6,3,unique_foreground_apps,1.2549372316340235,0.2549372316340235
6,3,gsm_cell_transition_count,1.10164393068417,0.1016439306841701
6,3,unique_gsm_cell_count,1.1789860949476143,0.1789860949476143
6,3,unique_gsm_lac_count,1.1031286070366855,0.10312860703668547
6,3,keyboard_deletion_event_count,1.031095606071176,0.031095606071176007
6,3,keyboard_inter_event_interval_iqr_ms,1.1086910576214783,0.10869105762147835
6,3,keyboard_long_pause_count_2s,1.1218669700851274,0.12186697008512737
6,3,keyboard_median_inter_event_interval_ms,1.122334615793032,0.12233461579303206
6,3,keyboard_typing_burst_count,1.0484426463880925,0.04844264638809248
6,3,message_distinct_event_count,1.0905382349782962,0.09053823497829616
6,3,outgoing_message_count,1.1280918564714295,0.1280918564714295
6,3,activity_active_hour_count,1.0527655302063863,0.0527655302063863
6,3,activity_state_diversity,1.0948398815179636,0.09483988151796363
6,3,activity_still_fraction,1.1458252313565682,0.14582523135656822
6,3,activity_transition_count,1.0119767273026516,0.011976727302651646
6,3,activity_unknown_fraction,1.062816025420989,0.06281602542098907
6,3,median_unlocked_session_duration_seconds,1.0643628663385258,0.06436286633852584
6,3,night_screen_event_count,1.0126621234299018,0.012662123429901806
6,3,screen_active_hour_count,1.028533162523367,0.028533162523366906
6,3,screen_event_count,1.182072702469725,0.18207270246972507
6,3,screen_off_event_count,1.121719332231406,0.12171933223140607
6,3,screen_on_event_count,1.1656437022806692,0.16564370228066916
6,3,screen_transition_count,1.0098146297379402,0.009814629737940228
6,3,screen_unlock_event_count,1.2721188912836687,0.27211889128366873
6,3,telephony_event_count,1.065329076802421,0.06532907680242106
6,3,telephony_mobile_data_enabled_fraction,1.2198493132709012,0.21984931327090118
6,3,telephony_network_type_diversity,1.0909692966123252,0.09096929661232522
6,3,touch_active_hour_count,1.0646196763306275,0.06461967633062748
6,3,touch_app_diversity,1.0930282208885487,0.09302822088854867
6,3,touch_click_event_count,1.1059024448342136,0.10590244483421363
6,3,touch_distinct_event_count,1.099562387161212,0.09956238716121191
6,3,touch_scroll_direction_change_count,1.167519273771205,0.167519273771205
6,3,touch_scroll_event_count,1.0683986936483736,0.06839869364837359
6,3,touch_scroll_index_change_median,1.0874962350996509,0.08749623509965088
6,3,touch_unique_app_count,1.1912707761612111,0.19127077616121113
6,4,app_foreground_event_count,1.129470586810681,0.1294705868106809
6,4,app_use_diversity,1.1542276532391327,0.15422765323913268
6,4,unique_foreground_apps,1.0839992150584135,0.08399921505841346
6,4,gsm_cell_transition_count,1.1390078871953058,0.13900788719530577
6,4,unique_gsm_cell_count,1.203537798045803,0.20353779804580308
6,4,unique_gsm_lac_count,1.1548325871592233,0.15483258715922332
6,4,keyboard_deletion_event_count,1.058580161681404,0.0585801616814039
6,4,keyboard_inter_event_interval_iqr_ms,1.0016653303031784,0.0016653303031783917
6,4,keyboard_long_pause_count_2s,1.1173709693775264,0.11737096937752645
6,4,keyboard_median_inter_event_interval_ms,1.1432228225096908,0.14322282250969076
6,4,keyboard_typing_burst_count,1.0045817912596238,0.004581791259623769
6,4,message_distinct_event_count,1.038005426739698,0.03800542673969809
6,4,outgoing_message_count,1.096804220241618,0.09680422024161794
6,4,activity_active_hour_count,1.148818212178228,0.148818212178228
6,4,activity_state_diversity,1.0731209286184455,0.07312092861844555
6,4,activity_still_fraction,1.1083200990438142,0.10832009904381423
6,4,activity_transition_count,1.0131107690244865,0.01311076902448649
6,4,activity_unknown_fraction,1.0404498754059486,0.04044987540594858
6,4,median_unlocked_session_duration_seconds,1.0203370134712384,0.020337013471238397
6,4,night_screen_event_count,1.0156702593845066,0.015670259384506613
6,4,screen_active_hour_count,1.0207557119138018,0.020755711913801766
6,4,screen_event_count,1.0826654778799831,0.08266547787998313
6,4,screen_off_event_count,1.0543958158673936,0.054395815867393615
6,4,screen_on_event_count,1.0771893129887895,0.0771893129887895
6,4,screen_transition_count,1.0143217549759354,0.014321754975935352
6,4,screen_unlock_event_count,1.131620644955153,0.1316206449551529
6,4,telephony_event_count,1.071259561928544,0.0712595619285441
6,4,telephony_mobile_data_enabled_fraction,1.424404879678695,0.424404879678695
6,4,telephony_network_type_diversity,1.1312799239196012,0.1312799239196012
6,4,touch_active_hour_count,1.022018447040048,0.02201844704004796
6,4,touch_app_diversity,1.0765897500466655,0.07658975004666546
6,4,touch_click_event_count,1.0019639235817837,0.0019639235817836553
6,4,touch_distinct_event_count,1.0390009606947697,0.03900096069476966
6,4,touch_scroll_direction_change_count,1.0049959168909994,0.00499591689099943
6,4,touch_scroll_event_count,1.0647895141910635,0.06478951419106349
6,4,touch_scroll_index_change_median,1.0672522915277038,0.06725229152770384
6,4,touch_unique_app_count,1.028655788053629,0.028655788053628894
6,5,app_foreground_event_count,1.257842110345619,0.257842110345619
6,5,app_use_diversity,1.2309894370867946,0.23098943708679465
6,5,unique_foreground_apps,1.162438778944861,0.16243877894486092
6,5,gsm_cell_transition_count,1.1342815314296333,0.13428153142963328
6,5,unique_gsm_cell_count,1.154678526335978,0.154678526335978
6,5,unique_gsm_lac_count,1.0392127979836896,0.039212797983689596
6,5,keyboard_deletion_event_count,1.0459717198443654,0.04597171984436543
6,5,keyboard_inter_event_interval_iqr_ms,1.1619636879108721,0.16196368791087212
6,5,keyboard_long_pause_count_2s,1.0041684785574787,0.004168478557478705
6,5,keyboard_median_inter_event_interval_ms,1.2272884986163008,0.22728849861630085
6,5,keyboard_typing_burst_count,1.038961165735134,0.038961165735134085
6,5,message_distinct_event_count,1.094770758144401,0.09477075814440106
6,5,outgoing_message_count,1.0941627936757203,0.09416279367572034
6,5,activity_active_hour_count,1.2327978887852158,0.2327978887852158
6,5,activity_state_diversity,1.0940898118375515,0.0940898118375515
6,5,activity_still_fraction,1.0692952179499433,0.06929521794994331
6,5,activity_transition_count,1.1411045930427153,0.14110459304271528
6,5,activity_unknown_fraction,1.0427180062011343,0.042718006201134306
6,5,median_unlocked_session_duration_seconds,1.0578655047827268,0.057865504782726784
6,5,night_screen_event_count,1.0972148157766382,0.09721481577663815
6,5,screen_active_hour_count,1.1223871179861997,0.12238711798619972
6,5,screen_event_count,1.1286531722700495,0.12865317227004947
6,5,screen_off_event_count,1.0978202347555246,0.0978202347555246
6,5,screen_on_event_count,1.0961375770021207,0.09613757700212067
6,5,screen_transition_count,1.0964928474369207,0.09649284743692066
6,5,screen_unlock_event_count,1.1908966452831775,0.1908966452831775
6,5,telephony_event_count,1.1772274985086866,0.17722749850868658
6,5,telephony_mobile_data_enabled_fraction,1.2707348221213017,0.27073482212130173
6,5,telephony_network_type_diversity,1.09443940929832,0.09443940929832007
6,5,touch_active_hour_count,1.011415374902355,0.011415374902354891
6,5,touch_app_diversity,1.0079645217087898,0.007964521708789807
6,5,touch_click_event_count,1.0654146398158302,0.06541463981583018
6,5,touch_distinct_event_count,1.0435343365637002,0.043534336563700204
6,5,touch_scroll_direction_change_count,1.0076026700028085,0.007602670002808454
6,5,touch_scroll_event_count,1.0211331343068455,0.02113313430684549
6,5,touch_scroll_index_change_median,1.2085318768065256,0.20853187680652563
6,5,touch_unique_app_count,1.0273907626265328,0.02739076262653284
7,1,app_foreground_event_count,1.1515539623010613,0.15155396230106133
7,1,app_use_diversity,1.242699795966629,0.24269979596662905
7,1,unique_foreground_apps,1.142267996894091,0.14226799689409098
7,1,gsm_cell_transition_count,1.1554199492333066,0.1554199492333066
7,1,unique_gsm_cell_count,1.215304260694471,0.21530426069447106
7,1,unique_gsm_lac_count,1.1244719738551978,0.12447197385519781
7,1,keyboard_deletion_event_count,1.009942881997521,0.009942881997520914
7,1,keyboard_inter_event_interval_iqr_ms,1.0734573044128013,0.0734573044128013
7,1,keyboard_long_pause_count_2s,1.1146003272587026,0.11460032725870262
7,1,keyboard_median_inter_event_interval_ms,1.1811256747199073,0.18112567471990726
7,1,keyboard_typing_burst_count,1.008227687112362,0.008227687112362103
7,1,message_distinct_event_count,1.0273786601552408,0.02737866015524082
7,1,outgoing_message_count,1.094497245995639,0.09449724599563902
7,1,activity_active_hour_count,1.2143968310865216,0.21439683108652163
7,1,activity_state_diversity,1.046996496796367,0.04699649679636697
7,1,activity_still_fraction,1.094198069215118,0.09419806921511809
7,1,activity_transition_count,1.0017431427902652,0.0017431427902652175
7,1,activity_unknown_fraction,1.0527044349527257,0.0527044349527257
7,1,median_unlocked_session_duration_seconds,1.1135093569896253,0.11350935698962528
7,1,night_screen_event_count,1.0866426432552778,0.08664264325527782
7,1,screen_active_hour_count,1.0812731455212885,0.0812731455212885
7,1,screen_event_count,1.0426552577162134,0.04265525771621337
7,1,screen_off_event_count,1.0026256503377933,0.0026256503377932727
7,1,screen_on_event_count,1.0290099348738113,0.029009934873811316
7,1,screen_transition_count,1.0862842979151797,0.08628429791517966
7,1,screen_unlock_event_count,1.1463256508273085,0.14632565082730853
7,1,telephony_event_count,1.0826653907056119,0.08266539070561185
7,1,telephony_mobile_data_enabled_fraction,1.3621929061842986,0.36219290618429856
7,1,telephony_network_type_diversity,1.1158538155940247,0.11585381559402474
7,1,touch_active_hour_count,1.031505568826127,0.031505568826126984
7,1,touch_app_diversity,1.0095565106978315,0.009556510697831477
7,1,touch_click_event_count,1.0537373641752437,0.05373736417524366
7,1,touch_distinct_event_count,1.0117180934119507,0.011718093411950736
7,1,touch_scroll_direction_change_count,1.0271477049561486,0.0271477049561486
7,1,touch_scroll_event_count,1.0169043845942423,0.01690438459424226
7,1,touch_scroll_index_change_median,1.1263077917357511,0.12630779173575113
7,1,touch_unique_app_count,1.0409391064748823,0.0409391064748823
7,2,app_foreground_event_count,1.1868831743215027,0.1868831743215027
7,2,app_use_diversity,1.2017599306540676,0.2017599306540676
7,2,unique_foreground_apps,1.162538387721317,0.1625383877213169
7,2,gsm_cell_transition_count,1.0961590030490904,0.09615900304909042
7,2,unique_gsm_cell_count,1.1665277456960619,0.16652774569606188
7,2,unique_gsm_lac_count,1.0791504114309522,0.07915041143095225
7,2,keyboard_deletion_event_count,1.0200522941057384,0.02005229410573839
7,2,keyboard_inter_event_interval_iqr_ms,1.0476604063171366,0.04766040631713664
7,2,keyboard_long_pause_count_2s,1.09902340626841,0.09902340626841011
7,2,keyboard_median_inter_event_interval_ms,1.1426555214139353,0.14265552141393534
7,2,keyboard_typing_burst_count,1.0053350959615768,0.005335095961576775
7,2,message_distinct_event_count,1.1155165835009293,0.1155165835009293
7,2,outgoing_message_count,1.068085381749911,0.06808538174991097
7,2,activity_active_hour_count,1.1345859888180914,0.13458598881809136
7,2,activity_state_diversity,1.0701910387244207,0.07019103872442067
7,2,activity_still_fraction,1.0565474124323817,0.056547412432381705
7,2,activity_transition_count,1.000375135466164,0.0003751354661640782
7,2,activity_unknown_fraction,1.0248697464997452,0.02486974649974516
7,2,median_unlocked_session_duration_seconds,1.0990428876757607,0.09904288767576075
7,2,night_screen_event_count,1.1015339519635212,0.10153395196352122
7,2,screen_active_hour_count,1.092867096969822,0.09286709696982198
7,2,screen_event_count,1.0642167420792306,0.06421674207923056
7,2,screen_off_event_count,1.030262609420592,0.030262609420592
7,2,screen_on_event_count,1.0506016062136943,0.05060160621369425
7,2,screen_transition_count,1.103190041007443,0.10319004100744289
7,2,screen_unlock_event_count,1.1525656880192852,0.15256568801928516
7,2,telephony_event_count,1.109426884598879,0.10942688459887906
7,2,telephony_mobile_data_enabled_fraction,1.2748994121412596,0.27489941214125957
7,2,telephony_network_type_diversity,1.1169537523557698,0.11695375235576977
7,2,touch_active_hour_count,1.0010440747035796,0.0010440747035795894
7,2,touch_app_diversity,1.0163035119795396,0.01630351197953961
7,2,touch_click_event_count,1.0717789210178974,0.0717789210178974
7,2,touch_distinct_event_count,1.0548766941401115,0.05487669414011154
7,2,touch_scroll_direction_change_count,1.091737523467519,0.09173752346751907
7,2,touch_scroll_event_count,1.0183381186872233,0.018338118687223348
7,2,touch_scroll_index_change_median,1.1511392856135105,0.15113928561351053
7,2,touch_unique_app_count,1.0742059806818742,0.07420598068187423
7,3,app_foreground_event_count,1.1930048612595863,0.19300486125958627
7,3,app_use_diversity,1.090650910542227,0.09065091054222707
7,3,unique_foreground_apps,1.0145945066945705,0.01459450669457052
7,3,gsm_cell_transition_count,1.0153424929695314,0.015342492969531385
7,3,unique_gsm_cell_count,1.0294179012736056,0.02941790127360555
7,3,unique_gsm_lac_count,1.0125342083037823,0.012534208303782268
7,3,keyboard_deletion_event_count,1.2072983039451544,0.20729830394515436
7,3,keyboard_inter_event_interval_iqr_ms,1.2476740932416956,0.24767409324169565
7,3,keyboard_long_pause_count_2s,1.1759371950021256,0.17593719500212557
7,3,keyboard_median_inter_event_interval_ms,1.343307253971901,0.3433072539719011
7,3,keyboard_typing_burst_count,1.2674601024641508,0.26746010246415075
7,3,message_distinct_event_count,1.1065337857332154,0.10653378573321537
7,3,outgoing_message_count,1.0295391253842157,0.02953912538421566
7,3,activity_active_hour_count,1.2228984758970165,0.2228984758970165
7,3,activity_state_diversity,1.0715030336712725,0.07150303367127253
7,3,activity_still_fraction,1.0736221484359088,0.07362214843590875
7,3,activity_transition_count,1.0035034350835526,0.003503435083552553
7,3,activity_unknown_fraction,1.1120054690921415,0.11200546909214149
7,3,median_unlocked_session_duration_seconds,1.0353206459450606,0.03532064594506057
7,3,night_screen_event_count,1.130833569576733,0.1308335695767331
7,3,screen_active_hour_count,1.1914922232651561,0.19149222326515614
7,3,screen_event_count,1.0542572847993252,0.054257284799325234
7,3,screen_off_event_count,1.0140189945294222,0.014018994529422235
7,3,screen_on_event_count,1.022364476209878,0.022364476209878026
7,3,screen_transition_count,1.188428815139313,0.18842881513931298
7,3,screen_unlock_event_count,1.1353624738836798,0.13536247388367983
7,3,telephony_event_count,1.0388973391039844,0.03889733910398441
7,3,telephony_mobile_data_enabled_fraction,1.2373623525291797,0.2373623525291797
7,3,telephony_network_type_diversity,1.1753399650263774,0.1753399650263774
7,3,touch_active_hour_count,1.1972845612350687,0.19728456123506866
7,3,touch_app_diversity,1.0265972208913448,0.026597220891344753
7,3,touch_click_event_count,1.1236605050829909,0.12366050508299087
7,3,touch_distinct_event_count,1.124730494438719,0.12473049443871909
7,3,touch_scroll_direction_change_count,1.1139453352447202,0.11394533524472017
7,3,touch_scroll_event_count,1.1412987790545799,0.14129877905457988
7,3,touch_scroll_index_change_median,1.1390425539170024,0.13904255391700238
7,3,touch_unique_app_count,1.0915231707633912,0.09152317076339123
7,4,app_foreground_event_count,1.2356664792760192,0.23566647927601925
7,4,app_use_diversity,1.1313603745904655,0.13136037459046546
7,4,unique_foreground_apps,1.0483646565271594,0.04836465652715938
7,4,gsm_cell_transition_count,1.1460387541323778,0.14603875413237777
7,4,unique_gsm_cell_count,1.1940118502197419,0.19401185021974188
7,4,unique_gsm_lac_count,1.1167755781684916,0.1167755781684916
7,4,keyboard_deletion_event_count,1.0089859258270881,0.008985925827088126
7,4,keyboard_inter_event_interval_iqr_ms,1.0604434578711548,0.06044345787115479
7,4,keyboard_long_pause_count_2s,1.0645490182342527,0.06454901823425274
7,4,keyboard_median_inter_event_interval_ms,1.164163454202974,0.16416345420297396
7,4,keyboard_typing_burst_count,1.0338617017184295,0.033861701718429504
7,4,message_distinct_event_count,1.0905075407609304,0.09050754076093037
7,4,outgoing_message_count,1.1059263997247804,0.10592639972478035
7,4,activity_active_hour_count,1.1796314025565913,0.17963140255659127
7,4,activity_state_diversity,1.0875427426018693,0.08754274260186934
7,4,activity_still_fraction,1.0919830816379508,0.09198308163795077
7,4,activity_transition_count,1.1230026256109118,0.1230026256109118
7,4,activity_unknown_fraction,1.1126614488278777,0.11266144882787765
7,4,median_unlocked_session_duration_seconds,1.1324104935193642,0.13241049351936418
7,4,night_screen_event_count,1.0529146995077308,0.052914699507730756
7,4,screen_active_hour_count,1.0976150843106638,0.09761508431066379
7,4,screen_event_count,1.1504691597302834,0.1504691597302834
7,4,screen_off_event_count,1.1228809650666465,0.12288096506664647
7,4,screen_on_event_count,1.139672969167941,0.13967296916794103
7,4,screen_transition_count,1.0630393651779293,0.0630393651779293
7,4,screen_unlock_event_count,1.204759780342061,0.2047597803420611
7,4,telephony_event_count,1.1113181864718515,0.11131818647185154
7,4,telephony_mobile_data_enabled_fraction,1.425238020283243,0.4252380202832431
7,4,telephony_network_type_diversity,1.1378322648402612,0.13783226484026123
7,4,touch_active_hour_count,1.065055290609016,0.06505529060901605
7,4,touch_app_diversity,1.0539179065759994,0.053917906575999375
7,4,touch_click_event_count,1.0042904713153853,0.004290471315385291
7,4,touch_distinct_event_count,1.0449102436404998,0.04491024364049978
7,4,touch_scroll_direction_change_count,1.0212035347228892,0.02120353472288916
7,4,touch_scroll_event_count,1.0707836147620013,0.07078361476200135
7,4,touch_scroll_index_change_median,1.0468542789176756,0.046854278917675574
7,4,touch_unique_app_count,1.0286753343640866,0.028675334364086646
7,5,app_foreground_event_count,1.2424540001955338,0.24245400019553376
7,5,app_use_diversity,1.219655895581268,0.21965589558126797
7,5,unique_foreground_apps,1.2162924886470803,0.21629248864708028
7,5,gsm_cell_transition_count,1.0514730577767735,0.05147305777677347
7,5,unique_gsm_cell_count,1.1339872803345736,0.13398728033457363
7,5,unique_gsm_lac_count,1.0520096514883464,0.05200965148834635
7,5,keyboard_deletion_event_count,1.109519039270668,0.10951903927066797
7,5,keyboard_inter_event_interval_iqr_ms,1.1099520732660915,0.10995207326609147
7,5,keyboard_long_pause_count_2s,1.108770165082258,0.1087701650822579
7,5,keyboard_median_inter_event_interval_ms,1.1819847776750307,0.18198477767503074
7,5,keyboard_typing_burst_count,1.0723657242466034,0.07236572424660337
7,5,message_distinct_event_count,1.0259457761583015,0.025945776158301515
7,5,outgoing_message_count,1.0842284272452454,0.08422842724524537
7,5,activity_active_hour_count,1.1918871144899008,0.1918871144899008
7,5,activity_state_diversity,1.0753702674095174,0.07537026740951736
7,5,activity_still_fraction,1.111125142949408,0.111125142949408
7,5,activity_transition_count,1.1297986730074416,0.12979867300744163
7,5,activity_unknown_fraction,1.1714863001423819,0.17148630014238186
7,5,median_unlocked_session_duration_seconds,1.058974897118751,0.058974897118750924
7,5,night_screen_event_count,1.1078676029434673,0.10786760294346731
7,5,screen_active_hour_count,1.0500565058997802,0.05005650589978017
7,5,screen_event_count,1.2142881590005294,0.21428815900052944
7,5,screen_off_event_count,1.1685667897789158,0.16856678977891582
7,5,screen_on_event_count,1.195795593357,0.19579559335699992
7,5,screen_transition_count,1.0632915724016538,0.06329157240165384
7,5,screen_unlock_event_count,1.2718214323976675,0.27182143239766754
7,5,telephony_event_count,1.1040193396193063,0.10401933961930632
7,5,telephony_mobile_data_enabled_fraction,1.3197636588942343,0.3197636588942343
7,5,telephony_network_type_diversity,1.0296992465075532,0.02969924650755318
7,5,touch_active_hour_count,1.0418891326078106,0.041889132607810575
7,5,touch_app_diversity,1.0922079487976175,0.09220794879761751
7,5,touch_click_event_count,1.060850563277756,0.060850563277756065
7,5,touch_distinct_event_count,1.0433435791068701,0.043343579106870145
7,5,touch_scroll_direction_change_count,1.048947302044246,0.04894730204424591
7,5,touch_scroll_event_count,1.0374114542257,0.037411454225700025
7,5,touch_scroll_index_change_median,1.0730603809688133,0.07306038096881329
7,5,touch_unique_app_count,1.1009912985321308,0.10099129853213085
8,1,app_foreground_event_count,1.2504751571485875,0.2504751571485875
8,1,app_use_diversity,1.2500678804702972,0.25006788047029715
8,1,unique_foreground_apps,1.1791423577178566,0.17914235771785658
8,1,gsm_cell_transition_count,1.1255662069169194,0.12556620691691944
8,1,unique_gsm_cell_count,1.1619381966818083,0.1619381966818083
8,1,unique_gsm_lac_count,1.093946487540376,0.09394648754037593
8,1,keyboard_deletion_event_count,1.0411338242904296,0.041133824290429555
8,1,keyboard_inter_event_interval_iqr_ms,1.0370775913271573,0.03707759132715727
8,1,keyboard_long_pause_count_2s,1.049356683974298,0.04935668397429804
8,1,keyboard_median_inter_event_interval_ms,1.1683721633945878,0.16837216339458783
8,1,keyboard_typing_burst_count,1.0564768104418432,0.05647681044184316
8,1,message_distinct_event_count,1.1054631343529981,0.10546313435299814
8,1,outgoing_message_count,1.0365654600463086,0.03656546004630856
8,1,activity_active_hour_count,1.2764986170419659,0.2764986170419659
8,1,activity_state_diversity,1.0220799135019172,0.02207991350191718
8,1,activity_still_fraction,1.015188960105077,0.015188960105076976
8,1,activity_transition_count,1.1111772561252053,0.11117725612520535
8,1,activity_unknown_fraction,1.0510507804006748,0.05105078040067479
8,1,median_unlocked_session_duration_seconds,1.0464690748322014,0.04646907483220142
8,1,night_screen_event_count,1.0379040402271005,0.03790404022710048
8,1,screen_active_hour_count,1.1084777242091322,0.10847772420913215
8,1,screen_event_count,1.0185261144744986,0.01852611447449859
8,1,screen_off_event_count,1.0012648059223217,0.001264805922321699
8,1,screen_on_event_count,1.0298747246245883,0.02987472462458829
8,1,screen_transition_count,1.092772052501667,0.09277205250166709
8,1,screen_unlock_event_count,1.142488464259701,0.14248846425970108
8,1,telephony_event_count,1.0866616158405786,0.08666161584057863
8,1,telephony_mobile_data_enabled_fraction,1.245189513170643,0.24518951317064297
8,1,telephony_network_type_diversity,1.0925099974389851,0.09250999743898514
8,1,touch_active_hour_count,1.0025293841139975,0.0025293841139975015
8,1,touch_app_diversity,1.1272036128939351,0.12720361289393511
8,1,touch_click_event_count,1.0602102256115997,0.06021022561159972
8,1,touch_distinct_event_count,1.0584228386536525,0.0584228386536525
8,1,touch_scroll_direction_change_count,1.0339576547731684,0.033957654773168366
8,1,touch_scroll_event_count,1.0266863966058193,0.026686396605819285
8,1,touch_scroll_index_change_median,1.1590230667619483,0.15902306676194833
8,1,touch_unique_app_count,1.0972213453989805,0.09722134539898053
8,2,app_foreground_event_count,1.1933955226930852,0.19339552269308524
8,2,app_use_diversity,1.1852840107037506,0.18528401070375056
8,2,unique_foreground_apps,1.1465000552928204,0.1465000552928204
8,2,gsm_cell_transition_count,1.1882210998224814,0.18822109982248136
8,2,unique_gsm_cell_count,1.253975030927518,0.25397503092751794
8,2,unique_gsm_lac_count,1.1859528376211355,0.18595283762113546
8,2,keyboard_deletion_event_count,1.064427533106611,0.06442753310661109
8,2,keyboard_inter_event_interval_iqr_ms,1.1691800050414056,0.16918000504140562
8,2,keyboard_long_pause_count_2s,1.1351404191233287,0.13514041912332875
8,2,keyboard_median_inter_event_interval_ms,1.2827977554259746,0.28279775542597463
8,2,keyboard_typing_burst_count,1.0387759874936222,0.03877598749362221
8,2,message_distinct_event_count,1.0429261044976998,0.042926104497699846
8,2,outgoing_message_count,1.147427707230633,0.14742770723063292
8,2,activity_active_hour_count,1.1174228203447183,0.11742282034471829
8,2,activity_state_diversity,1.0025634452798018,0.0025634452798017904
8,2,activity_still_fraction,1.0119627446390753,0.011962744639075318
8,2,activity_transition_count,1.017568144984242,0.017568144984241973
8,2,activity_unknown_fraction,1.0473041102299432,0.047304110229943186
8,2,median_unlocked_session_duration_seconds,1.0468296204664846,0.046829620466484645
8,2,night_screen_event_count,1.0492518861115585,0.04925188611155851
8,2,screen_active_hour_count,1.0424893512193572,0.04248935121935715
8,2,screen_event_count,1.1078050054438644,0.1078050054438644
8,2,screen_off_event_count,1.0729659644969325,0.07296596449693249
8,2,screen_on_event_count,1.0825878394079875,0.08258783940798753
8,2,screen_transition_count,1.0166445172742475,0.01664451727424754
8,2,screen_unlock_event_count,1.1664235470419588,0.16642354704195883
8,2,telephony_event_count,1.1078563739390357,0.10785637393903569
8,2,telephony_mobile_data_enabled_fraction,1.3232415113189346,0.32324151131893464
8,2,telephony_network_type_diversity,1.1483369445695288,0.14833694456952884
8,2,touch_active_hour_count,1.0041938770455903,0.004193877045590266
8,2,touch_app_diversity,1.0448004346119424,0.044800434611942386
8,2,touch_click_event_count,1.0561614699402992,0.05616146994029925
8,2,touch_distinct_event_count,1.0473593700987294,0.04735937009872937
8,2,touch_scroll_direction_change_count,1.0923705031603963,0.0923705031603963
8,2,touch_scroll_event_count,1.0340099110805963,0.034009911080596256
8,2,touch_scroll_index_change_median,1.0443900107908946,0.04439001079089455
8,2,touch_unique_app_count,1.065027285137848,0.06502728513784795
8,3,app_foreground_event_count,1.2262469568145806,0.22624695681458062
8,3,app_use_diversity,1.1642283762430188,0.16422837624301878
8,3,unique_foreground_apps,1.0888700739930623,0.08887007399306235
8,3,gsm_cell_transition_count,1.0489970121523142,0.04899701215231422
8,3,unique_gsm_cell_count,1.0899521058784147,0.08995210587841473
8,3,unique_gsm_lac_count,1.0409907712916622,0.040990771291662176
8,3,keyboard_deletion_event_count,1.0592168207354828,0.059216820735482845
8,3,keyboard_inter_event_interval_iqr_ms,1.1362538350901896,0.13625383509018962
8,3,keyboard_long_pause_count_2s,1.0046770972778176,0.004677097277817621
8,3,keyboard_median_inter_event_interval_ms,1.2707507751694198,0.2707507751694198
8,3,keyboard_typing_burst_count,1.0722699643053328,0.07226996430533283
8,3,message_distinct_event_count,1.0832755441218513,0.08327554412185134
8,3,outgoing_message_count,1.002509231185849,0.0025092311858490035
8,3,activity_active_hour_count,1.2001015673254316,0.2001015673254316
8,3,activity_state_diversity,1.0377468776602943,0.037746877660294276
8,3,activity_still_fraction,1.0195040916353926,0.019504091635392573
8,3,activity_transition_count,1.0877543802875358,0.0877543802875358
8,3,activity_unknown_fraction,1.005722020574421,0.005722020574421061
8,3,median_unlocked_session_duration_seconds,1.073671928523815,0.07367192852381499
8,3,night_screen_event_count,1.0438442963609105,0.04384429636091047
8,3,screen_active_hour_count,1.1374251810625957,0.1374251810625957
8,3,screen_event_count,1.153140959244454,0.15314095924445392
8,3,screen_off_event_count,1.0945407559960039,0.09454075599600387
8,3,screen_on_event_count,1.1417298615196063,0.14172986151960631
8,3,screen_transition_count,1.1074263217520355,0.10742632175203548
8,3,screen_unlock_event_count,1.1944991386596089,0.19449913865960888
8,3,telephony_event_count,1.072204276401866,0.072204276401866
8,3,telephony_mobile_data_enabled_fraction,1.3576508756688914,0.3576508756688914
8,3,telephony_network_type_diversity,1.1171706082156634,0.11717060821566339
8,3,touch_active_hour_count,1.07689230162356,0.07689230162356009
8,3,touch_app_diversity,1.0484132280860508,0.04841322808605075
8,3,touch_click_event_count,1.0681800855900518,0.06818008559005184
8,3,touch_distinct_event_count,1.0893183900125756,0.08931839001257558
8,3,touch_scroll_direction_change_count,1.055687729343925,0.055687729343925074
8,3,touch_scroll_event_count,1.0970207576448532,0.09702075764485318
8,3,touch_scroll_index_change_median,1.1420174347160383,0.14201743471603834
8,3,touch_unique_app_count,1.009929933355373,0.009929933355373066
8,4,app_foreground_event_count,1.1412042785571126,0.1412042785571126
8,4,app_use_diversity,1.1538989396692938,0.1538989396692938
8,4,unique_foreground_apps,1.0897103640327643,0.08971036403276433
8,4,gsm_cell_transition_count,1.0352363617586655,0.03523636175866551
8,4,unique_gsm_cell_count,1.0930110896040297,0.0930110896040297
8,4,unique_gsm_lac_count,1.0117026675125838,0.011702667512583753
8,4,keyboard_deletion_event_count,1.1051499354975736,0.10514993549757357
8,4,keyboard_inter_event_interval_iqr_ms,1.1237709270317053,0.12377092703170534
8,4,keyboard_long_pause_count_2s,1.0129778545934627,0.012977854593462679
8,4,keyboard_median_inter_event_interval_ms,1.0981145389681854,0.09811453896818545
8,4,keyboard_typing_burst_count,1.0892450200043344,0.08924502000433443
8,4,message_distinct_event_count,1.058009189216616,0.05800918921661591
8,4,outgoing_message_count,1.0922485307064422,0.09224853070644223
8,4,activity_active_hour_count,1.1641112423742936,0.16411124237429364
8,4,activity_state_diversity,1.0905781627659838,0.09057816276598385
8,4,activity_still_fraction,1.102062790195935,0.102062790195935
8,4,activity_transition_count,1.0798455049891844,0.07984550498918441
8,4,activity_unknown_fraction,1.0571496936395188,0.05714969363951883
8,4,median_unlocked_session_duration_seconds,1.03831627187195,0.03831627187195008
8,4,night_screen_event_count,1.1308871876122317,0.13088718761223173
8,4,screen_active_hour_count,1.1146714349835698,0.1146714349835698
8,4,screen_event_count,1.0770128361198503,0.07701283611985033
8,4,screen_off_event_count,1.0194975689226589,0.01949756892265886
8,4,screen_on_event_count,1.0273564114836504,0.027356411483650422
8,4,screen_transition_count,1.117970244634126,0.11797024463412598
8,4,screen_unlock_event_count,1.1326882874974686,0.13268828749746864
8,4,telephony_event_count,1.0988498289506512,0.0988498289506512
8,4,telephony_mobile_data_enabled_fraction,1.2539029782168827,0.2539029782168827
8,4,telephony_network_type_diversity,1.0960477183274617,0.09604771832746173
8,4,touch_active_hour_count,1.0652230253509058,0.06522302535090585
8,4,touch_app_diversity,1.0062758827308933,0.006275882730893301
8,4,touch_click_event_count,1.0019212706072946,0.001921270607294634
8,4,touch_distinct_event_count,1.049077790290784,0.04907779029078396
8,4,touch_scroll_direction_change_count,1.0082614856288385,0.00826148562883855
8,4,touch_scroll_event_count,1.07725642586444,0.07725642586443993
8,4,touch_scroll_index_change_median,1.0430195503475101,0.04301955034751015
8,4,touch_unique_app_count,1.0101759503968146,0.010175950396814626
8,5,app_foreground_event_count,1.1911304800620248,0.19113048006202482
8,5,app_use_diversity,1.15199521545705,0.15199521545705008
8,5,unique_foreground_apps,1.0960061859683659,0.09600618596836585
8,5,gsm_cell_transition_count,1.0755100792736076,0.07551007927360764
8,5,unique_gsm_cell_count,1.1313622588761165,0.13136225887611652
8,5,unique_gsm_lac_count,1.0355326975085173,0.035532697508517286
8,5,keyboard_deletion_event_count,1.074451505937402,0.07445150593740202
8,5,keyboard_inter_event_interval_iqr_ms,1.0780594989781571,0.07805949897815712
8,5,keyboard_long_pause_count_2s,1.0792539453595917,0.07925394535959174
8,5,keyboard_median_inter_event_interval_ms,1.1798363547749087,0.17983635477490867
8,5,keyboard_typing_burst_count,1.0080921564128569,0.008092156412856877
8,5,message_distinct_event_count,1.038394667007418,0.038394667007418004
8,5,outgoing_message_count,1.075454983951697,0.07545498395169692
8,5,activity_active_hour_count,1.2076914138711778,0.20769141387117784
8,5,activity_state_diversity,1.0207203916677823,0.02072039166778228
8,5,activity_still_fraction,1.0390151239442729,0.03901512394427287
8,5,activity_transition_count,1.0004676038234601,0.00046760382346011653
8,5,activity_unknown_fraction,1.0418791555147138,0.04187915551471377
8,5,median_unlocked_session_duration_seconds,1.1506775572419463,0.1506775572419463
8,5,night_screen_event_count,1.0085984303866729,0.00859843038667285
8,5,screen_active_hour_count,1.0477819631316352,0.047781963131635186
8,5,screen_event_count,1.1722614360666708,0.17226143606667077
8,5,screen_off_event_count,1.1426229053158938,0.14262290531589383
8,5,screen_on_event_count,1.1674285484013724,0.16742854840137245
8,5,screen_transition_count,1.0483256914281849,0.04832569142818488
8,5,screen_unlock_event_count,1.261206681033532,0.26120668103353206
8,5,telephony_event_count,1.0935938277894206,0.0935938277894206
8,5,telephony_mobile_data_enabled_fraction,1.420669631516112,0.42066963151611203
8,5,telephony_network_type_diversity,1.1000146124060106,0.10001461240601062
8,5,touch_active_hour_count,1.0409740940057386,0.04097409400573859
8,5,touch_app_diversity,1.0078527046315209,0.00785270463152088
8,5,touch_click_event_count,1.0257690695675152,0.025769069567515235
8,5,touch_distinct_event_count,1.023787286801492,0.02378728680149189
8,5,touch_scroll_direction_change_count,1.0114012428178292,0.011401242817829171
8,5,touch_scroll_event_count,1.0525894439986505,0.05258944399865051
8,5,touch_scroll_index_change_median,1.0743644645946753,0.07436446459467527
8,5,touch_unique_app_count,1.0086098378445383,0.008609837844538282
9,1,app_foreground_event_count,1.2616602999085915,0.2616602999085915
9,1,app_use_diversity,1.2848421473307428,0.28484214733074276
9,1,unique_foreground_apps,1.186422292741716,0.18642229274171607
9,1,gsm_cell_transition_count,1.1245380297660754,0.12453802976607542
9,1,unique_gsm_cell_count,1.1891219908650432,0.18912199086504322
9,1,unique_gsm_lac_count,1.1295861882610103,0.12958618826101032
9,1,keyboard_deletion_event_count,1.048524952399303,0.04852495239930299
9,1,keyboard_inter_event_interval_iqr_ms,1.056374514707595,0.056374514707594914
9,1,keyboard_long_pause_count_2s,1.0055677795408926,0.005567779540892603
9,1,keyboard_median_inter_event_interval_ms,1.2013878189035918,0.2013878189035918
9,1,keyboard_typing_burst_count,1.0354680066368456,0.03546800663684557
9,1,message_distinct_event_count,1.1077594846456438,0.10775948464564378
9,1,outgoing_message_count,1.0767100787788488,0.07671007877884883
9,1,activity_active_hour_count,1.1605210551997105,0.1605210551997105
9,1,activity_state_diversity,1.0172608265596226,0.017260826559622577
9,1,activity_still_fraction,1.0185938408879893,0.01859384088798932
9,1,activity_transition_count,1.0743070038428106,0.07430700384281064
9,1,activity_unknown_fraction,1.006972690332996,0.006972690332996079
9,1,median_unlocked_session_duration_seconds,1.109896454083857,0.10989645408385695
9,1,night_screen_event_count,1.1462369260535152,0.14623692605351524
9,1,screen_active_hour_count,1.1221636770231211,0.12216367702312114
9,1,screen_event_count,1.0643404703536483,0.06434047035364832
9,1,screen_off_event_count,1.0330632092325067,0.03306320923250672
9,1,screen_on_event_count,1.0743561909275914,0.07435619092759138
9,1,screen_transition_count,1.1573718426360775,0.1573718426360775
9,1,screen_unlock_event_count,1.170726569549788,0.17072656954978793
9,1,telephony_event_count,1.1759267177820796,0.17592671778207958
9,1,telephony_mobile_data_enabled_fraction,1.3150822916995961,0.3150822916995961
9,1,telephony_network_type_diversity,1.1339441517421898,0.13394415174218977
9,1,touch_active_hour_count,1.0045675298400896,0.004567529840089568
9,1,touch_app_diversity,1.1155933348269926,0.11559333482699263
9,1,touch_click_event_count,1.0362348422119199,0.03623484221191986
9,1,touch_distinct_event_count,1.0009124744891007,0.0009124744891007008
9,1,touch_scroll_direction_change_count,1.0019451515297055,0.0019451515297055355
9,1,touch_scroll_event_count,1.0300156081941019,0.030015608194101873
9,1,touch_scroll_index_change_median,1.1775070559095826,0.1775070559095826
9,1,touch_unique_app_count,1.0840227827668363,0.08402278276683628
9,2,app_foreground_event_count,1.2668460129945311,0.26684601299453115
9,2,app_use_diversity,1.2260720199971886,0.22607201999718862
9,2,unique_foreground_apps,1.2105425911529692,0.21054259115296925
9,2,gsm_cell_transition_count,1.1939490535212125,0.1939490535212125
9,2,unique_gsm_cell_count,1.226341280706416,0.22634128070641601
9,2,unique_gsm_lac_count,1.13498793401622,0.1349879340162199
9,2,keyboard_deletion_event_count,1.042200346272437,0.04220034627243696
9,2,keyboard_inter_event_interval_iqr_ms,1.0446217738821257,0.04462177388212574
9,2,keyboard_long_pause_count_2s,1.1408996382608434,0.1408996382608434
9,2,keyboard_median_inter_event_interval_ms,1.1561575423868544,0.15615754238685442
9,2,keyboard_typing_burst_count,1.0336728214353195,0.03367282143531947
9,2,message_distinct_event_count,1.062813465633318,0.06281346563331791
9,2,outgoing_message_count,1.0324425768588719,0.03244257685887186
9,2,activity_active_hour_count,1.1242197930505504,0.12421979305055042
9,2,activity_state_diversity,1.0631849667799538,0.06318496677995378
9,2,activity_still_fraction,1.0662536168779626,0.0662536168779626
9,2,activity_transition_count,1.092411556074992,0.09241155607499207
9,2,activity_unknown_fraction,1.1260192306915637,0.12601923069156373
9,2,median_unlocked_session_duration_seconds,1.0260567280996489,0.026056728099648874
9,2,night_screen_event_count,1.0723331306734856,0.07233313067348557
9,2,screen_active_hour_count,1.0448280361788609,0.044828036178860886
9,2,screen_event_count,1.252963000963569,0.25296300096356905
9,2,screen_off_event_count,1.208326385495383,0.20832638549538296
9,2,screen_on_event_count,1.2029150645980424,0.20291506459804243
9,2,screen_transition_count,1.0631938754396022,0.0631938754396022
9,2,screen_unlock_event_count,1.2694087405939865,0.26940874059398645
9,2,telephony_event_count,1.2291179569029824,0.22911795690298242
9,2,telephony_mobile_data_enabled_fraction,1.2879341204098274,0.28793412040982735
9,2,telephony_network_type_diversity,1.0941237046246264,0.09412370462462638
9,2,touch_active_hour_count,1.055307681092533,0.055307681092533034
9,2,touch_app_diversity,1.0825110493119032,0.08251104931190323
9,2,touch_click_event_count,1.095015604562504,0.09501560456250391
9,2,touch_distinct_event_count,1.0695601978936868,0.06956019789368684
9,2,touch_scroll_direction_change_count,1.1337406243526333,0.13374062435263334
9,2,touch_scroll_event_count,1.048021936462006,0.04802193646200603
9,2,touch_scroll_index_change_median,1.047058946765784,0.04705894676578404
9,2,touch_unique_app_count,1.131841434664531,0.1318414346645309
9,3,app_foreground_event_count,1.0729391371163182,0.07293913711631816
9,3,app_use_diversity,1.004193294781701,0.00419329478170094
9,3,unique_foreground_apps,1.0594668968778311,0.05946689687783113
9,3,gsm_cell_transition_count,1.084832511860966,0.08483251186096608
9,3,unique_gsm_cell_count,1.0915626866883423,0.09156268668834233
9,3,unique_gsm_lac_count,1.0548087457310718,0.05480874573107175
9,3,keyboard_deletion_event_count,1.0886905206586657,0.08869052065866567
9,3,keyboard_inter_event_interval_iqr_ms,1.068435705354776,0.06843570535477594
9,3,keyboard_long_pause_count_2s,1.0609580314563436,0.0609580314563436
9,3,keyboard_median_inter_event_interval_ms,1.119365638840647,0.11936563884064699
9,3,keyboard_typing_burst_count,1.1514376379017157,0.15143763790171572
9,3,message_distinct_event_count,1.0029679176711104,0.002967917671110376
9,3,outgoing_message_count,1.263891487666291,0.263891487666291
9,3,activity_active_hour_count,1.135853123074771,0.13585312307477104
9,3,activity_state_diversity,1.0583450117569815,0.05834501175698148
9,3,activity_still_fraction,1.0853470968700545,0.08534709687005448
9,3,activity_transition_count,1.0331886387908782,0.03318863879087819
9,3,activity_unknown_fraction,1.0155176539763735,0.015517653976373502
9,3,median_unlocked_session_duration_seconds,1.034744020119092,0.034744020119092056
9,3,night_screen_event_count,1.0057921791750086,0.005792179175008627
9,3,screen_active_hour_count,1.0691490541524866,0.06914905415248662
9,3,screen_event_count,1.1262823539031805,0.12628235390318054
9,3,screen_off_event_count,1.0831469417287618,0.0831469417287618
9,3,screen_on_event_count,1.0968850288523335,0.09688502885233352
9,3,screen_transition_count,1.061391851671569,0.06139185167156902
9,3,screen_unlock_event_count,1.1506944791792224,0.1506944791792224
9,3,telephony_event_count,1.0548766942683367,0.054876694268336745
9,3,telephony_mobile_data_enabled_fraction,1.3277584767555053,0.3277584767555053
9,3,telephony_network_type_diversity,1.1748363005910583,0.17483630059105826
9,3,touch_active_hour_count,1.103777940101795,0.10377794010179509
9,3,touch_app_diversity,1.0281335383539154,0.02813353835391541
9,3,touch_click_event_count,1.1061731561247152,0.10617315612471523
9,3,touch_distinct_event_count,1.1295280383470045,0.12952803834700455
9,3,touch_scroll_direction_change_count,1.1093044500914508,0.10930445009145084
9,3,touch_scroll_event_count,1.1326687445174408,0.13266874451744082
9,3,touch_scroll_index_change_median,1.073796266109506,0.07379626610950596
9,3,touch_unique_app_count,1.1137225579587955,0.11372255795879549
9,4,app_foreground_event_count,1.174603513773426,0.1746035137734261
9,4,app_use_diversity,1.218830711883272,0.21883071188327197
9,4,unique_foreground_apps,1.1408364136813054,0.1408364136813054
9,4,gsm_cell_transition_count,1.0423421529954044,0.04234215299540445
9,4,unique_gsm_cell_count,1.1199615365813462,0.11996153658134623
9,4,unique_gsm_lac_count,1.0480118441949684,0.0480118441949684
9,4,keyboard_deletion_event_count,1.0138913387647832,0.013891338764783212
9,4,keyboard_inter_event_interval_iqr_ms,1.2189019668555776,0.2189019668555776
9,4,keyboard_long_pause_count_2s,1.061243925379657,0.06124392537965706
9,4,keyboard_median_inter_event_interval_ms,1.2623863562792388,0.2623863562792388
9,4,keyboard_typing_burst_count,1.0146513917986684,0.014651391798668367
9,4,message_distinct_event_count,1.0626496611541516,0.0626496611541516
9,4,outgoing_message_count,1.0645493292676147,0.0645493292676147
9,4,activity_active_hour_count,1.201381129078347,0.20138112907834693
9,4,activity_state_diversity,1.0067089079468026,0.006708907946802567
9,4,activity_still_fraction,1.0147142232263204,0.014714223226320433
9,4,activity_transition_count,1.03586244897197,0.03586244897197011
9,4,activity_unknown_fraction,1.037044839532344,0.03704483953234394
9,4,median_unlocked_session_duration_seconds,1.040772010613901,0.0407720106139009
9,4,night_screen_event_count,1.0813535760013684,0.08135357600136839
9,4,screen_active_hour_count,1.142840951855151,0.142840951855151
9,4,screen_event_count,1.0486800953434652,0.04868009534346518
9,4,screen_off_event_count,1.0072278222539137,0.007227822253913718
9,4,screen_on_event_count,1.0186037466876736,0.018603746687673617
9,4,screen_transition_count,1.1049637804600856,0.10496378046008559
9,4,screen_unlock_event_count,1.131632686413194,0.13163268641319403
9,4,telephony_event_count,1.0160435607002447,0.016043560700244708
9,4,telephony_mobile_data_enabled_fraction,1.3542700235565976,0.35427002355659765
9,4,telephony_network_type_diversity,1.0780660529882775,0.07806605298827751
9,4,touch_active_hour_count,1.07741459146667,0.07741459146666996
9,4,touch_app_diversity,1.0205896328279378,0.020589632827937798
9,4,touch_click_event_count,1.0156801520660144,0.015680152066014363
9,4,touch_distinct_event_count,1.0118339178670412,0.011833917867041244
9,4,touch_scroll_direction_change_count,1.0102569336661562,0.01025693366615621
9,4,touch_scroll_event_count,1.041611041983726,0.041611041983725894
9,4,touch_scroll_index_change_median,1.0649271399763771,0.06492713997637711
9,4,touch_unique_app_count,1.0400526484437425,0.040052648443742456
9,5,app_foreground_event_count,1.2101250394955074,0.21012503949550743
9,5,app_use_diversity,1.1243519373792354,0.12435193737923544
9,5,unique_foreground_apps,1.0997195503383106,0.09971955033831059
9,5,gsm_cell_transition_count,1.0329397895818369,0.032939789581836854
9,5,unique_gsm_cell_count,1.1211152985526756,0.12111529855267555
9,5,unique_gsm_lac_count,1.0026583625684895,0.002658362568489503
9,5,keyboard_deletion_event_count,1.0079972877173762,0.007997287717376178
9,5,keyboard_inter_event_interval_iqr_ms,1.1317461306514471,0.13174613065144714
9,5,keyboard_long_pause_count_2s,1.0695533675758722,0.06955336757587216
9,5,keyboard_median_inter_event_interval_ms,1.2213107179865506,0.22131071798655055
9,5,keyboard_typing_burst_count,1.0376420407866442,0.03764204078664424
9,5,message_distinct_event_count,1.1887228188801577,0.18872281888015774
9,5,outgoing_message_count,1.0232792224788239,0.023279222478823858
9,5,activity_active_hour_count,1.2580474257976177,0.25804742579761775
9,5,activity_state_diversity,1.0968657078613273,0.09686570786132731
9,5,activity_still_fraction,1.0462111633833855,0.04621116338338549
9,5,activity_transition_count,1.0635243452492704,0.06352434524927042
9,5,activity_unknown_fraction,1.0362990055570676,0.036299005557067554
9,5,median_unlocked_session_duration_seconds,1.1273225825548034,0.12732258255480344
9,5,night_screen_event_count,1.0902950662323367,0.09029506623233674
9,5,screen_active_hour_count,1.1070548613330953,0.10705486133309527
9,5,screen_event_count,1.0543554010466225,0.05435540104662251
9,5,screen_off_event_count,1.0382171799228332,0.038217179922833244
9,5,screen_on_event_count,1.0740956829640678,0.07409568296406777
9,5,screen_transition_count,1.0945188164444406,0.0945188164444406
9,5,screen_unlock_event_count,1.1927745992894896,0.1927745992894896
9,5,telephony_event_count,1.0136377619748305,0.013637761974830465
9,5,telephony_mobile_data_enabled_fraction,1.3119167952510828,0.31191679525108285
9,5,telephony_network_type_diversity,1.0894253658532407,0.08942536585324068
9,5,touch_active_hour_count,1.061341139239724,0.06134113923972406
9,5,touch_app_diversity,1.0899097065765204,0.08990970657652042
9,5,touch_click_event_count,1.0310171843949099,0.031017184394909858
9,5,touch_distinct_event_count,1.0085601451771224,0.008560145177122447
9,5,touch_scroll_direction_change_count,1.0628332624368018,0.06283326243680176
9,5,touch_scroll_event_count,1.018508240132999,0.01850824013299901
9,5,touch_scroll_index_change_median,1.163095027019327,0.163095027019327
9,5,touch_unique_app_count,1.0049596010333428,0.004959601033342809
10,1,app_foreground_event_count,1.1522596891352883,0.1522596891352883
10,1,app_use_diversity,1.0935897688600733,0.09358976886007331
10,1,unique_foreground_apps,1.020398047346026,0.020398047346025905
10,1,gsm_cell_transition_count,1.0277235978469412,0.027723597846941228
10,1,unique_gsm_cell_count,1.054395141660327,0.054395141660326995
10,1,unique_gsm_lac_count,1.0128941360276467,0.012894136027646663
10,1,keyboard_deletion_event_count,1.0648091380006417,0.0648091380006417
10,1,keyboard_inter_event_interval_iqr_ms,1.0755723943706224,0.07557239437062235
10,1,keyboard_long_pause_count_2s,1.0259492090474616,0.025949209047461563
10,1,keyboard_median_inter_event_interval_ms,1.1589853422984409,0.15898534229844086
10,1,keyboard_typing_burst_count,1.07530180037052,0.07530180037051992
10,1,message_distinct_event_count,1.0973219911412144,0.09732199114121443
10,1,outgoing_message_count,1.1651115650959467,0.1651115650959467
10,1,activity_active_hour_count,1.1218861706379075,0.12188617063790752
10,1,activity_state_diversity,1.1495761567166163,0.14957615671661628
10,1,activity_still_fraction,1.0734550184606966,0.07345501846069658
10,1,activity_transition_count,1.0298400330926887,0.029840033092688678
10,1,activity_unknown_fraction,1.0696951059289719,0.06969510592897188
10,1,median_unlocked_session_duration_seconds,1.0381728969194075,0.038172896919407506
10,1,night_screen_event_count,1.1069691870041374,0.10696918700413738
10,1,screen_active_hour_count,1.11972287125091,0.11972287125090997
10,1,screen_event_count,1.1391549591813153,0.13915495918131526
10,1,screen_off_event_count,1.0913496610252547,0.09134966102525466
10,1,screen_on_event_count,1.1219448962531737,0.12194489625317373
10,1,screen_transition_count,1.0935038420774785,0.09350384207747853
10,1,screen_unlock_event_count,1.1660129681447713,0.1660129681447713
10,1,telephony_event_count,1.17365965498309,0.17365965498309
10,1,telephony_mobile_data_enabled_fraction,1.3758313737048518,0.37583137370485176
10,1,telephony_network_type_diversity,1.047554739124025,0.04755473912402497
10,1,touch_active_hour_count,1.069212842823331,0.06921284282333096
10,1,touch_app_diversity,1.0118946817530834,0.011894681753083391
10,1,touch_click_event_count,1.0164516129567236,0.016451612956723594
10,1,touch_distinct_event_count,1.0460685485369035,0.04606854853690345
10,1,touch_scroll_direction_change_count,1.0203471926144165,0.02034719261441653
10,1,touch_scroll_event_count,1.078405677703254,0.07840567770325402
10,1,touch_scroll_index_change_median,1.1265172108793937,0.12651721087939372
10,1,touch_unique_app_count,1.0465952368481946,0.046595236848194554
10,2,app_foreground_event_count,1.1735600203267713,0.1735600203267713
10,2,app_use_diversity,1.1623908821858215,0.16239088218582154
10,2,unique_foreground_apps,1.0759779042162252,0.07597790421622519
10,2,gsm_cell_transition_count,1.0462955507606255,0.046295550760625526
10,2,unique_gsm_cell_count,1.1174342775644108,0.11743427756441083
10,2,unique_gsm_lac_count,1.0522297780871779,0.05222977808717788
10,2,keyboard_deletion_event_count,1.0038008790865107,0.0038008790865107223
10,2,keyboard_inter_event_interval_iqr_ms,1.130134451955904,0.130134451955904
10,2,keyboard_long_pause_count_2s,1.036771446067626,0.03677144606762606
10,2,keyboard_median_inter_event_interval_ms,1.2400234379818664,0.24002343798186643
10,2,keyboard_typing_burst_count,1.0494469229562544,0.04944692295625441
10,2,message_distinct_event_count,1.1656727110211222,0.16567271102112224
10,2,outgoing_message_count,1.0461157143888868,0.04611571438888684
10,2,activity_active_hour_count,1.134605329058771,0.13460532905877098
10,2,activity_state_diversity,1.0558349870139103,0.05583498701391032
10,2,activity_still_fraction,1.0239029117960377,0.02390291179603765
10,2,activity_transition_count,1.0285178121502068,0.028517812150206767
10,2,activity_unknown_fraction,1.016950456112763,0.016950456112762913
10,2,median_unlocked_session_duration_seconds,1.0724391076324242,0.07243910763242423
10,2,night_screen_event_count,1.1608341683419676,0.16083416834196762
10,2,screen_active_hour_count,1.1397139159045822,0.13971391590458215
10,2,screen_event_count,1.0500935238400837,0.0500935238400837
10,2,screen_off_event_count,1.0149063966121603,0.01490639661216031
10,2,screen_on_event_count,1.0475807750439874,0.04758077504398739
10,2,screen_transition_count,1.1290826992003344,0.12908269920033444
10,2,screen_unlock_event_count,1.1466608218409766,0.14666082184097662
10,2,telephony_event_count,1.0486840689017223,0.04868406890172228
10,2,telephony_mobile_data_enabled_fraction,1.323724653361494,0.3237246533614939
10,2,telephony_network_type_diversity,1.112070254414226,0.11207025441422602
10,2,touch_active_hour_count,1.0773442836651017,0.07734428366510171
10,2,touch_app_diversity,1.0277487246828183,0.027748724682818304
10,2,touch_click_event_count,1.0425418374704611,0.04254183747046114
10,2,touch_distinct_event_count,1.0877945697521358,0.08779456975213584
10,2,touch_scroll_direction_change_count,1.037438163565448,0.037438163565447935
10,2,touch_scroll_event_count,1.1078213721555736,0.10782137215557364
10,2,touch_scroll_index_change_median,1.0892649315348788,0.0892649315348788
10,2,touch_unique_app_count,1.0159276709847096,0.015927670984709597
10,3,app_foreground_event_count,1.2138177137246187,0.21381771372461866
10,3,app_use_diversity,1.2764752145973428,0.2764752145973428
10,3,unique_foreground_apps,1.2745193671188837,0.2745193671188837
10,3,gsm_cell_transition_count,1.190399024574849,0.19039902457484903
10,3,unique_gsm_cell_count,1.248266070703223,0.24826607070322293
10,3,unique_gsm_lac_count,1.14995385285062,0.1499538528506199
10,3,keyboard_deletion_event_count,1.0957644008407212,0.09576440084072124
10,3,keyboard_inter_event_interval_iqr_ms,1.0586394341672658,0.0586394341672658
10,3,keyboard_long_pause_count_2s,1.203384957918249,0.20338495791824895
10,3,keyboard_median_inter_event_interval_ms,1.1829143750903721,0.18291437509037212
10,3,keyboard_typing_burst_count,1.0814832790303535,0.08148327903035346
10,3,message_distinct_event_count,1.0597868930634287,0.05978689306342866
10,3,outgoing_message_count,1.076141284610013,0.0761412846100129
10,3,activity_active_hour_count,1.1959554214021701,0.19595542140217015
10,3,activity_state_diversity,1.0886610274107462,0.08866102741074622
10,3,activity_still_fraction,1.1103990433834656,0.11039904338346562
10,3,activity_transition_count,1.1369074070943348,0.1369074070943348
10,3,activity_unknown_fraction,1.147107579790228,0.14710757979022793
10,3,median_unlocked_session_duration_seconds,1.0770271492264598,0.07702714922645981
10,3,night_screen_event_count,1.1463875002504835,0.14638750025048353
10,3,screen_active_hour_count,1.0300381240468581,0.030038124046858128
10,3,screen_event_count,1.2123908153535912,0.21239081535359117
10,3,screen_off_event_count,1.1709506985186866,0.1709506985186866
10,3,screen_on_event_count,1.1766736356618992,0.1766736356618992
10,3,screen_transition_count,1.0837209303315058,0.08372093033150585
10,3,screen_unlock_event_count,1.2936810204103495,0.2936810204103495
10,3,telephony_event_count,1.1107427284947309,0.11074272849473088
10,3,telephony_mobile_data_enabled_fraction,1.2658837675151655,0.2658837675151655
10,3,telephony_network_type_diversity,1.0539675384417644,0.053967538441764384
10,3,touch_active_hour_count,1.0577280748624982,0.0577280748624982
10,3,touch_app_diversity,1.0740355248543956,0.07403552485439557
10,3,touch_click_event_count,1.1374652097390434,0.13746520973904341
10,3,touch_distinct_event_count,1.1235433880516505,0.12354338805165055
10,3,touch_scroll_direction_change_count,1.1476464937560038,0.1476464937560038
10,3,touch_scroll_event_count,1.1049011182284745,0.10490111822847448
10,3,touch_scroll_index_change_median,1.042370300228566,0.04237030022856603
10,3,touch_unique_app_count,1.203413928540939,0.2034139285409391
10,4,app_foreground_event_count,1.3055470383132963,0.3055470383132963
10,4,app_use_diversity,1.159574276828399,0.15957427682839898
10,4,unique_foreground_apps,1.0854264432169647,0.08542644321696469
10,4,gsm_cell_transition_count,1.064721451430609,0.06472145143060892
10,4,unique_gsm_cell_count,1.0945775504154742,0.09457755041547422
10,4,unique_gsm_lac_count,1.058407177967952,0.05840717796795203
10,4,keyboard_deletion_event_count,1.081980698460952,0.0819806984609519
10,4,keyboard_inter_event_interval_iqr_ms,1.1403794492204105,0.14037944922041046
10,4,keyboard_long_pause_count_2s,1.0406548917821503,0.040654891782150315
10,4,keyboard_median_inter_event_interval_ms,1.2116934943638236,0.21169349436382356
10,4,keyboard_typing_burst_count,1.1176783186785348,0.11767831867853484
10,4,message_distinct_event_count,1.0820532448791411,0.08205324487914112
10,4,outgoing_message_count,1.0737328534438584,0.07373285344385838
10,4,activity_active_hour_count,1.2860198656688677,0.2860198656688677
10,4,activity_state_diversity,1.0051990401993396,0.0051990401993395885
10,4,activity_still_fraction,1.0357780103658698,0.035778010365869806
10,4,activity_transition_count,1.1246539105782498,0.12465391057824982
10,4,activity_unknown_fraction,1.0336553253140683,0.03365532531406834
10,4,median_unlocked_session_duration_seconds,1.054743461186416,0.05474346118641593
10,4,night_screen_event_count,1.0630383835496071,0.06303838354960711
10,4,screen_active_hour_count,1.1194526376545404,0.1194526376545404
10,4,screen_event_count,1.122100535805793,0.12210053580579294
10,4,screen_off_event_count,1.0681926561835573,0.0681926561835573
10,4,screen_on_event_count,1.1084722825021986,0.10847228250219865
10,4,screen_transition_count,1.139481942389384,0.13948194238938405
10,4,screen_unlock_event_count,1.2401009137618066,0.24010091376180664
10,4,telephony_event_count,1.0912307150719325,0.09123071507193248
10,4,telephony_mobile_data_enabled_fraction,1.2886043700820038,0.2886043700820038
10,4,telephony_network_type_diversity,1.199081136921075,0.19908113692107499
10,4,touch_active_hour_count,1.0915269312923823,0.09152693129238232
10,4,touch_app_diversity,1.0149051749461777,0.014905174946177713
10,4,touch_click_event_count,1.0305346422810446,0.030534642281044633
10,4,touch_distinct_event_count,1.0603842636704737,0.06038426367047367
10,4,touch_scroll_direction_change_count,1.0166969149178136,0.016696914917813555
10,4,touch_scroll_event_count,1.0751386692801594,0.07513866928015944
10,4,touch_scroll_index_change_median,1.1203632373313521,0.12036323733135212
10,4,touch_unique_app_count,1.0092433605990667,0.009243360599066719
10,5,app_foreground_event_count,1.1535637296086154,0.15356372960861542
10,5,app_use_diversity,1.2209746634568233,0.22097466345682326
10,5,unique_foreground_apps,1.1534780130897453,0.1534780130897453
10,5,gsm_cell_transition_count,1.1649642551349921,0.16496425513499213
10,5,unique_gsm_cell_count,1.2378901614381879,0.23789016143818786
10,5,unique_gsm_lac_count,1.1396778065338387,0.13967780653383866
10,5,keyboard_deletion_event_count,1.0039502003569476,0.003950200356947597
10,5,keyboard_inter_event_interval_iqr_ms,1.1019135220834253,0.1019135220834253
10,5,keyboard_long_pause_count_2s,1.056956457858188,0.056956457858188037
10,5,keyboard_median_inter_event_interval_ms,1.1794474208009527,0.17944742080095266
10,5,keyboard_typing_burst_count,1.0108427170058119,0.010842717005811853
10,5,message_distinct_event_count,1.0572930594216652,0.05729305942166518
10,5,outgoing_message_count,1.0756489796425035,0.0756489796425035
10,5,activity_active_hour_count,1.1860866595045403,0.18608665950454029
10,5,activity_state_diversity,1.0384523363951987,0.03845233639519874
10,5,activity_still_fraction,1.0365382645390822,0.036538264539082155
10,5,activity_transition_count,1.0105104848878939,0.010510484887893856
10,5,activity_unknown_fraction,1.0319239841716583,0.031923984171658315
10,5,median_unlocked_session_duration_seconds,1.1043852758674995,0.10438527586749946
10,5,night_screen_event_count,1.0650688666385462,0.06506886663854616
10,5,screen_active_hour_count,1.079746963306437,0.07974696330643694
10,5,screen_event_count,1.0236293213540602,0.02362932135406015
10,5,screen_off_event_count,1.000777970472092,0.0007779704720920488
10,5,screen_on_event_count,1.009011053202057,0.009011053202057084
10,5,screen_transition_count,1.0767086437895526,0.07670864378955256
10,5,screen_unlock_event_count,1.0907028008775337,0.09070280087753368
10,5,telephony_event_count,1.0367958710184386,0.03679587101843862
10,5,telephony_mobile_data_enabled_fraction,1.3923218604836318,0.3923218604836318
10,5,telephony_network_type_diversity,1.151057756185981,0.15105775618598094
10,5,touch_active_hour_count,1.0112292101970748,0.01122921019707479
10,5,touch_app_diversity,1.0385151036689855,0.03851510366898547
10,5,touch_click_event_count,1.051243876728005,0.05124387672800501
10,5,touch_distinct_event_count,1.0085726635388461,0.008572663538846115
10,5,touch_scroll_direction_change_count,1.0014657184734814,0.0014657184734814255
10,5,touch_scroll_event_count,1.029223897834106,0.02922389783410595
10,5,touch_scroll_index_change_median,1.1458848983626877,0.1458848983626877
10,5,touch_unique_app_count,1.0596204430920562,0.05962044309205616
11,1,app_foreground_event_count,1.151911453008131,0.15191145300813091
11,1,app_use_diversity,1.1780997299508598,0.17809972995085976
11,1,unique_foreground_apps,1.1179876703981342,0.11798767039813418
11,1,gsm_cell_transition_count,1.013767834732701,0.013767834732701045
11,1,unique_gsm_cell_count,1.032727066500334,0.03272706650033408
11,1,unique_gsm_lac_count,1.0348325928391928,0.03483259283919282
11,1,keyboard_deletion_event_count,1.0224262829359945,0.022426282935994468
11,1,keyboard_inter_event_interval_iqr_ms,1.1795545582726665,0.17955455827266653
11,1,keyboard_long_pause_count_2s,1.0452954097968936,0.045295409796893615
11,1,keyboard_median_inter_event_interval_ms,1.2433473658146272,0.24334736581462724
11,1,keyboard_typing_burst_count,1.0054471671428038,0.005447167142803799
11,1,message_distinct_event_count,1.063058150736601,0.06305815073660104
11,1,outgoing_message_count,1.0418982648454354,0.04189826484543535
11,1,activity_active_hour_count,1.19755955881067,0.19755955881067
11,1,activity_state_diversity,1.0457139342714439,0.04571393427144388
11,1,activity_still_fraction,1.0241182533437496,0.02411825334374962
11,1,activity_transition_count,1.0314557313091546,0.03145573130915458
11,1,activity_unknown_fraction,1.0792764526362792,0.07927645263627925
11,1,median_unlocked_session_duration_seconds,1.0281329509731294,0.0281329509731294
11,1,night_screen_event_count,1.0055045088026062,0.005504508802606223
11,1,screen_active_hour_count,1.0485089207319878,0.04850892073198776
11,1,screen_event_count,1.0884966103779308,0.08849661037793077
11,1,screen_off_event_count,1.0445737000745745,0.04457370007457451
11,1,screen_on_event_count,1.0637138142480913,0.0637138142480913
11,1,screen_transition_count,1.0178430513618806,0.01784305136188058
11,1,screen_unlock_event_count,1.1649593013215638,0.16495930132156378
11,1,telephony_event_count,1.0277952962102408,0.027795296210240794
11,1,telephony_mobile_data_enabled_fraction,1.2510690283446935,0.25106902834469347
11,1,telephony_network_type_diversity,1.0629062031133398,0.06290620311333983
11,1,touch_active_hour_count,1.0836315280911246,0.08363152809112462
11,1,touch_app_diversity,1.0659499244086383,0.06594992440863834
11,1,touch_click_event_count,1.0136378396019057,0.013637839601905677
11,1,touch_distinct_event_count,1.011924089916481,0.011924089916480973
11,1,touch_scroll_direction_change_count,1.019921764988795,0.019921764988795054
11,1,touch_scroll_event_count,1.028051882457255,0.028051882457255095
11,1,touch_scroll_index_change_median,1.095710375822079,0.09571037582207897
11,1,touch_unique_app_count,1.0010480489765803,0.0010480489765802847
11,2,app_foreground_event_count,1.30486477429389,0.3048647742938899
11,2,app_use_diversity,1.2764744823312186,0.27647448233121863
11,2,unique_foreground_apps,1.2382916775466977,0.23829167754669767
11,2,gsm_cell_transition_count,1.1644868143732827,0.16448681437328272
11,2,unique_gsm_cell_count,1.242233328878374,0.242233328878374
11,2,unique_gsm_lac_count,1.1679462684919268,0.16794626849192684
11,2,keyboard_deletion_event_count,1.0100190538980895,0.010019053898089547
11,2,keyboard_inter_event_interval_iqr_ms,1.117920706676562,0.11792070667656196
11,2,keyboard_long_pause_count_2s,1.0862129813821404,0.0862129813821404
11,2,keyboard_median_inter_event_interval_ms,1.1763296101211058,0.17632961012110582
11,2,keyboard_typing_burst_count,1.001165833545915,0.0011658335459150404
11,2,message_distinct_event_count,1.0683739555621805,0.06837395556218051
11,2,outgoing_message_count,1.10176882564274,0.10176882564274004
11,2,activity_active_hour_count,1.1944953248705603,0.19449532487056032
11,2,activity_state_diversity,1.0085567044127968,0.008556704412796767
11,2,activity_still_fraction,1.0378893464339374,0.037889346433937376
11,2,activity_transition_count,1.0728790213882764,0.0728790213882764
11,2,activity_unknown_fraction,1.0293974655394194,0.029397465539419354
11,2,median_unlocked_session_duration_seconds,1.0916020102570068,0.09160201025700676
11,2,night_screen_event_count,1.0751844842222131,0.07518448422221313
11,2,screen_active_hour_count,1.038792132175682,0.03879213217568189
11,2,screen_event_count,1.091141866699942,0.09114186669994195
11,2,screen_off_event_count,1.0588292494429419,0.05882924944294188
11,2,screen_on_event_count,1.076297281014105,0.07629728101410493
11,2,screen_transition_count,1.0339356617271627,0.03393566172716267
11,2,screen_unlock_event_count,1.2318525844271593,0.23185258442715928
11,2,telephony_event_count,1.144169840842808,0.14416984084280804
11,2,telephony_mobile_data_enabled_fraction,1.395767388543216,0.395767388543216
11,2,telephony_network_type_diversity,1.10886188173735,0.1088618817373499
11,2,touch_active_hour_count,1.0798568598156648,0.07985685981566482
11,2,touch_app_diversity,1.1009163939029964,0.10091639390299645
11,2,touch_click_event_count,1.136084900637137,0.13608490063713696
11,2,touch_distinct_event_count,1.09833691657005,0.09833691657005006
11,2,touch_scroll_direction_change_count,1.0903458213256485,0.0903458213256485
11,2,touch_scroll_event_count,1.0708677456735842,0.07086774567358423
11,2,touch_scroll_index_change_median,1.0308344853669373,0.030834485366937336
11,2,touch_unique_app_count,1.1575359163513688,0.15753591635136877
11,3,app_foreground_event_count,1.1689952934243197,0.16899529342431974
11,3,app_use_diversity,1.0881001856764274,0.08810018567642741
11,3,unique_foreground_apps,1.092727693356617,0.09272769335661701
11,3,gsm_cell_transition_count,1.2284057978263556,0.22840579782635562
11,3,unique_gsm_cell_count,1.2889683689376485,0.28896836893764855
11,3,unique_gsm_lac_count,1.1948664720786732,0.19486647207867325
11,3,keyboard_deletion_event_count,1.0663929037886963,0.06639290378869633
11,3,keyboard_inter_event_interval_iqr_ms,1.0655666931465317,0.06556669314653174
11,3,keyboard_long_pause_count_2s,1.1384736620054725,0.1384736620054725
11,3,keyboard_median_inter_event_interval_ms,1.20327535313824,0.20327535313824008
11,3,keyboard_typing_burst_count,1.0166724035789354,0.016672403578935402
11,3,message_distinct_event_count,1.0054829062427415,0.005482906242741503
11,3,outgoing_message_count,1.1644441780098678,0.16444417800986777
11,3,activity_active_hour_count,1.1480682912089917,0.14806829120899168
11,3,activity_state_diversity,1.1012576178612845,0.10125761786128451
11,3,activity_still_fraction,1.0483923250534244,0.04839232505342439
11,3,activity_transition_count,1.0502074424030505,0.05020744240305053
11,3,activity_unknown_fraction,1.040483599458625,0.04048359945862501
11,3,median_unlocked_session_duration_seconds,1.0920494949812267,0.09204949498122672
11,3,night_screen_event_count,1.0112905275156074,0.01129052751560744
11,3,screen_active_hour_count,1.0233819196282006,0.023381919628200576
11,3,screen_event_count,1.150876061661293,0.15087606166129297
11,3,screen_off_event_count,1.111352133373541,0.111352133373541
11,3,screen_on_event_count,1.1224502368117373,0.12245023681173728
11,3,screen_transition_count,1.005399667753648,0.005399667753648085
11,3,screen_unlock_event_count,1.1707384618617533,0.17073846186175334
11,3,telephony_event_count,1.1333322537468413,0.13333225374684132
11,3,telephony_mobile_data_enabled_fraction,1.3406534964591055,0.3406534964591055
11,3,telephony_network_type_diversity,1.2202104655858226,0.22021046558582258
11,3,touch_active_hour_count,1.0298899723374981,0.029889972337498127
11,3,touch_app_diversity,1.0627394061281281,0.06273940612812812
11,3,touch_click_event_count,1.0878006496265546,0.08780064962655465
11,3,touch_distinct_event_count,1.0475393643672597,0.047539364367259695
11,3,touch_scroll_direction_change_count,1.098569554827569,0.0985695548275689
11,3,touch_scroll_event_count,1.0243351680922574,0.024335168092257442
11,3,touch_scroll_index_change_median,1.1354370337375637,0.13543703373756366
11,3,touch_unique_app_count,1.0670893553807939,0.06708935538079386
11,4,app_foreground_event_count,1.1389863322131477,0.1389863322131477
11,4,app_use_diversity,1.2345873167438624,0.23458731674386235
11,4,unique_foreground_apps,1.1193560320302247,0.11935603203022471
11,4,gsm_cell_transition_count,1.062572759083309,0.06257275908330895
11,4,unique_gsm_cell_count,1.124067147152298,0.12406714715229805
11,4,unique_gsm_lac_count,1.0338279038794236,0.03382790387942358
11,4,keyboard_deletion_event_count,1.0613336723381166,0.061333672338116596
11,4,keyboard_inter_event_interval_iqr_ms,1.1426060155736417,0.14260601557364172
11,4,keyboard_long_pause_count_2s,1.0164101914436368,0.016410191443636757
11,4,keyboard_median_inter_event_interval_ms,1.248951395923513,0.248951395923513
11,4,keyboard_typing_burst_count,1.0843230780355355,0.08432307803553551
11,4,message_distinct_event_count,1.1160461883270458,0.11604618832704583
11,4,outgoing_message_count,1.0032256629833416,0.003225662983341593
11,4,activity_active_hour_count,1.1865780094215002,0.18657800942150016
11,4,activity_state_diversity,1.0555754936661037,0.055575493666103704
11,4,activity_still_fraction,1.0949500131638599,0.09495001316385987
11,4,activity_transition_count,1.022063096062762,0.02206309606276191
11,4,activity_unknown_fraction,1.0872596773244545,0.0872596773244545
11,4,median_unlocked_session_duration_seconds,1.1049645393902858,0.10496453939028583
11,4,night_screen_event_count,1.088308016908644,0.0883080169086441
11,4,screen_active_hour_count,1.1297035493114647,0.12970354931146466
11,4,screen_event_count,1.0006482351827877,0.0006482351827876709
11,4,screen_off_event_count,1.0381498769114836,0.03814987691148364
11,4,screen_on_event_count,1.0123490803419761,0.012349080341976126
11,4,screen_transition_count,1.141674094946923,0.14167409494692307
11,4,screen_unlock_event_count,1.0982788240767818,0.09827882407678179
11,4,telephony_event_count,1.0548244865757865,0.054824486575786535
11,4,telephony_mobile_data_enabled_fraction,1.283639008245426,0.2836390082454261
11,4,telephony_network_type_diversity,1.0348217157981445,0.034821715798144526
11,4,touch_active_hour_count,1.042183030453537,0.04218303045353711
11,4,touch_app_diversity,1.037470302310171,0.03747030231017101
11,4,touch_click_event_count,1.040728589467577,0.04072858946757707
11,4,touch_distinct_event_count,1.0187359989570253,0.01873599895702527
11,4,touch_scroll_direction_change_count,1.0241817352883584,0.02418173528835843
11,4,touch_scroll_event_count,1.0051590713882856,0.005159071388285641
11,4,touch_scroll_index_change_median,1.1167310247702704,0.11673102477027042
11,4,touch_unique_app_count,1.0050081630287167,0.00500816302871665
11,5,app_foreground_event_count,1.2061133887294433,0.2061133887294433
11,5,app_use_diversity,1.101306352828287,0.10130635282828693
11,5,unique_foreground_apps,1.0066468660340355,0.006646866034035526
11,5,gsm_cell_transition_count,1.0120907220434663,0.012090722043466284
11,5,unique_gsm_cell_count,1.0500644730583535,0.05006447305835349
11,5,unique_gsm_lac_count,1.0070202238904467,0.007020223890446653
11,5,keyboard_deletion_event_count,1.1055857261309698,0.10558572613096984
11,5,keyboard_inter_event_interval_iqr_ms,1.0388129578996763,0.038812957899676315
11,5,keyboard_long_pause_count_2s,1.075441222638727,0.0754412226387271
11,5,keyboard_median_inter_event_interval_ms,1.1304840296705072,0.1304840296705072
11,5,keyboard_typing_burst_count,1.1439733834423262,0.14397338344232624
11,5,message_distinct_event_count,1.180845794923125,0.18084579492312503
11,5,outgoing_message_count,1.0305268953309337,0.030526895330933668
11,5,activity_active_hour_count,1.2078439527687164,0.20784395276871637
11,5,activity_state_diversity,1.0007519439487418,0.0007519439487417845
11,5,activity_still_fraction,1.0587883450834554,0.05878834508345543
11,5,activity_transition_count,1.059182418021181,0.05918241802118107
11,5,activity_unknown_fraction,1.0987439121779667,0.09874391217796674
11,5,median_unlocked_session_duration_seconds,1.0749346084043827,0.07493460840438271
11,5,night_screen_event_count,1.1252107492240686,0.1252107492240686
11,5,screen_active_hour_count,1.2185761961426682,0.2185761961426682
11,5,screen_event_count,1.186859848582044,0.18685984858204407
11,5,screen_off_event_count,1.1458394114027606,0.14583941140276058
11,5,screen_on_event_count,1.178565062815449,0.17856506281544893
11,5,screen_transition_count,1.2108717855905171,0.2108717855905171
11,5,screen_unlock_event_count,1.2232487277908008,0.22324872779080085
11,5,telephony_event_count,1.0946627246471747,0.09466272464717473
11,5,telephony_mobile_data_enabled_fraction,1.3263794828630078,0.3263794828630078
11,5,telephony_network_type_diversity,1.1234457728086369,0.12344577280863689
11,5,touch_active_hour_count,1.1883659136588214,0.18836591365882138
11,5,touch_app_diversity,1.2238336500632807,0.2238336500632807
11,5,touch_click_event_count,1.2071987708291427,0.20719877082914273
11,5,touch_distinct_event_count,1.2509484707307186,0.2509484707307186
11,5,touch_scroll_direction_change_count,1.1897717110777235,0.1897717110777235
11,5,touch_scroll_event_count,1.2731485928345019,0.2731485928345019
11,5,touch_scroll_index_change_median,1.1325009577553424,0.13250095775534243
11,5,touch_unique_app_count,1.0917666960955987,0.09176669609559873
12,1,app_foreground_event_count,1.249618787847711,0.24961878784771097
12,1,app_use_diversity,1.2349039356624305,0.2349039356624305
12,1,unique_foreground_apps,1.1704865164347145,0.17048651643471446
12,1,gsm_cell_transition_count,1.1308886728849175,0.13088867288491746
12,1,unique_gsm_cell_count,1.15238299235688,0.15238299235688002
12,1,unique_gsm_lac_count,1.058572721483403,0.05857272148340309
12,1,keyboard_deletion_event_count,1.0632869735788175,0.06328697357881752
12,1,keyboard_inter_event_interval_iqr_ms,1.1056792735489078,0.10567927354890783
12,1,keyboard_long_pause_count_2s,1.143409224136881,0.14340922413688095
12,1,keyboard_median_inter_event_interval_ms,1.1942412865783223,0.1942412865783223
12,1,keyboard_typing_burst_count,1.0590179726373983,0.059017972637398275
12,1,message_distinct_event_count,1.001664273224978,0.0016642732249780856
12,1,outgoing_message_count,1.1415988813537055,0.14159888135370546
12,1,activity_active_hour_count,1.2025268930320172,0.2025268930320172
12,1,activity_state_diversity,1.001538093455808,0.0015380934558080206
12,1,activity_still_fraction,1.0533205731346755,0.05332057313467553
12,1,activity_transition_count,1.0268145541286267,0.026814554128626655
12,1,activity_unknown_fraction,1.0522268177883232,0.052226817788323165
12,1,median_unlocked_session_duration_seconds,1.0658801461448204,0.0658801461448204
12,1,night_screen_event_count,1.04962305550519,0.04962305550518997
12,1,screen_active_hour_count,1.0821204759918435,0.08212047599184347
12,1,screen_event_count,1.0680355905653942,0.06803559056539421
12,1,screen_off_event_count,1.0341021443909317,0.03410214439093173
12,1,screen_on_event_count,1.0387993909455482,0.038799390945548184
12,1,screen_transition_count,1.0438728710623957,0.04387287106239568
12,1,screen_unlock_event_count,1.1602372926153142,0.16023729261531416
12,1,telephony_event_count,1.0540563637405012,0.05405636374050116
12,1,telephony_mobile_data_enabled_fraction,1.277566684100972,0.27756668410097207
12,1,telephony_network_type_diversity,1.143665663332599,0.143665663332599
12,1,touch_active_hour_count,1.0065217010329068,0.006521701032906835
12,1,touch_app_diversity,1.0394902557375505,0.039490255737550495
12,1,touch_click_event_count,1.0820116554290102,0.08201165542901023
12,1,touch_distinct_event_count,1.0591726083359314,0.05917260833593141
12,1,touch_scroll_direction_change_count,1.0893500520890302,0.08935005208903024
12,1,touch_scroll_event_count,1.0284982389313178,0.028498238931317754
12,1,touch_scroll_index_change_median,1.1393733194403028,0.13937331944030285
12,1,touch_unique_app_count,1.0538276210163504,0.05382762101635041
12,2,app_foreground_event_count,1.21537757848589,0.21537757848589
12,2,app_use_diversity,1.2288339121505838,0.2288339121505838
12,2,unique_foreground_apps,1.123294786578678,0.12329478657867798
12,2,gsm_cell_transition_count,1.047148288723477,0.047148288723477094
12,2,unique_gsm_cell_count,1.1172402848965666,0.11724028489656657
12,2,unique_gsm_lac_count,1.036999457275751,0.036999457275751046
12,2,keyboard_deletion_event_count,1.051383109080753,0.05138310908075305
12,2,keyboard_inter_event_interval_iqr_ms,1.128141780116455,0.12814178011645505
12,2,keyboard_long_pause_count_2s,1.0317288127843065,0.031728812784306504
12,2,keyboard_median_inter_event_interval_ms,1.2823494537686964,0.28234945376869636
12,2,keyboard_typing_burst_count,1.0820882028481869,0.08208820284818685
12,2,message_distinct_event_count,1.0192146112240306,0.019214611224030564
12,2,outgoing_message_count,1.0717972396411828,0.07179723964118279
12,2,activity_active_hour_count,1.2217232798799897,0.22172327987998974
12,2,activity_state_diversity,1.0794723453757067,0.07947234537570669
12,2,activity_still_fraction,1.0276791936993692,0.02767919369936922
12,2,activity_transition_count,1.098627384575153,0.09862738457515308
12,2,activity_unknown_fraction,1.0453757273760151,0.04537572737601514
12,2,median_unlocked_session_duration_seconds,1.071468854400875,0.07146885440087503
12,2,night_screen_event_count,1.0752270815567797,0.0752270815567797
12,2,screen_active_hour_count,1.0856923366830702,0.08569233668307019
12,2,screen_event_count,1.0914628525614665,0.09146285256146647
12,2,screen_off_event_count,1.0523643972317056,0.052364397231705606
12,2,screen_on_event_count,1.0770958319942938,0.07709583199429382
12,2,screen_transition_count,1.1164472069936462,0.11644720699364619
12,2,screen_unlock_event_count,1.1849157034703595,0.18491570347035946
12,2,telephony_event_count,1.1265517132273533,0.12655171322735326
12,2,telephony_mobile_data_enabled_fraction,1.3612841527534565,0.3612841527534565
12,2,telephony_network_type_diversity,1.1179260797846848,0.11792607978468483
12,2,touch_active_hour_count,1.0434318413945605,0.043431841394560466
12,2,touch_app_diversity,1.0386347628276162,0.03863476282761624
12,2,touch_click_event_count,1.0095626374291558,0.009562637429155751
12,2,touch_distinct_event_count,1.041496787423803,0.04149678742380303
12,2,touch_scroll_direction_change_count,1.0229489650568075,0.022948965056807547
12,2,touch_scroll_event_count,1.0509733607021883,0.050973360702188275
12,2,touch_scroll_index_change_median,1.1274568883602505,0.1274568883602505
12,2,touch_unique_app_count,1.0264705612235503,0.026470561223550293
12,3,app_foreground_event_count,1.246638309419855,0.24663830941985498
12,3,app_use_diversity,1.1205169048317716,0.12051690483177158
12,3,unique_foreground_apps,1.0692841741580714,0.06928417415807142
12,3,gsm_cell_transition_count,1.1084505995813618,0.10845059958136183
12,3,unique_gsm_cell_count,1.1434387328787219,0.1434387328787219
12,3,unique_gsm_lac_count,1.0701560909758259,0.07015609097582587
12,3,keyboard_deletion_event_count,1.0636229136211508,0.0636229136211508
12,3,keyboard_inter_event_interval_iqr_ms,1.199475715555864,0.19947571555586396
12,3,keyboard_long_pause_count_2s,1.0119742015677105,0.011974201567710452
12,3,keyboard_median_inter_event_interval_ms,1.2339388715562551,0.23393887155625515
12,3,keyboard_typing_burst_count,1.074614569789999,0.07461456978999892
12,3,message_distinct_event_count,1.1186503147258084,0.11865031472580845
12,3,outgoing_message_count,1.0346582389769077,0.034658238976907674
12,3,activity_active_hour_count,1.1666384618341366,0.16663846183413655
12,3,activity_state_diversity,1.1050882918399065,0.10508829183990653
12,3,activity_still_fraction,1.1348674096680766,0.13486740966807664
12,3,activity_transition_count,1.1427296923204284,0.14272969232042843
12,3,activity_unknown_fraction,1.1205931217834992,0.12059312178349924
12,3,median_unlocked_session_duration_seconds,1.1091490806346571,0.10914908063465711
12,3,night_screen_event_count,1.1144425628687433,0.11444256286874332
12,3,screen_active_hour_count,1.1425207577667897,0.14252075776678974
12,3,screen_event_count,1.128037901240542,0.12803790124054193
12,3,screen_off_event_count,1.091956498428915,0.09195649842891496
12,3,screen_on_event_count,1.1020135057084903,0.10201350570849033
12,3,screen_transition_count,1.1154573844764668,0.1154573844764668
12,3,screen_unlock_event_count,1.2203522806198737,0.22035228061987366
12,3,telephony_event_count,1.129364713365934,0.12936471336593391
12,3,telephony_mobile_data_enabled_fraction,1.3595670588330742,0.35956705883307416
12,3,telephony_network_type_diversity,1.0634555749819818,0.06345557498198184
12,3,touch_active_hour_count,1.1065735483969301,0.10657354839693012
12,3,touch_app_diversity,1.0237368456108953,0.023736845610895285
12,3,touch_click_event_count,1.0103532927952728,0.01035329279527275
12,3,touch_distinct_event_count,1.0428202448700143,0.042820244870014346
12,3,touch_scroll_direction_change_count,1.021972480425867,0.02197248042586697
12,3,touch_scroll_event_count,1.0638702103988786,0.06387021039887864
12,3,touch_scroll_index_change_median,1.0036721108829185,0.0036721108829185223
12,3,touch_unique_app_count,1.0068829948448663,0.006882994844866319
12,4,app_foreground_event_count,1.139409881972981,0.139409881972981
12,4,app_use_diversity,1.161634645765775,0.1616346457657749
12,4,unique_foreground_apps,1.1644659818148424,0.1644659818148424
12,4,gsm_cell_transition_count,1.1786615580136939,0.17866155801369388
12,4,unique_gsm_cell_count,1.2526976570411694,0.2526976570411694
12,4,unique_gsm_lac_count,1.151300725985894,0.15130072598589406
12,4,keyboard_deletion_event_count,1.1803766367339186,0.18037663673391857
12,4,keyboard_inter_event_interval_iqr_ms,1.0834515518592733,0.08345155185927333
12,4,keyboard_long_pause_count_2s,1.1524012260269405,0.1524012260269405
12,4,keyboard_median_inter_event_interval_ms,1.255790286368513,0.2557902863685131
12,4,keyboard_typing_burst_count,1.100439672305343,0.1004396723053429
12,4,message_distinct_event_count,1.0410138180339068,0.0410138180339068
12,4,outgoing_message_count,1.1794593943129696,0.17945939431296964
12,4,activity_active_hour_count,1.0931725357504098,0.09317253575040985
12,4,activity_state_diversity,1.0013936830551204,0.0013936830551204427
12,4,activity_still_fraction,1.0188633380948864,0.018863338094886384
12,4,activity_transition_count,1.03268725900622,0.03268725900621994
12,4,activity_unknown_fraction,1.104493817900195,0.10449381790019507
12,4,median_unlocked_session_duration_seconds,1.0056054003451667,0.005605400345166656
12,4,night_screen_event_count,1.088426802720713,0.0884268027207129
12,4,screen_active_hour_count,1.0462427094382276,0.046242709438227614
12,4,screen_event_count,1.1144711750398981,0.11447117503989812
12,4,screen_off_event_count,1.080314427686522,0.08031442768652197
12,4,screen_on_event_count,1.0971820591107333,0.0971820591107333
12,4,screen_transition_count,1.0741743451696601,0.07417434516966015
12,4,screen_unlock_event_count,1.157268112895756,0.15726811289575604
12,4,telephony_event_count,1.04459858045866,0.04459858045865994
12,4,telephony_mobile_data_enabled_fraction,1.3988350399979343,0.39883503999793435
12,4,telephony_network_type_diversity,1.0893294029284721,0.08932940292847213
12,4,touch_active_hour_count,1.0676669752064172,0.06766697520641718
12,4,touch_app_diversity,1.018910146659786,0.018910146659786076
12,4,touch_click_event_count,1.1009253847534597,0.10092538475345969
12,4,touch_distinct_event_count,1.0871958228243535,0.08719582282435345
12,4,touch_scroll_direction_change_count,1.144984272852853,0.14498427285285298
12,4,touch_scroll_event_count,1.0751411290933444,0.07514112909334436
12,4,touch_scroll_index_change_median,1.0532544444435863,0.05325444444358629
12,4,touch_unique_app_count,1.1135038867815275,0.11350388678152745
12,5,app_foreground_event_count,1.1311237459695842,0.1311237459695842
12,5,app_use_diversity,1.1418087990698116,0.1418087990698116
12,5,unique_foreground_apps,1.0381984499907617,0.03819844999076172
12,5,gsm_cell_transition_count,1.0233597055855164,0.023359705585516366
12,5,unique_gsm_cell_count,1.0706544375123341,0.07065443751233413
12,5,unique_gsm_lac_count,1.0500405551190921,0.05004055511909211
12,5,keyboard_deletion_event_count,1.162346158609315,0.1623461586093149
12,5,keyboard_inter_event_interval_iqr_ms,1.0373774134713376,0.037377413471337606
12,5,keyboard_long_pause_count_2s,1.0796688675764252,0.07966886757642522
12,5,keyboard_median_inter_event_interval_ms,1.0470007712111904,0.047000771211190395
12,5,keyboard_typing_burst_count,1.1739956118817452,0.17399561188174517
12,5,message_distinct_event_count,1.2113745474950066,0.21137454749500661
12,5,outgoing_message_count,1.1211287015793747,0.12112870157937472
12,5,activity_active_hour_count,1.2901565961435661,0.29015659614356615
12,5,activity_state_diversity,1.0684292384367924,0.06842923843679238
12,5,activity_still_fraction,1.0436142398827908,0.043614239882790784
12,5,activity_transition_count,1.025772050839831,0.025772050839830918
12,5,activity_unknown_fraction,1.07488934136614,0.07488934136614
12,5,median_unlocked_session_duration_seconds,1.0203128102209469,0.020312810220946886
12,5,night_screen_event_count,1.1034135534882503,0.10341355348825032
12,5,screen_active_hour_count,1.1760946649165598,0.17609466491655978
12,5,screen_event_count,1.1197043871673857,0.11970438716738574
12,5,screen_off_event_count,1.0754007490684543,0.07540074906845429
12,5,screen_on_event_count,1.1187014809794755,0.11870148097947553
12,5,screen_transition_count,1.1852055960962595,0.18520559609625953
12,5,screen_unlock_event_count,1.1869236142275454,0.18692361422754544
12,5,telephony_event_count,1.0906480726669059,0.09064807266690589
12,5,telephony_mobile_data_enabled_fraction,1.2366693875212735,0.23666938752127353
12,5,telephony_network_type_diversity,1.1654864568380088,0.16548645683800878
12,5,touch_active_hour_count,1.1385592189365135,0.13855921893651346
12,5,touch_app_diversity,1.1341780753015178,0.13417807530151782
12,5,touch_click_event_count,1.082999570258899,0.08299957025889904
12,5,touch_distinct_event_count,1.1339322085406258,0.13393220854062582
12,5,touch_scroll_direction_change_count,1.1452693810514742,0.14526938105147424
12,5,touch_scroll_event_count,1.1630538088771327,0.16305380887713272
12,5,touch_scroll_index_change_median,1.1068666517585106,0.10686665175851062
12,5,touch_unique_app_count,1.0369153736370114,0.03691537363701136
13,1,app_foreground_event_count,1.2592585139070898,0.25925851390708976
13,1,app_use_diversity,1.1875289810547238,0.18752898105472382
13,1,unique_foreground_apps,1.1824475030063166,0.18244750300631662
13,1,gsm_cell_transition_count,1.103424311678826,0.10342431167882604
13,1,unique_gsm_cell_count,1.1578286341968123,0.15782863419681226
13,1,unique_gsm_lac_count,1.1007177035292683,0.10071770352926834
13,1,keyboard_deletion_event_count,1.0314675169204321,0.03146751692043215
13,1,keyboard_inter_event_interval_iqr_ms,1.1999538831123089,0.19995388311230888
13,1,keyboard_long_pause_count_2s,1.0461533829157923,0.046153382915792296
13,1,keyboard_median_inter_event_interval_ms,1.1802338989612509,0.18023389896125086
13,1,keyboard_typing_burst_count,1.013772419368974,0.01377241936897411
13,1,message_distinct_event_count,1.05201733779902,0.05201733779902007
13,1,outgoing_message_count,1.098587011354935,0.09858701135493497
13,1,activity_active_hour_count,1.1824677805152897,0.18246778051528967
13,1,activity_state_diversity,1.0207809964015935,0.020780996401593477
13,1,activity_still_fraction,1.0095701957112602,0.009570195711260165
13,1,activity_transition_count,1.0123045373430488,0.012304537343048816
13,1,activity_unknown_fraction,1.0064257028347032,0.0064257028347032286
13,1,median_unlocked_session_duration_seconds,1.064667179591801,0.06466717959180102
13,1,night_screen_event_count,1.0902345919124177,0.09023459191241767
13,1,screen_active_hour_count,1.0830643682044716,0.0830643682044716
13,1,screen_event_count,1.0395436279739971,0.03954362797399713
13,1,screen_off_event_count,1.010664678532518,0.010664678532517957
13,1,screen_on_event_count,1.028199601497448,0.028199601497447935
13,1,screen_transition_count,1.0667876768798752,0.06678767687987519
13,1,screen_unlock_event_count,1.1688330635638708,0.16883306356387084
13,1,telephony_event_count,1.023139761478683,0.02313976147868302
13,1,telephony_mobile_data_enabled_fraction,1.2283454052740599,0.2283454052740599
13,1,telephony_network_type_diversity,1.1418960655088493,0.14189606550884926
13,1,touch_active_hour_count,1.033855322406787,0.033855322406787014
13,1,touch_app_diversity,1.0209068694855732,0.020906869485573187
13,1,touch_click_event_count,1.0654598938039421,0.06545989380394213
13,1,touch_distinct_event_count,1.0459101709395777,0.04591017093957772
13,1,touch_scroll_direction_change_count,1.0239907783817055,0.02399077838170549
13,1,touch_scroll_event_count,1.0001810200481558,0.00018102004815578887
13,1,touch_scroll_index_change_median,1.1357479508005568,0.1357479508005568
13,1,touch_unique_app_count,1.0746601175476023,0.07466011754760227
13,2,app_foreground_event_count,1.2641965516654583,0.2641965516654583
13,2,app_use_diversity,1.1862688510513126,0.18626885105131263
13,2,unique_foreground_apps,1.1473196322580774,0.14731963225807743
13,2,gsm_cell_transition_count,1.1521219011508308,0.1521219011508308
13,2,unique_gsm_cell_count,1.181657772745987,0.18165777274598693
13,2,unique_gsm_lac_count,1.0962695195967525,0.09626951959675245
13,2,keyboard_deletion_event_count,1.0102580129671483,0.010258012967148344
13,2,keyboard_inter_event_interval_iqr_ms,1.014493647492719,0.014493647492719086
13,2,keyboard_long_pause_count_2s,1.0832510581583332,0.08325105815833322
13,2,keyboard_median_inter_event_interval_ms,1.1595016344908406,0.15950163449084065
13,2,keyboard_typing_burst_count,1.0371221792872851,0.03712217928728512
13,2,message_distinct_event_count,1.021926459516514,0.021926459516514063
13,2,outgoing_message_count,1.0351625133718074,0.035162513371807425
13,2,activity_active_hour_count,1.2173194230759075,0.21731942307590746
13,2,activity_state_diversity,1.0478050203938822,0.047805020393882236
13,2,activity_still_fraction,1.0673807711178855,0.06738077111788554
13,2,activity_transition_count,1.1085272574628484,0.10852725746284841
13,2,activity_unknown_fraction,1.0944108640050028,0.09441086400500276
13,2,median_unlocked_session_duration_seconds,1.1543824873433726,0.15438248734337257
13,2,night_screen_event_count,1.0310847903443683,0.031084790344368285
13,2,screen_active_hour_count,1.0769444600665365,0.07694446006653655
13,2,screen_event_count,1.2021103150839783,0.20211031508397825
13,2,screen_off_event_count,1.1676434847263346,0.1676434847263346
13,2,screen_on_event_count,1.152800209351612,0.1528002093516121
13,2,screen_transition_count,1.0483918106223897,0.04839181062238973
13,2,screen_unlock_event_count,1.255314566989694,0.2553145669896939
13,2,telephony_event_count,1.1202093699260403,0.12020936992604025
13,2,telephony_mobile_data_enabled_fraction,1.2813994762531822,0.2813994762531822
13,2,telephony_network_type_diversity,1.1724711367102962,0.17247113671029624
13,2,touch_active_hour_count,1.0298709912418043,0.029870991241804257
13,2,touch_app_diversity,1.0811611734172497,0.08116117341724971
13,2,touch_click_event_count,1.055701153178087,0.055701153178087104
13,2,touch_distinct_event_count,1.015603580369106,0.015603580369105918
13,2,touch_scroll_direction_change_count,1.085636048577421,0.08563604857742102
13,2,touch_scroll_event_count,1.014535411167601,0.014535411167601042
13,2,touch_scroll_index_change_median,1.000960737896173,0.000960737896172903
13,2,touch_unique_app_count,1.0803117978773784,0.08031179787737841
13,3,app_foreground_event_count,1.0671685888878908,0.06716858888789079
13,3,app_use_diversity,1.1350614701644706,0.13506147016447057
13,3,unique_foreground_apps,1.0126485724686278,0.012648572468627828
13,3,gsm_cell_transition_count,1.0111982351337943,0.011198235133794254
13,3,unique_gsm_cell_count,1.0588426699359461,0.05884266993594611
13,3,unique_gsm_lac_count,1.0023919078258814,0.0023919078258813897
13,3,keyboard_deletion_event_count,1.1280167895281172,0.12801678952811724
13,3,keyboard_inter_event_interval_iqr_ms,1.1137940609921229,0.11379406099212286
13,3,keyboard_long_pause_count_2s,1.1305935805011094,0.13059358050110936
13,3,keyboard_median_inter_event_interval_ms,1.164718581419892,0.16471858141989193
13,3,keyboard_typing_burst_count,1.1817991461936643,0.18179914619366433
13,3,message_distinct_event_count,1.155776767613572,0.15577676761357195
13,3,outgoing_message_count,1.0059732772437193,0.0059732772437193216
13,3,activity_active_hour_count,1.1175665095141465,0.11756650951414649
13,3,activity_state_diversity,1.0614963393992896,0.06149633939928956
13,3,activity_still_fraction,1.0127361103108083,0.012736110310808346
13,3,activity_transition_count,1.0039069710373736,0.0039069710373735855
13,3,activity_unknown_fraction,1.0133821448917915,0.013382144891791459
13,3,median_unlocked_session_duration_seconds,1.0313745828469216,0.03137458284692163
13,3,night_screen_event_count,1.1074249021900933,0.10742490219009326
13,3,screen_active_hour_count,1.1495598110372398,0.1495598110372398
13,3,screen_event_count,1.0595344220489935,0.05953442204899351
13,3,screen_off_event_count,1.0075701112336195,0.007570111233619503
13,3,screen_on_event_count,1.0537191294040733,0.05371912940407331
13,3,screen_transition_count,1.143009543485985,0.14300954348598505
13,3,screen_unlock_event_count,1.1075275108287224,0.10752751082872236
13,3,telephony_event_count,1.0194585448760887,0.019458544876088668
13,3,telephony_mobile_data_enabled_fraction,1.3122279108261339,0.3122279108261339
13,3,telephony_network_type_diversity,1.0202865079254009,0.020286507925400876
13,3,touch_active_hour_count,1.1261624452651322,0.1261624452651322
13,3,touch_app_diversity,1.0295850410914467,0.029585041091446662
13,3,touch_click_event_count,1.140905501174782,0.14090550117478196
13,3,touch_distinct_event_count,1.1837684380569153,0.18376843805691534
13,3,touch_scroll_direction_change_count,1.1591307480348316,0.15913074803483163
13,3,touch_scroll_event_count,1.2090893568058463,0.20908935680584628
13,3,touch_scroll_index_change_median,1.0361586106245713,0.036158610624571264
13,3,touch_unique_app_count,1.1155845841386618,0.1155845841386618
13,4,app_foreground_event_count,1.121970889162974,0.12197088916297405
13,4,app_use_diversity,1.1668077912288344,0.16680779122883438
13,4,unique_foreground_apps,1.0610560875398443,0.06105608753984426
13,4,gsm_cell_transition_count,1.140666441103976,0.14066644110397597
13,4,unique_gsm_cell_count,1.1759293384877711,0.17592933848777115
13,4,unique_gsm_lac_count,1.0901677892213235,0.09016778922132351
13,4,keyboard_deletion_event_count,1.090417864626074,0.09041786462607404
13,4,keyboard_inter_event_interval_iqr_ms,1.1260794494816275,0.12607944948162753
13,4,keyboard_long_pause_count_2s,1.130339542996202,0.13033954299620198
13,4,keyboard_median_inter_event_interval_ms,1.302624683609491,0.302624683609491
13,4,keyboard_typing_burst_count,1.0180779029557936,0.01807790295579359
13,4,message_distinct_event_count,1.004231771937499,0.004231771937498907
13,4,outgoing_message_count,1.1435082764876177,0.14350827648761766
13,4,activity_active_hour_count,1.1768443946608118,0.1768443946608118
13,4,activity_state_diversity,1.1257920760059283,0.12579207600592834
13,4,activity_still_fraction,1.0805445268937728,0.08054452689377278
13,4,activity_transition_count,1.0819557893152432,0.08195578931524317
13,4,activity_unknown_fraction,1.0877724663293105,0.08777246632931046
13,4,median_unlocked_session_duration_seconds,1.0601575722521253,0.06015757225212526
13,4,night_screen_event_count,1.008879529642969,0.008879529642968897
13,4,screen_active_hour_count,1.0212141409602864,0.0212141409602864
13,4,screen_event_count,1.1160359783821756,0.11603597838217561
13,4,screen_off_event_count,1.0822974574440805,0.08229745744408046
13,4,screen_on_event_count,1.1051130385177081,0.10511303851770815
13,4,screen_transition_count,1.0020744534369521,0.0020744534369521173
13,4,screen_unlock_event_count,1.1932901135537355,0.1932901135537355
13,4,telephony_event_count,1.174707875393302,0.17470787539330201
13,4,telephony_mobile_data_enabled_fraction,1.4766622954694781,0.47666229546947814
13,4,telephony_network_type_diversity,1.1437888097229028,0.14378880972290276
13,4,touch_active_hour_count,1.047975643046495,0.04797564304649504
13,4,touch_app_diversity,1.0088302891658483,0.00883028916584827
13,4,touch_click_event_count,1.0595766130969584,0.059576613096958386
13,4,touch_distinct_event_count,1.035644442833467,0.035644442833467016
13,4,touch_scroll_direction_change_count,1.0686159138227573,0.06861591382275734
13,4,touch_scroll_event_count,1.021653225876864,0.021653225876864024
13,4,touch_scroll_index_change_median,1.1339213939358677,0.13392139393586766
13,4,touch_unique_app_count,1.0449177689932505,0.044917768993250506
13,5,app_foreground_event_count,1.2622825245669702,0.2622825245669702
13,5,app_use_diversity,1.2188980516332177,0.21889805163321774
13,5,unique_foreground_apps,1.1683289651475948,0.16832896514759477
13,5,gsm_cell_transition_count,1.096565561127859,0.09656556112785908
13,5,unique_gsm_cell_count,1.1717667001812202,0.1717667001812202
13,5,unique_gsm_lac_count,1.0877728921643717,0.08777289216437167
13,5,keyboard_deletion_event_count,1.0113164080930317,0.011316408093031693
13,5,keyboard_inter_event_interval_iqr_ms,1.098761365991155,0.09876136599115504
13,5,keyboard_long_pause_count_2s,1.0915846016878377,0.09158460168783766
13,5,keyboard_median_inter_event_interval_ms,1.1944261447897924,0.19442614478979237
13,5,keyboard_typing_burst_count,1.0094829402214045,0.009482940221404501
13,5,message_distinct_event_count,1.1027583665105094,0.1027583665105094
13,5,outgoing_message_count,1.0948864915564265,0.09488649155642648
13,5,activity_active_hour_count,1.2345449038032974,0.2345449038032974
13,5,activity_state_diversity,1.0191407185611656,0.019140718561165615
13,5,activity_still_fraction,1.0483644942215167,0.048364494221516674
13,5,activity_transition_count,1.0614564287103514,0.061456428710351396
13,5,activity_unknown_fraction,1.0065967119326875,0.006596711932687516
13,5,median_unlocked_session_duration_seconds,1.087166721295666,0.08716672129566594
13,5,night_screen_event_count,1.105619369996894,0.10561936999689392
13,5,screen_active_hour_count,1.0995635725520554,0.09956357255205539
13,5,screen_event_count,1.1159749133125205,0.11597491331252052
13,5,screen_off_event_count,1.0682680153141413,0.06826801531414128
13,5,screen_on_event_count,1.1070936594702538,0.10709365947025384
13,5,screen_transition_count,1.123012593780415,0.12301259378041496
13,5,screen_unlock_event_count,1.2041947615180788,0.2041947615180788
13,5,telephony_event_count,1.135269085996227,0.1352690859962269
13,5,telephony_mobile_data_enabled_fraction,1.3370477496802031,0.3370477496802031
13,5,telephony_network_type_diversity,1.1198684301416033,0.11986843014160331
13,5,touch_active_hour_count,1.0328136675783546,0.03281366757835458
13,5,touch_app_diversity,1.0160195493460886,0.016019549346088624
13,5,touch_click_event_count,1.0319719426010958,0.031971942601095815
13,5,touch_distinct_event_count,1.0147983889367267,0.014798388936726692
13,5,touch_scroll_direction_change_count,1.057790696231787,0.0577906962317869
13,5,touch_scroll_event_count,1.017965833280446,0.017965833280445986
13,5,touch_scroll_index_change_median,1.138258610753596,0.1382586107535959
13,5,touch_unique_app_count,1.0696995404509464,0.0696995404509464
14,1,app_foreground_event_count,1.1337042870956768,0.13370428709567683
14,1,app_use_diversity,1.2167251336366895,0.21672513363668955
14,1,unique_foreground_apps,1.1305831465874354,0.13058314658743542
14,1,gsm_cell_transition_count,1.1671724104644332,0.1671724104644332
14,1,unique_gsm_cell_count,1.2170887789331337,0.21708877893313372
14,1,unique_gsm_lac_count,1.149838862811757,0.14983886281175707
14,1,keyboard_deletion_event_count,1.0922615700964795,0.0922615700964795
14,1,keyboard_inter_event_interval_iqr_ms,1.055410970937832,0.055410970937832094
14,1,keyboard_long_pause_count_2s,1.0178288804601465,0.017828880460146523
14,1,keyboard_median_inter_event_interval_ms,1.172992028911946,0.17299202891194598
14,1,keyboard_typing_burst_count,1.0941753656393385,0.09417536563933848
14,1,message_distinct_event_count,1.0835338983137954,0.08353389831379543
14,1,outgoing_message_count,1.1434864174838113,0.1434864174838113
14,1,activity_active_hour_count,1.2558232565846166,0.2558232565846166
14,1,activity_state_diversity,1.0181510538214817,0.018151053821481744
14,1,activity_still_fraction,1.0100599908468213,0.010059990846821298
14,1,activity_transition_count,1.0555461554697616,0.055546155469761604
14,1,activity_unknown_fraction,1.0077834179946354,0.007783417994635444
14,1,median_unlocked_session_duration_seconds,1.0941085993896826,0.09410859938968263
14,1,night_screen_event_count,1.090028054452501,0.09002805445250095
14,1,screen_active_hour_count,1.1159005775951845,0.11590057759518446
14,1,screen_event_count,1.0420858332674356,0.042085833267435646
14,1,screen_off_event_count,1.0034765486896564,0.0034765486896564113
14,1,screen_on_event_count,1.0217508346259327,0.021750834625932747
14,1,screen_transition_count,1.1350756835681912,0.13507568356819122
14,1,screen_unlock_event_count,1.1187926897368614,0.11879268973686141
14,1,telephony_event_count,1.1192911757596236,0.11929117575962356
14,1,telephony_mobile_data_enabled_fraction,1.2979642214795473,0.29796422147954726
14,1,telephony_network_type_diversity,1.2302110828466375,0.2302110828466375
14,1,touch_active_hour_count,1.0257419240668995,0.025741924066899458
14,1,touch_app_diversity,1.1209068019992519,0.12090680199925186
14,1,touch_click_event_count,1.0358210231004505,0.035821023100450544
14,1,touch_distinct_event_count,1.0060413286873824,0.006041328687382386
14,1,touch_scroll_direction_change_count,1.0053552988656445,0.005355298865644453
14,1,touch_scroll_event_count,1.044765605149967,0.04476560514996697
14,1,touch_scroll_index_change_median,1.2421943788819998,0.2421943788819998
14,1,touch_unique_app_count,1.056433581625657,0.056433581625656926
14,2,app_foreground_event_count,1.1982862820368259,0.19828628203682586
14,2,app_use_diversity,1.1321186981111455,0.13211869811114552
14,2,unique_foreground_apps,1.0671011442566065,0.06710114425660652
14,2,gsm_cell_transition_count,1.0124901906678523,0.012490190667852286
14,2,unique_gsm_cell_count,1.040356315868542,0.04035631586854205
14,2,unique_gsm_lac_count,1.0119233539602202,0.011923353960220151
14,2,keyboard_deletion_event_count,1.0071786307936075,0.007178630793607477
14,2,keyboard_inter_event_interval_iqr_ms,1.2195495686074538,0.21954956860745378
14,2,keyboard_long_pause_count_2s,1.0326729758704765,0.03267297587047646
14,2,keyboard_median_inter_event_interval_ms,1.280609443363701,0.28060944336370097
14,2,keyboard_typing_burst_count,1.0444234445400238,0.04442344454002378
14,2,message_distinct_event_count,1.1474757111535105,0.14747571115351055
14,2,outgoing_message_count,1.026045949925608,0.026045949925608047
14,2,activity_active_hour_count,1.2357367131997345,0.23573671319973455
14,2,activity_state_diversity,1.0874901945275819,0.08749019452758189
14,2,activity_still_fraction,1.0622337072887826,0.062233707288782636
14,2,activity_transition_count,1.0730623108308743,0.07306231083087433
14,2,activity_unknown_fraction,1.031532155200693,0.03153215520069308
14,2,median_unlocked_session_duration_seconds,1.0740272580905847,0.07402725809058475
14,2,night_screen_event_count,1.1434176424967155,0.14341764249671551
14,2,screen_active_hour_count,1.1961212214065682,0.19612122140656818
14,2,screen_event_count,1.0110474632506135,0.011047463250613454
14,2,screen_off_event_count,1.037675186731519,0.03767518673151904
14,2,screen_on_event_count,1.0375268520617198,0.037526852061719795
14,2,screen_transition_count,1.184509718669208,0.18450971866920796
14,2,screen_unlock_event_count,1.105341614918082,0.10534161491808192
14,2,telephony_event_count,1.00075371860227,0.0007537186022699149
14,2,telephony_mobile_data_enabled_fraction,1.3251501737744964,0.3251501737744964
14,2,telephony_network_type_diversity,1.0723654899361192,0.07236548993611924
14,2,touch_active_hour_count,1.1519809474242528,0.15198094742425283
14,2,touch_app_diversity,1.0060882187118356,0.006088218711835625
14,2,touch_click_event_count,1.0253815293894042,0.02538152938940419
14,2,touch_distinct_event_count,1.0742898616361833,0.07428986163618334
14,2,touch_scroll_direction_change_count,1.0563928492919024,0.05639284929190236
14,2,touch_scroll_event_count,1.1039293562841002,0.10392935628410016
14,2,touch_scroll_index_change_median,1.115265914487968,0.11526591448796797
14,2,touch_unique_app_count,1.0300204179097288,0.030020417909728758
14,3,app_foreground_event_count,1.2398886905153461,0.23988869051534611
14,3,app_use_diversity,1.2519345869403977,0.2519345869403977
14,3,unique_foreground_apps,1.1959019404300826,0.19590194043008258
14,3,gsm_cell_transition_count,1.1548387799839912,0.1548387799839912
14,3,unique_gsm_cell_count,1.1885302985527284,0.1885302985527284
14,3,unique_gsm_lac_count,1.1322418081171937,0.13224180811719366
14,3,keyboard_deletion_event_count,1.0481164381953296,0.048116438195329625
14,3,keyboard_inter_event_interval_iqr_ms,1.0806638145789598,0.08066381457895977
14,3,keyboard_long_pause_count_2s,1.105682174832651,0.10568217483265108
14,3,keyboard_median_inter_event_interval_ms,1.183166599508239,0.183166599508239
14,3,keyboard_typing_burst_count,1.0092445241313075,0.009244524131307497
14,3,message_distinct_event_count,1.041480857506549,0.04148085750654906
14,3,outgoing_message_count,1.2156681580850215,0.2156681580850215
14,3,activity_active_hour_count,1.2507778096458027,0.25077780964580265
14,3,activity_state_diversity,1.056737588859614,0.056737588859614
14,3,activity_still_fraction,1.126873451714992,0.1268734517149921
14,3,activity_transition_count,1.0680509273611394,0.06805092736113938
14,3,activity_unknown_fraction,1.0476459029339167,0.047645902933916684
14,3,median_unlocked_session_duration_seconds,1.0645440608740686,0.06454406087406861
14,3,night_screen_event_count,1.0049710846735411,0.004971084673541126
14,3,screen_active_hour_count,1.019186796108982,0.019186796108981996
14,3,screen_event_count,1.1044955114653672,0.10449551146536717
14,3,screen_off_event_count,1.0604366217806802,0.06043662178068021
14,3,screen_on_event_count,1.0920493959558446,0.0920493959558446
14,3,screen_transition_count,1.0273721741438289,0.027372174143828865
14,3,screen_unlock_event_count,1.1623124048695532,0.16231240486955323
14,3,telephony_event_count,1.0832963053523639,0.08329630535236388
14,3,telephony_mobile_data_enabled_fraction,1.3428807444872297,0.3428807444872297
14,3,telephony_network_type_diversity,1.1458385835366358,0.1458385835366358
14,3,touch_active_hour_count,1.0203616344741104,0.020361634474110435
14,3,touch_app_diversity,1.077332473439077,0.07733247343907701
14,3,touch_click_event_count,1.0991673892505796,0.09916738925057955
14,3,touch_distinct_event_count,1.075114910332117,0.07511491033211692
14,3,touch_scroll_direction_change_count,1.039959677419355,0.03995967741935491
14,3,touch_scroll_event_count,1.0559643570968915,0.055964357096891515
14,3,touch_scroll_index_change_median,1.0661907354140738,0.06619073541407383
14,3,touch_unique_app_count,1.1323886763855768,0.13238867638557683
14,4,app_foreground_event_count,1.2362357127498662,0.2362357127498662
14,4,app_use_diversity,1.1566034320396792,0.1566034320396792
14,4,unique_foreground_apps,1.08253458863422,0.08253458863421992
14,4,gsm_cell_transition_count,1.0397370886128074,0.03973708861280745
14,4,unique_gsm_cell_count,1.1078157888861495,0.10781578888614951
14,4,unique_gsm_lac_count,1.0166887448250108,0.016688744825010815
14,4,keyboard_deletion_event_count,1.0340046978925292,0.034004697892529245
14,4,keyboard_inter_event_interval_iqr_ms,1.0780050733459552,0.07800507334595519
14,4,keyboard_long_pause_count_2s,1.1175850793558575,0.11758507935585749
14,4,keyboard_median_inter_event_interval_ms,1.1973250761958338,0.19732507619583384
14,4,keyboard_typing_burst_count,1.0204799218477527,0.020479921847752713
14,4,message_distinct_event_count,1.0201623822489514,0.020162382248951394
14,4,outgoing_message_count,1.0132129582243707,0.013212958224370741
14,4,activity_active_hour_count,1.1445008726939352,0.1445008726939352
14,4,activity_state_diversity,1.0947091396019573,0.09470913960195726
14,4,activity_still_fraction,1.116754392233954,0.11675439223395401
14,4,activity_transition_count,1.0169700077126387,0.01697000771263868
14,4,activity_unknown_fraction,1.0129879007754399,0.012987900775439876
14,4,median_unlocked_session_duration_seconds,1.08380835579938,0.08380835579938006
14,4,night_screen_event_count,1.053529889571829,0.053529889571829026
14,4,screen_active_hour_count,1.1150127394978167,0.11501273949781665
14,4,screen_event_count,1.1626395714091746,0.16263957140917462
14,4,screen_off_event_count,1.1138717362915151,0.11387173629151515
14,4,screen_on_event_count,1.134765910306765,0.1347659103067651
14,4,screen_transition_count,1.1220990536100994,0.12209905361009943
14,4,screen_unlock_event_count,1.2850058344554298,0.2850058344554298
14,4,telephony_event_count,1.0953927133269805,0.09539271332698052
14,4,telephony_mobile_data_enabled_fraction,1.295108662029692,0.2951086620296921
14,4,telephony_network_type_diversity,1.1198550565850418,0.11985505658504181
14,4,touch_active_hour_count,1.1234390501806266,0.12343905018062662
14,4,touch_app_diversity,1.076975292196883,0.07697529219688293
14,4,touch_click_event_count,1.0155447449164563,0.015544744916456299
14,4,touch_distinct_event_count,1.040773843288871,0.040773843288870903
14,4,touch_scroll_direction_change_count,1.0456795803935788,0.04567958039357878
14,4,touch_scroll_event_count,1.051070281085921,0.05107028108592093
14,4,touch_scroll_index_change_median,1.0227926574166255,0.022792657416625506
14,4,touch_unique_app_count,1.02141985877273,0.021419858772729894
14,5,app_foreground_event_count,1.1980122180089763,0.19801221800897628
14,5,app_use_diversity,1.1349111955728028,0.13491119557280284
14,5,unique_foreground_apps,1.1302347808310875,0.13023478083108753
14,5,gsm_cell_transition_count,1.1226423624564719,0.12264236245647187
14,5,unique_gsm_cell_count,1.195621537236711,0.19562153723671094
14,5,unique_gsm_lac_count,1.0842708794975209,0.08427087949752088
14,5,keyboard_deletion_event_count,1.050661349604843,0.05066134960484292
14,5,keyboard_inter_event_interval_iqr_ms,1.097755224847656,0.09775522484765609
14,5,keyboard_long_pause_count_2s,1.001941407212688,0.0019414072126879844
14,5,keyboard_median_inter_event_interval_ms,1.1638414097933771,0.16384140979337714
14,5,keyboard_typing_burst_count,1.070956968979624,0.07095696897962389
14,5,message_distinct_event_count,1.0291563186175836,0.02915631861758361
14,5,outgoing_message_count,1.058235390805691,0.058235390805690956
14,5,activity_active_hour_count,1.0271998367721547,0.02719983677215465
14,5,activity_state_diversity,1.0196192365251948,0.019619236525194816
14,5,activity_still_fraction,1.0213624091084437,0.02136240910844367
14,5,activity_transition_count,1.000751969650516,0.0007519696505160489
14,5,activity_unknown_fraction,1.1325152961814982,0.13251529618149815
14,5,median_unlocked_session_duration_seconds,1.0512681750666977,0.051268175066697674
14,5,night_screen_event_count,1.0145309993887326,0.01453099938873259
14,5,screen_active_hour_count,1.019845209450032,0.019845209450032097
14,5,screen_event_count,1.2172017591132478,0.2172017591132478
14,5,screen_off_event_count,1.181555916579677,0.18155591657967696
14,5,screen_on_event_count,1.2126349244801968,0.21263492448019683
14,5,screen_transition_count,1.0485729569907647,0.04857295699076469
14,5,screen_unlock_event_count,1.2329621901185353,0.23296219011853525
14,5,telephony_event_count,1.1728021606444186,0.17280216064441856
14,5,telephony_mobile_data_enabled_fraction,1.3573047831512073,0.3573047831512073
14,5,telephony_network_type_diversity,1.0187893312527114,0.018789331252711428
14,5,touch_active_hour_count,1.0349433866961675,0.03494338669616748
14,5,touch_app_diversity,1.028509367480327,0.028509367480326953
14,5,touch_click_event_count,1.0203416676563235,0.020341667656323503
14,5,touch_distinct_event_count,1.0225143684893625,0.022514368489362502
14,5,touch_scroll_direction_change_count,1.0328442014532706,0.032844201453270605
14,5,touch_scroll_event_count,1.041928768654059,0.041928768654059034
14,5,touch_scroll_index_change_median,1.0255985577330586,0.025598557733058636
14,5,touch_unique_app_count,1.0284516474392436,0.028451647439243555
15,1,app_foreground_event_count,1.2029115444554772,0.2029115444554772
15,1,app_use_diversity,1.242059427111836,0.24205942711183592
15,1,unique_foreground_apps,1.1606445324805603,0.16064453248056032
15,1,gsm_cell_transition_count,1.1000923493296213,0.1000923493296213
15,1,unique_gsm_cell_count,1.170477749604777,0.1704777496047769
15,1,unique_gsm_lac_count,1.0996049429663268,0.09960494296632683
15,1,keyboard_deletion_event_count,1.0733047481897011,0.07330474818970112
15,1,keyboard_inter_event_interval_iqr_ms,1.0525580520645652,0.05255805206456521
15,1,keyboard_long_pause_count_2s,1.0449783196244917,0.044978319624491725
15,1,keyboard_median_inter_event_interval_ms,1.0401374415885467,0.04013744158854671
15,1,keyboard_typing_burst_count,1.0327733154012808,0.03277331540128081
15,1,message_distinct_event_count,1.1108680634307102,0.1108680634307102
15,1,outgoing_message_count,1.1242099074004297,0.1242099074004297
15,1,activity_active_hour_count,1.1400552164863578,0.14005521648635777
15,1,activity_state_diversity,1.030449527462194,0.030449527462194093
15,1,activity_still_fraction,1.0576881450379718,0.057688145037971816
15,1,activity_transition_count,1.0104985929994057,0.010498592999405698
15,1,activity_unknown_fraction,1.0189768382051114,0.018976838205111424
15,1,median_unlocked_session_duration_seconds,1.0877901881863725,0.08779018818637252
15,1,night_screen_event_count,1.087886781788235,0.08788678178823495
15,1,screen_active_hour_count,1.106979164148009,0.1069791641480089
15,1,screen_event_count,1.0892109452147993,0.08921094521479933
15,1,screen_off_event_count,1.0518561564533502,0.05185615645335018
15,1,screen_on_event_count,1.082102816947929,0.08210281694792898
15,1,screen_transition_count,1.0930765158668354,0.09307651586683541
15,1,screen_unlock_event_count,1.1755375517040987,0.17553755170409868
15,1,telephony_event_count,1.0473536097288392,0.047353609728839174
15,1,telephony_mobile_data_enabled_fraction,1.3304692717270676,0.33046927172706764
15,1,telephony_network_type_diversity,1.1055672534880663,0.10556725348806628
15,1,touch_active_hour_count,1.0322813916274236,0.032281391627423606
15,1,touch_app_diversity,1.0662712802161183,0.06627128021611828
15,1,touch_click_event_count,1.0036978341299905,0.003697834129990474
15,1,touch_distinct_event_count,1.0273255535060337,0.027325553506033717
15,1,touch_scroll_direction_change_count,1.0080621081187007,0.008062108118700673
15,1,touch_scroll_event_count,1.0610877656557434,0.061087765655743365
15,1,touch_scroll_index_change_median,1.009547082987323,0.009547082987322986
15,1,touch_unique_app_count,1.0699784606476164,0.06997846064761637
15,2,app_foreground_event_count,1.1660820140371209,0.16608201403712086
15,2,app_use_diversity,1.1737833164603038,0.17378331646030376
15,2,unique_foreground_apps,1.113966973325703,0.11396697332570294
15,2,gsm_cell_transition_count,1.0465845518761474,0.046584551876147406
15,2,unique_gsm_cell_count,1.0821697550010532,0.08216975500105317
15,2,unique_gsm_lac_count,1.0180886776240445,0.018088677624044536
15,2,keyboard_deletion_event_count,1.0329859027874435,0.03298590278744351
15,2,keyboard_inter_event_interval_iqr_ms,1.1603689693967696,0.1603689693967696
15,2,keyboard_long_pause_count_2s,1.035713120132722,0.0357131201327221
15,2,keyboard_median_inter_event_interval_ms,1.2487068835657817,0.24870688356578174
15,2,keyboard_typing_burst_count,1.0349307559532241,0.034930755953224146
15,2,message_distinct_event_count,1.027774591275484,0.027774591275484095
15,2,outgoing_message_count,1.1092925073094524,0.10929250730945239
15,2,activity_active_hour_count,1.2048411098615297,0.2048411098615297
15,2,activity_state_diversity,1.0314118232384677,0.031411823238467695
15,2,activity_still_fraction,1.0272076292685748,0.027207629268574784
15,2,activity_transition_count,1.008374207501006,0.008374207501006037
15,2,activity_unknown_fraction,1.054654521608607,0.054654521608606954
15,2,median_unlocked_session_duration_seconds,1.0407089025865233,0.040708902586523266
15,2,night_screen_event_count,1.0797004484872068,0.07970044848720681
15,2,screen_active_hour_count,1.10355570229559,0.10355570229558997
15,2,screen_event_count,1.0515039547956406,0.05150395479564063
15,2,screen_off_event_count,1.0099513776546238,0.009951377654623839
15,2,screen_on_event_count,1.0561723096495141,0.05617230964951414
15,2,screen_transition_count,1.1122635859613919,0.11226358596139185
15,2,screen_unlock_event_count,1.2029821722255851,0.20298217222558512
15,2,telephony_event_count,1.0231409479404507,0.02314094794045074
15,2,telephony_mobile_data_enabled_fraction,1.2777393561423185,0.2777393561423185
15,2,telephony_network_type_diversity,1.0482635196474894,0.04826351964748943
15,2,touch_active_hour_count,1.072250714716577,0.07225071471657696
15,2,touch_app_diversity,1.003122595856266,0.003122595856265953
15,2,touch_click_event_count,1.0209087618524864,0.020908761852486357
15,2,touch_distinct_event_count,1.021248189804637,0.021248189804637052
15,2,touch_scroll_direction_change_count,1.030874435467171,0.030874435467171057
15,2,touch_scroll_event_count,1.019709449754887,0.019709449754887087
15,2,touch_scroll_index_change_median,1.0839423665402739,0.08394236654027387
15,2,touch_unique_app_count,1.0096112565002895,0.009611256500289489
15,3,app_foreground_event_count,1.2188846116222976,0.21888461162229755
15,3,app_use_diversity,1.1643349983810038,0.16433499838100385
15,3,unique_foreground_apps,1.0935455353180639,0.09354553531806387
15,3,gsm_cell_transition_count,1.1008523337800071,0.10085233378000713
15,3,unique_gsm_cell_count,1.1477189846503502,0.14771898465035016
15,3,unique_gsm_lac_count,1.0515598000034159,0.05155980000341587
15,3,keyboard_deletion_event_count,1.0038773160873502,0.003877316087350202
15,3,keyboard_inter_event_interval_iqr_ms,1.130962706203304,0.13096270620330408
15,3,keyboard_long_pause_count_2s,1.0876234734540147,0.08762347345401467
15,3,keyboard_median_inter_event_interval_ms,1.219440268301145,0.21944026830114494
15,3,keyboard_typing_burst_count,1.0225035094168475,0.022503509416847534
15,3,message_distinct_event_count,1.0098191830421506,0.00981918304215057
15,3,outgoing_message_count,1.1064581324172065,0.10645813241720647
15,3,activity_active_hour_count,1.1833952235929062,0.18339522359290616
15,3,activity_state_diversity,1.0398327608278348,0.03983276082783482
15,3,activity_still_fraction,1.0273870487384218,0.027387048738421793
15,3,activity_transition_count,1.0920154926784684,0.09201549267846842
15,3,activity_unknown_fraction,1.154015687106486,0.15401568710648594
15,3,median_unlocked_session_duration_seconds,1.0602570238607907,0.06025702386079068
15,3,night_screen_event_count,1.0574054715074317,0.05740547150743169
15,3,screen_active_hour_count,1.0615384962806762,0.0615384962806762
15,3,screen_event_count,1.1037362913829043,0.1037362913829043
15,3,screen_off_event_count,1.0695935760105397,0.06959357601053973
15,3,screen_on_event_count,1.0897092758781532,0.08970927587815325
15,3,screen_transition_count,1.0237047748418218,0.023704774841821763
15,3,screen_unlock_event_count,1.1437339449558879,0.14373394495588787
15,3,telephony_event_count,1.169089406588084,0.1690894065880839
15,3,telephony_mobile_data_enabled_fraction,1.3630674601043655,0.3630674601043655
15,3,telephony_network_type_diversity,1.1237049896000408,0.12370498960004084
15,3,touch_active_hour_count,1.041794587112014,0.041794587112014
15,3,touch_app_diversity,1.0356818869718163,0.03568188697181629
15,3,touch_click_event_count,1.0229623208320355,0.022962320832035532
15,3,touch_distinct_event_count,1.0134868155903511,0.013486815590351142
15,3,touch_scroll_direction_change_count,1.0038638886657816,0.0038638886657815785
15,3,touch_scroll_event_count,1.0426981695371655,0.04269816953716554
15,3,touch_scroll_index_change_median,1.1361345944739487,0.1361345944739487
15,3,touch_unique_app_count,1.0350466676586663,0.035046667658666264
15,4,app_foreground_event_count,1.2100876730565657,0.21008767305656573
15,4,app_use_diversity,1.1739004953001284,0.1739004953001284
15,4,unique_foreground_apps,1.1698182258259187,0.16981822582591866
15,4,gsm_cell_transition_count,1.1771093679772444,0.17710936797724441
15,4,unique_gsm_cell_count,1.2346674490884064,0.23466744908840642
15,4,unique_gsm_lac_count,1.1302940245282396,0.13029402452823957
15,4,keyboard_deletion_event_count,1.0006798318681425,0.0006798318681424664
15,4,keyboard_inter_event_interval_iqr_ms,1.0085733671163628,0.008573367116362807
15,4,keyboard_long_pause_count_2s,1.10922067796046,0.10922067796046009
15,4,keyboard_median_inter_event_interval_ms,1.1698020120240795,0.16980201202407952
15,4,keyboard_typing_burst_count,1.0253491290102685,0.025349129010268534
15,4,message_distinct_event_count,1.0454472103006283,0.04544721030062826
15,4,outgoing_message_count,1.0195358333208326,0.01953583332083264
15,4,activity_active_hour_count,1.177713793882359,0.17771379388235897
15,4,activity_state_diversity,1.1351102545317526,0.13511025453175263
15,4,activity_still_fraction,1.117837885847291,0.11783788584729105
15,4,activity_transition_count,1.132291910725938,0.13229191072593793
15,4,activity_unknown_fraction,1.097935207210881,0.097935207210881
15,4,median_unlocked_session_duration_seconds,1.0310716649753064,0.031071664975306446
15,4,night_screen_event_count,1.0160562570551992,0.016056257055199197
15,4,screen_active_hour_count,1.0697933442618435,0.06979334426184347
15,4,screen_event_count,1.1292205097926062,0.12922050979260624
15,4,screen_off_event_count,1.0936566388698359,0.09365663886983588
15,4,screen_on_event_count,1.0710018069935718,0.07100180699357184
15,4,screen_transition_count,1.0361415650548698,0.03614156505486976
15,4,screen_unlock_event_count,1.1660900142640747,0.16609001426407466
15,4,telephony_event_count,1.0869037880356955,0.08690378803569554
15,4,telephony_mobile_data_enabled_fraction,1.2993607769134954,0.2993607769134954
15,4,telephony_network_type_diversity,1.1406819186236243,0.14068191862362434
15,4,touch_active_hour_count,1.0124964775037613,0.01249647750376126
15,4,touch_app_diversity,1.001249924406084,0.0012499244060839576
15,4,touch_click_event_count,1.0865708354237626,0.08657083542376265
15,4,touch_distinct_event_count,1.054131973244714,0.05413197324471408
15,4,touch_scroll_direction_change_count,1.119710341828875,0.11971034182887497
15,4,touch_scroll_event_count,1.031874357430128,0.0318743574301279
15,4,touch_scroll_index_change_median,1.0674072646305246,0.0674072646305246
15,4,touch_unique_app_count,1.0822045683522479,0.08220456835224788
15,5,app_foreground_event_count,1.1931573438677314,0.19315734386773142
15,5,app_use_diversity,1.1316306114812071,0.13163061148120714
15,5,unique_foreground_apps,1.046439766098075,0.0464397660980751
15,5,gsm_cell_transition_count,1.0811670984032489,0.08116709840324887
15,5,unique_gsm_cell_count,1.1255076838844529,0.12550768388445288
15,5,unique_gsm_lac_count,1.0775751986827518,0.07757519868275176
15,5,keyboard_deletion_event_count,1.0317479188737275,0.03174791887372752
15,5,keyboard_inter_event_interval_iqr_ms,1.165148757038367,0.16514875703836696
15,5,keyboard_long_pause_count_2s,1.0129494117576787,0.01294941175767872
15,5,keyboard_median_inter_event_interval_ms,1.309642909940406,0.3096429099404061
15,5,keyboard_typing_burst_count,1.12776321248829,0.12776321248828992
15,5,message_distinct_event_count,1.173814481784471,0.1738144817844709
15,5,outgoing_message_count,1.0053727584739023,0.005372758473902284
15,5,activity_active_hour_count,1.2130060597851506,0.21300605978515064
15,5,activity_state_diversity,1.099795806390157,0.09979580639015695
15,5,activity_still_fraction,1.1123067454179583,0.11230674541795826
15,5,activity_transition_count,1.0130135321714,0.0130135321714
15,5,activity_unknown_fraction,1.0967166892719156,0.09671668927191557
15,5,median_unlocked_session_duration_seconds,1.051474860987706,0.05147486098770604
15,5,night_screen_event_count,1.028360977161667,0.028360977161667078
15,5,screen_active_hour_count,1.0780583704576283,0.07805837045762831
15,5,screen_event_count,1.1677632653054406,0.1677632653054406
15,5,screen_off_event_count,1.1224251658578752,0.12242516585787522
15,5,screen_on_event_count,1.157359090621699,0.15735909062169906
15,5,screen_transition_count,1.1001863709633812,0.10018637096338123
15,5,screen_unlock_event_count,1.2484522383075638,0.2484522383075638
15,5,telephony_event_count,1.1526593855464888,0.15265938554648883
15,5,telephony_mobile_data_enabled_fraction,1.3272411435214726,0.3272411435214726
15,5,telephony_network_type_diversity,1.1571869878639731,0.15718698786397312
15,5,touch_active_hour_count,1.0311093418052097,0.031109341805209745
15,5,touch_app_diversity,1.0410459046901115,0.04104590469011149
15,5,touch_click_event_count,1.0269741750861343,0.02697417508613431
15,5,touch_distinct_event_count,1.0603201485772482,0.06032014857724821
15,5,touch_scroll_direction_change_count,1.0525899994861183,0.05258999948611831
15,5,touch_scroll_event_count,1.0803209614178553,0.08032096141785527
15,5,touch_scroll_index_change_median,1.1394247475410064,0.13942474754100642
15,5,touch_unique_app_count,1.0379946912088172,0.037994691208817155
16,1,app_foreground_event_count,1.297856901012559,0.2978569010125589
16,1,app_use_diversity,1.3205177346891608,0.3205177346891608
16,1,unique_foreground_apps,1.2811195438640546,0.2811195438640546
16,1,gsm_cell_transition_count,1.1926553429793991,0.19265534297939912
16,1,unique_gsm_cell_count,1.2628609951353644,0.26286099513536443
16,1,unique_gsm_lac_count,1.1439520056347021,0.14395200563470212
16,1,keyboard_deletion_event_count,1.103857218323527,0.1038572183235269
16,1,keyboard_inter_event_interval_iqr_ms,1.096000001490423,0.09600000149042298
16,1,keyboard_long_pause_count_2s,1.1404177841684846,0.1404177841684846
16,1,keyboard_median_inter_event_interval_ms,1.1343835919464729,0.13438359194647287
16,1,keyboard_typing_burst_count,1.0840817340189242,0.08408173401892416
16,1,message_distinct_event_count,1.0235520025603404,0.0235520025603404
16,1,outgoing_message_count,1.0198126119301114,0.019812611930111412
16,1,activity_active_hour_count,1.1151775184844646,0.11517751848446456
16,1,activity_state_diversity,1.0076565491555123,0.007656549155512282
16,1,activity_still_fraction,1.00150396501269,0.0015039650126900117
16,1,activity_transition_count,1.0322332555160032,0.0322332555160032
16,1,activity_unknown_fraction,1.031959256519661,0.03195925651966092
16,1,median_unlocked_session_duration_seconds,1.0932116497637598,0.09321164976375984
16,1,night_screen_event_count,1.0564632309683073,0.0564632309683073
16,1,screen_active_hour_count,1.052955225054298,0.05295522505429795
16,1,screen_event_count,1.1492034188473315,0.14920341884733146
16,1,screen_off_event_count,1.1205549622763538,0.12055496227635376
16,1,screen_on_event_count,1.1376314830384031,0.1376314830384031
16,1,screen_transition_count,1.036159419500081,0.03615941950008095
16,1,screen_unlock_event_count,1.2150868786104814,0.21508687861048137
16,1,telephony_event_count,1.2208644544185092,0.22086445441850922
16,1,telephony_mobile_data_enabled_fraction,1.3169724164437806,0.3169724164437806
16,1,telephony_network_type_diversity,1.170940526704105,0.1709405267041051
16,1,touch_active_hour_count,1.1021371112096285,0.10213711120962854
16,1,touch_app_diversity,1.1171199721161784,0.11711997211617842
16,1,touch_click_event_count,1.1210372691203452,0.12103726912034518
16,1,touch_distinct_event_count,1.1063969413729413,0.10639694137294131
16,1,touch_scroll_direction_change_count,1.1526193575224482,0.15261935752244815
16,1,touch_scroll_event_count,1.0917607659782322,0.09176076597823224
16,1,touch_scroll_index_change_median,1.0278034456389689,0.02780344563896886
16,1,touch_unique_app_count,1.1935142190300445,0.1935142190300445
16,2,app_foreground_event_count,1.1921337942035843,0.19213379420358434
16,2,app_use_diversity,1.1185602933867598,0.11856029338675977
16,2,unique_foreground_apps,1.047397380003194,0.047397380003193934
16,2,gsm_cell_transition_count,1.0311708904524246,0.031170890452424604
16,2,unique_gsm_cell_count,1.0904358784687436,0.09043587846874357
16,2,unique_gsm_lac_count,1.0455806106682335,0.04558061066823349
16,2,keyboard_deletion_event_count,1.0818705941573445,0.08187059415734455
16,2,keyboard_inter_event_interval_iqr_ms,1.0913038763387517,0.0913038763387517
16,2,keyboard_long_pause_count_2s,1.0098105890829299,0.009810589082929866
16,2,keyboard_median_inter_event_interval_ms,1.2269630602209713,0.22696306022097135
16,2,keyboard_typing_burst_count,1.1347310379906572,0.13473103799065722
16,2,message_distinct_event_count,1.1285139840052036,0.12851398400520364
16,2,outgoing_message_count,1.084458419905967,0.08445841990596703
16,2,activity_active_hour_count,1.2488464609778474,0.24884646097784735
16,2,activity_state_diversity,1.004807224742409,0.004807224742408911
16,2,activity_still_fraction,1.016783605459046,0.016783605459046003
16,2,activity_transition_count,1.086474470510846,0.086474470510846
16,2,activity_unknown_fraction,1.0602431401245225,0.060243140124522476
16,2,median_unlocked_session_duration_seconds,1.0056988383289387,0.0056988383289386935
16,2,night_screen_event_count,1.0687612229695747,0.06876122296957465
16,2,screen_active_hour_count,1.1559507018380442,0.15595070183804416
16,2,screen_event_count,1.1205542484688167,0.12055424846881668
16,2,screen_off_event_count,1.063680118474639,0.06368011847463895
16,2,screen_on_event_count,1.1029444821309986,0.1029444821309986
16,2,screen_transition_count,1.1483102392596727,0.14831023925967268
16,2,screen_unlock_event_count,1.2085999894219073,0.20859998942190727
16,2,telephony_event_count,1.080223414134506,0.08022341413450595
16,2,telephony_mobile_data_enabled_fraction,1.317285032852511,0.317285032852511
16,2,telephony_network_type_diversity,1.076595475899932,0.0765954758999321
16,2,touch_active_hour_count,1.1297627833510449,0.12976278335104485
16,2,touch_app_diversity,1.0075041489480288,0.007504148948028755
16,2,touch_click_event_count,1.0344180677712478,0.034418067771247784
16,2,touch_distinct_event_count,1.0641832778066231,0.06418327780662314
16,2,touch_scroll_direction_change_count,1.0518490278684085,0.051849027868408504
16,2,touch_scroll_event_count,1.0814662482039763,0.0814662482039763
16,2,touch_scroll_index_change_median,1.1344421002192135,0.13444210021921355
16,2,touch_unique_app_count,1.0356852911765735,0.035685291176573486
16,3,app_foreground_event_count,1.0942643077497423,0.09426430774974226
16,3,app_use_diversity,1.1693171397352706,0.16931713973527063
16,3,unique_foreground_apps,1.0400111418439923,0.04001114184399235
16,3,gsm_cell_transition_count,1.0241131012693605,0.024113101269360504
16,3,unique_gsm_cell_count,1.0638025708668166,0.06380257086681662
16,3,unique_gsm_lac_count,1.0163338972361917,0.01633389723619172
16,3,keyboard_deletion_event_count,1.1671681923905846,0.16716819239058456
16,3,keyboard_inter_event_interval_iqr_ms,1.2017099573232322,0.20170995732323216
16,3,keyboard_long_pause_count_2s,1.1266865976674891,0.12668659766748913
16,3,keyboard_median_inter_event_interval_ms,1.2095388612116797,0.20953886121167975
16,3,keyboard_typing_burst_count,1.1269148727502598,0.1269148727502598
16,3,message_distinct_event_count,1.0922047756315088,0.09220477563150875
16,3,outgoing_message_count,1.0099836731300755,0.009983673130075532
16,3,activity_active_hour_count,1.2771401826201494,0.2771401826201494
16,3,activity_state_diversity,1.1146949532280308,0.1146949532280308
16,3,activity_still_fraction,1.1002994557955097,0.1002994557955097
16,3,activity_transition_count,1.0533436763665842,0.053343676366584214
16,3,activity_unknown_fraction,1.0023090522197526,0.0023090522197526386
16,3,median_unlocked_session_duration_seconds,1.0584019521965018,0.058401952196501794
16,3,night_screen_event_count,1.215639589419233,0.2156395894192329
16,3,screen_active_hour_count,1.227773997399489,0.227773997399489
16,3,screen_event_count,1.0647741457988278,0.06477414579882779
16,3,screen_off_event_count,1.1004683282695424,0.10046832826954244
16,3,screen_on_event_count,1.0944795770239668,0.09447957702396681
16,3,screen_transition_count,1.2069596145321586,0.2069596145321586
16,3,screen_unlock_event_count,1.027142051477582,0.027142051477581974
16,3,telephony_event_count,1.030613533579335,0.03061353357933494
16,3,telephony_mobile_data_enabled_fraction,1.2194395140004797,0.21943951400047967
16,3,telephony_network_type_diversity,1.1718670096854198,0.1718670096854198
16,3,touch_active_hour_count,1.1260921375712694,0.12609213757126936
16,3,touch_app_diversity,1.0619027040265865,0.061902704026586486
16,3,touch_click_event_count,1.0678832994917808,0.06788329949178085
16,3,touch_distinct_event_count,1.1269570647895797,0.1269570647895797
16,3,touch_scroll_direction_change_count,1.0855482880586773,0.08554828805867731
16,3,touch_scroll_event_count,1.1591307484018505,0.15913074840185049
16,3,touch_scroll_index_change_median,1.2401459371838586,0.24014593718385857
16,3,touch_unique_app_count,1.0867181668691257,0.0867181668691257
16,4,app_foreground_event_count,1.2776792203206064,0.27767922032060643
16,4,app_use_diversity,1.1751471661206205,0.17514716612062053
16,4,unique_foreground_apps,1.1488185882166762,0.14881858821667615
16,4,gsm_cell_transition_count,1.226182852710818,0.22618285271081806
16,4,unique_gsm_cell_count,1.2858739914823243,0.2858739914823243
16,4,unique_gsm_lac_count,1.1985177053253118,0.19851770532531177
16,4,keyboard_deletion_event_count,1.0215956620945685,0.021595662094568535
16,4,keyboard_inter_event_interval_iqr_ms,1.0937870424759784,0.09378704247597835
16,4,keyboard_long_pause_count_2s,1.0653313294402105,0.06533132944021047
16,4,keyboard_median_inter_event_interval_ms,1.288200769195545,0.28820076919554505
16,4,keyboard_typing_burst_count,1.0292728484353573,0.029272848435357268
16,4,message_distinct_event_count,1.0719318996621328,0.07193189966213276
16,4,outgoing_message_count,1.164942867930675,0.16494286793067503
16,4,activity_active_hour_count,1.196523198659239,0.19652319865923906
16,4,activity_state_diversity,1.0654180054847153,0.06541800548471532
16,4,activity_still_fraction,1.0467906214778346,0.04679062147783464
16,4,activity_transition_count,1.1096300095433806,0.10963000954338065
16,4,activity_unknown_fraction,1.0545491832568472,0.05454918325684721
16,4,median_unlocked_session_duration_seconds,1.0813550763356012,0.08135507633560124
16,4,night_screen_event_count,1.0057252254196325,0.005725225419632496
16,4,screen_active_hour_count,1.0123460860411237,0.01234608604112375
16,4,screen_event_count,1.1572917178255726,0.1572917178255726
16,4,screen_off_event_count,1.1291833460455216,0.12918334604552162
16,4,screen_on_event_count,1.132790976845298,0.13279097684529795
16,4,screen_transition_count,1.0185725398775118,0.01857253987751184
16,4,screen_unlock_event_count,1.2269220797250613,0.2269220797250613
16,4,telephony_event_count,1.130769888234754,0.1307698882347541
16,4,telephony_mobile_data_enabled_fraction,1.4312856481495335,0.4312856481495335
16,4,telephony_network_type_diversity,1.1575596943008037,0.15755969430080374
16,4,touch_active_hour_count,1.0139138340235239,0.013913834023523863
16,4,touch_app_diversity,1.1043801233312942,0.1043801233312942
16,4,touch_click_event_count,1.0996669940711072,0.09966699407110724
16,4,touch_distinct_event_count,1.0711464983207921,0.07114649832079212
16,4,touch_scroll_direction_change_count,1.0843817886454306,0.08438178864543056
16,4,touch_scroll_event_count,1.0465771555163421,0.04657715551634212
16,4,touch_scroll_index_change_median,1.025277216448732,0.025277216448732043
16,4,touch_unique_app_count,1.1239716078365702,0.12397160783657024
16,5,app_foreground_event_count,1.1285432048434914,0.12854320484349135
16,5,app_use_diversity,1.0872545468260086,0.08725454682600864
16,5,unique_foreground_apps,1.0471559283139147,0.047155928313914686
16,5,gsm_cell_transition_count,1.0007139732455093,0.0007139732455092584
16,5,unique_gsm_cell_count,1.0377969227905508,0.0377969227905508
16,5,unique_gsm_lac_count,1.0339891379003412,0.03398913790034119
16,5,keyboard_deletion_event_count,1.0141077863699912,0.014107786369991215
16,5,keyboard_inter_event_interval_iqr_ms,1.0989389087159123,0.09893890871591227
16,5,keyboard_long_pause_count_2s,1.1190970247525753,0.11909702475257533
16,5,keyboard_median_inter_event_interval_ms,1.148069973088507,0.1480699730885069
16,5,keyboard_typing_burst_count,1.0057109907685944,0.005710990768594382
16,5,message_distinct_event_count,1.1496511489657608,0.14965114896576082
16,5,outgoing_message_count,1.0663052946575768,0.06630529465757684
16,5,activity_active_hour_count,1.1021612653863573,0.10216126538635728
16,5,activity_state_diversity,1.0745158419834138,0.07451584198341377
16,5,activity_still_fraction,1.0421683820880476,0.04216838208804763
16,5,activity_transition_count,1.051665181436086,0.051665181436086005
16,5,activity_unknown_fraction,1.10640952989628,0.10640952989627994
16,5,median_unlocked_session_duration_seconds,1.029497718666809,0.02949771866680906
16,5,night_screen_event_count,1.0420729699290459,0.042072969929045856
16,5,screen_active_hour_count,1.1084329847466625,0.10843298474666252
16,5,screen_event_count,1.1633255014155817,0.16332550141558166
16,5,screen_off_event_count,1.1157679779654015,0.1157679779654015
16,5,screen_on_event_count,1.153409828289122,0.15340982828912209
16,5,screen_transition_count,1.096736030536422,0.09673603053642199
16,5,screen_unlock_event_count,1.2312517221004236,0.23125172210042355
16,5,telephony_event_count,1.0621201564362268,0.062120156436226814
16,5,telephony_mobile_data_enabled_fraction,1.3351974757731595,0.3351974757731595
16,5,telephony_network_type_diversity,1.0116449279730844,0.011644927973084362
16,5,touch_active_hour_count,1.0747114765871748,0.07471147658717481
16,5,touch_app_diversity,1.039533791896648,0.039533791896648074
16,5,touch_click_event_count,1.0795406031420014,0.0795406031420014
16,5,touch_distinct_event_count,1.0931796354971461,0.09317963549714614
16,5,touch_scroll_direction_change_count,1.061266151182641,0.06126615118264089
16,5,touch_scroll_event_count,1.1123089407219724,0.1123089407219724
16,5,touch_scroll_index_change_median,1.035609519628184,0.03560951962818404
16,5,touch_unique_app_count,1.0562754532378742,0.056275453237874196
17,1,app_foreground_event_count,1.2659911643481871,0.26599116434818715
17,1,app_use_diversity,1.1673549752217787,0.16735497522177867
17,1,unique_foreground_apps,1.133636165347605,0.13363616534760503
17,1,gsm_cell_transition_count,1.1274111477954583,0.12741114779545826
17,1,unique_gsm_cell_count,1.1550736948771443,0.15507369487714429
17,1,unique_gsm_lac_count,1.0232238164678362,0.023223816467836222
17,1,keyboard_deletion_event_count,1.01926513842803,0.019265138428030015
17,1,keyboard_inter_event_interval_iqr_ms,1.0371112467650914,0.037111246765091366
17,1,keyboard_long_pause_count_2s,1.1412996983354093,0.14129969833540934
17,1,keyboard_median_inter_event_interval_ms,1.1833863311405728,0.1833863311405728
17,1,keyboard_typing_burst_count,1.0045009836485657,0.00450098364856566
17,1,message_distinct_event_count,1.048167826461135,0.04816782646113493
17,1,outgoing_message_count,1.0691872672218465,0.06918726722184654
17,1,activity_active_hour_count,1.1630754146595206,0.16307541465952058
17,1,activity_state_diversity,1.0052984676412664,0.005298467641266402
17,1,activity_still_fraction,1.0448654418256882,0.04486544182568819
17,1,activity_transition_count,1.0003049477779147,0.000304947777914677
17,1,activity_unknown_fraction,1.0638103225286337,0.06381032252863372
17,1,median_unlocked_session_duration_seconds,1.1885658994396353,0.1885658994396353
17,1,night_screen_event_count,1.0820158036944365,0.0820158036944365
17,1,screen_active_hour_count,1.0877554095870927,0.08775540958709271
17,1,screen_event_count,1.0925013981187408,0.09250139811874081
17,1,screen_off_event_count,1.0539209496236241,0.05392094962362415
17,1,screen_on_event_count,1.0778555451837948,0.07785554518379478
17,1,screen_transition_count,1.073365202501339,0.07336520250133893
17,1,screen_unlock_event_count,1.1892047915793504,0.18920479157935044
17,1,telephony_event_count,1.0996054663111903,0.09960546631119027
17,1,telephony_mobile_data_enabled_fraction,1.408157553949714,0.408157553949714
17,1,telephony_network_type_diversity,1.1509325541899165,0.15093255418991647
17,1,touch_active_hour_count,1.0465167104424309,0.046516710442430886
17,1,touch_app_diversity,1.1553492918751658,0.15534929187516577
17,1,touch_click_event_count,1.099440916392489,0.09944091639248898
17,1,touch_distinct_event_count,1.086741756036833,0.0867417560368331
17,1,touch_scroll_direction_change_count,1.094657949027095,0.0946579490270949
17,1,touch_scroll_event_count,1.0548272399300835,0.05482723993008354
17,1,touch_scroll_index_change_median,1.1839600840631939,0.18396008406319386
17,1,touch_unique_app_count,1.0269844491007756,0.026984449100775576
17,2,app_foreground_event_count,1.1928792525819047,0.19287925258190475
17,2,app_use_diversity,1.1625747489414946,0.1625747489414946
17,2,unique_foreground_apps,1.1212785660173805,0.12127856601738052
17,2,gsm_cell_transition_count,1.0307268401821148,0.0307268401821148
17,2,unique_gsm_cell_count,1.1022793729194738,0.10227937291947375
17,2,unique_gsm_lac_count,1.0356554664058324,0.03565546640583239
17,2,keyboard_deletion_event_count,1.0122183903098234,0.012218390309823413
17,2,keyboard_inter_event_interval_iqr_ms,1.1135598747328588,0.11355987473285878
17,2,keyboard_long_pause_count_2s,1.0220778465110312,0.022077846511031174
17,2,keyboard_median_inter_event_interval_ms,1.2276477936148433,0.22764779361484333
17,2,keyboard_typing_burst_count,1.0038926549719291,0.0038926549719291437
17,2,message_distinct_event_count,1.0368779526459004,0.036877952645900436
17,2,outgoing_message_count,1.004416797098623,0.004416797098623082
17,2,activity_active_hour_count,1.1242249428649105,0.12422494286491048
17,2,activity_state_diversity,1.0178425853818556,0.01784258538185557
17,2,activity_still_fraction,1.0190731085116387,0.01907310851163868
17,2,activity_transition_count,1.0273641789726093,0.027364178972609343
17,2,activity_unknown_fraction,1.0886591915008759,0.08865919150087587
17,2,median_unlocked_session_duration_seconds,1.065762393461382,0.06576239346138202
17,2,night_screen_event_count,1.0653434475657118,0.06534344756571175
17,2,screen_active_hour_count,1.0385622748495624,0.03856227484956243
17,2,screen_event_count,1.1650641500338481,0.1650641500338481
17,2,screen_off_event_count,1.1245414821767727,0.12454148217677274
17,2,screen_on_event_count,1.1470029523141387,0.14700295231413874
17,2,screen_transition_count,1.0549012158992606,0.05490121589926056
17,2,screen_unlock_event_count,1.2073268750145458,0.20732687501454583
17,2,telephony_event_count,1.1780594355182268,0.17805943551822678
17,2,telephony_mobile_data_enabled_fraction,1.312168650934253,0.31216865093425294
17,2,telephony_network_type_diversity,1.0322713736460003,0.0322713736460003
17,2,touch_active_hour_count,1.010624855941986,0.010624855941985922
17,2,touch_app_diversity,1.0853596942838284,0.08535969428382839
17,2,touch_click_event_count,1.0051772346066612,0.005177234606661196
17,2,touch_distinct_event_count,1.0440523866506,0.04405238665059996
17,2,touch_scroll_direction_change_count,1.0098560671928976,0.009856067192897555
17,2,touch_scroll_event_count,1.064903672872615,0.06490367287261489
17,2,touch_scroll_index_change_median,1.0738984173758768,0.07389841737587677
17,2,touch_unique_app_count,1.030824306355636,0.030824306355635933
17,3,app_foreground_event_count,1.2526255610442976,0.25262556104429756
17,3,app_use_diversity,1.1722672265518606,0.17226722655186055
17,3,unique_foreground_apps,1.1728619778123912,0.1728619778123912
17,3,gsm_cell_transition_count,1.1573238266132475,0.1573238266132475
17,3,unique_gsm_cell_count,1.24870367112075,0.24870367112074998
17,3,unique_gsm_lac_count,1.159229126715419,0.1592291267154189
17,3,keyboard_deletion_event_count,1.0777126333386278,0.07771263333862777
17,3,keyboard_inter_event_interval_iqr_ms,1.092575460316068,0.092575460316068
17,3,keyboard_long_pause_count_2s,1.0180185709445353,0.018018570944535295
17,3,keyboard_median_inter_event_interval_ms,1.1477722849401846,0.14777228494018457
17,3,keyboard_typing_burst_count,1.091802708585186,0.09180270858518602
17,3,message_distinct_event_count,1.016817292191082,0.01681729219108208
17,3,outgoing_message_count,1.1635462444103435,0.1635462444103435
17,3,activity_active_hour_count,1.1980734967763287,0.19807349677632868
17,3,activity_state_diversity,1.1513304992354347,0.15133049923543473
17,3,activity_still_fraction,1.1353732855269474,0.13537328552694738
17,3,activity_transition_count,1.146671148564701,0.14667114856470098
17,3,activity_unknown_fraction,1.1428842817230669,0.14288428172306689
17,3,median_unlocked_session_duration_seconds,1.036332313203799,0.03633231320379893
17,3,night_screen_event_count,1.0547588844596278,0.05475888445962784
17,3,screen_active_hour_count,1.0508938488740016,0.05089384887400161
17,3,screen_event_count,1.1703564078878619,0.17035640788786188
17,3,screen_off_event_count,1.1320911883010738,0.1320911883010738
17,3,screen_on_event_count,1.1609188689842072,0.16091886898420715
17,3,screen_transition_count,1.0142769465126744,0.014276946512674416
17,3,screen_unlock_event_count,1.2210612461754131,0.22106124617541312
17,3,telephony_event_count,1.1076673540330901,0.10766735403309013
17,3,telephony_mobile_data_enabled_fraction,1.3311829090223657,0.3311829090223657
17,3,telephony_network_type_diversity,1.15571368527108,0.1557136852710801
17,3,touch_active_hour_count,1.0148168153566048,0.01481681535660484
17,3,touch_app_diversity,1.0994567811626033,0.09945678116260326
17,3,touch_click_event_count,1.0411337514730046,0.041133751473004576
17,3,touch_distinct_event_count,1.0474801770211963,0.047480177021196335
17,3,touch_scroll_direction_change_count,1.0653532836378894,0.06535328363788939
17,3,touch_scroll_event_count,1.0266854736154802,0.026685473615480237
17,3,touch_scroll_index_change_median,1.0120278831807474,0.012027883180747434
17,3,touch_unique_app_count,1.1444863126049682,0.14448631260496825
17,4,app_foreground_event_count,1.1683090955263642,0.1683090955263642
17,4,app_use_diversity,1.2163048262778233,0.21630482627782333
17,4,unique_foreground_apps,1.1150962792584862,0.1150962792584862
17,4,gsm_cell_transition_count,1.0399506976597361,0.039950697659736134
17,4,unique_gsm_cell_count,1.072373565127282,0.0723735651272821
17,4,unique_gsm_lac_count,1.050664762913373,0.05066476291337296
17,4,keyboard_deletion_event_count,1.0575787749955834,0.05757877499558339
17,4,keyboard_inter_event_interval_iqr_ms,1.2153988515293825,0.21539885152938254
17,4,keyboard_long_pause_count_2s,1.071464013148758,0.07146401314875805
17,4,keyboard_median_inter_event_interval_ms,1.2983663449131617,0.2983663449131617
17,4,keyboard_typing_burst_count,1.006093882781075,0.006093882781075033
17,4,message_distinct_event_count,1.0042905762566532,0.004290576256653189
17,4,outgoing_message_count,1.0513448825483824,0.05134488254838243
17,4,activity_active_hour_count,1.2136233969461627,0.21362339694616272
17,4,activity_state_diversity,1.0666731497889443,0.06667314978894434
17,4,activity_still_fraction,1.0436924676302854,0.04369246763028545
17,4,activity_transition_count,1.016692867553087,0.016692867553087076
17,4,activity_unknown_fraction,1.0084597433616502,0.00845974336165023
17,4,median_unlocked_session_duration_seconds,1.0300793002537985,0.030079300253798458
17,4,night_screen_event_count,1.0327690455160963,0.032769045516096273
17,4,screen_active_hour_count,1.1043675592017415,0.10436755920174146
17,4,screen_event_count,1.0335656164911238,0.03356561649112377
17,4,screen_off_event_count,1.011322554409297,0.01132255440929697
17,4,screen_on_event_count,1.0184598346952367,0.01845983469523671
17,4,screen_transition_count,1.0676409513443932,0.06764095134439319
17,4,screen_unlock_event_count,1.1528284184764792,0.1528284184764792
17,4,telephony_event_count,1.0959936473372618,0.09599364733726179
17,4,telephony_mobile_data_enabled_fraction,1.28845489023057,0.2884548902305699
17,4,telephony_network_type_diversity,1.0894973015215108,0.08949730152151081
17,4,touch_active_hour_count,1.1268359531602963,0.12683595316029628
17,4,touch_app_diversity,1.0419672974453618,0.04196729744536176
17,4,touch_click_event_count,1.006276150650496,0.006276150650496026
17,4,touch_distinct_event_count,1.0477969432192542,0.047796943219254207
17,4,touch_scroll_direction_change_count,1.0006484305580774,0.0006484305580773952
17,4,touch_scroll_event_count,1.0638515894826108,0.06385158948261083
17,4,touch_scroll_index_change_median,1.0866788226626947,0.08667882266269467
17,4,touch_unique_app_count,1.0059009726266315,0.005900972626631473
17,5,app_foreground_event_count,1.1218499262976886,0.12184992629768865
17,5,app_use_diversity,1.1539857275085614,0.15398572750856143
17,5,unique_foreground_apps,1.052922683759908,0.05292268375990794
17,5,gsm_cell_transition_count,1.1195975376578189,0.11959753765781889
17,5,unique_gsm_cell_count,1.1639153886641846,0.16391538866418465
17,5,unique_gsm_lac_count,1.0949049032138392,0.09490490321383915
17,5,keyboard_deletion_event_count,1.0916109358479413,0.09161093584794133
17,5,keyboard_inter_event_interval_iqr_ms,1.067729609232093,0.06772960923209292
17,5,keyboard_long_pause_count_2s,1.008475138819371,0.008475138819370898
17,5,keyboard_median_inter_event_interval_ms,1.131378686195893,0.131378686195893
17,5,keyboard_typing_burst_count,1.0944899531472934,0.09448995314729336
17,5,message_distinct_event_count,1.222689385533132,0.222689385533132
17,5,outgoing_message_count,1.0543360323797517,0.05433603237975171
17,5,activity_active_hour_count,1.2392935985542728,0.2392935985542728
17,5,activity_state_diversity,1.1050346931043962,0.10503469310439617
17,5,activity_still_fraction,1.0692142055113576,0.0692142055113576
17,5,activity_transition_count,1.0412728796817294,0.041272879681729435
17,5,activity_unknown_fraction,1.0471340194568703,0.047134019456870346
17,5,median_unlocked_session_duration_seconds,1.0329493798088636,0.03294937980886359
17,5,night_screen_event_count,1.1340201026631045,0.1340201026631045
17,5,screen_active_hour_count,1.1543565896615298,0.15435658966152976
17,5,screen_event_count,1.0663825104706657,0.06638251047066568
17,5,screen_off_event_count,1.0134202081386774,0.013420208138677392
17,5,screen_on_event_count,1.0348443353300614,0.03484433533006137
17,5,screen_transition_count,1.1689599855284354,0.16895998552843539
17,5,screen_unlock_event_count,1.1402985560113614,0.14029855601136143
17,5,telephony_event_count,1.1581043208507087,0.1581043208507087
17,5,telephony_mobile_data_enabled_fraction,1.2707825537737556,0.2707825537737556
17,5,telephony_network_type_diversity,1.1681098860176937,0.16810988601769372
17,5,touch_active_hour_count,1.069492963904437,0.06949296390443704
17,5,touch_app_diversity,1.0037560810286765,0.003756081028676528
17,5,touch_click_event_count,1.081164864341143,0.0811648643411429
17,5,touch_distinct_event_count,1.1059646110146562,0.10596461101465615
17,5,touch_scroll_direction_change_count,1.0795060216370689,0.07950602163706888
17,5,touch_scroll_event_count,1.1286373721158063,0.12863737211580628
17,5,touch_scroll_index_change_median,1.1687167294032879,0.16871672940328786
17,5,touch_unique_app_count,1.049983045494785,0.04998304549478494
18,1,app_foreground_event_count,1.2657160559032588,0.26571605590325875
18,1,app_use_diversity,1.174482892107426,0.17448289210742596
18,1,unique_foreground_apps,1.216103100088221,0.21610310008822098
18,1,gsm_cell_transition_count,1.1329720312386484,0.13297203123864842
18,1,unique_gsm_cell_count,1.2163774364042907,0.21637743640429075
18,1,unique_gsm_lac_count,1.1217042550782113,0.12170425507821125
18,1,keyboard_deletion_event_count,1.0272667397810282,0.027266739781028226
18,1,keyboard_inter_event_interval_iqr_ms,1.014494663454339,0.01449466345433903
18,1,keyboard_long_pause_count_2s,1.104216242758507,0.10421624275850694
18,1,keyboard_median_inter_event_interval_ms,1.1034425964531354,0.10344259645313536
18,1,keyboard_typing_burst_count,1.0230731552152568,0.02307315521525677
18,1,message_distinct_event_count,1.1115365469324936,0.1115365469324936
18,1,outgoing_message_count,1.0503498127973443,0.050349812797344295
18,1,activity_active_hour_count,1.1147724438404696,0.11477244384046958
18,1,activity_state_diversity,1.064328751684674,0.064328751684674
18,1,activity_still_fraction,1.0374860196300484,0.037486019630048384
18,1,activity_transition_count,1.0100120867039075,0.010012086703907519
18,1,activity_unknown_fraction,1.0568243319704775,0.05682433197047754
18,1,median_unlocked_session_duration_seconds,1.0261512658007834,0.02615126580078342
18,1,night_screen_event_count,1.035287209572042,0.03528720957204201
18,1,screen_active_hour_count,1.032484314027324,0.0324843140273241
18,1,screen_event_count,1.0597152679211357,0.059715267921135684
18,1,screen_off_event_count,1.020168871615866,0.02016887161586589
18,1,screen_on_event_count,1.0576653568883618,0.05766535688836183
18,1,screen_transition_count,1.0081013178039675,0.0081013178039675
18,1,screen_unlock_event_count,1.1566452459183694,0.15664524591836937
18,1,telephony_event_count,1.030415095824843,0.03041509582484303
18,1,telephony_mobile_data_enabled_fraction,1.2964550273606377,0.29645502736063767
18,1,telephony_network_type_diversity,1.076506432184201,0.07650643218420106
18,1,touch_active_hour_count,1.0434699294681549,0.043469929468154866
18,1,touch_app_diversity,1.0816885178814768,0.0816885178814768
18,1,touch_click_event_count,1.0944651221084774,0.09446512210847735
18,1,touch_distinct_event_count,1.0855784473044041,0.08557844730440411
18,1,touch_scroll_direction_change_count,1.0736412351048268,0.07364123510482679
18,1,touch_scroll_event_count,1.0352511766807457,0.03525117668074573
18,1,touch_scroll_index_change_median,1.0491542247668522,0.04915422476685216
18,1,touch_unique_app_count,1.1422491981549943,0.14224919815499426
18,2,app_foreground_event_count,1.210650443736542,0.21065044373654196
18,2,app_use_diversity,1.2136924507935842,0.21369245079358423
18,2,unique_foreground_apps,1.1453525866061174,0.14535258660611738
18,2,gsm_cell_transition_count,1.1462424902607482,0.1462424902607482
18,2,unique_gsm_cell_count,1.1909737610822548,0.19097376108225483
18,2,unique_gsm_lac_count,1.1215381383918686,0.12153813839186856
18,2,keyboard_deletion_event_count,1.0679473042837913,0.06794730428379125
18,2,keyboard_inter_event_interval_iqr_ms,1.1725775625293768,0.17257756252937684
18,2,keyboard_long_pause_count_2s,1.0840861459751294,0.08408614597512942
18,2,keyboard_median_inter_event_interval_ms,1.2470083893176704,0.24700838931767044
18,2,keyboard_typing_burst_count,1.0376426483589163,0.037642648358916286
18,2,message_distinct_event_count,1.0040779813075742,0.004077981307574197
18,2,outgoing_message_count,1.0957324591819317,0.09573245918193174
18,2,activity_active_hour_count,1.1289794513514384,0.1289794513514384
18,2,activity_state_diversity,1.030481924306888,0.030481924306887898
18,2,activity_still_fraction,1.0786451182261128,0.07864511822611275
18,2,activity_transition_count,1.0479593180009683,0.04795931800096831
18,2,activity_unknown_fraction,1.076248648625763,0.07624864862576297
18,2,median_unlocked_session_duration_seconds,1.1056420357664634,0.10564203576646336
18,2,night_screen_event_count,1.0736531133450746,0.07365311334507463
18,2,screen_active_hour_count,1.0654367376246694,0.0654367376246694
18,2,screen_event_count,1.102291201422267,0.102291201422267
18,2,screen_off_event_count,1.0792051692482836,0.07920516924828358
18,2,screen_on_event_count,1.0871184233791924,0.0871184233791924
18,2,screen_transition_count,1.0762700091579032,0.07627000915790316
18,2,screen_unlock_event_count,1.1926133843954918,0.1926133843954918
18,2,telephony_event_count,1.1371434418990043,0.1371434418990043
18,2,telephony_mobile_data_enabled_fraction,1.2752540137361914,0.2752540137361914
18,2,telephony_network_type_diversity,1.1377246916191894,0.13772469161918943
18,2,touch_active_hour_count,1.017189711816206,0.0171897118162061
18,2,touch_app_diversity,1.0253883542561495,0.025388354256149492
18,2,touch_click_event_count,1.0381602272701367,0.03816022727013668
18,2,touch_distinct_event_count,1.0091683662921758,0.009168366292175767
18,2,touch_scroll_direction_change_count,1.081580802414206,0.08158080241420596
18,2,touch_scroll_event_count,1.0035263619407273,0.0035263619407273072
18,2,touch_scroll_index_change_median,1.1252898775863154,0.12528987758631538
18,2,touch_unique_app_count,1.0474445485638009,0.04744454856380087
18,3,app_foreground_event_count,1.130894188206843,0.13089418820684307
18,3,app_use_diversity,1.125088053309214,0.12508805330921402
18,3,unique_foreground_apps,1.0371335905654229,0.03713359056542287
18,3,gsm_cell_transition_count,1.0933734473383874,0.09337344733838737
18,3,unique_gsm_cell_count,1.1263456201776765,0.12634562017767648
18,3,unique_gsm_lac_count,1.0152582998947453,0.015258299894745253
18,3,keyboard_deletion_event_count,1.0521948930994094,0.05219489309940939
18,3,keyboard_inter_event_interval_iqr_ms,1.1185508892522857,0.11855088925228574
18,3,keyboard_long_pause_count_2s,1.03831635918802,0.03831635918802001
18,3,keyboard_median_inter_event_interval_ms,1.1782907498951607,0.1782907498951607
18,3,keyboard_typing_burst_count,1.0583763766582224,0.05837637665822237
18,3,message_distinct_event_count,1.006520003055263,0.006520003055263013
18,3,outgoing_message_count,1.200291108823164,0.20029110882316403
18,3,activity_active_hour_count,1.1950389811280155,0.19503898112801554
18,3,activity_state_diversity,1.1361383607662903,0.13613836076629027
18,3,activity_still_fraction,1.100796391137281,0.1007963911372809
18,3,activity_transition_count,1.075400759189163,0.075400759189163
18,3,activity_unknown_fraction,1.0881840247996557,0.0881840247996557
18,3,median_unlocked_session_duration_seconds,1.0456398602810504,0.04563986028105038
18,3,night_screen_event_count,1.0273408618905453,0.027340861890545298
18,3,screen_active_hour_count,1.104327285315783,0.10432728531578306
18,3,screen_event_count,1.1294546641503935,0.12945466415039353
18,3,screen_off_event_count,1.0972609400835123,0.09726094008351227
18,3,screen_on_event_count,1.0905289774797207,0.09052897747972066
18,3,screen_transition_count,1.0819422386733697,0.0819422386733697
18,3,screen_unlock_event_count,1.169316542881779,0.1693165428817791
18,3,telephony_event_count,1.0501777414352698,0.05017774143526976
18,3,telephony_mobile_data_enabled_fraction,1.4045922324508395,0.40459223245083953
18,3,telephony_network_type_diversity,1.1597092932469486,0.1597092932469486
18,3,touch_active_hour_count,1.1274759986513336,0.12747599865133363
18,3,touch_app_diversity,1.020590564675275,0.02059056467527509
18,3,touch_click_event_count,1.0386033988172523,0.03860339881725228
18,3,touch_distinct_event_count,1.066005928692805,0.06600592869280497
18,3,touch_scroll_direction_change_count,1.0405001920459949,0.040500192045994865
18,3,touch_scroll_event_count,1.0856470483723917,0.08564704837239168
18,3,touch_scroll_index_change_median,1.0920083873498714,0.09200838734987138
18,3,touch_unique_app_count,1.0001133017136057,0.00011330171360568464
18,4,app_foreground_event_count,1.1967255118255489,0.19672551182554887
18,4,app_use_diversity,1.193993213050194,0.193993213050194
18,4,unique_foreground_apps,1.0717950328337766,0.07179503283377664
18,4,gsm_cell_transition_count,1.0748935294808666,0.07489352948086658
18,4,unique_gsm_cell_count,1.1180295563548008,0.11802955635480084
18,4,unique_gsm_lac_count,1.0640167334252573,0.06401673342525727
18,4,keyboard_deletion_event_count,1.0032000555706158,0.0032000555706157563
18,4,keyboard_inter_event_interval_iqr_ms,1.071023850926261,0.07102385092626107
18,4,keyboard_long_pause_count_2s,1.0688893579520073,0.06888935795200735
18,4,keyboard_median_inter_event_interval_ms,1.174600560892235,0.17460056089223497
18,4,keyboard_typing_burst_count,1.0074934945546172,0.0074934945546172305
18,4,message_distinct_event_count,1.141737509042172,0.14173750904217197
18,4,outgoing_message_count,1.054203192792989,0.05420319279298891
18,4,activity_active_hour_count,1.2036786968205062,0.2036786968205062
18,4,activity_state_diversity,1.025566968207153,0.025566968207153096
18,4,activity_still_fraction,1.0191068652778057,0.019106865277805696
18,4,activity_transition_count,1.0053493300800795,0.00534933008007954
18,4,activity_unknown_fraction,1.1046946839819656,0.10469468398196558
18,4,median_unlocked_session_duration_seconds,1.0630970899871721,0.06309708998717212
18,4,night_screen_event_count,1.1585624980772107,0.15856249807721068
18,4,screen_active_hour_count,1.1875128504514438,0.18751285045144384
18,4,screen_event_count,1.004648539674028,0.004648539674027896
18,4,screen_off_event_count,1.0206969630397975,0.02069696303979751
18,4,screen_on_event_count,1.00659693741505,0.006596937415050075
18,4,screen_transition_count,1.1865087513223875,0.18650875132238753
18,4,screen_unlock_event_count,1.1414873434154742,0.1414873434154742
18,4,telephony_event_count,1.0943567136489418,0.09435671364894183
18,4,telephony_mobile_data_enabled_fraction,1.3633810264595154,0.3633810264595154
18,4,telephony_network_type_diversity,1.0841597276936592,0.0841597276936592
18,4,touch_active_hour_count,1.075509790175834,0.07550979017583392
18,4,touch_app_diversity,1.0648942192183395,0.06489421921833949
18,4,touch_click_event_count,1.012196225781956,0.012196225781955894
18,4,touch_distinct_event_count,1.044846702402632,0.044846702402632
18,4,touch_scroll_direction_change_count,1.0150792233356052,0.015079223335605185
18,4,touch_scroll_event_count,1.069670091247945,0.0696700912479451
18,4,touch_scroll_index_change_median,1.0487620432347282,0.048762043234728214
18,4,touch_unique_app_count,1.0251773547326648,0.025177354732664803
18,5,app_foreground_event_count,1.1844034672160313,0.1844034672160313
18,5,app_use_diversity,1.1828995279097283,0.1828995279097283
18,5,unique_foreground_apps,1.1160578953633729,0.11605789536337285
18,5,gsm_cell_transition_count,1.0266358829549405,0.02663588295494046
18,5,unique_gsm_cell_count,1.1060070616701223,0.1060070616701223
18,5,unique_gsm_lac_count,1.0555294598404497,0.05552945984044966
18,5,keyboard_deletion_event_count,1.0370964454433191,0.03709644544331914
18,5,keyboard_inter_event_interval_iqr_ms,1.176320506111107,0.17632050611110706
18,5,keyboard_long_pause_count_2s,1.0308852807054507,0.030885280705450713
18,5,keyboard_median_inter_event_interval_ms,1.2738525038114337,0.27385250381143367
18,5,keyboard_typing_burst_count,1.132328841693341,0.13232884169334103
18,5,message_distinct_event_count,1.0672342994505348,0.06723429945053483
18,5,outgoing_message_count,1.0760593837074635,0.07605938370746346
18,5,activity_active_hour_count,1.2754296656007427,0.27542966560074267
18,5,activity_state_diversity,1.0299949241098254,0.029994924109825405
18,5,activity_still_fraction,1.0571595579446726,0.057159557944672645
18,5,activity_transition_count,1.1182125831830605,0.1182125831830605
18,5,activity_unknown_fraction,1.0014459091622172,0.0014459091622172071
18,5,median_unlocked_session_duration_seconds,1.003954298704644,0.0039542987046439215
18,5,night_screen_event_count,1.0315669814257213,0.03156698142572134
18,5,screen_active_hour_count,1.044227997034591,0.044227997034590905
18,5,screen_event_count,1.2100771583211911,0.21007715832119112
18,5,screen_off_event_count,1.1450721929175274,0.14507219291752738
18,5,screen_on_event_count,1.1780745862063187,0.17807458620631866
18,5,screen_transition_count,1.042364460194997,0.04236446019499707
18,5,screen_unlock_event_count,1.249868475320226,0.24986847532022605
18,5,telephony_event_count,1.1361615734462438,0.1361615734462438
18,5,telephony_mobile_data_enabled_fraction,1.2944464809917238,0.29444648099172377
18,5,telephony_network_type_diversity,1.1150966435241978,0.1150966435241978
18,5,touch_active_hour_count,1.0209188411324734,0.020918841132473442
18,5,touch_app_diversity,1.0605748707834473,0.060574870783447254
18,5,touch_click_event_count,1.006099420594935,0.006099420594934957
18,5,touch_distinct_event_count,1.0493690672778078,0.049369067277807765
18,5,touch_scroll_direction_change_count,1.030587760869208,0.030587760869208003
18,5,touch_scroll_event_count,1.0662574817983244,0.06625748179832436
18,5,touch_scroll_index_change_median,1.1250578721851137,0.12505787218511366
18,5,touch_unique_app_count,1.0005917617164837,0.0005917617164836741
19,1,app_foreground_event_count,1.3688200046230592,0.3688200046230592
19,1,app_use_diversity,1.2042312491857503,0.2042312491857503
19,1,unique_foreground_apps,1.2277857396654461,0.22778573966544613
19,1,gsm_cell_transition_count,1.1147440833153661,0.11474408331536612
19,1,unique_gsm_cell_count,1.2038758583960694,0.20387585839606936
19,1,unique_gsm_lac_count,1.091366475454886,0.09136647545488596
19,1,keyboard_deletion_event_count,1.0867906114023222,0.08679061140232225
19,1,keyboard_inter_event_interval_iqr_ms,1.0675124611234494,0.06751246112344944
19,1,keyboard_long_pause_count_2s,1.1339260231553299,0.13392602315532987
19,1,keyboard_median_inter_event_interval_ms,1.158409486140154,0.15840948614015393
19,1,keyboard_typing_burst_count,1.0417346883292606,0.04173468832926064
19,1,message_distinct_event_count,1.044945541872674,0.04494554187267408
19,1,outgoing_message_count,1.0872331303876805,0.08723313038768055
19,1,activity_active_hour_count,1.1462703125873213,0.14627031258732126
19,1,activity_state_diversity,1.040218054547852,0.0402180545478521
19,1,activity_still_fraction,1.0604605066472923,0.0604605066472923
19,1,activity_transition_count,1.0635495494947205,0.06354954949472047
19,1,activity_unknown_fraction,1.0591643797708685,0.059164379770868525
19,1,median_unlocked_session_duration_seconds,1.061086246969225,0.061086246969225044
19,1,night_screen_event_count,1.0697200978607928,0.0697200978607928
19,1,screen_active_hour_count,1.0476672416336081,0.04766724163360814
19,1,screen_event_count,1.1349786238498407,0.13497862384984072
19,1,screen_off_event_count,1.0863854510963913,0.08638545109639129
19,1,screen_on_event_count,1.131045806421444,0.13104580642144392
19,1,screen_transition_count,1.0119073393206837,0.011907339320683663
19,1,screen_unlock_event_count,1.24743811936845,0.24743811936845006
19,1,telephony_event_count,1.1579368720300958,0.15793687203009577
19,1,telephony_mobile_data_enabled_fraction,1.2686728683870983,0.26867286838709825
19,1,telephony_network_type_diversity,1.107850738011908,0.10785073801190803
19,1,touch_active_hour_count,1.0269573047847531,0.02695730478475311
19,1,touch_app_diversity,1.0492907442101327,0.049290744210132686
19,1,touch_click_event_count,1.0881212373197715,0.0881212373197715
19,1,touch_distinct_event_count,1.0833758551132058,0.08337585511320578
19,1,touch_scroll_direction_change_count,1.0994380653187645,0.09943806531876453
19,1,touch_scroll_event_count,1.0650609788059382,0.0650609788059382
19,1,touch_scroll_index_change_median,1.0953281502538654,0.09532815025386543
19,1,touch_unique_app_count,1.1304127643539459,0.1304127643539459
19,2,app_foreground_event_count,1.1368196194006233,0.13681961940062326
19,2,app_use_diversity,1.1446466723216182,0.1446466723216182
19,2,unique_foreground_apps,1.0794519867442705,0.07945198674427045
19,2,gsm_cell_transition_count,1.1280804372853506,0.12808043728535057
19,2,unique_gsm_cell_count,1.179884782536888,0.1798847825368881
19,2,unique_gsm_lac_count,1.1103272101195536,0.1103272101195536
19,2,keyboard_deletion_event_count,1.0327851419833913,0.03278514198339133
19,2,keyboard_inter_event_interval_iqr_ms,1.1426516492718826,0.14265164927188256
19,2,keyboard_long_pause_count_2s,1.0742481756723123,0.07424817567231234
19,2,keyboard_median_inter_event_interval_ms,1.2099663448973397,0.20996634489733967
19,2,keyboard_typing_burst_count,1.0224478252533482,0.022447825253348208
19,2,message_distinct_event_count,1.0130912230986397,0.013091223098639748
19,2,outgoing_message_count,1.1792152517817063,0.17921525178170628
19,2,activity_active_hour_count,1.2020063768271059,0.20200637682710587
19,2,activity_state_diversity,1.0368843634377,0.036884363437700074
19,2,activity_still_fraction,1.025040760498989,0.025040760498989068
19,2,activity_transition_count,1.0456209432678143,0.045620943267814296
19,2,activity_unknown_fraction,1.027194142851482,0.027194142851481917
19,2,median_unlocked_session_duration_seconds,1.050301419694711,0.050301419694710914
19,2,night_screen_event_count,1.0731170811806467,0.07311708118064675
19,2,screen_active_hour_count,1.0050607010857804,0.005060701085780384
19,2,screen_event_count,1.1027836636045,0.10278366360450009
19,2,screen_off_event_count,1.0832395621828204,0.08323956218282036
19,2,screen_on_event_count,1.0801063800064954,0.08010638000649539
19,2,screen_transition_count,1.0036532082509932,0.003653208250993245
19,2,screen_unlock_event_count,1.1517272621644026,0.15172726216440258
19,2,telephony_event_count,1.0467906419214419,0.04679064192144189
19,2,telephony_mobile_data_enabled_fraction,1.348872456489566,0.348872456489566
19,2,telephony_network_type_diversity,1.2118799162428349,0.21187991624283486
19,2,touch_active_hour_count,1.0280512473339392,0.028051247333939155
19,2,touch_app_diversity,1.0150804531744042,0.015080453174404207
19,2,touch_click_event_count,1.026662337211133,0.02666233721113298
19,2,touch_distinct_event_count,1.0000901973518646,9.019735186455158e-05
19,2,touch_scroll_direction_change_count,1.021897810503878,0.021897810503878068
19,2,touch_scroll_event_count,1.0240466140070639,0.02404661400706387
19,2,touch_scroll_index_change_median,1.1408161452018597,0.1408161452018597
19,2,touch_unique_app_count,1.0318834057760415,0.03188340577604154
19,3,app_foreground_event_count,1.240279050061717,0.2402790500617169
19,3,app_use_diversity,1.2622369642034825,0.2622369642034825
19,3,unique_foreground_apps,1.155829105613591,0.15582910561359098
19,3,gsm_cell_transition_count,1.0949622278345306,0.09496222783453057
19,3,unique_gsm_cell_count,1.1416554917634627,0.1416554917634627
19,3,unique_gsm_lac_count,1.0548544663452417,0.054854466345241715
19,3,keyboard_deletion_event_count,1.0901450966640096,0.0901450966640096
19,3,keyboard_inter_event_interval_iqr_ms,1.1588280666531694,0.1588280666531694
19,3,keyboard_long_pause_count_2s,1.021034769354269,0.021034769354268956
19,3,keyboard_median_inter_event_interval_ms,1.212527758834109,0.21252775883410902
19,3,keyboard_typing_burst_count,1.0794771458943784,0.07947714589437838
19,3,message_distinct_event_count,1.1047889794253738,0.1047889794253738
19,3,outgoing_message_count,1.0529047479925011,0.05290474799250111
19,3,activity_active_hour_count,1.1277782309319717,0.12777823093197171
19,3,activity_state_diversity,1.011214650424646,0.011214650424645978
19,3,activity_still_fraction,1.0012964913785718,0.0012964913785717957
19,3,activity_transition_count,1.001280305982975,0.0012803059829749053
19,3,activity_unknown_fraction,1.022105178004649,0.022105178004649062
19,3,median_unlocked_session_duration_seconds,1.1238357296985508,0.12383572969855083
19,3,night_screen_event_count,1.0704027875950641,0.07040278759506413
19,3,screen_active_hour_count,1.0596160262540835,0.059616026254083465
19,3,screen_event_count,1.1322565769127968,0.1322565769127968
19,3,screen_off_event_count,1.0895414486262758,0.08954144862627578
19,3,screen_on_event_count,1.121090926573792,0.12109092657379206
19,3,screen_transition_count,1.0698990896405718,0.06989908964057179
19,3,screen_unlock_event_count,1.20543035173019,0.20543035173019009
19,3,telephony_event_count,1.081809931671613,0.08180993167161299
19,3,telephony_mobile_data_enabled_fraction,1.3971139883788921,0.3971139883788921
19,3,telephony_network_type_diversity,1.1255627362388325,0.12556273623883252
19,3,touch_active_hour_count,1.007247933769667,0.0072479337696669255
19,3,touch_app_diversity,1.0348802461982305,0.03488024619823049
19,3,touch_click_event_count,1.0113141491318467,0.011314149131846696
19,3,touch_distinct_event_count,1.0034796345443227,0.0034796345443226517
19,3,touch_scroll_direction_change_count,1.0409231729986648,0.04092317299866477
19,3,touch_scroll_event_count,1.0108658526568113,0.010865852656811281
19,3,touch_scroll_index_change_median,1.0412735631268282,0.04127356312682817
19,3,touch_unique_app_count,1.0325966375790987,0.0325966375790987
19,4,app_foreground_event_count,1.1766389813016664,0.17663898130166644
19,4,app_use_diversity,1.201032175478226,0.20103217547822605
19,4,unique_foreground_apps,1.1364489889520224,0.1364489889520224
19,4,gsm_cell_transition_count,1.1735653102521526,0.1735653102521526
19,4,unique_gsm_cell_count,1.2078249111325596,0.20782491113255963
19,4,unique_gsm_lac_count,1.1493606564068268,0.14936065640682683
19,4,keyboard_deletion_event_count,1.07600497392999,0.07600497392998995
19,4,keyboard_inter_event_interval_iqr_ms,1.0615991827807147,0.061599182780714745
19,4,keyboard_long_pause_count_2s,1.0947436163509394,0.09474361635093942
19,4,keyboard_median_inter_event_interval_ms,1.1843876653127443,0.1843876653127443
19,4,keyboard_typing_burst_count,1.0430835114397616,0.043083511439761635
19,4,message_distinct_event_count,1.0149465659812307,0.014946565981230675
19,4,outgoing_message_count,1.0136133508978364,0.01361335089783644
19,4,activity_active_hour_count,1.1601692330660391,0.16016923306603914
19,4,activity_state_diversity,1.0471583452372157,0.04715834523721574
19,4,activity_still_fraction,1.0560714345432187,0.05607143454321872
19,4,activity_transition_count,1.0678367124271428,0.06783671242714284
19,4,activity_unknown_fraction,1.0552935649310586,0.055293564931058636
19,4,median_unlocked_session_duration_seconds,1.1731863631034118,0.17318636310341184
19,4,night_screen_event_count,1.0237615146735304,0.02376151467353038
19,4,screen_active_hour_count,1.0630334290244958,0.06303342902449582
19,4,screen_event_count,1.134409386734525,0.13440938673452507
19,4,screen_off_event_count,1.1050695277300573,0.10506952773005729
19,4,screen_on_event_count,1.1138949213166651,0.11389492131666512
19,4,screen_transition_count,1.045004456742275,0.045004456742274934
19,4,screen_unlock_event_count,1.2070854402747346,0.20708544027473463
19,4,telephony_event_count,1.1393890286065198,0.1393890286065198
19,4,telephony_mobile_data_enabled_fraction,1.3553201810462279,0.35532018104622787
19,4,telephony_network_type_diversity,1.0564008576574662,0.056400857657466164
19,4,touch_active_hour_count,1.0297339550549887,0.02973395505498866
19,4,touch_app_diversity,1.102715164308832,0.10271516430883199
19,4,touch_click_event_count,1.0823976434171074,0.08239764341710742
19,4,touch_distinct_event_count,1.0226913717493225,0.022691371749322453
19,4,touch_scroll_direction_change_count,1.0880947246880563,0.08809472468805635
19,4,touch_scroll_event_count,1.0066387738608085,0.006638773860808467
19,4,touch_scroll_index_change_median,1.0216363528505785,0.021636352850578522
19,4,touch_unique_app_count,1.0676006223355508,0.06760062233555075
19,5,app_foreground_event_count,1.0975526081402402,0.09755260814024025
19,5,app_use_diversity,1.0731930471392188,0.07319304713921881
19,5,unique_foreground_apps,1.0231981447985155,0.023198144798515452
19,5,gsm_cell_transition_count,1.05253515181072,0.05253515181071999
19,5,unique_gsm_cell_count,1.013070509315896,0.01307050931589604
19,5,unique_gsm_lac_count,1.0522831338897858,0.05228313388978578
19,5,keyboard_deletion_event_count,1.1567652841129625,0.15676528411296253
19,5,keyboard_inter_event_interval_iqr_ms,1.109173968238248,0.10917396823824799
19,5,keyboard_long_pause_count_2s,1.0643069159668568,0.06430691596685678
19,5,keyboard_median_inter_event_interval_ms,1.219163824978148,0.21916382497814801
19,5,keyboard_typing_burst_count,1.1588110351695557,0.15881103516955575
19,5,message_distinct_event_count,1.1967337260583382,0.19673372605833817
19,5,outgoing_message_count,1.0956789031368808,0.09567890313688077
19,5,activity_active_hour_count,1.2774213427627992,0.2774213427627992
19,5,activity_state_diversity,1.0275338021315834,0.027533802131583407
19,5,activity_still_fraction,1.021165649012882,0.021165649012881982
19,5,activity_transition_count,1.055514536461635,0.055514536461634956
19,5,activity_unknown_fraction,1.0275338021315834,0.027533802131583407
19,5,median_unlocked_session_duration_seconds,1.0195043916775686,0.019504391677568567
19,5,night_screen_event_count,1.1672275360846238,0.16722753608462382
19,5,screen_active_hour_count,1.2699675705812896,0.2699675705812896
19,5,screen_event_count,1.0291977206098788,0.029197720609878797
19,5,screen_off_event_count,1.021863354095638,0.02186335409563811
19,5,screen_on_event_count,1.0036534218264521,0.003653421826452119
19,5,screen_transition_count,1.2575808524521817,0.25758085245218165
19,5,screen_unlock_event_count,1.106132351403145,0.10613235140314492
19,5,telephony_event_count,1.0306265287250826,0.030626528725082647
19,5,telephony_mobile_data_enabled_fraction,1.2365451808708587,0.23654518087085874
19,5,telephony_network_type_diversity,1.0671371269224594,0.06713712692245943
19,5,touch_active_hour_count,1.2507640537968865,0.2507640537968865
19,5,touch_app_diversity,1.0163084083153993,0.01630840831539926
19,5,touch_click_event_count,1.1449826037672666,0.14498260376726657
19,5,touch_distinct_event_count,1.1801647959434565,0.18016479594345647
19,5,touch_scroll_direction_change_count,1.1739720758065761,0.17397207580657614
19,5,touch_scroll_event_count,1.205272708287305,0.20527270828730493
19,5,touch_scroll_index_change_median,1.1289226595266748,0.1289226595266748
19,5,touch_unique_app_count,1.1160678947086575,0.11606789470865753
20,1,app_foreground_event_count,1.1624567808250437,0.16245678082504367
20,1,app_use_diversity,1.1382539379235297,0.1382539379235297
20,1,unique_foreground_apps,1.0637955745038272,0.06379557450382722
20,1,gsm_cell_transition_count,1.1404938715692614,0.1404938715692614
20,1,unique_gsm_cell_count,1.192699863821215,0.19269986382121496
20,1,unique_gsm_lac_count,1.0877628129301273,0.08776281293012733
20,1,keyboard_deletion_event_count,1.136149643925001,0.13614964392500095
20,1,keyboard_inter_event_interval_iqr_ms,1.2015767239161081,0.20157672391610815
20,1,keyboard_long_pause_count_2s,1.0425914752867347,0.04259147528673468
20,1,keyboard_median_inter_event_interval_ms,1.204207867075298,0.20420786707529803
20,1,keyboard_typing_burst_count,1.1229692337765727,0.12296923377657265
20,1,message_distinct_event_count,1.0862491789145468,0.08624917891454675
20,1,outgoing_message_count,1.0817229011260134,0.08172290112601344
20,1,activity_active_hour_count,1.14056631678496,0.14056631678496
20,1,activity_state_diversity,1.0591991157313625,0.059199115731362495
20,1,activity_still_fraction,1.0716259745391052,0.07162597453910524
20,1,activity_transition_count,1.0193649220588226,0.019364922058822565
20,1,activity_unknown_fraction,1.0027827015121633,0.0027827015121633103
20,1,median_unlocked_session_duration_seconds,1.0006854147779898,0.000685414777989779
20,1,night_screen_event_count,1.0708001757298915,0.0708001757298915
20,1,screen_active_hour_count,1.0724182786102816,0.0724182786102816
20,1,screen_event_count,1.1300238115802692,0.1300238115802692
20,1,screen_off_event_count,1.0920948188771828,0.09209481887718285
20,1,screen_on_event_count,1.116422541611967,0.11642254161196708
20,1,screen_transition_count,1.0529278060740626,0.052927806074062556
20,1,screen_unlock_event_count,1.1929932169144177,0.19299321691441773
20,1,telephony_event_count,1.1395978271482015,0.13959782714820146
20,1,telephony_mobile_data_enabled_fraction,1.3632341715820397,0.36323417158203974
20,1,telephony_network_type_diversity,1.121213057238191,0.12121305723819109
20,1,touch_active_hour_count,1.0046537910596949,0.004653791059694878
20,1,touch_app_diversity,1.0443389969453112,0.04433899694531118
20,1,touch_click_event_count,1.034518828451883,0.03451882845188292
20,1,touch_distinct_event_count,1.0498265129094806,0.04982651290948059
20,1,touch_scroll_direction_change_count,1.0053209950171702,0.005320995017170205
20,1,touch_scroll_event_count,1.0623788141647106,0.06237881416471058
20,1,touch_scroll_index_change_median,1.0899581924756068,0.08995819247560677
20,1,touch_unique_app_count,1.0081280170352944,0.008128017035294421
20,2,app_foreground_event_count,1.2091338836488306,0.20913388364883057
20,2,app_use_diversity,1.2654391600158235,0.26543916001582346
20,2,unique_foreground_apps,1.1869789272416964,0.1869789272416964
20,2,gsm_cell_transition_count,1.1016958156801864,0.10169581568018637
20,2,unique_gsm_cell_count,1.1611460380144876,0.16114603801448757
20,2,unique_gsm_lac_count,1.099529993173993,0.09952999317399303
20,2,keyboard_deletion_event_count,1.0046054983309813,0.004605498330981339
20,2,keyboard_inter_event_interval_iqr_ms,1.094370718307638,0.0943707183076381
20,2,keyboard_long_pause_count_2s,1.0508931222089937,0.05089312220899367
20,2,keyboard_median_inter_event_interval_ms,1.1900479975701013,0.19004799757010127
20,2,keyboard_typing_burst_count,1.0533122437738318,0.05331224377383181
20,2,message_distinct_event_count,1.0031278090244675,0.0031278090244675205
20,2,outgoing_message_count,1.0494663411779965,0.04946634117799653
20,2,activity_active_hour_count,1.227468717467246,0.22746871746724606
20,2,activity_state_diversity,1.0098855865375114,0.00988558653751137
20,2,activity_still_fraction,1.027582407027614,0.027582407027614053
20,2,activity_transition_count,1.1177700352298432,0.1177700352298432
20,2,activity_unknown_fraction,1.0890675141150215,0.08906751411502145
20,2,median_unlocked_session_duration_seconds,1.1458853278863579,0.14588532788635789
20,2,night_screen_event_count,1.0455194694433219,0.04551946944332186
20,2,screen_active_hour_count,1.0624172656065485,0.06241726560654848
20,2,screen_event_count,1.1085354792404762,0.10853547924047624
20,2,screen_off_event_count,1.0642690131662111,0.06426901316621114
20,2,screen_on_event_count,1.073988617450946,0.07398861745094609
20,2,screen_transition_count,1.0708198741671842,0.07081987416718416
20,2,screen_unlock_event_count,1.1930958094886468,0.1930958094886468
20,2,telephony_event_count,1.06135546005085,0.06135546005084991
20,2,telephony_mobile_data_enabled_fraction,1.2696059795906032,0.2696059795906032
20,2,telephony_network_type_diversity,1.1397695807845212,0.13976958078452117
20,2,touch_active_hour_count,1.0211019407345803,0.02110194073458027
20,2,touch_app_diversity,1.044485239436246,0.04448523943624605
20,2,touch_click_event_count,1.0387012766641572,0.038701276664157236
20,2,touch_distinct_event_count,1.0087949621271184,0.008794962127118389
20,2,touch_scroll_direction_change_count,1.0728186097776873,0.07281860977768728
20,2,touch_scroll_event_count,1.0066174273391555,0.0066174273391554905
20,2,touch_scroll_index_change_median,1.016441191896299,0.016441191896299
20,2,touch_unique_app_count,1.0858475676381263,0.08584756763812629
20,3,app_foreground_event_count,1.1800764919893791,0.18007649198937914
20,3,app_use_diversity,1.0895872429592524,0.08958724295925236
20,3,unique_foreground_apps,1.0411768081569923,0.04117680815699232
20,3,gsm_cell_transition_count,1.0688542078396086,0.0688542078396086
20,3,unique_gsm_cell_count,1.0669140658170169,0.06691406581701687
20,3,unique_gsm_lac_count,1.0089647849623162,0.00896478496231623
20,3,keyboard_deletion_event_count,1.0971545302059573,0.09715453020595732
20,3,keyboard_inter_event_interval_iqr_ms,1.0657573973444787,0.06575739734447872
20,3,keyboard_long_pause_count_2s,1.0102562446228238,0.010256244622823818
20,3,keyboard_median_inter_event_interval_ms,1.054395097994766,0.05439509799476605
20,3,keyboard_typing_burst_count,1.096969734930494,0.0969697349304941
20,3,message_distinct_event_count,1.0680948414520552,0.06809484145205524
20,3,outgoing_message_count,1.1133627591438455,0.11336275914384553
20,3,activity_active_hour_count,1.1135840495174203,0.1135840495174203
20,3,activity_state_diversity,1.0622011902310584,0.06220119023105841
20,3,activity_still_fraction,1.0393497889215764,0.03934978892157637
20,3,activity_transition_count,1.028394081627101,0.02839408162710111
20,3,activity_unknown_fraction,1.0356222553746395,0.03562225537463948
20,3,median_unlocked_session_duration_seconds,1.0004785425019438,0.00047854250194379055
20,3,night_screen_event_count,1.1041902316014571,0.10419023160145713
20,3,screen_active_hour_count,1.1300672185049043,0.13006721850490433
20,3,screen_event_count,1.069439745206762,0.0694397452067621
20,3,screen_off_event_count,1.025353456247691,0.02535345624769092
20,3,screen_on_event_count,1.0234751176347703,0.02347511763477028
20,3,screen_transition_count,1.1122546318125717,0.11225463181257167
20,3,screen_unlock_event_count,1.1261018734299577,0.1261018734299577
20,3,telephony_event_count,1.0670156564577449,0.06701565645774488
20,3,telephony_mobile_data_enabled_fraction,1.2908453091173366,0.29084530911733664
20,3,telephony_network_type_diversity,1.2042959817270957,0.20429598172709573
20,3,touch_active_hour_count,1.110283259258633,0.11028325925863292
20,3,touch_app_diversity,1.067176065667649,0.067176065667649
20,3,touch_click_event_count,1.0162701614093648,0.01627016140936477
20,3,touch_distinct_event_count,1.0592338714011322,0.05923387140113223
20,3,touch_scroll_direction_change_count,1.0397220591232401,0.03972205912324012
20,3,touch_scroll_event_count,1.0940543160891083,0.0940543160891083
20,3,touch_scroll_index_change_median,1.1029169644459729,0.10291696444597287
20,3,touch_unique_app_count,1.0541714259044639,0.05417142590446389
20,4,app_foreground_event_count,1.2346489651825947,0.2346489651825947
20,4,app_use_diversity,1.1896240714944215,0.1896240714944215
20,4,unique_foreground_apps,1.1799274766321313,0.17992747663213127
20,4,gsm_cell_transition_count,1.1093440121030569,0.10934401210305689
20,4,unique_gsm_cell_count,1.190359760805508,0.1903597608055081
20,4,unique_gsm_lac_count,1.1054027856843711,0.10540278568437111
20,4,keyboard_deletion_event_count,1.0873469868647296,0.08734698686472964
20,4,keyboard_inter_event_interval_iqr_ms,1.0078637717489107,0.00786377174891073
20,4,keyboard_long_pause_count_2s,1.1226791665164244,0.12267916651642441
20,4,keyboard_median_inter_event_interval_ms,1.1848328903286598,0.1848328903286598
20,4,keyboard_typing_burst_count,1.0552868507330695,0.05528685073306949
20,4,message_distinct_event_count,1.042841075881397,0.04284107588139707
20,4,outgoing_message_count,1.0429461227546155,0.04294612275461551
20,4,activity_active_hour_count,1.1729162573316558,0.17291625733165583
20,4,activity_state_diversity,1.128495401233756,0.12849540123375602
20,4,activity_still_fraction,1.133355892829383,0.13335589282938298
20,4,activity_transition_count,1.1331405545941335,0.13314055459413354
20,4,activity_unknown_fraction,1.1782385335763423,0.17823853357634234
20,4,median_unlocked_session_duration_seconds,1.0734750763195293,0.07347507631952932
20,4,night_screen_event_count,1.1085733031604315,0.10857330316043146
20,4,screen_active_hour_count,1.0253046154461918,0.02530461544619178
20,4,screen_event_count,1.1969225384025413,0.19692253840254126
20,4,screen_off_event_count,1.1545296447473827,0.15452964474738273
20,4,screen_on_event_count,1.1847965871026411,0.18479658710264113
20,4,screen_transition_count,1.0028057869403482,0.002805786940348165
20,4,screen_unlock_event_count,1.2578731242157293,0.2578731242157293
20,4,telephony_event_count,1.0728634713936125,0.07286347139361249
20,4,telephony_mobile_data_enabled_fraction,1.3410971009191537,0.3410971009191537
20,4,telephony_network_type_diversity,1.0550047197643977,0.05500471976439769
20,4,touch_active_hour_count,1.0038753457848895,0.0038753457848894612
20,4,touch_app_diversity,1.0955952022713855,0.09559520227138552
20,4,touch_click_event_count,1.0136279332422682,0.013627933242268186
20,4,touch_distinct_event_count,1.0091119846956276,0.009111984695627573
20,4,touch_scroll_direction_change_count,1.0448250893786486,0.0448250893786486
20,4,touch_scroll_event_count,1.004394984073223,0.004394984073222918
20,4,touch_scroll_index_change_median,1.1686219330764918,0.16862193307649176
20,4,touch_unique_app_count,1.1118027438530673,0.11180274385306732
20,5,app_foreground_event_count,1.1922842342553228,0.19228423425532282
20,5,app_use_diversity,1.1909881073788993,0.19098810737889926
20,5,unique_foreground_apps,1.1014802594015936,0.10148025940159355
20,5,gsm_cell_transition_count,1.0512726241742498,0.051272624174249826
20,5,unique_gsm_cell_count,1.1259077913574813,0.1259077913574813
20,5,unique_gsm_lac_count,1.0738836766971385,0.07388367669713847
20,5,keyboard_deletion_event_count,1.0407475924735365,0.04074759247353654
20,5,keyboard_inter_event_interval_iqr_ms,1.1647531432265839,0.16475314322658385
20,5,keyboard_long_pause_count_2s,1.0911860118324352,0.09118601183243524
20,5,keyboard_median_inter_event_interval_ms,1.33765810958472,0.33765810958472
20,5,keyboard_typing_burst_count,1.006720924385736,0.006720924385736016
20,5,message_distinct_event_count,1.1192375829381662,0.11923758293816622
20,5,outgoing_message_count,1.0597516129927111,0.059751612992711145
20,5,activity_active_hour_count,1.2585782472144824,0.2585782472144824
20,5,activity_state_diversity,1.036086756156946,0.03608675615694601
20,5,activity_still_fraction,1.0716197513498467,0.07161975134984666
20,5,activity_transition_count,1.0177667708578162,0.017766770857816194
20,5,activity_unknown_fraction,1.1090293809209006,0.10902938092090064
20,5,median_unlocked_session_duration_seconds,1.041780111851215,0.04178011185121511
20,5,night_screen_event_count,1.1495922979254454,0.14959229792544537
20,5,screen_active_hour_count,1.1574767085266588,0.15747670852665885
20,5,screen_event_count,1.0227041995258535,0.022704199525853452
20,5,screen_off_event_count,1.0029073792139163,0.0029073792139162613
20,5,screen_on_event_count,1.0317494502602016,0.031749450260201595
20,5,screen_transition_count,1.138903844888382,0.13890384488838192
20,5,screen_unlock_event_count,1.1325529171286988,0.13255291712869877
20,5,telephony_event_count,1.1008475755357954,0.10084757553579538
20,5,telephony_mobile_data_enabled_fraction,1.3612744674083967,0.36127446740839675
20,5,telephony_network_type_diversity,1.0374257326846417,0.037425732684641666
20,5,touch_active_hour_count,1.0745256834644206,0.07452568346442057
20,5,touch_app_diversity,1.0111285836062747,0.011128583606274667
20,5,touch_click_event_count,1.0538093992774453,0.053809399277445324
20,5,touch_distinct_event_count,1.0113102558990807,0.011310255899080746
20,5,touch_scroll_direction_change_count,1.0026476491824112,0.002647649182411227
20,5,touch_scroll_event_count,1.0136690793218839,0.013669079321883881
20,5,touch_scroll_index_change_median,1.0521984035265937,0.05219840352659366
20,5,touch_unique_app_count,1.0221639221137415,0.02216392211374152
