repeat,fold,Subject_ID_D,Subject_ID_N,actual_global_T1,mean_baseline_prediction,direction_constrained_prediction,selected_features,ridge_alpha
1,1,007,57,108.2,97.984375,97.09330300585542,telephony_network_type_diversity|screen_unlock_event_count|touch_scroll_index_change_median|screen_off_event_count|touch_app_diversity|telephony_mobile_data_enabled_fraction|activity_unknown_fraction|keyboard_median_inter_event_interval_ms,117.21022975334817
1,1,011,74,88.0,97.984375,97.31751980560917,telephony_network_type_diversity|screen_unlock_event_count|touch_scroll_index_change_median|screen_off_event_count|touch_app_diversity|telephony_mobile_data_enabled_fraction|activity_unknown_fraction|keyboard_median_inter_event_interval_ms,117.21022975334817
1,1,031,67,96.3,97.984375,97.13667115900708,telephony_network_type_diversity|screen_unlock_event_count|touch_scroll_index_change_median|screen_off_event_count|touch_app_diversity|telephony_mobile_data_enabled_fraction|activity_unknown_fraction|keyboard_median_inter_event_interval_ms,117.21022975334817
1,1,052,22,90.6,97.984375,96.64171828737598,telephony_network_type_diversity|screen_unlock_event_count|touch_scroll_index_change_median|screen_off_event_count|touch_app_diversity|telephony_mobile_data_enabled_fraction|activity_unknown_fraction|keyboard_median_inter_event_interval_ms,117.21022975334817
1,1,055,29,104.1,97.984375,98.87464666841302,telephony_network_type_diversity|screen_unlock_event_count|touch_scroll_index_change_median|screen_off_event_count|touch_app_diversity|telephony_mobile_data_enabled_fraction|activity_unknown_fraction|keyboard_median_inter_event_interval_ms,117.21022975334817
1,1,056,38,109.6,97.984375,100.41275422387724,telephony_network_type_diversity|screen_unlock_event_count|touch_scroll_index_change_median|screen_off_event_count|touch_app_diversity|telephony_mobile_data_enabled_fraction|activity_unknown_fraction|keyboard_median_inter_event_interval_ms,117.21022975334817
1,1,062,40,103.9,97.984375,95.92801154014907,telephony_network_type_diversity|screen_unlock_event_count|touch_scroll_index_change_median|screen_off_event_count|touch_app_diversity|telephony_mobile_data_enabled_fraction|activity_unknown_fraction|keyboard_median_inter_event_interval_ms,117.21022975334817
1,1,064,69,99.3,97.984375,95.87463956412523,telephony_network_type_diversity|screen_unlock_event_count|touch_scroll_index_change_median|screen_off_event_count|touch_app_diversity|telephony_mobile_data_enabled_fraction|activity_unknown_fraction|keyboard_median_inter_event_interval_ms,117.21022975334817
1,1,074,41,111.8,97.984375,100.41275422387724,telephony_network_type_diversity|screen_unlock_event_count|touch_scroll_index_change_median|screen_off_event_count|touch_app_diversity|telephony_mobile_data_enabled_fraction|activity_unknown_fraction|keyboard_median_inter_event_interval_ms,117.21022975334817
1,1,076,71,107.5,97.984375,98.03393639420162,telephony_network_type_diversity|screen_unlock_event_count|touch_scroll_index_change_median|screen_off_event_count|touch_app_diversity|telephony_mobile_data_enabled_fraction|activity_unknown_fraction|keyboard_median_inter_event_interval_ms,117.21022975334817
1,1,080,31,95.7,97.984375,95.76279604613624,telephony_network_type_diversity|screen_unlock_event_count|touch_scroll_index_change_median|screen_off_event_count|touch_app_diversity|telephony_mobile_data_enabled_fraction|activity_unknown_fraction|keyboard_median_inter_event_interval_ms,117.21022975334817
1,1,082,70,92.0,97.984375,98.81502308538569,telephony_network_type_diversity|screen_unlock_event_count|touch_scroll_index_change_median|screen_off_event_count|touch_app_diversity|telephony_mobile_data_enabled_fraction|activity_unknown_fraction|keyboard_median_inter_event_interval_ms,117.21022975334817
1,1,083,36,102.8,97.984375,97.41828997988249,telephony_network_type_diversity|screen_unlock_event_count|touch_scroll_index_change_median|screen_off_event_count|touch_app_diversity|telephony_mobile_data_enabled_fraction|activity_unknown_fraction|keyboard_median_inter_event_interval_ms,117.21022975334817
1,1,084,49,87.5,97.984375,95.82163024242121,telephony_network_type_diversity|screen_unlock_event_count|touch_scroll_index_change_median|screen_off_event_count|touch_app_diversity|telephony_mobile_data_enabled_fraction|activity_unknown_fraction|keyboard_median_inter_event_interval_ms,117.21022975334817
1,1,090,56,79.9,97.984375,100.41275422387724,telephony_network_type_diversity|screen_unlock_event_count|touch_scroll_index_change_median|screen_off_event_count|touch_app_diversity|telephony_mobile_data_enabled_fraction|activity_unknown_fraction|keyboard_median_inter_event_interval_ms,117.21022975334817
1,1,091,60,82.0,97.984375,97.87014498671721,telephony_network_type_diversity|screen_unlock_event_count|touch_scroll_index_change_median|screen_off_event_count|touch_app_diversity|telephony_mobile_data_enabled_fraction|activity_unknown_fraction|keyboard_median_inter_event_interval_ms,117.21022975334817
1,1,096,87,102.1,97.984375,98.05182188886076,telephony_network_type_diversity|screen_unlock_event_count|touch_scroll_index_change_median|screen_off_event_count|touch_app_diversity|telephony_mobile_data_enabled_fraction|activity_unknown_fraction|keyboard_median_inter_event_interval_ms,117.21022975334817
1,2,010,35,100.0,98.24769230769232,100.2828392341276,activity_active_hour_count|keyboard_long_pause_count_2s|keyboard_deletion_event_count|screen_unlock_event_count|touch_app_diversity|median_unlocked_session_duration_seconds|touch_distinct_event_count|touch_scroll_event_count,22.122162910704503
1,2,012,4,75.6,98.24769230769232,99.4538928308792,activity_active_hour_count|keyboard_long_pause_count_2s|keyboard_deletion_event_count|screen_unlock_event_count|touch_app_diversity|median_unlocked_session_duration_seconds|touch_distinct_event_count|touch_scroll_event_count,22.122162910704503
1,2,018,79,96.1,98.24769230769232,97.61198388167828,activity_active_hour_count|keyboard_long_pause_count_2s|keyboard_deletion_event_count|screen_unlock_event_count|touch_app_diversity|median_unlocked_session_duration_seconds|touch_distinct_event_count|touch_scroll_event_count,22.122162910704503
1,2,023,20,101.0,98.24769230769232,92.53762931781336,activity_active_hour_count|keyboard_long_pause_count_2s|keyboard_deletion_event_count|screen_unlock_event_count|touch_app_diversity|median_unlocked_session_duration_seconds|touch_distinct_event_count|touch_scroll_event_count,22.122162910704503
1,2,032,62,110.6,98.24769230769232,95.79877380536996,activity_active_hour_count|keyboard_long_pause_count_2s|keyboard_deletion_event_count|screen_unlock_event_count|touch_app_diversity|median_unlocked_session_duration_seconds|touch_distinct_event_count|touch_scroll_event_count,22.122162910704503
1,2,035,54,98.1,98.24769230769232,96.50664468344047,activity_active_hour_count|keyboard_long_pause_count_2s|keyboard_deletion_event_count|screen_unlock_event_count|touch_app_diversity|median_unlocked_session_duration_seconds|touch_distinct_event_count|touch_scroll_event_count,22.122162910704503
1,2,036,19,93.0,98.24769230769232,101.3453391261949,activity_active_hour_count|keyboard_long_pause_count_2s|keyboard_deletion_event_count|screen_unlock_event_count|touch_app_diversity|median_unlocked_session_duration_seconds|touch_distinct_event_count|touch_scroll_event_count,22.122162910704503
1,2,037,48,101.9,98.24769230769232,92.82475676119645,activity_active_hour_count|keyboard_long_pause_count_2s|keyboard_deletion_event_count|screen_unlock_event_count|touch_app_diversity|median_unlocked_session_duration_seconds|touch_distinct_event_count|touch_scroll_event_count,22.122162910704503
1,2,050,39,104.4,98.24769230769232,98.27774740623387,activity_active_hour_count|keyboard_long_pause_count_2s|keyboard_deletion_event_count|screen_unlock_event_count|touch_app_diversity|median_unlocked_session_duration_seconds|touch_distinct_event_count|touch_scroll_event_count,22.122162910704503
1,2,061,58,92.7,98.24769230769232,96.97949908085748,activity_active_hour_count|keyboard_long_pause_count_2s|keyboard_deletion_event_count|screen_unlock_event_count|touch_app_diversity|median_unlocked_session_duration_seconds|touch_distinct_event_count|touch_scroll_event_count,22.122162910704503
1,2,077,77,87.8,98.24769230769232,97.59887281946864,activity_active_hour_count|keyboard_long_pause_count_2s|keyboard_deletion_event_count|screen_unlock_event_count|touch_app_diversity|median_unlocked_session_duration_seconds|touch_distinct_event_count|touch_scroll_event_count,22.122162910704503
1,2,078,84,106.2,98.24769230769232,109.81142620882606,activity_active_hour_count|keyboard_long_pause_count_2s|keyboard_deletion_event_count|screen_unlock_event_count|touch_app_diversity|median_unlocked_session_duration_seconds|touch_distinct_event_count|touch_scroll_event_count,22.122162910704503
1,2,079,47,101.3,98.24769230769232,98.23001610132961,activity_active_hour_count|keyboard_long_pause_count_2s|keyboard_deletion_event_count|screen_unlock_event_count|touch_app_diversity|median_unlocked_session_duration_seconds|touch_distinct_event_count|touch_scroll_event_count,22.122162910704503
1,2,081,55,82.2,98.24769230769232,96.41426780535099,activity_active_hour_count|keyboard_long_pause_count_2s|keyboard_deletion_event_count|screen_unlock_event_count|touch_app_diversity|median_unlocked_session_duration_seconds|touch_distinct_event_count|touch_scroll_event_count,22.122162910704503
1,2,086,76,95.7,98.24769230769232,98.87399953307188,activity_active_hour_count|keyboard_long_pause_count_2s|keyboard_deletion_event_count|screen_unlock_event_count|touch_app_diversity|median_unlocked_session_duration_seconds|touch_distinct_event_count|touch_scroll_event_count,22.122162910704503
1,2,093,82,99.6,98.24769230769232,99.37550639466284,activity_active_hour_count|keyboard_long_pause_count_2s|keyboard_deletion_event_count|screen_unlock_event_count|touch_app_diversity|median_unlocked_session_duration_seconds|touch_distinct_event_count|touch_scroll_event_count,22.122162910704503
1,3,004,5,101.0,97.84153846153846,103.44412738818238,message_distinct_event_count|activity_active_hour_count|keyboard_long_pause_count_2s|unique_gsm_cell_count|keyboard_deletion_event_count|telephony_mobile_data_enabled_fraction|touch_scroll_event_count|keyboard_median_inter_event_interval_ms,117.21022975334817
1,3,028,45,93.5,97.84153846153846,97.99056552554973,message_distinct_event_count|activity_active_hour_count|keyboard_long_pause_count_2s|unique_gsm_cell_count|keyboard_deletion_event_count|telephony_mobile_data_enabled_fraction|touch_scroll_event_count|keyboard_median_inter_event_interval_ms,117.21022975334817
1,3,029,80,100.2,97.84153846153846,98.7638060917273,message_distinct_event_count|activity_active_hour_count|keyboard_long_pause_count_2s|unique_gsm_cell_count|keyboard_deletion_event_count|telephony_mobile_data_enabled_fraction|touch_scroll_event_count|keyboard_median_inter_event_interval_ms,117.21022975334817
1,3,030,13,103.8,97.84153846153846,97.70443518637552,message_distinct_event_count|activity_active_hour_count|keyboard_long_pause_count_2s|unique_gsm_cell_count|keyboard_deletion_event_count|telephony_mobile_data_enabled_fraction|touch_scroll_event_count|keyboard_median_inter_event_interval_ms,117.21022975334817
1,3,034,73,101.8,97.84153846153846,98.6122091707519,message_distinct_event_count|activity_active_hour_count|keyboard_long_pause_count_2s|unique_gsm_cell_count|keyboard_deletion_event_count|telephony_mobile_data_enabled_fraction|touch_scroll_event_count|keyboard_median_inter_event_interval_ms,117.21022975334817
1,3,038,50,94.5,97.84153846153846,99.7000752803996,message_distinct_event_count|activity_active_hour_count|keyboard_long_pause_count_2s|unique_gsm_cell_count|keyboard_deletion_event_count|telephony_mobile_data_enabled_fraction|touch_scroll_event_count|keyboard_median_inter_event_interval_ms,117.21022975334817
1,3,039,27,99.3,97.84153846153846,110.6349575706607,message_distinct_event_count|activity_active_hour_count|keyboard_long_pause_count_2s|unique_gsm_cell_count|keyboard_deletion_event_count|telephony_mobile_data_enabled_fraction|touch_scroll_event_count|keyboard_median_inter_event_interval_ms,117.21022975334817
1,3,043,42,95.5,97.84153846153846,95.92722546061488,message_distinct_event_count|activity_active_hour_count|keyboard_long_pause_count_2s|unique_gsm_cell_count|keyboard_deletion_event_count|telephony_mobile_data_enabled_fraction|touch_scroll_event_count|keyboard_median_inter_event_interval_ms,117.21022975334817
1,3,048,7,95.2,97.84153846153846,99.7000752803996,message_distinct_event_count|activity_active_hour_count|keyboard_long_pause_count_2s|unique_gsm_cell_count|keyboard_deletion_event_count|telephony_mobile_data_enabled_fraction|touch_scroll_event_count|keyboard_median_inter_event_interval_ms,117.21022975334817
1,3,053,32,104.6,97.84153846153846,93.77738774723584,message_distinct_event_count|activity_active_hour_count|keyboard_long_pause_count_2s|unique_gsm_cell_count|keyboard_deletion_event_count|telephony_mobile_data_enabled_fraction|touch_scroll_event_count|keyboard_median_inter_event_interval_ms,117.21022975334817
1,3,057,37,93.7,97.84153846153846,99.95568637294772,message_distinct_event_count|activity_active_hour_count|keyboard_long_pause_count_2s|unique_gsm_cell_count|keyboard_deletion_event_count|telephony_mobile_data_enabled_fraction|touch_scroll_event_count|keyboard_median_inter_event_interval_ms,117.21022975334817
1,3,066,43,99.4,97.84153846153846,97.0760888825323,message_distinct_event_count|activity_active_hour_count|keyboard_long_pause_count_2s|unique_gsm_cell_count|keyboard_deletion_event_count|telephony_mobile_data_enabled_fraction|touch_scroll_event_count|keyboard_median_inter_event_interval_ms,117.21022975334817
1,3,069,46,85.9,97.84153846153846,96.81605360679832,message_distinct_event_count|activity_active_hour_count|keyboard_long_pause_count_2s|unique_gsm_cell_count|keyboard_deletion_event_count|telephony_mobile_data_enabled_fraction|touch_scroll_event_count|keyboard_median_inter_event_interval_ms,117.21022975334817
1,3,070,24,95.5,97.84153846153846,93.5229390649396,message_distinct_event_count|activity_active_hour_count|keyboard_long_pause_count_2s|unique_gsm_cell_count|keyboard_deletion_event_count|telephony_mobile_data_enabled_fraction|touch_scroll_event_count|keyboard_median_inter_event_interval_ms,117.21022975334817
1,3,071,33,99.6,97.84153846153846,97.24339617154159,message_distinct_event_count|activity_active_hour_count|keyboard_long_pause_count_2s|unique_gsm_cell_count|keyboard_deletion_event_count|telephony_mobile_data_enabled_fraction|touch_scroll_event_count|keyboard_median_inter_event_interval_ms,117.21022975334817
1,3,092,63,109.1,97.84153846153846,99.7000752803996,message_distinct_event_count|activity_active_hour_count|keyboard_long_pause_count_2s|unique_gsm_cell_count|keyboard_deletion_event_count|telephony_mobile_data_enabled_fraction|touch_scroll_event_count|keyboard_median_inter_event_interval_ms,117.21022975334817
1,4,003,11,106.5,97.6246153846154,96.0051064170233,touch_active_hour_count|touch_app_diversity|screen_unlock_event_count|touch_unique_app_count|activity_active_hour_count|activity_unknown_fraction|median_unlocked_session_duration_seconds|keyboard_median_inter_event_interval_ms,22.122162910704503
1,4,005,9,81.1,97.6246153846154,91.98995693065407,touch_active_hour_count|touch_app_diversity|screen_unlock_event_count|touch_unique_app_count|activity_active_hour_count|activity_unknown_fraction|median_unlocked_session_duration_seconds|keyboard_median_inter_event_interval_ms,22.122162910704503
1,4,006,8,90.1,97.6246153846154,97.1651202295178,touch_active_hour_count|touch_app_diversity|screen_unlock_event_count|touch_unique_app_count|activity_active_hour_count|activity_unknown_fraction|median_unlocked_session_duration_seconds|keyboard_median_inter_event_interval_ms,22.122162910704503
1,4,013,10,109.6,97.6246153846154,99.8560985894589,touch_active_hour_count|touch_app_diversity|screen_unlock_event_count|touch_unique_app_count|activity_active_hour_count|activity_unknown_fraction|median_unlocked_session_duration_seconds|keyboard_median_inter_event_interval_ms,22.122162910704503
1,4,014,21,104.0,97.6246153846154,99.8560985894589,touch_active_hour_count|touch_app_diversity|screen_unlock_event_count|touch_unique_app_count|activity_active_hour_count|activity_unknown_fraction|median_unlocked_session_duration_seconds|keyboard_median_inter_event_interval_ms,22.122162910704503
1,4,015,12,95.9,97.6246153846154,94.54521306432049,touch_active_hour_count|touch_app_diversity|screen_unlock_event_count|touch_unique_app_count|activity_active_hour_count|activity_unknown_fraction|median_unlocked_session_duration_seconds|keyboard_median_inter_event_interval_ms,22.122162910704503
1,4,019,28,103.7,97.6246153846154,99.8560985894589,touch_active_hour_count|touch_app_diversity|screen_unlock_event_count|touch_unique_app_count|activity_active_hour_count|activity_unknown_fraction|median_unlocked_session_duration_seconds|keyboard_median_inter_event_interval_ms,22.122162910704503
1,4,024,68,103.4,97.6246153846154,100.04018739913373,touch_active_hour_count|touch_app_diversity|screen_unlock_event_count|touch_unique_app_count|activity_active_hour_count|activity_unknown_fraction|median_unlocked_session_duration_seconds|keyboard_median_inter_event_interval_ms,22.122162910704503
1,4,026,75,104.1,97.6246153846154,98.63145402260562,touch_active_hour_count|touch_app_diversity|screen_unlock_event_count|touch_unique_app_count|activity_active_hour_count|activity_unknown_fraction|median_unlocked_session_duration_seconds|keyboard_median_inter_event_interval_ms,22.122162910704503
1,4,042,14,83.8,97.6246153846154,93.91948265564304,touch_active_hour_count|touch_app_diversity|screen_unlock_event_count|touch_unique_app_count|activity_active_hour_count|activity_unknown_fraction|median_unlocked_session_duration_seconds|keyboard_median_inter_event_interval_ms,22.122162910704503
1,4,046,66,101.8,97.6246153846154,93.04838221733037,touch_active_hour_count|touch_app_diversity|screen_unlock_event_count|touch_unique_app_count|activity_active_hour_count|activity_unknown_fraction|median_unlocked_session_duration_seconds|keyboard_median_inter_event_interval_ms,22.122162910704503
1,4,049,85,91.6,97.6246153846154,100.69365038565846,touch_active_hour_count|touch_app_diversity|screen_unlock_event_count|touch_unique_app_count|activity_active_hour_count|activity_unknown_fraction|median_unlocked_session_duration_seconds|keyboard_median_inter_event_interval_ms,22.122162910704503
1,4,072,83,106.1,97.6246153846154,94.68358545039129,touch_active_hour_count|touch_app_diversity|screen_unlock_event_count|touch_unique_app_count|activity_active_hour_count|activity_unknown_fraction|median_unlocked_session_duration_seconds|keyboard_median_inter_event_interval_ms,22.122162910704503
1,4,073,30,95.7,97.6246153846154,97.75208587079894,touch_active_hour_count|touch_app_diversity|screen_unlock_event_count|touch_unique_app_count|activity_active_hour_count|activity_unknown_fraction|median_unlocked_session_duration_seconds|keyboard_median_inter_event_interval_ms,22.122162910704503
1,4,085,81,100.0,97.6246153846154,100.56139903228687,touch_active_hour_count|touch_app_diversity|screen_unlock_event_count|touch_unique_app_count|activity_active_hour_count|activity_unknown_fraction|median_unlocked_session_duration_seconds|keyboard_median_inter_event_interval_ms,22.122162910704503
1,4,089,61,109.3,97.6246153846154,84.17555958999975,touch_active_hour_count|touch_app_diversity|screen_unlock_event_count|touch_unique_app_count|activity_active_hour_count|activity_unknown_fraction|median_unlocked_session_duration_seconds|keyboard_median_inter_event_interval_ms,22.122162910704503
1,5,002,64,104.8,97.95076923076924,96.59501588437679,keyboard_deletion_event_count|touch_app_diversity|unique_gsm_cell_count|keyboard_long_pause_count_2s|gsm_cell_transition_count|median_unlocked_session_duration_seconds|telephony_event_count|touch_scroll_event_count,204.33597178569437
1,5,020,18,90.0,97.95076923076924,98.21013083784825,keyboard_deletion_event_count|touch_app_diversity|unique_gsm_cell_count|keyboard_long_pause_count_2s|gsm_cell_transition_count|median_unlocked_session_duration_seconds|telephony_event_count|touch_scroll_event_count,204.33597178569437
1,5,021,17,97.8,97.95076923076924,98.39326915888017,keyboard_deletion_event_count|touch_app_diversity|unique_gsm_cell_count|keyboard_long_pause_count_2s|gsm_cell_transition_count|median_unlocked_session_duration_seconds|telephony_event_count|touch_scroll_event_count,204.33597178569437
1,5,022,52,107.2,97.95076923076924,98.435039358546,keyboard_deletion_event_count|touch_app_diversity|unique_gsm_cell_count|keyboard_long_pause_count_2s|gsm_cell_transition_count|median_unlocked_session_duration_seconds|telephony_event_count|touch_scroll_event_count,204.33597178569437
1,5,025,16,104.9,97.95076923076924,99.18183168779069,keyboard_deletion_event_count|touch_app_diversity|unique_gsm_cell_count|keyboard_long_pause_count_2s|gsm_cell_transition_count|median_unlocked_session_duration_seconds|telephony_event_count|touch_scroll_event_count,204.33597178569437
1,5,040,65,92.8,97.95076923076924,98.52402590473203,keyboard_deletion_event_count|touch_app_diversity|unique_gsm_cell_count|keyboard_long_pause_count_2s|gsm_cell_transition_count|median_unlocked_session_duration_seconds|telephony_event_count|touch_scroll_event_count,204.33597178569437
1,5,041,15,119.4,97.95076923076924,97.76154564164914,keyboard_deletion_event_count|touch_app_diversity|unique_gsm_cell_count|keyboard_long_pause_count_2s|gsm_cell_transition_count|median_unlocked_session_duration_seconds|telephony_event_count|touch_scroll_event_count,204.33597178569437
1,5,044,44,108.3,97.95076923076924,99.18183168779069,keyboard_deletion_event_count|touch_app_diversity|unique_gsm_cell_count|keyboard_long_pause_count_2s|gsm_cell_transition_count|median_unlocked_session_duration_seconds|telephony_event_count|touch_scroll_event_count,204.33597178569437
1,5,045,51,93.4,97.95076923076924,98.0712846571148,keyboard_deletion_event_count|touch_app_diversity|unique_gsm_cell_count|keyboard_long_pause_count_2s|gsm_cell_transition_count|median_unlocked_session_duration_seconds|telephony_event_count|touch_scroll_event_count,204.33597178569437
1,5,058,59,76.2,97.95076923076924,97.01518426188623,keyboard_deletion_event_count|touch_app_diversity|unique_gsm_cell_count|keyboard_long_pause_count_2s|gsm_cell_transition_count|median_unlocked_session_duration_seconds|telephony_event_count|touch_scroll_event_count,204.33597178569437
1,5,060,26,96.9,97.95076923076924,97.74653546474832,keyboard_deletion_event_count|touch_app_diversity|unique_gsm_cell_count|keyboard_long_pause_count_2s|gsm_cell_transition_count|median_unlocked_session_duration_seconds|telephony_event_count|touch_scroll_event_count,204.33597178569437
1,5,067,25,87.1,97.95076923076924,98.56589996753362,keyboard_deletion_event_count|touch_app_diversity|unique_gsm_cell_count|keyboard_long_pause_count_2s|gsm_cell_transition_count|median_unlocked_session_duration_seconds|telephony_event_count|touch_scroll_event_count,204.33597178569437
1,5,068,34,97.8,97.95076923076924,99.18183168779069,keyboard_deletion_event_count|touch_app_diversity|unique_gsm_cell_count|keyboard_long_pause_count_2s|gsm_cell_transition_count|median_unlocked_session_duration_seconds|telephony_event_count|touch_scroll_event_count,204.33597178569437
1,5,075,53,89.1,97.95076923076924,99.59480155953658,keyboard_deletion_event_count|touch_app_diversity|unique_gsm_cell_count|keyboard_long_pause_count_2s|gsm_cell_transition_count|median_unlocked_session_duration_seconds|telephony_event_count|touch_scroll_event_count,204.33597178569437
1,5,087,72,100.3,97.95076923076924,98.76397410059465,keyboard_deletion_event_count|touch_app_diversity|unique_gsm_cell_count|keyboard_long_pause_count_2s|gsm_cell_transition_count|median_unlocked_session_duration_seconds|telephony_event_count|touch_scroll_event_count,204.33597178569437
1,5,095,86,99.5,97.95076923076924,98.21592999497912,keyboard_deletion_event_count|touch_app_diversity|unique_gsm_cell_count|keyboard_long_pause_count_2s|gsm_cell_transition_count|median_unlocked_session_duration_seconds|telephony_event_count|touch_scroll_event_count,204.33597178569437
2,1,004,5,101.0,98.6625,99.74992432166032,activity_transition_count|keyboard_long_pause_count_2s|app_foreground_event_count|screen_unlock_event_count|touch_app_diversity|telephony_mobile_data_enabled_fraction|touch_scroll_event_count|median_unlocked_session_duration_seconds,22.122162910704503
2,1,005,9,81.1,98.6625,98.39685768626804,activity_transition_count|keyboard_long_pause_count_2s|app_foreground_event_count|screen_unlock_event_count|touch_app_diversity|telephony_mobile_data_enabled_fraction|touch_scroll_event_count|median_unlocked_session_duration_seconds,22.122162910704503
2,1,006,8,90.1,98.6625,96.84171002099269,activity_transition_count|keyboard_long_pause_count_2s|app_foreground_event_count|screen_unlock_event_count|touch_app_diversity|telephony_mobile_data_enabled_fraction|touch_scroll_event_count|median_unlocked_session_duration_seconds,22.122162910704503
2,1,012,4,75.6,98.6625,100.11923982562482,activity_transition_count|keyboard_long_pause_count_2s|app_foreground_event_count|screen_unlock_event_count|touch_app_diversity|telephony_mobile_data_enabled_fraction|touch_scroll_event_count|median_unlocked_session_duration_seconds,22.122162910704503
2,1,015,12,95.9,98.6625,94.32617198492923,activity_transition_count|keyboard_long_pause_count_2s|app_foreground_event_count|screen_unlock_event_count|touch_app_diversity|telephony_mobile_data_enabled_fraction|touch_scroll_event_count|median_unlocked_session_duration_seconds,22.122162910704503
2,1,019,28,103.7,98.6625,101.80130663456036,activity_transition_count|keyboard_long_pause_count_2s|app_foreground_event_count|screen_unlock_event_count|touch_app_diversity|telephony_mobile_data_enabled_fraction|touch_scroll_event_count|median_unlocked_session_duration_seconds,22.122162910704503
2,1,029,80,100.2,98.6625,99.86701705384222,activity_transition_count|keyboard_long_pause_count_2s|app_foreground_event_count|screen_unlock_event_count|touch_app_diversity|telephony_mobile_data_enabled_fraction|touch_scroll_event_count|median_unlocked_session_duration_seconds,22.122162910704503
2,1,035,54,98.1,98.6625,97.94666960922355,activity_transition_count|keyboard_long_pause_count_2s|app_foreground_event_count|screen_unlock_event_count|touch_app_diversity|telephony_mobile_data_enabled_fraction|touch_scroll_event_count|median_unlocked_session_duration_seconds,22.122162910704503
2,1,037,48,101.9,98.6625,95.25515914806302,activity_transition_count|keyboard_long_pause_count_2s|app_foreground_event_count|screen_unlock_event_count|touch_app_diversity|telephony_mobile_data_enabled_fraction|touch_scroll_event_count|median_unlocked_session_duration_seconds,22.122162910704503
2,1,038,50,94.5,98.6625,101.80130663456036,activity_transition_count|keyboard_long_pause_count_2s|app_foreground_event_count|screen_unlock_event_count|touch_app_diversity|telephony_mobile_data_enabled_fraction|touch_scroll_event_count|median_unlocked_session_duration_seconds,22.122162910704503
2,1,042,14,83.8,98.6625,92.65060205808327,activity_transition_count|keyboard_long_pause_count_2s|app_foreground_event_count|screen_unlock_event_count|touch_app_diversity|telephony_mobile_data_enabled_fraction|touch_scroll_event_count|median_unlocked_session_duration_seconds,22.122162910704503
2,1,050,39,104.4,98.6625,98.26102037488377,activity_transition_count|keyboard_long_pause_count_2s|app_foreground_event_count|screen_unlock_event_count|touch_app_diversity|telephony_mobile_data_enabled_fraction|touch_scroll_event_count|median_unlocked_session_duration_seconds,22.122162910704503
2,1,052,22,90.6,98.6625,95.67549141433943,activity_transition_count|keyboard_long_pause_count_2s|app_foreground_event_count|screen_unlock_event_count|touch_app_diversity|telephony_mobile_data_enabled_fraction|touch_scroll_event_count|median_unlocked_session_duration_seconds,22.122162910704503
2,1,060,26,96.9,98.6625,98.95286713091201,activity_transition_count|keyboard_long_pause_count_2s|app_foreground_event_count|screen_unlock_event_count|touch_app_diversity|telephony_mobile_data_enabled_fraction|touch_scroll_event_count|median_unlocked_session_duration_seconds,22.122162910704503
2,1,068,34,97.8,98.6625,101.80130663456036,activity_transition_count|keyboard_long_pause_count_2s|app_foreground_event_count|screen_unlock_event_count|touch_app_diversity|telephony_mobile_data_enabled_fraction|touch_scroll_event_count|median_unlocked_session_duration_seconds,22.122162910704503
2,1,083,36,102.8,98.6625,101.08559606911156,activity_transition_count|keyboard_long_pause_count_2s|app_foreground_event_count|screen_unlock_event_count|touch_app_diversity|telephony_mobile_data_enabled_fraction|touch_scroll_event_count|median_unlocked_session_duration_seconds,22.122162910704503
2,1,095,86,99.5,98.6625,99.36283078600754,activity_transition_count|keyboard_long_pause_count_2s|app_foreground_event_count|screen_unlock_event_count|touch_app_diversity|telephony_mobile_data_enabled_fraction|touch_scroll_event_count|median_unlocked_session_duration_seconds,22.122162910704503
2,2,011,74,88.0,98.5323076923077,97.27531588860452,keyboard_deletion_event_count|touch_unique_app_count|touch_active_hour_count|touch_app_diversity|screen_active_hour_count|median_unlocked_session_duration_seconds|keyboard_median_inter_event_interval_ms|telephony_event_count,117.21022975334817
2,2,021,17,97.8,98.5323076923077,99.49255576908551,keyboard_deletion_event_count|touch_unique_app_count|touch_active_hour_count|touch_app_diversity|screen_active_hour_count|median_unlocked_session_duration_seconds|keyboard_median_inter_event_interval_ms|telephony_event_count,117.21022975334817
2,2,022,52,107.2,98.5323076923077,97.65357915773576,keyboard_deletion_event_count|touch_unique_app_count|touch_active_hour_count|touch_app_diversity|screen_active_hour_count|median_unlocked_session_duration_seconds|keyboard_median_inter_event_interval_ms|telephony_event_count,117.21022975334817
2,2,023,20,101.0,98.5323076923077,100.38284769425525,keyboard_deletion_event_count|touch_unique_app_count|touch_active_hour_count|touch_app_diversity|screen_active_hour_count|median_unlocked_session_duration_seconds|keyboard_median_inter_event_interval_ms|telephony_event_count,117.21022975334817
2,2,026,75,104.1,98.5323076923077,98.41693490604855,keyboard_deletion_event_count|touch_unique_app_count|touch_active_hour_count|touch_app_diversity|screen_active_hour_count|median_unlocked_session_duration_seconds|keyboard_median_inter_event_interval_ms|telephony_event_count,117.21022975334817
2,2,034,73,101.8,98.5323076923077,97.15908125658305,keyboard_deletion_event_count|touch_unique_app_count|touch_active_hour_count|touch_app_diversity|screen_active_hour_count|median_unlocked_session_duration_seconds|keyboard_median_inter_event_interval_ms|telephony_event_count,117.21022975334817
2,2,043,42,95.5,98.5323076923077,98.36976955445203,keyboard_deletion_event_count|touch_unique_app_count|touch_active_hour_count|touch_app_diversity|screen_active_hour_count|median_unlocked_session_duration_seconds|keyboard_median_inter_event_interval_ms|telephony_event_count,117.21022975334817
2,2,048,7,95.2,98.5323076923077,101.16730596989503,keyboard_deletion_event_count|touch_unique_app_count|touch_active_hour_count|touch_app_diversity|screen_active_hour_count|median_unlocked_session_duration_seconds|keyboard_median_inter_event_interval_ms|telephony_event_count,117.21022975334817
2,2,056,38,109.6,98.5323076923077,101.16730596989503,keyboard_deletion_event_count|touch_unique_app_count|touch_active_hour_count|touch_app_diversity|screen_active_hour_count|median_unlocked_session_duration_seconds|keyboard_median_inter_event_interval_ms|telephony_event_count,117.21022975334817
2,2,058,59,76.2,98.5323076923077,97.30056224803916,keyboard_deletion_event_count|touch_unique_app_count|touch_active_hour_count|touch_app_diversity|screen_active_hour_count|median_unlocked_session_duration_seconds|keyboard_median_inter_event_interval_ms|telephony_event_count,117.21022975334817
2,2,067,25,87.1,98.5323076923077,99.30202038340241,keyboard_deletion_event_count|touch_unique_app_count|touch_active_hour_count|touch_app_diversity|screen_active_hour_count|median_unlocked_session_duration_seconds|keyboard_median_inter_event_interval_ms|telephony_event_count,117.21022975334817
2,2,069,46,85.9,98.5323076923077,98.31151460952555,keyboard_deletion_event_count|touch_unique_app_count|touch_active_hour_count|touch_app_diversity|screen_active_hour_count|median_unlocked_session_duration_seconds|keyboard_median_inter_event_interval_ms|telephony_event_count,117.21022975334817
2,2,072,83,106.1,98.5323076923077,97.49075988051253,keyboard_deletion_event_count|touch_unique_app_count|touch_active_hour_count|touch_app_diversity|screen_active_hour_count|median_unlocked_session_duration_seconds|keyboard_median_inter_event_interval_ms|telephony_event_count,117.21022975334817
2,2,082,70,92.0,98.5323076923077,96.71146153448204,keyboard_deletion_event_count|touch_unique_app_count|touch_active_hour_count|touch_app_diversity|screen_active_hour_count|median_unlocked_session_duration_seconds|keyboard_median_inter_event_interval_ms|telephony_event_count,117.21022975334817
2,2,087,72,100.3,98.5323076923077,98.04769421565456,keyboard_deletion_event_count|touch_unique_app_count|touch_active_hour_count|touch_app_diversity|screen_active_hour_count|median_unlocked_session_duration_seconds|keyboard_median_inter_event_interval_ms|telephony_event_count,117.21022975334817
2,2,090,56,79.9,98.5323076923077,101.16730596989503,keyboard_deletion_event_count|touch_unique_app_count|touch_active_hour_count|touch_app_diversity|screen_active_hour_count|median_unlocked_session_duration_seconds|keyboard_median_inter_event_interval_ms|telephony_event_count,117.21022975334817
2,3,003,11,106.5,98.36307692307693,98.37324608069349,unique_gsm_lac_count|message_distinct_event_count|touch_app_diversity|activity_active_hour_count|keyboard_long_pause_count_2s|median_unlocked_session_duration_seconds|screen_transition_count|keyboard_median_inter_event_interval_ms,10000.0
2,3,010,35,100.0,98.36307692307693,98.34825791174381,unique_gsm_lac_count|message_distinct_event_count|touch_app_diversity|activity_active_hour_count|keyboard_long_pause_count_2s|median_unlocked_session_duration_seconds|screen_transition_count|keyboard_median_inter_event_interval_ms,10000.0
2,3,014,21,104.0,98.36307692307693,98.42067138178163,unique_gsm_lac_count|message_distinct_event_count|touch_app_diversity|activity_active_hour_count|keyboard_long_pause_count_2s|median_unlocked_session_duration_seconds|screen_transition_count|keyboard_median_inter_event_interval_ms,10000.0
2,3,018,79,96.1,98.36307692307693,98.33711318013754,unique_gsm_lac_count|message_distinct_event_count|touch_app_diversity|activity_active_hour_count|keyboard_long_pause_count_2s|median_unlocked_session_duration_seconds|screen_transition_count|keyboard_median_inter_event_interval_ms,10000.0
2,3,020,18,90.0,98.36307692307693,98.36419747520229,unique_gsm_lac_count|message_distinct_event_count|touch_app_diversity|activity_active_hour_count|keyboard_long_pause_count_2s|median_unlocked_session_duration_seconds|screen_transition_count|keyboard_median_inter_event_interval_ms,10000.0
2,3,032,62,110.6,98.36307692307693,98.35116829082004,unique_gsm_lac_count|message_distinct_event_count|touch_app_diversity|activity_active_hour_count|keyboard_long_pause_count_2s|median_unlocked_session_duration_seconds|screen_transition_count|keyboard_median_inter_event_interval_ms,10000.0
2,3,036,19,93.0,98.36307692307693,98.42067138178163,unique_gsm_lac_count|message_distinct_event_count|touch_app_diversity|activity_active_hour_count|keyboard_long_pause_count_2s|median_unlocked_session_duration_seconds|screen_transition_count|keyboard_median_inter_event_interval_ms,10000.0
2,3,040,65,92.8,98.36307692307693,98.35275932577655,unique_gsm_lac_count|message_distinct_event_count|touch_app_diversity|activity_active_hour_count|keyboard_long_pause_count_2s|median_unlocked_session_duration_seconds|screen_transition_count|keyboard_median_inter_event_interval_ms,10000.0
2,3,057,37,93.7,98.36307692307693,98.3643145232085,unique_gsm_lac_count|message_distinct_event_count|touch_app_diversity|activity_active_hour_count|keyboard_long_pause_count_2s|median_unlocked_session_duration_seconds|screen_transition_count|keyboard_median_inter_event_interval_ms,10000.0
2,3,066,43,99.4,98.36307692307693,98.35046805130928,unique_gsm_lac_count|message_distinct_event_count|touch_app_diversity|activity_active_hour_count|keyboard_long_pause_count_2s|median_unlocked_session_duration_seconds|screen_transition_count|keyboard_median_inter_event_interval_ms,10000.0
2,3,074,41,111.8,98.36307692307693,98.42067138178163,unique_gsm_lac_count|message_distinct_event_count|touch_app_diversity|activity_active_hour_count|keyboard_long_pause_count_2s|median_unlocked_session_duration_seconds|screen_transition_count|keyboard_median_inter_event_interval_ms,10000.0
2,3,077,77,87.8,98.36307692307693,98.37439664460635,unique_gsm_lac_count|message_distinct_event_count|touch_app_diversity|activity_active_hour_count|keyboard_long_pause_count_2s|median_unlocked_session_duration_seconds|screen_transition_count|keyboard_median_inter_event_interval_ms,10000.0
2,3,079,47,101.3,98.36307692307693,98.34223238399014,unique_gsm_lac_count|message_distinct_event_count|touch_app_diversity|activity_active_hour_count|keyboard_long_pause_count_2s|median_unlocked_session_duration_seconds|screen_transition_count|keyboard_median_inter_event_interval_ms,10000.0
2,3,081,55,82.2,98.36307692307693,98.343627334017,unique_gsm_lac_count|message_distinct_event_count|touch_app_diversity|activity_active_hour_count|keyboard_long_pause_count_2s|median_unlocked_session_duration_seconds|screen_transition_count|keyboard_median_inter_event_interval_ms,10000.0
2,3,084,49,87.5,98.36307692307693,98.33892742258922,unique_gsm_lac_count|message_distinct_event_count|touch_app_diversity|activity_active_hour_count|keyboard_long_pause_count_2s|median_unlocked_session_duration_seconds|screen_transition_count|keyboard_median_inter_event_interval_ms,10000.0
2,3,091,60,82.0,98.36307692307693,98.3291451149018,unique_gsm_lac_count|message_distinct_event_count|touch_app_diversity|activity_active_hour_count|keyboard_long_pause_count_2s|median_unlocked_session_duration_seconds|screen_transition_count|keyboard_median_inter_event_interval_ms,10000.0
2,4,007,57,108.2,97.20461538461538,96.79350081044942,message_distinct_event_count|unique_gsm_cell_count|screen_off_event_count|screen_event_count|keyboard_long_pause_count_2s|telephony_mobile_data_enabled_fraction|median_unlocked_session_duration_seconds|app_use_diversity,38.56620421163472
2,4,013,10,109.6,97.20461538461538,99.0404980376843,message_distinct_event_count|unique_gsm_cell_count|screen_off_event_count|screen_event_count|keyboard_long_pause_count_2s|telephony_mobile_data_enabled_fraction|median_unlocked_session_duration_seconds|app_use_diversity,38.56620421163472
2,4,024,68,103.4,97.20461538461538,95.360390885311,message_distinct_event_count|unique_gsm_cell_count|screen_off_event_count|screen_event_count|keyboard_long_pause_count_2s|telephony_mobile_data_enabled_fraction|median_unlocked_session_duration_seconds|app_use_diversity,38.56620421163472
2,4,025,16,104.9,97.20461538461538,99.0404980376843,message_distinct_event_count|unique_gsm_cell_count|screen_off_event_count|screen_event_count|keyboard_long_pause_count_2s|telephony_mobile_data_enabled_fraction|median_unlocked_session_duration_seconds|app_use_diversity,38.56620421163472
2,4,045,51,93.4,97.20461538461538,95.89016537549391,message_distinct_event_count|unique_gsm_cell_count|screen_off_event_count|screen_event_count|keyboard_long_pause_count_2s|telephony_mobile_data_enabled_fraction|median_unlocked_session_duration_seconds|app_use_diversity,38.56620421163472
2,4,053,32,104.6,97.20461538461538,91.62209507340347,message_distinct_event_count|unique_gsm_cell_count|screen_off_event_count|screen_event_count|keyboard_long_pause_count_2s|telephony_mobile_data_enabled_fraction|median_unlocked_session_duration_seconds|app_use_diversity,38.56620421163472
2,4,061,58,92.7,97.20461538461538,99.15150978315668,message_distinct_event_count|unique_gsm_cell_count|screen_off_event_count|screen_event_count|keyboard_long_pause_count_2s|telephony_mobile_data_enabled_fraction|median_unlocked_session_duration_seconds|app_use_diversity,38.56620421163472
2,4,064,69,99.3,97.20461538461538,91.54832779450099,message_distinct_event_count|unique_gsm_cell_count|screen_off_event_count|screen_event_count|keyboard_long_pause_count_2s|telephony_mobile_data_enabled_fraction|median_unlocked_session_duration_seconds|app_use_diversity,38.56620421163472
2,4,070,24,95.5,97.20461538461538,92.31631187539146,message_distinct_event_count|unique_gsm_cell_count|screen_off_event_count|screen_event_count|keyboard_long_pause_count_2s|telephony_mobile_data_enabled_fraction|median_unlocked_session_duration_seconds|app_use_diversity,38.56620421163472
2,4,071,33,99.6,97.20461538461538,95.79326244364117,message_distinct_event_count|unique_gsm_cell_count|screen_off_event_count|screen_event_count|keyboard_long_pause_count_2s|telephony_mobile_data_enabled_fraction|median_unlocked_session_duration_seconds|app_use_diversity,38.56620421163472
2,4,075,53,89.1,97.20461538461538,100.24359400439012,message_distinct_event_count|unique_gsm_cell_count|screen_off_event_count|screen_event_count|keyboard_long_pause_count_2s|telephony_mobile_data_enabled_fraction|median_unlocked_session_duration_seconds|app_use_diversity,38.56620421163472
2,4,085,81,100.0,97.20461538461538,98.5477948570022,message_distinct_event_count|unique_gsm_cell_count|screen_off_event_count|screen_event_count|keyboard_long_pause_count_2s|telephony_mobile_data_enabled_fraction|median_unlocked_session_duration_seconds|app_use_diversity,38.56620421163472
2,4,086,76,95.7,97.20461538461538,100.49004553987517,message_distinct_event_count|unique_gsm_cell_count|screen_off_event_count|screen_event_count|keyboard_long_pause_count_2s|telephony_mobile_data_enabled_fraction|median_unlocked_session_duration_seconds|app_use_diversity,38.56620421163472
2,4,089,61,109.3,97.20461538461538,92.37228260129979,message_distinct_event_count|unique_gsm_cell_count|screen_off_event_count|screen_event_count|keyboard_long_pause_count_2s|telephony_mobile_data_enabled_fraction|median_unlocked_session_duration_seconds|app_use_diversity,38.56620421163472
2,4,092,63,109.1,97.20461538461538,99.0404980376843,message_distinct_event_count|unique_gsm_cell_count|screen_off_event_count|screen_event_count|keyboard_long_pause_count_2s|telephony_mobile_data_enabled_fraction|median_unlocked_session_duration_seconds|app_use_diversity,38.56620421163472
2,4,093,82,99.6,97.20461538461538,97.12024403523718,message_distinct_event_count|unique_gsm_cell_count|screen_off_event_count|screen_event_count|keyboard_long_pause_count_2s|telephony_mobile_data_enabled_fraction|median_unlocked_session_duration_seconds|app_use_diversity,38.56620421163472
2,5,002,64,104.8,96.89692307692306,95.75685506087186,unique_gsm_cell_count|screen_off_event_count|message_distinct_event_count|touch_active_hour_count|screen_unlock_event_count|activity_unknown_fraction|telephony_mobile_data_enabled_fraction|touch_distinct_event_count,117.21022975334817
2,5,028,45,93.5,96.89692307692306,95.90677236882782,unique_gsm_cell_count|screen_off_event_count|message_distinct_event_count|touch_active_hour_count|screen_unlock_event_count|activity_unknown_fraction|telephony_mobile_data_enabled_fraction|touch_distinct_event_count,117.21022975334817
2,5,030,13,103.8,96.89692307692306,103.79159580948235,unique_gsm_cell_count|screen_off_event_count|message_distinct_event_count|touch_active_hour_count|screen_unlock_event_count|activity_unknown_fraction|telephony_mobile_data_enabled_fraction|touch_distinct_event_count,117.21022975334817
2,5,031,67,96.3,96.89692307692306,95.99511486823609,unique_gsm_cell_count|screen_off_event_count|message_distinct_event_count|touch_active_hour_count|screen_unlock_event_count|activity_unknown_fraction|telephony_mobile_data_enabled_fraction|touch_distinct_event_count,117.21022975334817
2,5,039,27,99.3,96.89692307692306,98.37616668378644,unique_gsm_cell_count|screen_off_event_count|message_distinct_event_count|touch_active_hour_count|screen_unlock_event_count|activity_unknown_fraction|telephony_mobile_data_enabled_fraction|touch_distinct_event_count,117.21022975334817
2,5,041,15,119.4,96.89692307692306,97.96711703505198,unique_gsm_cell_count|screen_off_event_count|message_distinct_event_count|touch_active_hour_count|screen_unlock_event_count|activity_unknown_fraction|telephony_mobile_data_enabled_fraction|touch_distinct_event_count,117.21022975334817
2,5,044,44,108.3,96.89692307692306,99.80660722561296,unique_gsm_cell_count|screen_off_event_count|message_distinct_event_count|touch_active_hour_count|screen_unlock_event_count|activity_unknown_fraction|telephony_mobile_data_enabled_fraction|touch_distinct_event_count,117.21022975334817
2,5,046,66,101.8,96.89692307692306,95.35194380295444,unique_gsm_cell_count|screen_off_event_count|message_distinct_event_count|touch_active_hour_count|screen_unlock_event_count|activity_unknown_fraction|telephony_mobile_data_enabled_fraction|touch_distinct_event_count,117.21022975334817
2,5,049,85,91.6,96.89692307692306,96.55738074645475,unique_gsm_cell_count|screen_off_event_count|message_distinct_event_count|touch_active_hour_count|screen_unlock_event_count|activity_unknown_fraction|telephony_mobile_data_enabled_fraction|touch_distinct_event_count,117.21022975334817
2,5,055,29,104.1,96.89692307692306,96.96138672878428,unique_gsm_cell_count|screen_off_event_count|message_distinct_event_count|touch_active_hour_count|screen_unlock_event_count|activity_unknown_fraction|telephony_mobile_data_enabled_fraction|touch_distinct_event_count,117.21022975334817
2,5,062,40,103.9,96.89692307692306,94.30147715968265,unique_gsm_cell_count|screen_off_event_count|message_distinct_event_count|touch_active_hour_count|screen_unlock_event_count|activity_unknown_fraction|telephony_mobile_data_enabled_fraction|touch_distinct_event_count,117.21022975334817
2,5,073,30,95.7,96.89692307692306,97.76174438572983,unique_gsm_cell_count|screen_off_event_count|message_distinct_event_count|touch_active_hour_count|screen_unlock_event_count|activity_unknown_fraction|telephony_mobile_data_enabled_fraction|touch_distinct_event_count,117.21022975334817
2,5,076,71,107.5,96.89692307692306,95.08941645974349,unique_gsm_cell_count|screen_off_event_count|message_distinct_event_count|touch_active_hour_count|screen_unlock_event_count|activity_unknown_fraction|telephony_mobile_data_enabled_fraction|touch_distinct_event_count,117.21022975334817
2,5,078,84,106.2,96.89692307692306,107.22551011883434,unique_gsm_cell_count|screen_off_event_count|message_distinct_event_count|touch_active_hour_count|screen_unlock_event_count|activity_unknown_fraction|telephony_mobile_data_enabled_fraction|touch_distinct_event_count,117.21022975334817
2,5,080,31,95.7,96.89692307692306,94.85502454386749,unique_gsm_cell_count|screen_off_event_count|message_distinct_event_count|touch_active_hour_count|screen_unlock_event_count|activity_unknown_fraction|telephony_mobile_data_enabled_fraction|touch_distinct_event_count,117.21022975334817
2,5,096,87,102.1,96.89692307692306,97.44134633293025,unique_gsm_cell_count|screen_off_event_count|message_distinct_event_count|touch_active_hour_count|screen_unlock_event_count|activity_unknown_fraction|telephony_mobile_data_enabled_fraction|touch_distinct_event_count,117.21022975334817
3,1,005,9,81.1,97.64375000000001,96.1322370859471,touch_scroll_index_change_median|telephony_network_type_diversity|screen_unlock_event_count|activity_active_hour_count|screen_off_event_count|median_unlocked_session_duration_seconds|touch_distinct_event_count|activity_unknown_fraction,38.56620421163472
3,1,020,18,90.0,97.64375000000001,97.43439084869901,touch_scroll_index_change_median|telephony_network_type_diversity|screen_unlock_event_count|activity_active_hour_count|screen_off_event_count|median_unlocked_session_duration_seconds|touch_distinct_event_count|activity_unknown_fraction,38.56620421163472
3,1,023,20,101.0,97.64375000000001,99.07858940816318,touch_scroll_index_change_median|telephony_network_type_diversity|screen_unlock_event_count|activity_active_hour_count|screen_off_event_count|median_unlocked_session_duration_seconds|touch_distinct_event_count|activity_unknown_fraction,38.56620421163472
3,1,025,16,104.9,97.64375000000001,100.88489985566247,touch_scroll_index_change_median|telephony_network_type_diversity|screen_unlock_event_count|activity_active_hour_count|screen_off_event_count|median_unlocked_session_duration_seconds|touch_distinct_event_count|activity_unknown_fraction,38.56620421163472
3,1,034,73,101.8,97.64375000000001,101.00372101996001,touch_scroll_index_change_median|telephony_network_type_diversity|screen_unlock_event_count|activity_active_hour_count|screen_off_event_count|median_unlocked_session_duration_seconds|touch_distinct_event_count|activity_unknown_fraction,38.56620421163472
3,1,036,19,93.0,97.64375000000001,100.88489985566247,touch_scroll_index_change_median|telephony_network_type_diversity|screen_unlock_event_count|activity_active_hour_count|screen_off_event_count|median_unlocked_session_duration_seconds|touch_distinct_event_count|activity_unknown_fraction,38.56620421163472
3,1,041,15,119.4,97.64375000000001,95.38832112751771,touch_scroll_index_change_median|telephony_network_type_diversity|screen_unlock_event_count|activity_active_hour_count|screen_off_event_count|median_unlocked_session_duration_seconds|touch_distinct_event_count|activity_unknown_fraction,38.56620421163472
3,1,045,51,93.4,97.64375000000001,99.64404392846973,touch_scroll_index_change_median|telephony_network_type_diversity|screen_unlock_event_count|activity_active_hour_count|screen_off_event_count|median_unlocked_session_duration_seconds|touch_distinct_event_count|activity_unknown_fraction,38.56620421163472
3,1,056,38,109.6,97.64375000000001,100.88489985566247,touch_scroll_index_change_median|telephony_network_type_diversity|screen_unlock_event_count|activity_active_hour_count|screen_off_event_count|median_unlocked_session_duration_seconds|touch_distinct_event_count|activity_unknown_fraction,38.56620421163472
3,1,062,40,103.9,97.64375000000001,95.83729842401044,touch_scroll_index_change_median|telephony_network_type_diversity|screen_unlock_event_count|activity_active_hour_count|screen_off_event_count|median_unlocked_session_duration_seconds|touch_distinct_event_count|activity_unknown_fraction,38.56620421163472
3,1,064,69,99.3,97.64375000000001,93.1648611050851,touch_scroll_index_change_median|telephony_network_type_diversity|screen_unlock_event_count|activity_active_hour_count|screen_off_event_count|median_unlocked_session_duration_seconds|touch_distinct_event_count|activity_unknown_fraction,38.56620421163472
3,1,068,34,97.8,97.64375000000001,100.88489985566247,touch_scroll_index_change_median|telephony_network_type_diversity|screen_unlock_event_count|activity_active_hour_count|screen_off_event_count|median_unlocked_session_duration_seconds|touch_distinct_event_count|activity_unknown_fraction,38.56620421163472
3,1,072,83,106.1,97.64375000000001,97.32774528901545,touch_scroll_index_change_median|telephony_network_type_diversity|screen_unlock_event_count|activity_active_hour_count|screen_off_event_count|median_unlocked_session_duration_seconds|touch_distinct_event_count|activity_unknown_fraction,38.56620421163472
3,1,081,55,82.2,97.64375000000001,98.15694507440612,touch_scroll_index_change_median|telephony_network_type_diversity|screen_unlock_event_count|activity_active_hour_count|screen_off_event_count|median_unlocked_session_duration_seconds|touch_distinct_event_count|activity_unknown_fraction,38.56620421163472
3,1,083,36,102.8,97.64375000000001,97.82758077438433,touch_scroll_index_change_median|telephony_network_type_diversity|screen_unlock_event_count|activity_active_hour_count|screen_off_event_count|median_unlocked_session_duration_seconds|touch_distinct_event_count|activity_unknown_fraction,38.56620421163472
3,1,084,49,87.5,97.64375000000001,96.63134805810755,touch_scroll_index_change_median|telephony_network_type_diversity|screen_unlock_event_count|activity_active_hour_count|screen_off_event_count|median_unlocked_session_duration_seconds|touch_distinct_event_count|activity_unknown_fraction,38.56620421163472
3,1,089,61,109.3,97.64375000000001,91.10085669435983,touch_scroll_index_change_median|telephony_network_type_diversity|screen_unlock_event_count|activity_active_hour_count|screen_off_event_count|median_unlocked_session_duration_seconds|touch_distinct_event_count|activity_unknown_fraction,38.56620421163472
3,2,014,21,104.0,98.4646153846154,100.91360398302179,keyboard_deletion_event_count|message_distinct_event_count|gsm_cell_transition_count|keyboard_long_pause_count_2s|keyboard_typing_burst_count|keyboard_median_inter_event_interval_ms|median_unlocked_session_duration_seconds|touch_distinct_event_count,67.23357536499334
3,2,015,12,95.9,98.4646153846154,96.70335939617962,keyboard_deletion_event_count|message_distinct_event_count|gsm_cell_transition_count|keyboard_long_pause_count_2s|keyboard_typing_burst_count|keyboard_median_inter_event_interval_ms|median_unlocked_session_duration_seconds|touch_distinct_event_count,67.23357536499334
3,2,019,28,103.7,98.4646153846154,100.91360398302179,keyboard_deletion_event_count|message_distinct_event_count|gsm_cell_transition_count|keyboard_long_pause_count_2s|keyboard_typing_burst_count|keyboard_median_inter_event_interval_ms|median_unlocked_session_duration_seconds|touch_distinct_event_count,67.23357536499334
3,2,022,52,107.2,98.4646153846154,97.68129474050392,keyboard_deletion_event_count|message_distinct_event_count|gsm_cell_transition_count|keyboard_long_pause_count_2s|keyboard_typing_burst_count|keyboard_median_inter_event_interval_ms|median_unlocked_session_duration_seconds|touch_distinct_event_count,67.23357536499334
3,2,032,62,110.6,98.4646153846154,101.19416356391346,keyboard_deletion_event_count|message_distinct_event_count|gsm_cell_transition_count|keyboard_long_pause_count_2s|keyboard_typing_burst_count|keyboard_median_inter_event_interval_ms|median_unlocked_session_duration_seconds|touch_distinct_event_count,67.23357536499334
3,2,035,54,98.1,98.4646153846154,97.69552955888442,keyboard_deletion_event_count|message_distinct_event_count|gsm_cell_transition_count|keyboard_long_pause_count_2s|keyboard_typing_burst_count|keyboard_median_inter_event_interval_ms|median_unlocked_session_duration_seconds|touch_distinct_event_count,67.23357536499334
3,2,039,27,99.3,98.4646153846154,132.34681342856382,keyboard_deletion_event_count|message_distinct_event_count|gsm_cell_transition_count|keyboard_long_pause_count_2s|keyboard_typing_burst_count|keyboard_median_inter_event_interval_ms|median_unlocked_session_duration_seconds|touch_distinct_event_count,67.23357536499334
3,2,050,39,104.4,98.4646153846154,96.68287097378416,keyboard_deletion_event_count|message_distinct_event_count|gsm_cell_transition_count|keyboard_long_pause_count_2s|keyboard_typing_burst_count|keyboard_median_inter_event_interval_ms|median_unlocked_session_duration_seconds|touch_distinct_event_count,67.23357536499334
3,2,052,22,90.6,98.4646153846154,96.47941531104198,keyboard_deletion_event_count|message_distinct_event_count|gsm_cell_transition_count|keyboard_long_pause_count_2s|keyboard_typing_burst_count|keyboard_median_inter_event_interval_ms|median_unlocked_session_duration_seconds|touch_distinct_event_count,67.23357536499334
3,2,057,37,93.7,98.4646153846154,101.89707386953665,keyboard_deletion_event_count|message_distinct_event_count|gsm_cell_transition_count|keyboard_long_pause_count_2s|keyboard_typing_burst_count|keyboard_median_inter_event_interval_ms|median_unlocked_session_duration_seconds|touch_distinct_event_count,67.23357536499334
3,2,058,59,76.2,98.4646153846154,96.07947989654083,keyboard_deletion_event_count|message_distinct_event_count|gsm_cell_transition_count|keyboard_long_pause_count_2s|keyboard_typing_burst_count|keyboard_median_inter_event_interval_ms|median_unlocked_session_duration_seconds|touch_distinct_event_count,67.23357536499334
3,2,061,58,92.7,98.4646153846154,97.07984327070287,keyboard_deletion_event_count|message_distinct_event_count|gsm_cell_transition_count|keyboard_long_pause_count_2s|keyboard_typing_burst_count|keyboard_median_inter_event_interval_ms|median_unlocked_session_duration_seconds|touch_distinct_event_count,67.23357536499334
3,2,067,25,87.1,98.4646153846154,100.49973929732434,keyboard_deletion_event_count|message_distinct_event_count|gsm_cell_transition_count|keyboard_long_pause_count_2s|keyboard_typing_burst_count|keyboard_median_inter_event_interval_ms|median_unlocked_session_duration_seconds|touch_distinct_event_count,67.23357536499334
3,2,071,33,99.6,98.4646153846154,97.8818944565984,keyboard_deletion_event_count|message_distinct_event_count|gsm_cell_transition_count|keyboard_long_pause_count_2s|keyboard_typing_burst_count|keyboard_median_inter_event_interval_ms|median_unlocked_session_duration_seconds|touch_distinct_event_count,67.23357536499334
3,2,075,53,89.1,98.4646153846154,111.16738269213832,keyboard_deletion_event_count|message_distinct_event_count|gsm_cell_transition_count|keyboard_long_pause_count_2s|keyboard_typing_burst_count|keyboard_median_inter_event_interval_ms|median_unlocked_session_duration_seconds|touch_distinct_event_count,67.23357536499334
3,2,090,56,79.9,98.4646153846154,100.91360398302179,keyboard_deletion_event_count|message_distinct_event_count|gsm_cell_transition_count|keyboard_long_pause_count_2s|keyboard_typing_burst_count|keyboard_median_inter_event_interval_ms|median_unlocked_session_duration_seconds|touch_distinct_event_count,67.23357536499334
3,3,004,5,101.0,97.91076923076925,98.26204505859315,keyboard_long_pause_count_2s|screen_unlock_event_count|screen_off_event_count|activity_active_hour_count|touch_unique_app_count|telephony_mobile_data_enabled_fraction|keyboard_median_inter_event_interval_ms|activity_unknown_fraction,67.23357536499334
3,3,010,35,100.0,97.91076923076925,99.9363752928875,keyboard_long_pause_count_2s|screen_unlock_event_count|screen_off_event_count|activity_active_hour_count|touch_unique_app_count|telephony_mobile_data_enabled_fraction|keyboard_median_inter_event_interval_ms|activity_unknown_fraction,67.23357536499334
3,3,011,74,88.0,97.91076923076925,97.89751457092676,keyboard_long_pause_count_2s|screen_unlock_event_count|screen_off_event_count|activity_active_hour_count|touch_unique_app_count|telephony_mobile_data_enabled_fraction|keyboard_median_inter_event_interval_ms|activity_unknown_fraction,67.23357536499334
3,3,013,10,109.6,97.91076923076925,98.9910777946662,keyboard_long_pause_count_2s|screen_unlock_event_count|screen_off_event_count|activity_active_hour_count|touch_unique_app_count|telephony_mobile_data_enabled_fraction|keyboard_median_inter_event_interval_ms|activity_unknown_fraction,67.23357536499334
3,3,028,45,93.5,97.91076923076925,98.2384659880314,keyboard_long_pause_count_2s|screen_unlock_event_count|screen_off_event_count|activity_active_hour_count|touch_unique_app_count|telephony_mobile_data_enabled_fraction|keyboard_median_inter_event_interval_ms|activity_unknown_fraction,67.23357536499334
3,3,031,67,96.3,97.91076923076925,97.25265696338984,keyboard_long_pause_count_2s|screen_unlock_event_count|screen_off_event_count|activity_active_hour_count|touch_unique_app_count|telephony_mobile_data_enabled_fraction|keyboard_median_inter_event_interval_ms|activity_unknown_fraction,67.23357536499334
3,3,046,66,101.8,97.91076923076925,92.21293746322867,keyboard_long_pause_count_2s|screen_unlock_event_count|screen_off_event_count|activity_active_hour_count|touch_unique_app_count|telephony_mobile_data_enabled_fraction|keyboard_median_inter_event_interval_ms|activity_unknown_fraction,67.23357536499334
3,3,053,32,104.6,97.91076923076925,93.19610783688671,keyboard_long_pause_count_2s|screen_unlock_event_count|screen_off_event_count|activity_active_hour_count|touch_unique_app_count|telephony_mobile_data_enabled_fraction|keyboard_median_inter_event_interval_ms|activity_unknown_fraction,67.23357536499334
3,3,055,29,104.1,97.91076923076925,98.14958302815691,keyboard_long_pause_count_2s|screen_unlock_event_count|screen_off_event_count|activity_active_hour_count|touch_unique_app_count|telephony_mobile_data_enabled_fraction|keyboard_median_inter_event_interval_ms|activity_unknown_fraction,67.23357536499334
3,3,069,46,85.9,97.91076923076925,98.0372068686998,keyboard_long_pause_count_2s|screen_unlock_event_count|screen_off_event_count|activity_active_hour_count|touch_unique_app_count|telephony_mobile_data_enabled_fraction|keyboard_median_inter_event_interval_ms|activity_unknown_fraction,67.23357536499334
3,3,074,41,111.8,97.91076923076925,98.9910777946662,keyboard_long_pause_count_2s|screen_unlock_event_count|screen_off_event_count|activity_active_hour_count|touch_unique_app_count|telephony_mobile_data_enabled_fraction|keyboard_median_inter_event_interval_ms|activity_unknown_fraction,67.23357536499334
3,3,077,77,87.8,97.91076923076925,98.52445874001536,keyboard_long_pause_count_2s|screen_unlock_event_count|screen_off_event_count|activity_active_hour_count|touch_unique_app_count|telephony_mobile_data_enabled_fraction|keyboard_median_inter_event_interval_ms|activity_unknown_fraction,67.23357536499334
3,3,080,31,95.7,97.91076923076925,93.5950995847961,keyboard_long_pause_count_2s|screen_unlock_event_count|screen_off_event_count|activity_active_hour_count|touch_unique_app_count|telephony_mobile_data_enabled_fraction|keyboard_median_inter_event_interval_ms|activity_unknown_fraction,67.23357536499334
3,3,082,70,92.0,97.91076923076925,98.72169972023653,keyboard_long_pause_count_2s|screen_unlock_event_count|screen_off_event_count|activity_active_hour_count|touch_unique_app_count|telephony_mobile_data_enabled_fraction|keyboard_median_inter_event_interval_ms|activity_unknown_fraction,67.23357536499334
3,3,086,76,95.7,97.91076923076925,100.39532591813581,keyboard_long_pause_count_2s|screen_unlock_event_count|screen_off_event_count|activity_active_hour_count|touch_unique_app_count|telephony_mobile_data_enabled_fraction|keyboard_median_inter_event_interval_ms|activity_unknown_fraction,67.23357536499334
3,3,087,72,100.3,97.91076923076925,98.19107006978001,keyboard_long_pause_count_2s|screen_unlock_event_count|screen_off_event_count|activity_active_hour_count|touch_unique_app_count|telephony_mobile_data_enabled_fraction|keyboard_median_inter_event_interval_ms|activity_unknown_fraction,67.23357536499334
3,4,006,8,90.1,97.63999999999999,97.62681817458996,message_distinct_event_count|keyboard_long_pause_count_2s|touch_active_hour_count|unique_gsm_cell_count|touch_app_diversity|telephony_mobile_data_enabled_fraction|median_unlocked_session_duration_seconds|keyboard_median_inter_event_interval_ms,10000.0
3,4,007,57,108.2,97.63999999999999,97.61700597381495,message_distinct_event_count|keyboard_long_pause_count_2s|touch_active_hour_count|unique_gsm_cell_count|touch_app_diversity|telephony_mobile_data_enabled_fraction|median_unlocked_session_duration_seconds|keyboard_median_inter_event_interval_ms,10000.0
3,4,018,79,96.1,97.63999999999999,97.61254902091154,message_distinct_event_count|keyboard_long_pause_count_2s|touch_active_hour_count|unique_gsm_cell_count|touch_app_diversity|telephony_mobile_data_enabled_fraction|median_unlocked_session_duration_seconds|keyboard_median_inter_event_interval_ms,10000.0
3,4,026,75,104.1,97.63999999999999,97.63165822041923,message_distinct_event_count|keyboard_long_pause_count_2s|touch_active_hour_count|unique_gsm_cell_count|touch_app_diversity|telephony_mobile_data_enabled_fraction|median_unlocked_session_duration_seconds|keyboard_median_inter_event_interval_ms,10000.0
3,4,029,80,100.2,97.63999999999999,97.61380050996027,message_distinct_event_count|keyboard_long_pause_count_2s|touch_active_hour_count|unique_gsm_cell_count|touch_app_diversity|telephony_mobile_data_enabled_fraction|median_unlocked_session_duration_seconds|keyboard_median_inter_event_interval_ms,10000.0
3,4,030,13,103.8,97.63999999999999,97.62793543174132,message_distinct_event_count|keyboard_long_pause_count_2s|touch_active_hour_count|unique_gsm_cell_count|touch_app_diversity|telephony_mobile_data_enabled_fraction|median_unlocked_session_duration_seconds|keyboard_median_inter_event_interval_ms,10000.0
3,4,038,50,94.5,97.63999999999999,97.72978023347136,message_distinct_event_count|keyboard_long_pause_count_2s|touch_active_hour_count|unique_gsm_cell_count|touch_app_diversity|telephony_mobile_data_enabled_fraction|median_unlocked_session_duration_seconds|keyboard_median_inter_event_interval_ms,10000.0
3,4,043,42,95.5,97.63999999999999,97.60578866271601,message_distinct_event_count|keyboard_long_pause_count_2s|touch_active_hour_count|unique_gsm_cell_count|touch_app_diversity|telephony_mobile_data_enabled_fraction|median_unlocked_session_duration_seconds|keyboard_median_inter_event_interval_ms,10000.0
3,4,049,85,91.6,97.63999999999999,97.59424045937541,message_distinct_event_count|keyboard_long_pause_count_2s|touch_active_hour_count|unique_gsm_cell_count|touch_app_diversity|telephony_mobile_data_enabled_fraction|median_unlocked_session_duration_seconds|keyboard_median_inter_event_interval_ms,10000.0
3,4,060,26,96.9,97.63999999999999,97.6020644403513,message_distinct_event_count|keyboard_long_pause_count_2s|touch_active_hour_count|unique_gsm_cell_count|touch_app_diversity|telephony_mobile_data_enabled_fraction|median_unlocked_session_duration_seconds|keyboard_median_inter_event_interval_ms,10000.0
3,4,066,43,99.4,97.63999999999999,97.60579656936984,message_distinct_event_count|keyboard_long_pause_count_2s|touch_active_hour_count|unique_gsm_cell_count|touch_app_diversity|telephony_mobile_data_enabled_fraction|median_unlocked_session_duration_seconds|keyboard_median_inter_event_interval_ms,10000.0
3,4,073,30,95.7,97.63999999999999,97.72978023347136,message_distinct_event_count|keyboard_long_pause_count_2s|touch_active_hour_count|unique_gsm_cell_count|touch_app_diversity|telephony_mobile_data_enabled_fraction|median_unlocked_session_duration_seconds|keyboard_median_inter_event_interval_ms,10000.0
3,4,078,84,106.2,97.63999999999999,97.63775487669461,message_distinct_event_count|keyboard_long_pause_count_2s|touch_active_hour_count|unique_gsm_cell_count|touch_app_diversity|telephony_mobile_data_enabled_fraction|median_unlocked_session_duration_seconds|keyboard_median_inter_event_interval_ms,10000.0
3,4,079,47,101.3,97.63999999999999,97.60916313530585,message_distinct_event_count|keyboard_long_pause_count_2s|touch_active_hour_count|unique_gsm_cell_count|touch_app_diversity|telephony_mobile_data_enabled_fraction|median_unlocked_session_duration_seconds|keyboard_median_inter_event_interval_ms,10000.0
3,4,085,81,100.0,97.63999999999999,97.61337463230201,message_distinct_event_count|keyboard_long_pause_count_2s|touch_active_hour_count|unique_gsm_cell_count|touch_app_diversity|telephony_mobile_data_enabled_fraction|median_unlocked_session_duration_seconds|keyboard_median_inter_event_interval_ms,10000.0
3,4,096,87,102.1,97.63999999999999,97.59090804344136,message_distinct_event_count|keyboard_long_pause_count_2s|touch_active_hour_count|unique_gsm_cell_count|touch_app_diversity|telephony_mobile_data_enabled_fraction|median_unlocked_session_duration_seconds|keyboard_median_inter_event_interval_ms,10000.0
3,5,002,64,104.8,97.98461538461538,97.94117995419221,touch_app_diversity|telephony_network_type_diversity|screen_unlock_event_count|activity_active_hour_count|keyboard_deletion_event_count|telephony_mobile_data_enabled_fraction|median_unlocked_session_duration_seconds|touch_click_event_count,10000.0
3,5,003,11,106.5,97.98461538461538,97.97576271888795,touch_app_diversity|telephony_network_type_diversity|screen_unlock_event_count|activity_active_hour_count|keyboard_deletion_event_count|telephony_mobile_data_enabled_fraction|median_unlocked_session_duration_seconds|touch_click_event_count,10000.0
3,5,012,4,75.6,97.98461538461538,97.97542021544349,touch_app_diversity|telephony_network_type_diversity|screen_unlock_event_count|activity_active_hour_count|keyboard_deletion_event_count|telephony_mobile_data_enabled_fraction|median_unlocked_session_duration_seconds|touch_click_event_count,10000.0
3,5,021,17,97.8,97.98461538461538,97.97339902319686,touch_app_diversity|telephony_network_type_diversity|screen_unlock_event_count|activity_active_hour_count|keyboard_deletion_event_count|telephony_mobile_data_enabled_fraction|median_unlocked_session_duration_seconds|touch_click_event_count,10000.0
3,5,024,68,103.4,97.98461538461538,97.9689297882081,touch_app_diversity|telephony_network_type_diversity|screen_unlock_event_count|activity_active_hour_count|keyboard_deletion_event_count|telephony_mobile_data_enabled_fraction|median_unlocked_session_duration_seconds|touch_click_event_count,10000.0
3,5,037,48,101.9,97.98461538461538,97.96564145517014,touch_app_diversity|telephony_network_type_diversity|screen_unlock_event_count|activity_active_hour_count|keyboard_deletion_event_count|telephony_mobile_data_enabled_fraction|median_unlocked_session_duration_seconds|touch_click_event_count,10000.0
3,5,040,65,92.8,97.98461538461538,97.9716171717676,touch_app_diversity|telephony_network_type_diversity|screen_unlock_event_count|activity_active_hour_count|keyboard_deletion_event_count|telephony_mobile_data_enabled_fraction|median_unlocked_session_duration_seconds|touch_click_event_count,10000.0
3,5,042,14,83.8,97.98461538461538,97.95904806600889,touch_app_diversity|telephony_network_type_diversity|screen_unlock_event_count|activity_active_hour_count|keyboard_deletion_event_count|telephony_mobile_data_enabled_fraction|median_unlocked_session_duration_seconds|touch_click_event_count,10000.0
3,5,044,44,108.3,97.98461538461538,98.058976470439,touch_app_diversity|telephony_network_type_diversity|screen_unlock_event_count|activity_active_hour_count|keyboard_deletion_event_count|telephony_mobile_data_enabled_fraction|median_unlocked_session_duration_seconds|touch_click_event_count,10000.0
3,5,048,7,95.2,97.98461538461538,98.058976470439,touch_app_diversity|telephony_network_type_diversity|screen_unlock_event_count|activity_active_hour_count|keyboard_deletion_event_count|telephony_mobile_data_enabled_fraction|median_unlocked_session_duration_seconds|touch_click_event_count,10000.0
3,5,070,24,95.5,97.98461538461538,97.9362653380286,touch_app_diversity|telephony_network_type_diversity|screen_unlock_event_count|activity_active_hour_count|keyboard_deletion_event_count|telephony_mobile_data_enabled_fraction|median_unlocked_session_duration_seconds|touch_click_event_count,10000.0
3,5,076,71,107.5,97.98461538461538,97.99055008516967,touch_app_diversity|telephony_network_type_diversity|screen_unlock_event_count|activity_active_hour_count|keyboard_deletion_event_count|telephony_mobile_data_enabled_fraction|median_unlocked_session_duration_seconds|touch_click_event_count,10000.0
3,5,091,60,82.0,97.98461538461538,98.0062276245834,touch_app_diversity|telephony_network_type_diversity|screen_unlock_event_count|activity_active_hour_count|keyboard_deletion_event_count|telephony_mobile_data_enabled_fraction|median_unlocked_session_duration_seconds|touch_click_event_count,10000.0
3,5,092,63,109.1,97.98461538461538,98.058976470439,touch_app_diversity|telephony_network_type_diversity|screen_unlock_event_count|activity_active_hour_count|keyboard_deletion_event_count|telephony_mobile_data_enabled_fraction|median_unlocked_session_duration_seconds|touch_click_event_count,10000.0
3,5,093,82,99.6,97.98461538461538,97.96594335523564,touch_app_diversity|telephony_network_type_diversity|screen_unlock_event_count|activity_active_hour_count|keyboard_deletion_event_count|telephony_mobile_data_enabled_fraction|median_unlocked_session_duration_seconds|touch_click_event_count,10000.0
3,5,095,86,99.5,97.98461538461538,97.98530599601567,touch_app_diversity|telephony_network_type_diversity|screen_unlock_event_count|activity_active_hour_count|keyboard_deletion_event_count|telephony_mobile_data_enabled_fraction|median_unlocked_session_duration_seconds|touch_click_event_count,10000.0
4,1,019,28,103.7,98.1390625,101.56388230311858,keyboard_deletion_event_count|keyboard_long_pause_count_2s|message_distinct_event_count|unique_gsm_cell_count|keyboard_typing_burst_count|median_unlocked_session_duration_seconds|keyboard_median_inter_event_interval_ms|app_use_diversity,67.23357536499334
4,1,021,17,97.8,98.1390625,101.80141002300319,keyboard_deletion_event_count|keyboard_long_pause_count_2s|message_distinct_event_count|unique_gsm_cell_count|keyboard_typing_burst_count|median_unlocked_session_duration_seconds|keyboard_median_inter_event_interval_ms|app_use_diversity,67.23357536499334
4,1,022,52,107.2,98.1390625,97.54558582436891,keyboard_deletion_event_count|keyboard_long_pause_count_2s|message_distinct_event_count|unique_gsm_cell_count|keyboard_typing_burst_count|median_unlocked_session_duration_seconds|keyboard_median_inter_event_interval_ms|app_use_diversity,67.23357536499334
4,1,023,20,101.0,98.1390625,96.23991465136831,keyboard_deletion_event_count|keyboard_long_pause_count_2s|message_distinct_event_count|unique_gsm_cell_count|keyboard_typing_burst_count|median_unlocked_session_duration_seconds|keyboard_median_inter_event_interval_ms|app_use_diversity,67.23357536499334
4,1,029,80,100.2,98.1390625,96.69434169993868,keyboard_deletion_event_count|keyboard_long_pause_count_2s|message_distinct_event_count|unique_gsm_cell_count|keyboard_typing_burst_count|median_unlocked_session_duration_seconds|keyboard_median_inter_event_interval_ms|app_use_diversity,67.23357536499334
4,1,034,73,101.8,98.1390625,97.532169559472,keyboard_deletion_event_count|keyboard_long_pause_count_2s|message_distinct_event_count|unique_gsm_cell_count|keyboard_typing_burst_count|median_unlocked_session_duration_seconds|keyboard_median_inter_event_interval_ms|app_use_diversity,67.23357536499334
4,1,038,50,94.5,98.1390625,101.56388230311858,keyboard_deletion_event_count|keyboard_long_pause_count_2s|message_distinct_event_count|unique_gsm_cell_count|keyboard_typing_burst_count|median_unlocked_session_duration_seconds|keyboard_median_inter_event_interval_ms|app_use_diversity,67.23357536499334
4,1,039,27,99.3,98.1390625,133.62453805549822,keyboard_deletion_event_count|keyboard_long_pause_count_2s|message_distinct_event_count|unique_gsm_cell_count|keyboard_typing_burst_count|median_unlocked_session_duration_seconds|keyboard_median_inter_event_interval_ms|app_use_diversity,67.23357536499334
4,1,052,22,90.6,98.1390625,95.35573037370692,keyboard_deletion_event_count|keyboard_long_pause_count_2s|message_distinct_event_count|unique_gsm_cell_count|keyboard_typing_burst_count|median_unlocked_session_duration_seconds|keyboard_median_inter_event_interval_ms|app_use_diversity,67.23357536499334
4,1,061,58,92.7,98.1390625,96.12155039708071,keyboard_deletion_event_count|keyboard_long_pause_count_2s|message_distinct_event_count|unique_gsm_cell_count|keyboard_typing_burst_count|median_unlocked_session_duration_seconds|keyboard_median_inter_event_interval_ms|app_use_diversity,67.23357536499334
4,1,062,40,103.9,98.1390625,98.1696823132612,keyboard_deletion_event_count|keyboard_long_pause_count_2s|message_distinct_event_count|unique_gsm_cell_count|keyboard_typing_burst_count|median_unlocked_session_duration_seconds|keyboard_median_inter_event_interval_ms|app_use_diversity,67.23357536499334
4,1,066,43,99.4,98.1390625,97.41746959848767,keyboard_deletion_event_count|keyboard_long_pause_count_2s|message_distinct_event_count|unique_gsm_cell_count|keyboard_typing_burst_count|median_unlocked_session_duration_seconds|keyboard_median_inter_event_interval_ms|app_use_diversity,67.23357536499334
4,1,075,53,89.1,98.1390625,110.92142859670588,keyboard_deletion_event_count|keyboard_long_pause_count_2s|message_distinct_event_count|unique_gsm_cell_count|keyboard_typing_burst_count|median_unlocked_session_duration_seconds|keyboard_median_inter_event_interval_ms|app_use_diversity,67.23357536499334
4,1,083,36,102.8,98.1390625,95.99900861997077,keyboard_deletion_event_count|keyboard_long_pause_count_2s|message_distinct_event_count|unique_gsm_cell_count|keyboard_typing_burst_count|median_unlocked_session_duration_seconds|keyboard_median_inter_event_interval_ms|app_use_diversity,67.23357536499334
4,1,084,49,87.5,98.1390625,96.36935759009567,keyboard_deletion_event_count|keyboard_long_pause_count_2s|message_distinct_event_count|unique_gsm_cell_count|keyboard_typing_burst_count|median_unlocked_session_duration_seconds|keyboard_median_inter_event_interval_ms|app_use_diversity,67.23357536499334
4,1,085,81,100.0,98.1390625,96.33087637220008,keyboard_deletion_event_count|keyboard_long_pause_count_2s|message_distinct_event_count|unique_gsm_cell_count|keyboard_typing_burst_count|median_unlocked_session_duration_seconds|keyboard_median_inter_event_interval_ms|app_use_diversity,67.23357536499334
4,1,090,56,79.9,98.1390625,101.56388230311858,keyboard_deletion_event_count|keyboard_long_pause_count_2s|message_distinct_event_count|unique_gsm_cell_count|keyboard_typing_burst_count|median_unlocked_session_duration_seconds|keyboard_median_inter_event_interval_ms|app_use_diversity,67.23357536499334
4,2,004,5,101.0,98.16461538461539,98.96516416038425,touch_app_diversity|message_distinct_event_count|screen_unlock_event_count|touch_unique_app_count|activity_active_hour_count|median_unlocked_session_duration_seconds|telephony_mobile_data_enabled_fraction|keyboard_median_inter_event_interval_ms,356.2247890262444
4,2,006,8,90.1,98.16461538461539,97.99593777187394,touch_app_diversity|message_distinct_event_count|screen_unlock_event_count|touch_unique_app_count|activity_active_hour_count|median_unlocked_session_duration_seconds|telephony_mobile_data_enabled_fraction|keyboard_median_inter_event_interval_ms,356.2247890262444
4,2,010,35,100.0,98.16461538461539,97.81161867431857,touch_app_diversity|message_distinct_event_count|screen_unlock_event_count|touch_unique_app_count|activity_active_hour_count|median_unlocked_session_duration_seconds|telephony_mobile_data_enabled_fraction|keyboard_median_inter_event_interval_ms,356.2247890262444
4,2,032,62,110.6,98.16461538461539,98.01116963204231,touch_app_diversity|message_distinct_event_count|screen_unlock_event_count|touch_unique_app_count|activity_active_hour_count|median_unlocked_session_duration_seconds|telephony_mobile_data_enabled_fraction|keyboard_median_inter_event_interval_ms,356.2247890262444
4,2,037,48,101.9,98.16461538461539,98.66918430434706,touch_app_diversity|message_distinct_event_count|screen_unlock_event_count|touch_unique_app_count|activity_active_hour_count|median_unlocked_session_duration_seconds|telephony_mobile_data_enabled_fraction|keyboard_median_inter_event_interval_ms,356.2247890262444
4,2,043,42,95.5,98.16461538461539,97.31892277254458,touch_app_diversity|message_distinct_event_count|screen_unlock_event_count|touch_unique_app_count|activity_active_hour_count|median_unlocked_session_duration_seconds|telephony_mobile_data_enabled_fraction|keyboard_median_inter_event_interval_ms,356.2247890262444
4,2,045,51,93.4,98.16461538461539,97.59978131106588,touch_app_diversity|message_distinct_event_count|screen_unlock_event_count|touch_unique_app_count|activity_active_hour_count|median_unlocked_session_duration_seconds|telephony_mobile_data_enabled_fraction|keyboard_median_inter_event_interval_ms,356.2247890262444
4,2,058,59,76.2,98.16461538461539,97.71682385828719,touch_app_diversity|message_distinct_event_count|screen_unlock_event_count|touch_unique_app_count|activity_active_hour_count|median_unlocked_session_duration_seconds|telephony_mobile_data_enabled_fraction|keyboard_median_inter_event_interval_ms,356.2247890262444
4,2,068,34,97.8,98.16461538461539,99.38550988413708,touch_app_diversity|message_distinct_event_count|screen_unlock_event_count|touch_unique_app_count|activity_active_hour_count|median_unlocked_session_duration_seconds|telephony_mobile_data_enabled_fraction|keyboard_median_inter_event_interval_ms,356.2247890262444
4,2,071,33,99.6,98.16461538461539,97.64602168464705,touch_app_diversity|message_distinct_event_count|screen_unlock_event_count|touch_unique_app_count|activity_active_hour_count|median_unlocked_session_duration_seconds|telephony_mobile_data_enabled_fraction|keyboard_median_inter_event_interval_ms,356.2247890262444
4,2,072,83,106.1,98.16461538461539,98.11656814266719,touch_app_diversity|message_distinct_event_count|screen_unlock_event_count|touch_unique_app_count|activity_active_hour_count|median_unlocked_session_duration_seconds|telephony_mobile_data_enabled_fraction|keyboard_median_inter_event_interval_ms,356.2247890262444
4,2,074,41,111.8,98.16461538461539,99.38550988413708,touch_app_diversity|message_distinct_event_count|screen_unlock_event_count|touch_unique_app_count|activity_active_hour_count|median_unlocked_session_duration_seconds|telephony_mobile_data_enabled_fraction|keyboard_median_inter_event_interval_ms,356.2247890262444
4,2,077,77,87.8,98.16461538461539,97.9489464195765,touch_app_diversity|message_distinct_event_count|screen_unlock_event_count|touch_unique_app_count|activity_active_hour_count|median_unlocked_session_duration_seconds|telephony_mobile_data_enabled_fraction|keyboard_median_inter_event_interval_ms,356.2247890262444
4,2,086,76,95.7,98.16461538461539,98.58260141137531,touch_app_diversity|message_distinct_event_count|screen_unlock_event_count|touch_unique_app_count|activity_active_hour_count|median_unlocked_session_duration_seconds|telephony_mobile_data_enabled_fraction|keyboard_median_inter_event_interval_ms,356.2247890262444
4,2,091,60,82.0,98.16461538461539,98.40083021306928,touch_app_diversity|message_distinct_event_count|screen_unlock_event_count|touch_unique_app_count|activity_active_hour_count|median_unlocked_session_duration_seconds|telephony_mobile_data_enabled_fraction|keyboard_median_inter_event_interval_ms,356.2247890262444
4,2,096,87,102.1,98.16461538461539,97.93012302338127,touch_app_diversity|message_distinct_event_count|screen_unlock_event_count|touch_unique_app_count|activity_active_hour_count|median_unlocked_session_duration_seconds|telephony_mobile_data_enabled_fraction|keyboard_median_inter_event_interval_ms,356.2247890262444
4,3,002,64,104.8,98.09846153846154,96.79283324627106,touch_app_diversity|keyboard_long_pause_count_2s|screen_unlock_event_count|gsm_cell_transition_count|activity_active_hour_count|telephony_mobile_data_enabled_fraction|activity_unknown_fraction|median_unlocked_session_duration_seconds,117.21022975334817
4,3,005,9,81.1,98.09846153846154,95.51114538838421,touch_app_diversity|keyboard_long_pause_count_2s|screen_unlock_event_count|gsm_cell_transition_count|activity_active_hour_count|telephony_mobile_data_enabled_fraction|activity_unknown_fraction|median_unlocked_session_duration_seconds,117.21022975334817
4,3,007,57,108.2,98.09846153846154,97.82337247353627,touch_app_diversity|keyboard_long_pause_count_2s|screen_unlock_event_count|gsm_cell_transition_count|activity_active_hour_count|telephony_mobile_data_enabled_fraction|activity_unknown_fraction|median_unlocked_session_duration_seconds,117.21022975334817
4,3,014,21,104.0,98.09846153846154,99.85788707143513,touch_app_diversity|keyboard_long_pause_count_2s|screen_unlock_event_count|gsm_cell_transition_count|activity_active_hour_count|telephony_mobile_data_enabled_fraction|activity_unknown_fraction|median_unlocked_session_duration_seconds,117.21022975334817
4,3,018,79,96.1,98.09846153846154,95.0855465612777,touch_app_diversity|keyboard_long_pause_count_2s|screen_unlock_event_count|gsm_cell_transition_count|activity_active_hour_count|telephony_mobile_data_enabled_fraction|activity_unknown_fraction|median_unlocked_session_duration_seconds,117.21022975334817
4,3,025,16,104.9,98.09846153846154,99.85788707143513,touch_app_diversity|keyboard_long_pause_count_2s|screen_unlock_event_count|gsm_cell_transition_count|activity_active_hour_count|telephony_mobile_data_enabled_fraction|activity_unknown_fraction|median_unlocked_session_duration_seconds,117.21022975334817
4,3,026,75,104.1,98.09846153846154,99.80516084109135,touch_app_diversity|keyboard_long_pause_count_2s|screen_unlock_event_count|gsm_cell_transition_count|activity_active_hour_count|telephony_mobile_data_enabled_fraction|activity_unknown_fraction|median_unlocked_session_duration_seconds,117.21022975334817
4,3,031,67,96.3,98.09846153846154,98.20364358419121,touch_app_diversity|keyboard_long_pause_count_2s|screen_unlock_event_count|gsm_cell_transition_count|activity_active_hour_count|telephony_mobile_data_enabled_fraction|activity_unknown_fraction|median_unlocked_session_duration_seconds,117.21022975334817
4,3,035,54,98.1,98.09846153846154,98.58454346270139,touch_app_diversity|keyboard_long_pause_count_2s|screen_unlock_event_count|gsm_cell_transition_count|activity_active_hour_count|telephony_mobile_data_enabled_fraction|activity_unknown_fraction|median_unlocked_session_duration_seconds,117.21022975334817
4,3,040,65,92.8,98.09846153846154,97.53901471492384,touch_app_diversity|keyboard_long_pause_count_2s|screen_unlock_event_count|gsm_cell_transition_count|activity_active_hour_count|telephony_mobile_data_enabled_fraction|activity_unknown_fraction|median_unlocked_session_duration_seconds,117.21022975334817
4,3,042,14,83.8,98.09846153846154,96.47843481942556,touch_app_diversity|keyboard_long_pause_count_2s|screen_unlock_event_count|gsm_cell_transition_count|activity_active_hour_count|telephony_mobile_data_enabled_fraction|activity_unknown_fraction|median_unlocked_session_duration_seconds,117.21022975334817
4,3,046,66,101.8,98.09846153846154,94.31326699881957,touch_app_diversity|keyboard_long_pause_count_2s|screen_unlock_event_count|gsm_cell_transition_count|activity_active_hour_count|telephony_mobile_data_enabled_fraction|activity_unknown_fraction|median_unlocked_session_duration_seconds,117.21022975334817
4,3,067,25,87.1,98.09846153846154,99.94141705430496,touch_app_diversity|keyboard_long_pause_count_2s|screen_unlock_event_count|gsm_cell_transition_count|activity_active_hour_count|telephony_mobile_data_enabled_fraction|activity_unknown_fraction|median_unlocked_session_duration_seconds,117.21022975334817
4,3,079,47,101.3,98.09846153846154,97.94736880133782,touch_app_diversity|keyboard_long_pause_count_2s|screen_unlock_event_count|gsm_cell_transition_count|activity_active_hour_count|telephony_mobile_data_enabled_fraction|activity_unknown_fraction|median_unlocked_session_duration_seconds,117.21022975334817
4,3,081,55,82.2,98.09846153846154,97.20109850765732,touch_app_diversity|keyboard_long_pause_count_2s|screen_unlock_event_count|gsm_cell_transition_count|activity_active_hour_count|telephony_mobile_data_enabled_fraction|activity_unknown_fraction|median_unlocked_session_duration_seconds,117.21022975334817
4,3,089,61,109.3,98.09846153846154,95.49901619391,touch_app_diversity|keyboard_long_pause_count_2s|screen_unlock_event_count|gsm_cell_transition_count|activity_active_hour_count|telephony_mobile_data_enabled_fraction|activity_unknown_fraction|median_unlocked_session_duration_seconds,117.21022975334817
4,4,003,11,106.5,97.37384615384616,98.82968216932036,unique_gsm_cell_count|touch_app_diversity|screen_off_event_count|telephony_network_type_diversity|screen_unlock_event_count|telephony_mobile_data_enabled_fraction|median_unlocked_session_duration_seconds|keyboard_median_inter_event_interval_ms,67.23357536499334
4,4,011,74,88.0,97.37384615384616,97.62248922684232,unique_gsm_cell_count|touch_app_diversity|screen_off_event_count|telephony_network_type_diversity|screen_unlock_event_count|telephony_mobile_data_enabled_fraction|median_unlocked_session_duration_seconds|keyboard_median_inter_event_interval_ms,67.23357536499334
4,4,020,18,90.0,97.37384615384616,97.52424509363176,unique_gsm_cell_count|touch_app_diversity|screen_off_event_count|telephony_network_type_diversity|screen_unlock_event_count|telephony_mobile_data_enabled_fraction|median_unlocked_session_duration_seconds|keyboard_median_inter_event_interval_ms,67.23357536499334
4,4,024,68,103.4,97.37384615384616,97.67021509260458,unique_gsm_cell_count|touch_app_diversity|screen_off_event_count|telephony_network_type_diversity|screen_unlock_event_count|telephony_mobile_data_enabled_fraction|median_unlocked_session_duration_seconds|keyboard_median_inter_event_interval_ms,67.23357536499334
4,4,030,13,103.8,97.37384615384616,101.81218269253147,unique_gsm_cell_count|touch_app_diversity|screen_off_event_count|telephony_network_type_diversity|screen_unlock_event_count|telephony_mobile_data_enabled_fraction|median_unlocked_session_duration_seconds|keyboard_median_inter_event_interval_ms,67.23357536499334
4,4,044,44,108.3,97.37384615384616,99.05165891104909,unique_gsm_cell_count|touch_app_diversity|screen_off_event_count|telephony_network_type_diversity|screen_unlock_event_count|telephony_mobile_data_enabled_fraction|median_unlocked_session_duration_seconds|keyboard_median_inter_event_interval_ms,67.23357536499334
4,4,048,7,95.2,97.37384615384616,99.05165891104909,unique_gsm_cell_count|touch_app_diversity|screen_off_event_count|telephony_network_type_diversity|screen_unlock_event_count|telephony_mobile_data_enabled_fraction|median_unlocked_session_duration_seconds|keyboard_median_inter_event_interval_ms,67.23357536499334
4,4,053,32,104.6,97.37384615384616,94.34367103875164,unique_gsm_cell_count|touch_app_diversity|screen_off_event_count|telephony_network_type_diversity|screen_unlock_event_count|telephony_mobile_data_enabled_fraction|median_unlocked_session_duration_seconds|keyboard_median_inter_event_interval_ms,67.23357536499334
4,4,056,38,109.6,97.37384615384616,99.05165891104909,unique_gsm_cell_count|touch_app_diversity|screen_off_event_count|telephony_network_type_diversity|screen_unlock_event_count|telephony_mobile_data_enabled_fraction|median_unlocked_session_duration_seconds|keyboard_median_inter_event_interval_ms,67.23357536499334
4,4,069,46,85.9,97.37384615384616,96.96214463873261,unique_gsm_cell_count|touch_app_diversity|screen_off_event_count|telephony_network_type_diversity|screen_unlock_event_count|telephony_mobile_data_enabled_fraction|median_unlocked_session_duration_seconds|keyboard_median_inter_event_interval_ms,67.23357536499334
4,4,070,24,95.5,97.37384615384616,95.54879764866219,unique_gsm_cell_count|touch_app_diversity|screen_off_event_count|telephony_network_type_diversity|screen_unlock_event_count|telephony_mobile_data_enabled_fraction|median_unlocked_session_duration_seconds|keyboard_median_inter_event_interval_ms,67.23357536499334
4,4,076,71,107.5,97.37384615384616,98.26653981952283,unique_gsm_cell_count|touch_app_diversity|screen_off_event_count|telephony_network_type_diversity|screen_unlock_event_count|telephony_mobile_data_enabled_fraction|median_unlocked_session_duration_seconds|keyboard_median_inter_event_interval_ms,67.23357536499334
4,4,080,31,95.7,97.37384615384616,92.83054681084955,unique_gsm_cell_count|touch_app_diversity|screen_off_event_count|telephony_network_type_diversity|screen_unlock_event_count|telephony_mobile_data_enabled_fraction|median_unlocked_session_duration_seconds|keyboard_median_inter_event_interval_ms,67.23357536499334
4,4,087,72,100.3,97.37384615384616,96.91249647513936,unique_gsm_cell_count|touch_app_diversity|screen_off_event_count|telephony_network_type_diversity|screen_unlock_event_count|telephony_mobile_data_enabled_fraction|median_unlocked_session_duration_seconds|keyboard_median_inter_event_interval_ms,67.23357536499334
4,4,092,63,109.1,97.37384615384616,99.05165891104909,unique_gsm_cell_count|touch_app_diversity|screen_off_event_count|telephony_network_type_diversity|screen_unlock_event_count|telephony_mobile_data_enabled_fraction|median_unlocked_session_duration_seconds|keyboard_median_inter_event_interval_ms,67.23357536499334
4,4,093,82,99.6,97.37384615384616,97.62778401469697,unique_gsm_cell_count|touch_app_diversity|screen_off_event_count|telephony_network_type_diversity|screen_unlock_event_count|telephony_mobile_data_enabled_fraction|median_unlocked_session_duration_seconds|keyboard_median_inter_event_interval_ms,67.23357536499334
4,5,012,4,75.6,97.8753846153846,98.13883221287581,keyboard_long_pause_count_2s|keyboard_deletion_event_count|touch_app_diversity|activity_active_hour_count|touch_unique_app_count|screen_transition_count|touch_scroll_event_count|median_unlocked_session_duration_seconds,117.21022975334817
4,5,013,10,109.6,97.8753846153846,99.51530831836328,keyboard_long_pause_count_2s|keyboard_deletion_event_count|touch_app_diversity|activity_active_hour_count|touch_unique_app_count|screen_transition_count|touch_scroll_event_count|median_unlocked_session_duration_seconds,117.21022975334817
4,5,015,12,95.9,97.8753846153846,94.79400515360066,keyboard_long_pause_count_2s|keyboard_deletion_event_count|touch_app_diversity|activity_active_hour_count|touch_unique_app_count|screen_transition_count|touch_scroll_event_count|median_unlocked_session_duration_seconds,117.21022975334817
4,5,028,45,93.5,97.8753846153846,96.59921263495745,keyboard_long_pause_count_2s|keyboard_deletion_event_count|touch_app_diversity|activity_active_hour_count|touch_unique_app_count|screen_transition_count|touch_scroll_event_count|median_unlocked_session_duration_seconds,117.21022975334817
4,5,036,19,93.0,97.8753846153846,99.51530831836328,keyboard_long_pause_count_2s|keyboard_deletion_event_count|touch_app_diversity|activity_active_hour_count|touch_unique_app_count|screen_transition_count|touch_scroll_event_count|median_unlocked_session_duration_seconds,117.21022975334817
4,5,041,15,119.4,97.8753846153846,97.7363021743371,keyboard_long_pause_count_2s|keyboard_deletion_event_count|touch_app_diversity|activity_active_hour_count|touch_unique_app_count|screen_transition_count|touch_scroll_event_count|median_unlocked_session_duration_seconds,117.21022975334817
4,5,049,85,91.6,97.8753846153846,96.11211393321992,keyboard_long_pause_count_2s|keyboard_deletion_event_count|touch_app_diversity|activity_active_hour_count|touch_unique_app_count|screen_transition_count|touch_scroll_event_count|median_unlocked_session_duration_seconds,117.21022975334817
4,5,050,39,104.4,97.8753846153846,97.61083200936606,keyboard_long_pause_count_2s|keyboard_deletion_event_count|touch_app_diversity|activity_active_hour_count|touch_unique_app_count|screen_transition_count|touch_scroll_event_count|median_unlocked_session_duration_seconds,117.21022975334817
4,5,055,29,104.1,97.8753846153846,97.878255876302,keyboard_long_pause_count_2s|keyboard_deletion_event_count|touch_app_diversity|activity_active_hour_count|touch_unique_app_count|screen_transition_count|touch_scroll_event_count|median_unlocked_session_duration_seconds,117.21022975334817
4,5,057,37,93.7,97.8753846153846,97.40880675394897,keyboard_long_pause_count_2s|keyboard_deletion_event_count|touch_app_diversity|activity_active_hour_count|touch_unique_app_count|screen_transition_count|touch_scroll_event_count|median_unlocked_session_duration_seconds,117.21022975334817
4,5,060,26,96.9,97.8753846153846,97.68477835955653,keyboard_long_pause_count_2s|keyboard_deletion_event_count|touch_app_diversity|activity_active_hour_count|touch_unique_app_count|screen_transition_count|touch_scroll_event_count|median_unlocked_session_duration_seconds,117.21022975334817
4,5,064,69,99.3,97.8753846153846,95.51463103675647,keyboard_long_pause_count_2s|keyboard_deletion_event_count|touch_app_diversity|activity_active_hour_count|touch_unique_app_count|screen_transition_count|touch_scroll_event_count|median_unlocked_session_duration_seconds,117.21022975334817
4,5,073,30,95.7,97.8753846153846,98.0509039290547,keyboard_long_pause_count_2s|keyboard_deletion_event_count|touch_app_diversity|activity_active_hour_count|touch_unique_app_count|screen_transition_count|touch_scroll_event_count|median_unlocked_session_duration_seconds,117.21022975334817
4,5,078,84,106.2,97.8753846153846,97.82747842990126,keyboard_long_pause_count_2s|keyboard_deletion_event_count|touch_app_diversity|activity_active_hour_count|touch_unique_app_count|screen_transition_count|touch_scroll_event_count|median_unlocked_session_duration_seconds,117.21022975334817
4,5,082,70,92.0,97.8753846153846,96.46693586065417,keyboard_long_pause_count_2s|keyboard_deletion_event_count|touch_app_diversity|activity_active_hour_count|touch_unique_app_count|screen_transition_count|touch_scroll_event_count|median_unlocked_session_duration_seconds,117.21022975334817
4,5,095,86,99.5,97.8753846153846,98.14272031746168,keyboard_long_pause_count_2s|keyboard_deletion_event_count|touch_app_diversity|activity_active_hour_count|touch_unique_app_count|screen_transition_count|touch_scroll_event_count|median_unlocked_session_duration_seconds,117.21022975334817
5,1,007,57,108.2,97.3890625,96.13058998031387,touch_app_diversity|screen_unlock_event_count|screen_on_event_count|activity_active_hour_count|screen_off_event_count|telephony_mobile_data_enabled_fraction|keyboard_median_inter_event_interval_ms|median_unlocked_session_duration_seconds,117.21022975334817
5,1,013,10,109.6,97.3890625,100.54035503025072,touch_app_diversity|screen_unlock_event_count|screen_on_event_count|activity_active_hour_count|screen_off_event_count|telephony_mobile_data_enabled_fraction|keyboard_median_inter_event_interval_ms|median_unlocked_session_duration_seconds,117.21022975334817
5,1,020,18,90.0,97.3890625,96.97787733741264,touch_app_diversity|screen_unlock_event_count|screen_on_event_count|activity_active_hour_count|screen_off_event_count|telephony_mobile_data_enabled_fraction|keyboard_median_inter_event_interval_ms|median_unlocked_session_duration_seconds,117.21022975334817
5,1,023,20,101.0,97.3890625,97.33646911827455,touch_app_diversity|screen_unlock_event_count|screen_on_event_count|activity_active_hour_count|screen_off_event_count|telephony_mobile_data_enabled_fraction|keyboard_median_inter_event_interval_ms|median_unlocked_session_duration_seconds,117.21022975334817
5,1,025,16,104.9,97.3890625,100.54035503025072,touch_app_diversity|screen_unlock_event_count|screen_on_event_count|activity_active_hour_count|screen_off_event_count|telephony_mobile_data_enabled_fraction|keyboard_median_inter_event_interval_ms|median_unlocked_session_duration_seconds,117.21022975334817
5,1,040,65,92.8,97.3890625,96.57048523057377,touch_app_diversity|screen_unlock_event_count|screen_on_event_count|activity_active_hour_count|screen_off_event_count|telephony_mobile_data_enabled_fraction|keyboard_median_inter_event_interval_ms|median_unlocked_session_duration_seconds,117.21022975334817
5,1,042,14,83.8,97.3890625,95.04583018382108,touch_app_diversity|screen_unlock_event_count|screen_on_event_count|activity_active_hour_count|screen_off_event_count|telephony_mobile_data_enabled_fraction|keyboard_median_inter_event_interval_ms|median_unlocked_session_duration_seconds,117.21022975334817
5,1,050,39,104.4,97.3890625,96.94926404774998,touch_app_diversity|screen_unlock_event_count|screen_on_event_count|activity_active_hour_count|screen_off_event_count|telephony_mobile_data_enabled_fraction|keyboard_median_inter_event_interval_ms|median_unlocked_session_duration_seconds,117.21022975334817
5,1,060,26,96.9,97.3890625,96.51261562308342,touch_app_diversity|screen_unlock_event_count|screen_on_event_count|activity_active_hour_count|screen_off_event_count|telephony_mobile_data_enabled_fraction|keyboard_median_inter_event_interval_ms|median_unlocked_session_duration_seconds,117.21022975334817
5,1,062,40,103.9,97.3890625,97.05868325956433,touch_app_diversity|screen_unlock_event_count|screen_on_event_count|activity_active_hour_count|screen_off_event_count|telephony_mobile_data_enabled_fraction|keyboard_median_inter_event_interval_ms|median_unlocked_session_duration_seconds,117.21022975334817
5,1,070,24,95.5,97.3890625,96.07467553131701,touch_app_diversity|screen_unlock_event_count|screen_on_event_count|activity_active_hour_count|screen_off_event_count|telephony_mobile_data_enabled_fraction|keyboard_median_inter_event_interval_ms|median_unlocked_session_duration_seconds,117.21022975334817
5,1,072,83,106.1,97.3890625,96.39240125978127,touch_app_diversity|screen_unlock_event_count|screen_on_event_count|activity_active_hour_count|screen_off_event_count|telephony_mobile_data_enabled_fraction|keyboard_median_inter_event_interval_ms|median_unlocked_session_duration_seconds,117.21022975334817
5,1,076,71,107.5,97.3890625,97.10771287801086,touch_app_diversity|screen_unlock_event_count|screen_on_event_count|activity_active_hour_count|screen_off_event_count|telephony_mobile_data_enabled_fraction|keyboard_median_inter_event_interval_ms|median_unlocked_session_duration_seconds,117.21022975334817
5,1,078,84,106.2,97.3890625,105.77504055650886,touch_app_diversity|screen_unlock_event_count|screen_on_event_count|activity_active_hour_count|screen_off_event_count|telephony_mobile_data_enabled_fraction|keyboard_median_inter_event_interval_ms|median_unlocked_session_duration_seconds,117.21022975334817
5,1,090,56,79.9,97.3890625,100.54035503025072,touch_app_diversity|screen_unlock_event_count|screen_on_event_count|activity_active_hour_count|screen_off_event_count|telephony_mobile_data_enabled_fraction|keyboard_median_inter_event_interval_ms|median_unlocked_session_duration_seconds,117.21022975334817
5,1,092,63,109.1,97.3890625,100.54035503025072,touch_app_diversity|screen_unlock_event_count|screen_on_event_count|activity_active_hour_count|screen_off_event_count|telephony_mobile_data_enabled_fraction|keyboard_median_inter_event_interval_ms|median_unlocked_session_duration_seconds,117.21022975334817
5,1,093,82,99.6,97.3890625,97.043886245532,touch_app_diversity|screen_unlock_event_count|screen_on_event_count|activity_active_hour_count|screen_off_event_count|telephony_mobile_data_enabled_fraction|keyboard_median_inter_event_interval_ms|median_unlocked_session_duration_seconds,117.21022975334817
5,2,004,5,101.0,98.12,98.0286721106163,touch_app_diversity|screen_unlock_event_count|touch_unique_app_count|activity_active_hour_count|screen_off_event_count|median_unlocked_session_duration_seconds|telephony_mobile_data_enabled_fraction|touch_scroll_event_count,67.23357536499334
5,2,006,8,90.1,98.12,97.53947309544314,touch_app_diversity|screen_unlock_event_count|touch_unique_app_count|activity_active_hour_count|screen_off_event_count|median_unlocked_session_duration_seconds|telephony_mobile_data_enabled_fraction|touch_scroll_event_count,67.23357536499334
5,2,018,79,96.1,98.12,96.42123958369474,touch_app_diversity|screen_unlock_event_count|touch_unique_app_count|activity_active_hour_count|screen_off_event_count|median_unlocked_session_duration_seconds|telephony_mobile_data_enabled_fraction|touch_scroll_event_count,67.23357536499334
5,2,019,28,103.7,98.12,101.01169383337555,touch_app_diversity|screen_unlock_event_count|touch_unique_app_count|activity_active_hour_count|screen_off_event_count|median_unlocked_session_duration_seconds|telephony_mobile_data_enabled_fraction|touch_scroll_event_count,67.23357536499334
5,2,024,68,103.4,98.12,97.33531808222786,touch_app_diversity|screen_unlock_event_count|touch_unique_app_count|activity_active_hour_count|screen_off_event_count|median_unlocked_session_duration_seconds|telephony_mobile_data_enabled_fraction|touch_scroll_event_count,67.23357536499334
5,2,034,73,101.8,98.12,96.91661845588074,touch_app_diversity|screen_unlock_event_count|touch_unique_app_count|activity_active_hour_count|screen_off_event_count|median_unlocked_session_duration_seconds|telephony_mobile_data_enabled_fraction|touch_scroll_event_count,67.23357536499334
5,2,039,27,99.3,98.12,96.24455215619885,touch_app_diversity|screen_unlock_event_count|touch_unique_app_count|activity_active_hour_count|screen_off_event_count|median_unlocked_session_duration_seconds|telephony_mobile_data_enabled_fraction|touch_scroll_event_count,67.23357536499334
5,2,041,15,119.4,98.12,97.22087594869592,touch_app_diversity|screen_unlock_event_count|touch_unique_app_count|activity_active_hour_count|screen_off_event_count|median_unlocked_session_duration_seconds|telephony_mobile_data_enabled_fraction|touch_scroll_event_count,67.23357536499334
5,2,045,51,93.4,98.12,97.26647369076909,touch_app_diversity|screen_unlock_event_count|touch_unique_app_count|activity_active_hour_count|screen_off_event_count|median_unlocked_session_duration_seconds|telephony_mobile_data_enabled_fraction|touch_scroll_event_count,67.23357536499334
5,2,046,66,101.8,98.12,96.88880773341526,touch_app_diversity|screen_unlock_event_count|touch_unique_app_count|activity_active_hour_count|screen_off_event_count|median_unlocked_session_duration_seconds|telephony_mobile_data_enabled_fraction|touch_scroll_event_count,67.23357536499334
5,2,048,7,95.2,98.12,101.01169383337555,touch_app_diversity|screen_unlock_event_count|touch_unique_app_count|activity_active_hour_count|screen_off_event_count|median_unlocked_session_duration_seconds|telephony_mobile_data_enabled_fraction|touch_scroll_event_count,67.23357536499334
5,2,058,59,76.2,98.12,96.06486777122367,touch_app_diversity|screen_unlock_event_count|touch_unique_app_count|activity_active_hour_count|screen_off_event_count|median_unlocked_session_duration_seconds|telephony_mobile_data_enabled_fraction|touch_scroll_event_count,67.23357536499334
5,2,066,43,99.4,98.12,98.13080448083366,touch_app_diversity|screen_unlock_event_count|touch_unique_app_count|activity_active_hour_count|screen_off_event_count|median_unlocked_session_duration_seconds|telephony_mobile_data_enabled_fraction|touch_scroll_event_count,67.23357536499334
5,2,069,46,85.9,98.12,97.19719300841705,touch_app_diversity|screen_unlock_event_count|touch_unique_app_count|activity_active_hour_count|screen_off_event_count|median_unlocked_session_duration_seconds|telephony_mobile_data_enabled_fraction|touch_scroll_event_count,67.23357536499334
5,2,084,49,87.5,98.12,95.83442889442004,touch_app_diversity|screen_unlock_event_count|touch_unique_app_count|activity_active_hour_count|screen_off_event_count|median_unlocked_session_duration_seconds|telephony_mobile_data_enabled_fraction|touch_scroll_event_count,67.23357536499334
5,2,087,72,100.3,98.12,97.79654931070152,touch_app_diversity|screen_unlock_event_count|touch_unique_app_count|activity_active_hour_count|screen_off_event_count|median_unlocked_session_duration_seconds|telephony_mobile_data_enabled_fraction|touch_scroll_event_count,67.23357536499334
5,3,012,4,75.6,98.59692307692308,99.7381546836159,keyboard_deletion_event_count|keyboard_long_pause_count_2s|activity_active_hour_count|keyboard_typing_burst_count|touch_scroll_index_change_median|median_unlocked_session_duration_seconds|keyboard_median_inter_event_interval_ms|touch_scroll_event_count,67.23357536499334
5,3,021,17,97.8,98.59692307692308,97.90312865618601,keyboard_deletion_event_count|keyboard_long_pause_count_2s|activity_active_hour_count|keyboard_typing_burst_count|touch_scroll_index_change_median|median_unlocked_session_duration_seconds|keyboard_median_inter_event_interval_ms|touch_scroll_event_count,67.23357536499334
5,3,026,75,104.1,98.59692307692308,99.1354493346051,keyboard_deletion_event_count|keyboard_long_pause_count_2s|activity_active_hour_count|keyboard_typing_burst_count|touch_scroll_index_change_median|median_unlocked_session_duration_seconds|keyboard_median_inter_event_interval_ms|touch_scroll_event_count,67.23357536499334
5,3,030,13,103.8,98.59692307692308,96.20284074914021,keyboard_deletion_event_count|keyboard_long_pause_count_2s|activity_active_hour_count|keyboard_typing_burst_count|touch_scroll_index_change_median|median_unlocked_session_duration_seconds|keyboard_median_inter_event_interval_ms|touch_scroll_event_count,67.23357536499334
5,3,031,67,96.3,98.59692307692308,101.26138877073814,keyboard_deletion_event_count|keyboard_long_pause_count_2s|activity_active_hour_count|keyboard_typing_burst_count|touch_scroll_index_change_median|median_unlocked_session_duration_seconds|keyboard_median_inter_event_interval_ms|touch_scroll_event_count,67.23357536499334
5,3,037,48,101.9,98.59692307692308,97.75764063794384,keyboard_deletion_event_count|keyboard_long_pause_count_2s|activity_active_hour_count|keyboard_typing_burst_count|touch_scroll_index_change_median|median_unlocked_session_duration_seconds|keyboard_median_inter_event_interval_ms|touch_scroll_event_count,67.23357536499334
5,3,043,42,95.5,98.59692307692308,96.53362202673891,keyboard_deletion_event_count|keyboard_long_pause_count_2s|activity_active_hour_count|keyboard_typing_burst_count|touch_scroll_index_change_median|median_unlocked_session_duration_seconds|keyboard_median_inter_event_interval_ms|touch_scroll_event_count,67.23357536499334
5,3,049,85,91.6,98.59692307692308,95.91611311383257,keyboard_deletion_event_count|keyboard_long_pause_count_2s|activity_active_hour_count|keyboard_typing_burst_count|touch_scroll_index_change_median|median_unlocked_session_duration_seconds|keyboard_median_inter_event_interval_ms|touch_scroll_event_count,67.23357536499334
5,3,055,29,104.1,98.59692307692308,97.88585051844012,keyboard_deletion_event_count|keyboard_long_pause_count_2s|activity_active_hour_count|keyboard_typing_burst_count|touch_scroll_index_change_median|median_unlocked_session_duration_seconds|keyboard_median_inter_event_interval_ms|touch_scroll_event_count,67.23357536499334
5,3,057,37,93.7,98.59692307692308,96.70635228705405,keyboard_deletion_event_count|keyboard_long_pause_count_2s|activity_active_hour_count|keyboard_typing_burst_count|touch_scroll_index_change_median|median_unlocked_session_duration_seconds|keyboard_median_inter_event_interval_ms|touch_scroll_event_count,67.23357536499334
5,3,061,58,92.7,98.59692307692308,96.33624706325477,keyboard_deletion_event_count|keyboard_long_pause_count_2s|activity_active_hour_count|keyboard_typing_burst_count|touch_scroll_index_change_median|median_unlocked_session_duration_seconds|keyboard_median_inter_event_interval_ms|touch_scroll_event_count,67.23357536499334
5,3,067,25,87.1,98.59692307692308,96.69386491704428,keyboard_deletion_event_count|keyboard_long_pause_count_2s|activity_active_hour_count|keyboard_typing_burst_count|touch_scroll_index_change_median|median_unlocked_session_duration_seconds|keyboard_median_inter_event_interval_ms|touch_scroll_event_count,67.23357536499334
5,3,077,77,87.8,98.59692307692308,99.99081193255428,keyboard_deletion_event_count|keyboard_long_pause_count_2s|activity_active_hour_count|keyboard_typing_burst_count|touch_scroll_index_change_median|median_unlocked_session_duration_seconds|keyboard_median_inter_event_interval_ms|touch_scroll_event_count,67.23357536499334
5,3,081,55,82.2,98.59692307692308,98.97511720660907,keyboard_deletion_event_count|keyboard_long_pause_count_2s|activity_active_hour_count|keyboard_typing_burst_count|touch_scroll_index_change_median|median_unlocked_session_duration_seconds|keyboard_median_inter_event_interval_ms|touch_scroll_event_count,67.23357536499334
5,3,085,81,100.0,98.59692307692308,99.4469121926526,keyboard_deletion_event_count|keyboard_long_pause_count_2s|activity_active_hour_count|keyboard_typing_burst_count|touch_scroll_index_change_median|median_unlocked_session_duration_seconds|keyboard_median_inter_event_interval_ms|touch_scroll_event_count,67.23357536499334
5,3,089,61,109.3,98.59692307692308,93.24640732427125,keyboard_deletion_event_count|keyboard_long_pause_count_2s|activity_active_hour_count|keyboard_typing_burst_count|touch_scroll_index_change_median|median_unlocked_session_duration_seconds|keyboard_median_inter_event_interval_ms|touch_scroll_event_count,67.23357536499334
5,4,005,9,81.1,97.65538461538462,94.77604699771986,screen_unlock_event_count|activity_transition_count|keyboard_long_pause_count_2s|unique_gsm_lac_count|activity_active_hour_count|telephony_mobile_data_enabled_fraction|keyboard_median_inter_event_interval_ms|median_unlocked_session_duration_seconds,67.23357536499334
5,4,011,74,88.0,97.65538461538462,97.87442993424564,screen_unlock_event_count|activity_transition_count|keyboard_long_pause_count_2s|unique_gsm_lac_count|activity_active_hour_count|telephony_mobile_data_enabled_fraction|keyboard_median_inter_event_interval_ms|median_unlocked_session_duration_seconds,67.23357536499334
5,4,014,21,104.0,97.65538461538462,98.02563651368982,screen_unlock_event_count|activity_transition_count|keyboard_long_pause_count_2s|unique_gsm_lac_count|activity_active_hour_count|telephony_mobile_data_enabled_fraction|keyboard_median_inter_event_interval_ms|median_unlocked_session_duration_seconds,67.23357536499334
5,4,015,12,95.9,97.65538461538462,93.62709323238126,screen_unlock_event_count|activity_transition_count|keyboard_long_pause_count_2s|unique_gsm_lac_count|activity_active_hour_count|telephony_mobile_data_enabled_fraction|keyboard_median_inter_event_interval_ms|median_unlocked_session_duration_seconds,67.23357536499334
5,4,022,52,107.2,97.65538461538462,97.98844883848301,screen_unlock_event_count|activity_transition_count|keyboard_long_pause_count_2s|unique_gsm_lac_count|activity_active_hour_count|telephony_mobile_data_enabled_fraction|keyboard_median_inter_event_interval_ms|median_unlocked_session_duration_seconds,67.23357536499334
5,4,035,54,98.1,97.65538461538462,98.23963458907453,screen_unlock_event_count|activity_transition_count|keyboard_long_pause_count_2s|unique_gsm_lac_count|activity_active_hour_count|telephony_mobile_data_enabled_fraction|keyboard_median_inter_event_interval_ms|median_unlocked_session_duration_seconds,67.23357536499334
5,4,044,44,108.3,97.65538461538462,98.02563651368982,screen_unlock_event_count|activity_transition_count|keyboard_long_pause_count_2s|unique_gsm_lac_count|activity_active_hour_count|telephony_mobile_data_enabled_fraction|keyboard_median_inter_event_interval_ms|median_unlocked_session_duration_seconds,67.23357536499334
5,4,052,22,90.6,97.65538461538462,96.37938159331416,screen_unlock_event_count|activity_transition_count|keyboard_long_pause_count_2s|unique_gsm_lac_count|activity_active_hour_count|telephony_mobile_data_enabled_fraction|keyboard_median_inter_event_interval_ms|median_unlocked_session_duration_seconds,67.23357536499334
5,4,056,38,109.6,97.65538461538462,98.02563651368982,screen_unlock_event_count|activity_transition_count|keyboard_long_pause_count_2s|unique_gsm_lac_count|activity_active_hour_count|telephony_mobile_data_enabled_fraction|keyboard_median_inter_event_interval_ms|median_unlocked_session_duration_seconds,67.23357536499334
5,4,064,69,99.3,97.65538461538462,93.80044320174451,screen_unlock_event_count|activity_transition_count|keyboard_long_pause_count_2s|unique_gsm_lac_count|activity_active_hour_count|telephony_mobile_data_enabled_fraction|keyboard_median_inter_event_interval_ms|median_unlocked_session_duration_seconds,67.23357536499334
5,4,068,34,97.8,97.65538461538462,98.02563651368982,screen_unlock_event_count|activity_transition_count|keyboard_long_pause_count_2s|unique_gsm_lac_count|activity_active_hour_count|telephony_mobile_data_enabled_fraction|keyboard_median_inter_event_interval_ms|median_unlocked_session_duration_seconds,67.23357536499334
5,4,074,41,111.8,97.65538461538462,98.02563651368982,screen_unlock_event_count|activity_transition_count|keyboard_long_pause_count_2s|unique_gsm_lac_count|activity_active_hour_count|telephony_mobile_data_enabled_fraction|keyboard_median_inter_event_interval_ms|median_unlocked_session_duration_seconds,67.23357536499334
5,4,080,31,95.7,97.65538461538462,93.9517642659754,screen_unlock_event_count|activity_transition_count|keyboard_long_pause_count_2s|unique_gsm_lac_count|activity_active_hour_count|telephony_mobile_data_enabled_fraction|keyboard_median_inter_event_interval_ms|median_unlocked_session_duration_seconds,67.23357536499334
5,4,086,76,95.7,97.65538461538462,98.65147937421266,screen_unlock_event_count|activity_transition_count|keyboard_long_pause_count_2s|unique_gsm_lac_count|activity_active_hour_count|telephony_mobile_data_enabled_fraction|keyboard_median_inter_event_interval_ms|median_unlocked_session_duration_seconds,67.23357536499334
5,4,095,86,99.5,97.65538461538462,98.42214075940166,screen_unlock_event_count|activity_transition_count|keyboard_long_pause_count_2s|unique_gsm_lac_count|activity_active_hour_count|telephony_mobile_data_enabled_fraction|keyboard_median_inter_event_interval_ms|median_unlocked_session_duration_seconds,67.23357536499334
5,4,096,87,102.1,97.65538461538462,96.13653396003207,screen_unlock_event_count|activity_transition_count|keyboard_long_pause_count_2s|unique_gsm_lac_count|activity_active_hour_count|telephony_mobile_data_enabled_fraction|keyboard_median_inter_event_interval_ms|median_unlocked_session_duration_seconds,67.23357536499334
5,5,002,64,104.8,97.87846153846155,95.02112541699874,message_distinct_event_count|keyboard_long_pause_count_2s|unique_gsm_cell_count|touch_app_diversity|gsm_cell_transition_count|median_unlocked_session_duration_seconds|screen_transition_count|keyboard_median_inter_event_interval_ms,67.23357536499334
5,5,003,11,106.5,97.87846153846155,97.72520624197593,message_distinct_event_count|keyboard_long_pause_count_2s|unique_gsm_cell_count|touch_app_diversity|gsm_cell_transition_count|median_unlocked_session_duration_seconds|screen_transition_count|keyboard_median_inter_event_interval_ms,67.23357536499334
5,5,010,35,100.0,97.87846153846155,95.38659079996566,message_distinct_event_count|keyboard_long_pause_count_2s|unique_gsm_cell_count|touch_app_diversity|gsm_cell_transition_count|median_unlocked_session_duration_seconds|screen_transition_count|keyboard_median_inter_event_interval_ms,67.23357536499334
5,5,028,45,93.5,97.87846153846155,95.19258363661922,message_distinct_event_count|keyboard_long_pause_count_2s|unique_gsm_cell_count|touch_app_diversity|gsm_cell_transition_count|median_unlocked_session_duration_seconds|screen_transition_count|keyboard_median_inter_event_interval_ms,67.23357536499334
5,5,029,80,100.2,97.87846153846155,97.68111358811099,message_distinct_event_count|keyboard_long_pause_count_2s|unique_gsm_cell_count|touch_app_diversity|gsm_cell_transition_count|median_unlocked_session_duration_seconds|screen_transition_count|keyboard_median_inter_event_interval_ms,67.23357536499334
5,5,032,62,110.6,97.87846153846155,96.34260185730389,message_distinct_event_count|keyboard_long_pause_count_2s|unique_gsm_cell_count|touch_app_diversity|gsm_cell_transition_count|median_unlocked_session_duration_seconds|screen_transition_count|keyboard_median_inter_event_interval_ms,67.23357536499334
5,5,036,19,93.0,97.87846153846155,101.89001397835739,message_distinct_event_count|keyboard_long_pause_count_2s|unique_gsm_cell_count|touch_app_diversity|gsm_cell_transition_count|median_unlocked_session_duration_seconds|screen_transition_count|keyboard_median_inter_event_interval_ms,67.23357536499334
5,5,038,50,94.5,97.87846153846155,101.89001397835739,message_distinct_event_count|keyboard_long_pause_count_2s|unique_gsm_cell_count|touch_app_diversity|gsm_cell_transition_count|median_unlocked_session_duration_seconds|screen_transition_count|keyboard_median_inter_event_interval_ms,67.23357536499334
5,5,053,32,104.6,97.87846153846155,93.51658950397064,message_distinct_event_count|keyboard_long_pause_count_2s|unique_gsm_cell_count|touch_app_diversity|gsm_cell_transition_count|median_unlocked_session_duration_seconds|screen_transition_count|keyboard_median_inter_event_interval_ms,67.23357536499334
5,5,071,33,99.6,97.87846153846155,97.69030422859808,message_distinct_event_count|keyboard_long_pause_count_2s|unique_gsm_cell_count|touch_app_diversity|gsm_cell_transition_count|median_unlocked_session_duration_seconds|screen_transition_count|keyboard_median_inter_event_interval_ms,67.23357536499334
5,5,073,30,95.7,97.87846153846155,100.50309318483295,message_distinct_event_count|keyboard_long_pause_count_2s|unique_gsm_cell_count|touch_app_diversity|gsm_cell_transition_count|median_unlocked_session_duration_seconds|screen_transition_count|keyboard_median_inter_event_interval_ms,67.23357536499334
5,5,075,53,89.1,97.87846153846155,100.24424472288037,message_distinct_event_count|keyboard_long_pause_count_2s|unique_gsm_cell_count|touch_app_diversity|gsm_cell_transition_count|median_unlocked_session_duration_seconds|screen_transition_count|keyboard_median_inter_event_interval_ms,67.23357536499334
5,5,079,47,101.3,97.87846153846155,97.13874425823936,message_distinct_event_count|keyboard_long_pause_count_2s|unique_gsm_cell_count|touch_app_diversity|gsm_cell_transition_count|median_unlocked_session_duration_seconds|screen_transition_count|keyboard_median_inter_event_interval_ms,67.23357536499334
5,5,082,70,92.0,97.87846153846155,94.47561476090982,message_distinct_event_count|keyboard_long_pause_count_2s|unique_gsm_cell_count|touch_app_diversity|gsm_cell_transition_count|median_unlocked_session_duration_seconds|screen_transition_count|keyboard_median_inter_event_interval_ms,67.23357536499334
5,5,083,36,102.8,97.87846153846155,97.32101090887016,message_distinct_event_count|keyboard_long_pause_count_2s|unique_gsm_cell_count|touch_app_diversity|gsm_cell_transition_count|median_unlocked_session_duration_seconds|screen_transition_count|keyboard_median_inter_event_interval_ms,67.23357536499334
5,5,091,60,82.0,97.87846153846155,95.53597087228073,message_distinct_event_count|keyboard_long_pause_count_2s|unique_gsm_cell_count|touch_app_diversity|gsm_cell_transition_count|median_unlocked_session_duration_seconds|screen_transition_count|keyboard_median_inter_event_interval_ms,67.23357536499334
6,1,014,21,104.0,98.07343750000001,100.27057924311056,keyboard_long_pause_count_2s|touch_scroll_index_change_median|screen_unlock_event_count|message_distinct_event_count|touch_app_diversity|median_unlocked_session_duration_seconds|telephony_mobile_data_enabled_fraction|keyboard_median_inter_event_interval_ms,22.122162910704503
6,1,019,28,103.7,98.07343750000001,100.27057924311056,keyboard_long_pause_count_2s|touch_scroll_index_change_median|screen_unlock_event_count|message_distinct_event_count|touch_app_diversity|median_unlocked_session_duration_seconds|telephony_mobile_data_enabled_fraction|keyboard_median_inter_event_interval_ms,22.122162910704503
6,1,023,20,101.0,98.07343750000001,99.09935730492747,keyboard_long_pause_count_2s|touch_scroll_index_change_median|screen_unlock_event_count|message_distinct_event_count|touch_app_diversity|median_unlocked_session_duration_seconds|telephony_mobile_data_enabled_fraction|keyboard_median_inter_event_interval_ms,22.122162910704503
6,1,025,16,104.9,98.07343750000001,100.27057924311056,keyboard_long_pause_count_2s|touch_scroll_index_change_median|screen_unlock_event_count|message_distinct_event_count|touch_app_diversity|median_unlocked_session_duration_seconds|telephony_mobile_data_enabled_fraction|keyboard_median_inter_event_interval_ms,22.122162910704503
6,1,028,45,93.5,98.07343750000001,97.76675368859851,keyboard_long_pause_count_2s|touch_scroll_index_change_median|screen_unlock_event_count|message_distinct_event_count|touch_app_diversity|median_unlocked_session_duration_seconds|telephony_mobile_data_enabled_fraction|keyboard_median_inter_event_interval_ms,22.122162910704503
6,1,031,67,96.3,98.07343750000001,103.36909379178216,keyboard_long_pause_count_2s|touch_scroll_index_change_median|screen_unlock_event_count|message_distinct_event_count|touch_app_diversity|median_unlocked_session_duration_seconds|telephony_mobile_data_enabled_fraction|keyboard_median_inter_event_interval_ms,22.122162910704503
6,1,035,54,98.1,98.07343750000001,94.42808881314976,keyboard_long_pause_count_2s|touch_scroll_index_change_median|screen_unlock_event_count|message_distinct_event_count|touch_app_diversity|median_unlocked_session_duration_seconds|telephony_mobile_data_enabled_fraction|keyboard_median_inter_event_interval_ms,22.122162910704503
6,1,040,65,92.8,98.07343750000001,96.38603366975012,keyboard_long_pause_count_2s|touch_scroll_index_change_median|screen_unlock_event_count|message_distinct_event_count|touch_app_diversity|median_unlocked_session_duration_seconds|telephony_mobile_data_enabled_fraction|keyboard_median_inter_event_interval_ms,22.122162910704503
6,1,049,85,91.6,98.07343750000001,93.35986648879714,keyboard_long_pause_count_2s|touch_scroll_index_change_median|screen_unlock_event_count|message_distinct_event_count|touch_app_diversity|median_unlocked_session_duration_seconds|telephony_mobile_data_enabled_fraction|keyboard_median_inter_event_interval_ms,22.122162910704503
6,1,061,58,92.7,98.07343750000001,99.13107012855752,keyboard_long_pause_count_2s|touch_scroll_index_change_median|screen_unlock_event_count|message_distinct_event_count|touch_app_diversity|median_unlocked_session_duration_seconds|telephony_mobile_data_enabled_fraction|keyboard_median_inter_event_interval_ms,22.122162910704503
6,1,064,69,99.3,98.07343750000001,88.88325815960924,keyboard_long_pause_count_2s|touch_scroll_index_change_median|screen_unlock_event_count|message_distinct_event_count|touch_app_diversity|median_unlocked_session_duration_seconds|telephony_mobile_data_enabled_fraction|keyboard_median_inter_event_interval_ms,22.122162910704503
6,1,068,34,97.8,98.07343750000001,100.27057924311056,keyboard_long_pause_count_2s|touch_scroll_index_change_median|screen_unlock_event_count|message_distinct_event_count|touch_app_diversity|median_unlocked_session_duration_seconds|telephony_mobile_data_enabled_fraction|keyboard_median_inter_event_interval_ms,22.122162910704503
6,1,077,77,87.8,98.07343750000001,99.36907396761708,keyboard_long_pause_count_2s|touch_scroll_index_change_median|screen_unlock_event_count|message_distinct_event_count|touch_app_diversity|median_unlocked_session_duration_seconds|telephony_mobile_data_enabled_fraction|keyboard_median_inter_event_interval_ms,22.122162910704503
6,1,080,31,95.7,98.07343750000001,87.51908469427475,keyboard_long_pause_count_2s|touch_scroll_index_change_median|screen_unlock_event_count|message_distinct_event_count|touch_app_diversity|median_unlocked_session_duration_seconds|telephony_mobile_data_enabled_fraction|keyboard_median_inter_event_interval_ms,22.122162910704503
6,1,084,49,87.5,98.07343750000001,95.64002769591681,keyboard_long_pause_count_2s|touch_scroll_index_change_median|screen_unlock_event_count|message_distinct_event_count|touch_app_diversity|median_unlocked_session_duration_seconds|telephony_mobile_data_enabled_fraction|keyboard_median_inter_event_interval_ms,22.122162910704503
6,1,089,61,109.3,98.07343750000001,88.72576904917545,keyboard_long_pause_count_2s|touch_scroll_index_change_median|screen_unlock_event_count|message_distinct_event_count|touch_app_diversity|median_unlocked_session_duration_seconds|telephony_mobile_data_enabled_fraction|keyboard_median_inter_event_interval_ms,22.122162910704503
6,1,093,82,99.6,98.07343750000001,99.58290238673706,keyboard_long_pause_count_2s|touch_scroll_index_change_median|screen_unlock_event_count|message_distinct_event_count|touch_app_diversity|median_unlocked_session_duration_seconds|telephony_mobile_data_enabled_fraction|keyboard_median_inter_event_interval_ms,22.122162910704503
6,2,021,17,97.8,97.87384615384616,97.84322938980536,touch_app_diversity|keyboard_deletion_event_count|gsm_cell_transition_count|touch_scroll_index_change_median|activity_active_hour_count|telephony_mobile_data_enabled_fraction|keyboard_median_inter_event_interval_ms|median_unlocked_session_duration_seconds,10000.0
6,2,030,13,103.8,97.87384615384616,97.81691102118066,touch_app_diversity|keyboard_deletion_event_count|gsm_cell_transition_count|touch_scroll_index_change_median|activity_active_hour_count|telephony_mobile_data_enabled_fraction|keyboard_median_inter_event_interval_ms|median_unlocked_session_duration_seconds,10000.0
6,2,041,15,119.4,97.87384615384616,97.83633377900085,touch_app_diversity|keyboard_deletion_event_count|gsm_cell_transition_count|touch_scroll_index_change_median|activity_active_hour_count|telephony_mobile_data_enabled_fraction|keyboard_median_inter_event_interval_ms|median_unlocked_session_duration_seconds,10000.0
6,2,043,42,95.5,97.87384615384616,97.81487593307817,touch_app_diversity|keyboard_deletion_event_count|gsm_cell_transition_count|touch_scroll_index_change_median|activity_active_hour_count|telephony_mobile_data_enabled_fraction|keyboard_median_inter_event_interval_ms|median_unlocked_session_duration_seconds,10000.0
6,2,044,44,108.3,97.87384615384616,97.95538849488977,touch_app_diversity|keyboard_deletion_event_count|gsm_cell_transition_count|touch_scroll_index_change_median|activity_active_hour_count|telephony_mobile_data_enabled_fraction|keyboard_median_inter_event_interval_ms|median_unlocked_session_duration_seconds,10000.0
6,2,052,22,90.6,97.87384615384616,97.83152778340073,touch_app_diversity|keyboard_deletion_event_count|gsm_cell_transition_count|touch_scroll_index_change_median|activity_active_hour_count|telephony_mobile_data_enabled_fraction|keyboard_median_inter_event_interval_ms|median_unlocked_session_duration_seconds,10000.0
6,2,055,29,104.1,97.87384615384616,97.86083669704588,touch_app_diversity|keyboard_deletion_event_count|gsm_cell_transition_count|touch_scroll_index_change_median|activity_active_hour_count|telephony_mobile_data_enabled_fraction|keyboard_median_inter_event_interval_ms|median_unlocked_session_duration_seconds,10000.0
6,2,057,37,93.7,97.87384615384616,97.8437875617312,touch_app_diversity|keyboard_deletion_event_count|gsm_cell_transition_count|touch_scroll_index_change_median|activity_active_hour_count|telephony_mobile_data_enabled_fraction|keyboard_median_inter_event_interval_ms|median_unlocked_session_duration_seconds,10000.0
6,2,058,59,76.2,97.87384615384616,97.85925187677988,touch_app_diversity|keyboard_deletion_event_count|gsm_cell_transition_count|touch_scroll_index_change_median|activity_active_hour_count|telephony_mobile_data_enabled_fraction|keyboard_median_inter_event_interval_ms|median_unlocked_session_duration_seconds,10000.0
6,2,062,40,103.9,97.87384615384616,97.85454645019017,touch_app_diversity|keyboard_deletion_event_count|gsm_cell_transition_count|touch_scroll_index_change_median|activity_active_hour_count|telephony_mobile_data_enabled_fraction|keyboard_median_inter_event_interval_ms|median_unlocked_session_duration_seconds,10000.0
6,2,066,43,99.4,97.87384615384616,97.86978015640784,touch_app_diversity|keyboard_deletion_event_count|gsm_cell_transition_count|touch_scroll_index_change_median|activity_active_hour_count|telephony_mobile_data_enabled_fraction|keyboard_median_inter_event_interval_ms|median_unlocked_session_duration_seconds,10000.0
6,2,067,25,87.1,97.87384615384616,97.86076591514849,touch_app_diversity|keyboard_deletion_event_count|gsm_cell_transition_count|touch_scroll_index_change_median|activity_active_hour_count|telephony_mobile_data_enabled_fraction|keyboard_median_inter_event_interval_ms|median_unlocked_session_duration_seconds,10000.0
6,2,070,24,95.5,97.87384615384616,97.86282477357955,touch_app_diversity|keyboard_deletion_event_count|gsm_cell_transition_count|touch_scroll_index_change_median|activity_active_hour_count|telephony_mobile_data_enabled_fraction|keyboard_median_inter_event_interval_ms|median_unlocked_session_duration_seconds,10000.0
6,2,073,30,95.7,97.87384615384616,97.95538849488977,touch_app_diversity|keyboard_deletion_event_count|gsm_cell_transition_count|touch_scroll_index_change_median|activity_active_hour_count|telephony_mobile_data_enabled_fraction|keyboard_median_inter_event_interval_ms|median_unlocked_session_duration_seconds,10000.0
6,2,085,81,100.0,97.87384615384616,97.84935545468629,touch_app_diversity|keyboard_deletion_event_count|gsm_cell_transition_count|touch_scroll_index_change_median|activity_active_hour_count|telephony_mobile_data_enabled_fraction|keyboard_median_inter_event_interval_ms|median_unlocked_session_duration_seconds,10000.0
6,2,095,86,99.5,97.87384615384616,97.89232170304581,touch_app_diversity|keyboard_deletion_event_count|gsm_cell_transition_count|touch_scroll_index_change_median|activity_active_hour_count|telephony_mobile_data_enabled_fraction|keyboard_median_inter_event_interval_ms|median_unlocked_session_duration_seconds,10000.0
6,3,003,11,106.5,98.28923076923077,98.25153392986681,touch_app_diversity|app_foreground_event_count|touch_unique_app_count|touch_active_hour_count|touch_scroll_direction_change_count|median_unlocked_session_duration_seconds|app_use_diversity|keyboard_typing_burst_count,10000.0
6,3,007,57,108.2,98.28923076923077,98.24272555066479,touch_app_diversity|app_foreground_event_count|touch_unique_app_count|touch_active_hour_count|touch_scroll_direction_change_count|median_unlocked_session_duration_seconds|app_use_diversity|keyboard_typing_burst_count,10000.0
6,3,012,4,75.6,98.28923076923077,98.25733704152069,touch_app_diversity|app_foreground_event_count|touch_unique_app_count|touch_active_hour_count|touch_scroll_direction_change_count|median_unlocked_session_duration_seconds|app_use_diversity|keyboard_typing_burst_count,10000.0
6,3,013,10,109.6,98.28923076923077,98.3594246265712,touch_app_diversity|app_foreground_event_count|touch_unique_app_count|touch_active_hour_count|touch_scroll_direction_change_count|median_unlocked_session_duration_seconds|app_use_diversity|keyboard_typing_burst_count,10000.0
6,3,018,79,96.1,98.28923076923077,98.25698089145236,touch_app_diversity|app_foreground_event_count|touch_unique_app_count|touch_active_hour_count|touch_scroll_direction_change_count|median_unlocked_session_duration_seconds|app_use_diversity|keyboard_typing_burst_count,10000.0
6,3,020,18,90.0,98.28923076923077,98.27212477950007,touch_app_diversity|app_foreground_event_count|touch_unique_app_count|touch_active_hour_count|touch_scroll_direction_change_count|median_unlocked_session_duration_seconds|app_use_diversity|keyboard_typing_burst_count,10000.0
6,3,022,52,107.2,98.28923076923077,98.26090466292946,touch_app_diversity|app_foreground_event_count|touch_unique_app_count|touch_active_hour_count|touch_scroll_direction_change_count|median_unlocked_session_duration_seconds|app_use_diversity|keyboard_typing_burst_count,10000.0
6,3,032,62,110.6,98.28923076923077,98.3099385435854,touch_app_diversity|app_foreground_event_count|touch_unique_app_count|touch_active_hour_count|touch_scroll_direction_change_count|median_unlocked_session_duration_seconds|app_use_diversity|keyboard_typing_burst_count,10000.0
6,3,034,73,101.8,98.28923076923077,98.22635250776364,touch_app_diversity|app_foreground_event_count|touch_unique_app_count|touch_active_hour_count|touch_scroll_direction_change_count|median_unlocked_session_duration_seconds|app_use_diversity|keyboard_typing_burst_count,10000.0
6,3,042,14,83.8,98.28923076923077,98.32806930900435,touch_app_diversity|app_foreground_event_count|touch_unique_app_count|touch_active_hour_count|touch_scroll_direction_change_count|median_unlocked_session_duration_seconds|app_use_diversity|keyboard_typing_burst_count,10000.0
6,3,050,39,104.4,98.28923076923077,98.25072543216753,touch_app_diversity|app_foreground_event_count|touch_unique_app_count|touch_active_hour_count|touch_scroll_direction_change_count|median_unlocked_session_duration_seconds|app_use_diversity|keyboard_typing_burst_count,10000.0
6,3,069,46,85.9,98.28923076923077,98.26759182049075,touch_app_diversity|app_foreground_event_count|touch_unique_app_count|touch_active_hour_count|touch_scroll_direction_change_count|median_unlocked_session_duration_seconds|app_use_diversity|keyboard_typing_burst_count,10000.0
6,3,075,53,89.1,98.28923076923077,98.34512671975953,touch_app_diversity|app_foreground_event_count|touch_unique_app_count|touch_active_hour_count|touch_scroll_direction_change_count|median_unlocked_session_duration_seconds|app_use_diversity|keyboard_typing_burst_count,10000.0
6,3,082,70,92.0,98.28923076923077,98.22076415894915,touch_app_diversity|app_foreground_event_count|touch_unique_app_count|touch_active_hour_count|touch_scroll_direction_change_count|median_unlocked_session_duration_seconds|app_use_diversity|keyboard_typing_burst_count,10000.0
6,3,083,36,102.8,98.28923076923077,98.25377567986739,touch_app_diversity|app_foreground_event_count|touch_unique_app_count|touch_active_hour_count|touch_scroll_direction_change_count|median_unlocked_session_duration_seconds|app_use_diversity|keyboard_typing_burst_count,10000.0
6,3,090,56,79.9,98.28923076923077,98.3594246265712,touch_app_diversity|app_foreground_event_count|touch_unique_app_count|touch_active_hour_count|touch_scroll_direction_change_count|median_unlocked_session_duration_seconds|app_use_diversity|keyboard_typing_burst_count,10000.0
6,4,002,64,104.8,97.66615384615385,97.62355356209476,keyboard_long_pause_count_2s|touch_app_diversity|touch_active_hour_count|gsm_cell_transition_count|unique_gsm_cell_count|telephony_mobile_data_enabled_fraction|median_unlocked_session_duration_seconds|keyboard_median_inter_event_interval_ms,10000.0
6,4,004,5,101.0,97.66615384615385,97.7941868478556,keyboard_long_pause_count_2s|touch_app_diversity|touch_active_hour_count|gsm_cell_transition_count|unique_gsm_cell_count|telephony_mobile_data_enabled_fraction|median_unlocked_session_duration_seconds|keyboard_median_inter_event_interval_ms,10000.0
6,4,006,8,90.1,97.66615384615385,97.63901970554436,keyboard_long_pause_count_2s|touch_app_diversity|touch_active_hour_count|gsm_cell_transition_count|unique_gsm_cell_count|telephony_mobile_data_enabled_fraction|median_unlocked_session_duration_seconds|keyboard_median_inter_event_interval_ms,10000.0
6,4,010,35,100.0,97.66615384615385,97.6213168021267,keyboard_long_pause_count_2s|touch_app_diversity|touch_active_hour_count|gsm_cell_transition_count|unique_gsm_cell_count|telephony_mobile_data_enabled_fraction|median_unlocked_session_duration_seconds|keyboard_median_inter_event_interval_ms,10000.0
6,4,011,74,88.0,97.66615384615385,97.63924792633993,keyboard_long_pause_count_2s|touch_app_diversity|touch_active_hour_count|gsm_cell_transition_count|unique_gsm_cell_count|telephony_mobile_data_enabled_fraction|median_unlocked_session_duration_seconds|keyboard_median_inter_event_interval_ms,10000.0
6,4,015,12,95.9,97.66615384615385,97.6132417362634,keyboard_long_pause_count_2s|touch_app_diversity|touch_active_hour_count|gsm_cell_transition_count|unique_gsm_cell_count|telephony_mobile_data_enabled_fraction|median_unlocked_session_duration_seconds|keyboard_median_inter_event_interval_ms,10000.0
6,4,029,80,100.2,97.66615384615385,97.6517807612612,keyboard_long_pause_count_2s|touch_app_diversity|touch_active_hour_count|gsm_cell_transition_count|unique_gsm_cell_count|telephony_mobile_data_enabled_fraction|median_unlocked_session_duration_seconds|keyboard_median_inter_event_interval_ms,10000.0
6,4,036,19,93.0,97.66615384615385,97.72149004076216,keyboard_long_pause_count_2s|touch_app_diversity|touch_active_hour_count|gsm_cell_transition_count|unique_gsm_cell_count|telephony_mobile_data_enabled_fraction|median_unlocked_session_duration_seconds|keyboard_median_inter_event_interval_ms,10000.0
6,4,039,27,99.3,97.66615384615385,97.8888513055621,keyboard_long_pause_count_2s|touch_app_diversity|touch_active_hour_count|gsm_cell_transition_count|unique_gsm_cell_count|telephony_mobile_data_enabled_fraction|median_unlocked_session_duration_seconds|keyboard_median_inter_event_interval_ms,10000.0
6,4,048,7,95.2,97.66615384615385,97.72149004076216,keyboard_long_pause_count_2s|touch_app_diversity|touch_active_hour_count|gsm_cell_transition_count|unique_gsm_cell_count|telephony_mobile_data_enabled_fraction|median_unlocked_session_duration_seconds|keyboard_median_inter_event_interval_ms,10000.0
6,4,072,83,106.1,97.66615384615385,97.73368697282424,keyboard_long_pause_count_2s|touch_app_diversity|touch_active_hour_count|gsm_cell_transition_count|unique_gsm_cell_count|telephony_mobile_data_enabled_fraction|median_unlocked_session_duration_seconds|keyboard_median_inter_event_interval_ms,10000.0
6,4,074,41,111.8,97.66615384615385,97.72149004076216,keyboard_long_pause_count_2s|touch_app_diversity|touch_active_hour_count|gsm_cell_transition_count|unique_gsm_cell_count|telephony_mobile_data_enabled_fraction|median_unlocked_session_duration_seconds|keyboard_median_inter_event_interval_ms,10000.0
6,4,078,84,106.2,97.66615384615385,97.67668117525781,keyboard_long_pause_count_2s|touch_app_diversity|touch_active_hour_count|gsm_cell_transition_count|unique_gsm_cell_count|telephony_mobile_data_enabled_fraction|median_unlocked_session_duration_seconds|keyboard_median_inter_event_interval_ms,10000.0
6,4,079,47,101.3,97.66615384615385,97.65074084979727,keyboard_long_pause_count_2s|touch_app_diversity|touch_active_hour_count|gsm_cell_transition_count|unique_gsm_cell_count|telephony_mobile_data_enabled_fraction|median_unlocked_session_duration_seconds|keyboard_median_inter_event_interval_ms,10000.0
6,4,091,60,82.0,97.66615384615385,97.67240190792748,keyboard_long_pause_count_2s|touch_app_diversity|touch_active_hour_count|gsm_cell_transition_count|unique_gsm_cell_count|telephony_mobile_data_enabled_fraction|median_unlocked_session_duration_seconds|keyboard_median_inter_event_interval_ms,10000.0
6,4,092,63,109.1,97.66615384615385,97.72149004076216,keyboard_long_pause_count_2s|touch_app_diversity|touch_active_hour_count|gsm_cell_transition_count|unique_gsm_cell_count|telephony_mobile_data_enabled_fraction|median_unlocked_session_duration_seconds|keyboard_median_inter_event_interval_ms,10000.0
6,5,005,9,81.1,97.74769230769232,97.46194943111628,touch_scroll_index_change_median|screen_off_event_count|screen_unlock_event_count|unique_gsm_cell_count|activity_transition_count|telephony_mobile_data_enabled_fraction|median_unlocked_session_duration_seconds|touch_scroll_direction_change_count,67.23357536499334
6,5,024,68,103.4,97.74769230769232,96.57652516638515,touch_scroll_index_change_median|screen_off_event_count|screen_unlock_event_count|unique_gsm_cell_count|activity_transition_count|telephony_mobile_data_enabled_fraction|median_unlocked_session_duration_seconds|touch_scroll_direction_change_count,67.23357536499334
6,5,026,75,104.1,97.74769230769232,97.72657327098693,touch_scroll_index_change_median|screen_off_event_count|screen_unlock_event_count|unique_gsm_cell_count|activity_transition_count|telephony_mobile_data_enabled_fraction|median_unlocked_session_duration_seconds|touch_scroll_direction_change_count,67.23357536499334
6,5,037,48,101.9,97.74769230769232,97.59307377982681,touch_scroll_index_change_median|screen_off_event_count|screen_unlock_event_count|unique_gsm_cell_count|activity_transition_count|telephony_mobile_data_enabled_fraction|median_unlocked_session_duration_seconds|touch_scroll_direction_change_count,67.23357536499334
6,5,038,50,94.5,97.74769230769232,100.53338714641968,touch_scroll_index_change_median|screen_off_event_count|screen_unlock_event_count|unique_gsm_cell_count|activity_transition_count|telephony_mobile_data_enabled_fraction|median_unlocked_session_duration_seconds|touch_scroll_direction_change_count,67.23357536499334
6,5,045,51,93.4,97.74769230769232,97.08365421769386,touch_scroll_index_change_median|screen_off_event_count|screen_unlock_event_count|unique_gsm_cell_count|activity_transition_count|telephony_mobile_data_enabled_fraction|median_unlocked_session_duration_seconds|touch_scroll_direction_change_count,67.23357536499334
6,5,046,66,101.8,97.74769230769232,94.42944240957154,touch_scroll_index_change_median|screen_off_event_count|screen_unlock_event_count|unique_gsm_cell_count|activity_transition_count|telephony_mobile_data_enabled_fraction|median_unlocked_session_duration_seconds|touch_scroll_direction_change_count,67.23357536499334
6,5,053,32,104.6,97.74769230769232,94.41844641840014,touch_scroll_index_change_median|screen_off_event_count|screen_unlock_event_count|unique_gsm_cell_count|activity_transition_count|telephony_mobile_data_enabled_fraction|median_unlocked_session_duration_seconds|touch_scroll_direction_change_count,67.23357536499334
6,5,056,38,109.6,97.74769230769232,100.53338714641968,touch_scroll_index_change_median|screen_off_event_count|screen_unlock_event_count|unique_gsm_cell_count|activity_transition_count|telephony_mobile_data_enabled_fraction|median_unlocked_session_duration_seconds|touch_scroll_direction_change_count,67.23357536499334
6,5,060,26,96.9,97.74769230769232,97.90858358796777,touch_scroll_index_change_median|screen_off_event_count|screen_unlock_event_count|unique_gsm_cell_count|activity_transition_count|telephony_mobile_data_enabled_fraction|median_unlocked_session_duration_seconds|touch_scroll_direction_change_count,67.23357536499334
6,5,071,33,99.6,97.74769230769232,97.14735497828006,touch_scroll_index_change_median|screen_off_event_count|screen_unlock_event_count|unique_gsm_cell_count|activity_transition_count|telephony_mobile_data_enabled_fraction|median_unlocked_session_duration_seconds|touch_scroll_direction_change_count,67.23357536499334
6,5,076,71,107.5,97.74769230769232,97.41498345571175,touch_scroll_index_change_median|screen_off_event_count|screen_unlock_event_count|unique_gsm_cell_count|activity_transition_count|telephony_mobile_data_enabled_fraction|median_unlocked_session_duration_seconds|touch_scroll_direction_change_count,67.23357536499334
6,5,081,55,82.2,97.74769230769232,96.91914516763384,touch_scroll_index_change_median|screen_off_event_count|screen_unlock_event_count|unique_gsm_cell_count|activity_transition_count|telephony_mobile_data_enabled_fraction|median_unlocked_session_duration_seconds|touch_scroll_direction_change_count,67.23357536499334
6,5,086,76,95.7,97.74769230769232,98.73629079663395,touch_scroll_index_change_median|screen_off_event_count|screen_unlock_event_count|unique_gsm_cell_count|activity_transition_count|telephony_mobile_data_enabled_fraction|median_unlocked_session_duration_seconds|touch_scroll_direction_change_count,67.23357536499334
6,5,087,72,100.3,97.74769230769232,96.5224821706047,touch_scroll_index_change_median|screen_off_event_count|screen_unlock_event_count|unique_gsm_cell_count|activity_transition_count|telephony_mobile_data_enabled_fraction|median_unlocked_session_duration_seconds|touch_scroll_direction_change_count,67.23357536499334
6,5,096,87,102.1,97.74769230769232,98.97149184275796,touch_scroll_index_change_median|screen_off_event_count|screen_unlock_event_count|unique_gsm_cell_count|activity_transition_count|telephony_mobile_data_enabled_fraction|median_unlocked_session_duration_seconds|touch_scroll_direction_change_count,67.23357536499334
7,1,006,8,90.1,97.8046875,97.7698806202044,message_distinct_event_count|gsm_cell_transition_count|unique_gsm_cell_count|keyboard_long_pause_count_2s|telephony_network_type_diversity|telephony_mobile_data_enabled_fraction|touch_scroll_event_count|activity_unknown_fraction,10000.0
7,1,018,79,96.1,97.8046875,97.76524861849568,message_distinct_event_count|gsm_cell_transition_count|unique_gsm_cell_count|keyboard_long_pause_count_2s|telephony_network_type_diversity|telephony_mobile_data_enabled_fraction|touch_scroll_event_count|activity_unknown_fraction,10000.0
7,1,021,17,97.8,97.8046875,97.78968897831061,message_distinct_event_count|gsm_cell_transition_count|unique_gsm_cell_count|keyboard_long_pause_count_2s|telephony_network_type_diversity|telephony_mobile_data_enabled_fraction|touch_scroll_event_count|activity_unknown_fraction,10000.0
7,1,030,13,103.8,97.8046875,97.7735853211031,message_distinct_event_count|gsm_cell_transition_count|unique_gsm_cell_count|keyboard_long_pause_count_2s|telephony_network_type_diversity|telephony_mobile_data_enabled_fraction|touch_scroll_event_count|activity_unknown_fraction,10000.0
7,1,031,67,96.3,97.8046875,97.78165582892134,message_distinct_event_count|gsm_cell_transition_count|unique_gsm_cell_count|keyboard_long_pause_count_2s|telephony_network_type_diversity|telephony_mobile_data_enabled_fraction|touch_scroll_event_count|activity_unknown_fraction,10000.0
7,1,044,44,108.3,97.8046875,97.90287193344122,message_distinct_event_count|gsm_cell_transition_count|unique_gsm_cell_count|keyboard_long_pause_count_2s|telephony_network_type_diversity|telephony_mobile_data_enabled_fraction|touch_scroll_event_count|activity_unknown_fraction,10000.0
7,1,046,66,101.8,97.8046875,97.76380492300427,message_distinct_event_count|gsm_cell_transition_count|unique_gsm_cell_count|keyboard_long_pause_count_2s|telephony_network_type_diversity|telephony_mobile_data_enabled_fraction|touch_scroll_event_count|activity_unknown_fraction,10000.0
7,1,048,7,95.2,97.8046875,97.90287193344122,message_distinct_event_count|gsm_cell_transition_count|unique_gsm_cell_count|keyboard_long_pause_count_2s|telephony_network_type_diversity|telephony_mobile_data_enabled_fraction|touch_scroll_event_count|activity_unknown_fraction,10000.0
7,1,049,85,91.6,97.8046875,97.7647278956087,message_distinct_event_count|gsm_cell_transition_count|unique_gsm_cell_count|keyboard_long_pause_count_2s|telephony_network_type_diversity|telephony_mobile_data_enabled_fraction|touch_scroll_event_count|activity_unknown_fraction,10000.0
7,1,057,37,93.7,97.8046875,97.83460696586657,message_distinct_event_count|gsm_cell_transition_count|unique_gsm_cell_count|keyboard_long_pause_count_2s|telephony_network_type_diversity|telephony_mobile_data_enabled_fraction|touch_scroll_event_count|activity_unknown_fraction,10000.0
7,1,061,58,92.7,97.8046875,97.79782798365711,message_distinct_event_count|gsm_cell_transition_count|unique_gsm_cell_count|keyboard_long_pause_count_2s|telephony_network_type_diversity|telephony_mobile_data_enabled_fraction|touch_scroll_event_count|activity_unknown_fraction,10000.0
7,1,066,43,99.4,97.8046875,97.7538714834767,message_distinct_event_count|gsm_cell_transition_count|unique_gsm_cell_count|keyboard_long_pause_count_2s|telephony_network_type_diversity|telephony_mobile_data_enabled_fraction|touch_scroll_event_count|activity_unknown_fraction,10000.0
7,1,070,24,95.5,97.8046875,97.73504382137537,message_distinct_event_count|gsm_cell_transition_count|unique_gsm_cell_count|keyboard_long_pause_count_2s|telephony_network_type_diversity|telephony_mobile_data_enabled_fraction|touch_scroll_event_count|activity_unknown_fraction,10000.0
7,1,071,33,99.6,97.8046875,97.75318187710279,message_distinct_event_count|gsm_cell_transition_count|unique_gsm_cell_count|keyboard_long_pause_count_2s|telephony_network_type_diversity|telephony_mobile_data_enabled_fraction|touch_scroll_event_count|activity_unknown_fraction,10000.0
7,1,076,71,107.5,97.8046875,97.77497330719405,message_distinct_event_count|gsm_cell_transition_count|unique_gsm_cell_count|keyboard_long_pause_count_2s|telephony_network_type_diversity|telephony_mobile_data_enabled_fraction|touch_scroll_event_count|activity_unknown_fraction,10000.0
7,1,079,47,101.3,97.8046875,97.76625113924618,message_distinct_event_count|gsm_cell_transition_count|unique_gsm_cell_count|keyboard_long_pause_count_2s|telephony_network_type_diversity|telephony_mobile_data_enabled_fraction|touch_scroll_event_count|activity_unknown_fraction,10000.0
7,1,096,87,102.1,97.8046875,97.7497285300854,message_distinct_event_count|gsm_cell_transition_count|unique_gsm_cell_count|keyboard_long_pause_count_2s|telephony_network_type_diversity|telephony_mobile_data_enabled_fraction|touch_scroll_event_count|activity_unknown_fraction,10000.0
7,2,002,64,104.8,98.20615384615384,98.15269159586718,keyboard_long_pause_count_2s|touch_app_diversity|activity_transition_count|message_distinct_event_count|touch_scroll_index_change_median|telephony_mobile_data_enabled_fraction|median_unlocked_session_duration_seconds|activity_unknown_fraction,10000.0
7,2,003,11,106.5,98.20615384615384,98.2027635544201,keyboard_long_pause_count_2s|touch_app_diversity|activity_transition_count|message_distinct_event_count|touch_scroll_index_change_median|telephony_mobile_data_enabled_fraction|median_unlocked_session_duration_seconds|activity_unknown_fraction,10000.0
7,2,007,57,108.2,98.20615384615384,98.19363489023175,keyboard_long_pause_count_2s|touch_app_diversity|activity_transition_count|message_distinct_event_count|touch_scroll_index_change_median|telephony_mobile_data_enabled_fraction|median_unlocked_session_duration_seconds|activity_unknown_fraction,10000.0
7,2,011,74,88.0,98.20615384615384,98.16514541367876,keyboard_long_pause_count_2s|touch_app_diversity|activity_transition_count|message_distinct_event_count|touch_scroll_index_change_median|telephony_mobile_data_enabled_fraction|median_unlocked_session_duration_seconds|activity_unknown_fraction,10000.0
7,2,023,20,101.0,98.20615384615384,98.20501144285672,keyboard_long_pause_count_2s|touch_app_diversity|activity_transition_count|message_distinct_event_count|touch_scroll_index_change_median|telephony_mobile_data_enabled_fraction|median_unlocked_session_duration_seconds|activity_unknown_fraction,10000.0
7,2,038,50,94.5,98.20615384615384,98.33463973009786,keyboard_long_pause_count_2s|touch_app_diversity|activity_transition_count|message_distinct_event_count|touch_scroll_index_change_median|telephony_mobile_data_enabled_fraction|median_unlocked_session_duration_seconds|activity_unknown_fraction,10000.0
7,2,039,27,99.3,98.20615384615384,98.37073061729431,keyboard_long_pause_count_2s|touch_app_diversity|activity_transition_count|message_distinct_event_count|touch_scroll_index_change_median|telephony_mobile_data_enabled_fraction|median_unlocked_session_duration_seconds|activity_unknown_fraction,10000.0
7,2,042,14,83.8,98.20615384615384,98.19303260076555,keyboard_long_pause_count_2s|touch_app_diversity|activity_transition_count|message_distinct_event_count|touch_scroll_index_change_median|telephony_mobile_data_enabled_fraction|median_unlocked_session_duration_seconds|activity_unknown_fraction,10000.0
7,2,052,22,90.6,98.20615384615384,98.14513389743207,keyboard_long_pause_count_2s|touch_app_diversity|activity_transition_count|message_distinct_event_count|touch_scroll_index_change_median|telephony_mobile_data_enabled_fraction|median_unlocked_session_duration_seconds|activity_unknown_fraction,10000.0
7,2,056,38,109.6,98.20615384615384,98.33463973009786,keyboard_long_pause_count_2s|touch_app_diversity|activity_transition_count|message_distinct_event_count|touch_scroll_index_change_median|telephony_mobile_data_enabled_fraction|median_unlocked_session_duration_seconds|activity_unknown_fraction,10000.0
7,2,073,30,95.7,98.20615384615384,98.33463973009786,keyboard_long_pause_count_2s|touch_app_diversity|activity_transition_count|message_distinct_event_count|touch_scroll_index_change_median|telephony_mobile_data_enabled_fraction|median_unlocked_session_duration_seconds|activity_unknown_fraction,10000.0
7,2,080,31,95.7,98.20615384615384,98.1904452564964,keyboard_long_pause_count_2s|touch_app_diversity|activity_transition_count|message_distinct_event_count|touch_scroll_index_change_median|telephony_mobile_data_enabled_fraction|median_unlocked_session_duration_seconds|activity_unknown_fraction,10000.0
7,2,081,55,82.2,98.20615384615384,98.17420805665925,keyboard_long_pause_count_2s|touch_app_diversity|activity_transition_count|message_distinct_event_count|touch_scroll_index_change_median|telephony_mobile_data_enabled_fraction|median_unlocked_session_duration_seconds|activity_unknown_fraction,10000.0
7,2,085,81,100.0,98.20615384615384,98.16914511666187,keyboard_long_pause_count_2s|touch_app_diversity|activity_transition_count|message_distinct_event_count|touch_scroll_index_change_median|telephony_mobile_data_enabled_fraction|median_unlocked_session_duration_seconds|activity_unknown_fraction,10000.0
7,2,090,56,79.9,98.20615384615384,98.33463973009786,keyboard_long_pause_count_2s|touch_app_diversity|activity_transition_count|message_distinct_event_count|touch_scroll_index_change_median|telephony_mobile_data_enabled_fraction|median_unlocked_session_duration_seconds|activity_unknown_fraction,10000.0
7,2,092,63,109.1,98.20615384615384,98.33463973009786,keyboard_long_pause_count_2s|touch_app_diversity|activity_transition_count|message_distinct_event_count|touch_scroll_index_change_median|telephony_mobile_data_enabled_fraction|median_unlocked_session_duration_seconds|activity_unknown_fraction,10000.0
7,3,004,5,101.0,97.19230769230771,101.57007964565905,message_distinct_event_count|screen_unlock_event_count|touch_app_diversity|activity_active_hour_count|screen_off_event_count|keyboard_long_pause_count_2s|median_unlocked_session_duration_seconds|telephony_mobile_data_enabled_fraction,12.689610031679234
7,3,025,16,104.9,97.19230769230771,101.02890422382968,message_distinct_event_count|screen_unlock_event_count|touch_app_diversity|activity_active_hour_count|screen_off_event_count|keyboard_long_pause_count_2s|median_unlocked_session_duration_seconds|telephony_mobile_data_enabled_fraction,12.689610031679234
7,3,032,62,110.6,97.19230769230771,95.67455146820762,message_distinct_event_count|screen_unlock_event_count|touch_app_diversity|activity_active_hour_count|screen_off_event_count|keyboard_long_pause_count_2s|median_unlocked_session_duration_seconds|telephony_mobile_data_enabled_fraction,12.689610031679234
7,3,035,54,98.1,97.19230769230771,93.96328783740321,message_distinct_event_count|screen_unlock_event_count|touch_app_diversity|activity_active_hour_count|screen_off_event_count|keyboard_long_pause_count_2s|median_unlocked_session_duration_seconds|telephony_mobile_data_enabled_fraction,12.689610031679234
7,3,041,15,119.4,97.19230769230771,98.57473875556155,message_distinct_event_count|screen_unlock_event_count|touch_app_diversity|activity_active_hour_count|screen_off_event_count|keyboard_long_pause_count_2s|median_unlocked_session_duration_seconds|telephony_mobile_data_enabled_fraction,12.689610031679234
7,3,043,42,95.5,97.19230769230771,95.40849731564435,message_distinct_event_count|screen_unlock_event_count|touch_app_diversity|activity_active_hour_count|screen_off_event_count|keyboard_long_pause_count_2s|median_unlocked_session_duration_seconds|telephony_mobile_data_enabled_fraction,12.689610031679234
7,3,045,51,93.4,97.19230769230771,96.50746554227264,message_distinct_event_count|screen_unlock_event_count|touch_app_diversity|activity_active_hour_count|screen_off_event_count|keyboard_long_pause_count_2s|median_unlocked_session_duration_seconds|telephony_mobile_data_enabled_fraction,12.689610031679234
7,3,050,39,104.4,97.19230769230771,97.51644782781324,message_distinct_event_count|screen_unlock_event_count|touch_app_diversity|activity_active_hour_count|screen_off_event_count|keyboard_long_pause_count_2s|median_unlocked_session_duration_seconds|telephony_mobile_data_enabled_fraction,12.689610031679234
7,3,062,40,103.9,97.19230769230771,96.84310280019542,message_distinct_event_count|screen_unlock_event_count|touch_app_diversity|activity_active_hour_count|screen_off_event_count|keyboard_long_pause_count_2s|median_unlocked_session_duration_seconds|telephony_mobile_data_enabled_fraction,12.689610031679234
7,3,064,69,99.3,97.19230769230771,88.710742199827,message_distinct_event_count|screen_unlock_event_count|touch_app_diversity|activity_active_hour_count|screen_off_event_count|keyboard_long_pause_count_2s|median_unlocked_session_duration_seconds|telephony_mobile_data_enabled_fraction,12.689610031679234
7,3,069,46,85.9,97.19230769230771,95.23469163960145,message_distinct_event_count|screen_unlock_event_count|touch_app_diversity|activity_active_hour_count|screen_off_event_count|keyboard_long_pause_count_2s|median_unlocked_session_duration_seconds|telephony_mobile_data_enabled_fraction,12.689610031679234
7,3,072,83,106.1,97.19230769230771,98.83065538535318,message_distinct_event_count|screen_unlock_event_count|touch_app_diversity|activity_active_hour_count|screen_off_event_count|keyboard_long_pause_count_2s|median_unlocked_session_duration_seconds|telephony_mobile_data_enabled_fraction,12.689610031679234
7,3,077,77,87.8,97.19230769230771,98.6909553812881,message_distinct_event_count|screen_unlock_event_count|touch_app_diversity|activity_active_hour_count|screen_off_event_count|keyboard_long_pause_count_2s|median_unlocked_session_duration_seconds|telephony_mobile_data_enabled_fraction,12.689610031679234
7,3,086,76,95.7,97.19230769230771,101.03427335247108,message_distinct_event_count|screen_unlock_event_count|touch_app_diversity|activity_active_hour_count|screen_off_event_count|keyboard_long_pause_count_2s|median_unlocked_session_duration_seconds|telephony_mobile_data_enabled_fraction,12.689610031679234
7,3,089,61,109.3,97.19230769230771,89.10291517410948,message_distinct_event_count|screen_unlock_event_count|touch_app_diversity|activity_active_hour_count|screen_off_event_count|keyboard_long_pause_count_2s|median_unlocked_session_duration_seconds|telephony_mobile_data_enabled_fraction,12.689610031679234
7,3,095,86,99.5,97.19230769230771,100.99341184158642,message_distinct_event_count|screen_unlock_event_count|touch_app_diversity|activity_active_hour_count|screen_off_event_count|keyboard_long_pause_count_2s|median_unlocked_session_duration_seconds|telephony_mobile_data_enabled_fraction,12.689610031679234
7,4,005,9,81.1,98.40461538461538,97.0287042810051,keyboard_long_pause_count_2s|touch_app_diversity|gsm_cell_transition_count|screen_off_event_count|touch_unique_app_count|keyboard_median_inter_event_interval_ms|median_unlocked_session_duration_seconds|touch_scroll_event_count,67.23357536499334
7,4,012,4,75.6,98.40461538461538,99.37331697695541,keyboard_long_pause_count_2s|touch_app_diversity|gsm_cell_transition_count|screen_off_event_count|touch_unique_app_count|keyboard_median_inter_event_interval_ms|median_unlocked_session_duration_seconds|touch_scroll_event_count,67.23357536499334
7,4,013,10,109.6,98.40461538461538,99.317369842465,keyboard_long_pause_count_2s|touch_app_diversity|gsm_cell_transition_count|screen_off_event_count|touch_unique_app_count|keyboard_median_inter_event_interval_ms|median_unlocked_session_duration_seconds|touch_scroll_event_count,67.23357536499334
7,4,014,21,104.0,98.40461538461538,99.317369842465,keyboard_long_pause_count_2s|touch_app_diversity|gsm_cell_transition_count|screen_off_event_count|touch_unique_app_count|keyboard_median_inter_event_interval_ms|median_unlocked_session_duration_seconds|touch_scroll_event_count,67.23357536499334
7,4,015,12,95.9,98.40461538461538,95.04141690590787,keyboard_long_pause_count_2s|touch_app_diversity|gsm_cell_transition_count|screen_off_event_count|touch_unique_app_count|keyboard_median_inter_event_interval_ms|median_unlocked_session_duration_seconds|touch_scroll_event_count,67.23357536499334
7,4,019,28,103.7,98.40461538461538,99.317369842465,keyboard_long_pause_count_2s|touch_app_diversity|gsm_cell_transition_count|screen_off_event_count|touch_unique_app_count|keyboard_median_inter_event_interval_ms|median_unlocked_session_duration_seconds|touch_scroll_event_count,67.23357536499334
7,4,022,52,107.2,98.40461538461538,99.16503988196723,keyboard_long_pause_count_2s|touch_app_diversity|gsm_cell_transition_count|screen_off_event_count|touch_unique_app_count|keyboard_median_inter_event_interval_ms|median_unlocked_session_duration_seconds|touch_scroll_event_count,67.23357536499334
7,4,028,45,93.5,98.40461538461538,96.77744277229125,keyboard_long_pause_count_2s|touch_app_diversity|gsm_cell_transition_count|screen_off_event_count|touch_unique_app_count|keyboard_median_inter_event_interval_ms|median_unlocked_session_duration_seconds|touch_scroll_event_count,67.23357536499334
7,4,029,80,100.2,98.40461538461538,98.54928365446396,keyboard_long_pause_count_2s|touch_app_diversity|gsm_cell_transition_count|screen_off_event_count|touch_unique_app_count|keyboard_median_inter_event_interval_ms|median_unlocked_session_duration_seconds|touch_scroll_event_count,67.23357536499334
7,4,034,73,101.8,98.40461538461538,97.43570595180319,keyboard_long_pause_count_2s|touch_app_diversity|gsm_cell_transition_count|screen_off_event_count|touch_unique_app_count|keyboard_median_inter_event_interval_ms|median_unlocked_session_duration_seconds|touch_scroll_event_count,67.23357536499334
7,4,040,65,92.8,98.40461538461538,98.52801791103465,keyboard_long_pause_count_2s|touch_app_diversity|gsm_cell_transition_count|screen_off_event_count|touch_unique_app_count|keyboard_median_inter_event_interval_ms|median_unlocked_session_duration_seconds|touch_scroll_event_count,67.23357536499334
7,4,055,29,104.1,98.40461538461538,96.50377112587871,keyboard_long_pause_count_2s|touch_app_diversity|gsm_cell_transition_count|screen_off_event_count|touch_unique_app_count|keyboard_median_inter_event_interval_ms|median_unlocked_session_duration_seconds|touch_scroll_event_count,67.23357536499334
7,4,067,25,87.1,98.40461538461538,99.91271307143211,keyboard_long_pause_count_2s|touch_app_diversity|gsm_cell_transition_count|screen_off_event_count|touch_unique_app_count|keyboard_median_inter_event_interval_ms|median_unlocked_session_duration_seconds|touch_scroll_event_count,67.23357536499334
7,4,068,34,97.8,98.40461538461538,99.317369842465,keyboard_long_pause_count_2s|touch_app_diversity|gsm_cell_transition_count|screen_off_event_count|touch_unique_app_count|keyboard_median_inter_event_interval_ms|median_unlocked_session_duration_seconds|touch_scroll_event_count,67.23357536499334
7,4,091,60,82.0,98.40461538461538,95.9063957628118,keyboard_long_pause_count_2s|touch_app_diversity|gsm_cell_transition_count|screen_off_event_count|touch_unique_app_count|keyboard_median_inter_event_interval_ms|median_unlocked_session_duration_seconds|touch_scroll_event_count,67.23357536499334
7,4,093,82,99.6,98.40461538461538,99.0447470136975,keyboard_long_pause_count_2s|touch_app_diversity|gsm_cell_transition_count|screen_off_event_count|touch_unique_app_count|keyboard_median_inter_event_interval_ms|median_unlocked_session_duration_seconds|touch_scroll_event_count,67.23357536499334
7,5,010,35,100.0,98.03846153846153,97.44446843385468,keyboard_long_pause_count_2s|keyboard_deletion_event_count|activity_transition_count|touch_app_diversity|touch_scroll_index_change_median|median_unlocked_session_duration_seconds|screen_transition_count|touch_scroll_event_count,117.21022975334817
7,5,020,18,90.0,98.03846153846153,99.02815704219735,keyboard_long_pause_count_2s|keyboard_deletion_event_count|activity_transition_count|touch_app_diversity|touch_scroll_index_change_median|median_unlocked_session_duration_seconds|screen_transition_count|touch_scroll_event_count,117.21022975334817
7,5,024,68,103.4,98.03846153846153,98.310216092797,keyboard_long_pause_count_2s|keyboard_deletion_event_count|activity_transition_count|touch_app_diversity|touch_scroll_index_change_median|median_unlocked_session_duration_seconds|screen_transition_count|touch_scroll_event_count,117.21022975334817
7,5,026,75,104.1,98.03846153846153,98.30179238682027,keyboard_long_pause_count_2s|keyboard_deletion_event_count|activity_transition_count|touch_app_diversity|touch_scroll_index_change_median|median_unlocked_session_duration_seconds|screen_transition_count|touch_scroll_event_count,117.21022975334817
7,5,036,19,93.0,98.03846153846153,99.78501982327887,keyboard_long_pause_count_2s|keyboard_deletion_event_count|activity_transition_count|touch_app_diversity|touch_scroll_index_change_median|median_unlocked_session_duration_seconds|screen_transition_count|touch_scroll_event_count,117.21022975334817
7,5,037,48,101.9,98.03846153846153,97.62528099907658,keyboard_long_pause_count_2s|keyboard_deletion_event_count|activity_transition_count|touch_app_diversity|touch_scroll_index_change_median|median_unlocked_session_duration_seconds|screen_transition_count|touch_scroll_event_count,117.21022975334817
7,5,053,32,104.6,98.03846153846153,96.38152892647676,keyboard_long_pause_count_2s|keyboard_deletion_event_count|activity_transition_count|touch_app_diversity|touch_scroll_index_change_median|median_unlocked_session_duration_seconds|screen_transition_count|touch_scroll_event_count,117.21022975334817
7,5,058,59,76.2,98.03846153846153,97.09496773033557,keyboard_long_pause_count_2s|keyboard_deletion_event_count|activity_transition_count|touch_app_diversity|touch_scroll_index_change_median|median_unlocked_session_duration_seconds|screen_transition_count|touch_scroll_event_count,117.21022975334817
7,5,060,26,96.9,98.03846153846153,98.36533908468768,keyboard_long_pause_count_2s|keyboard_deletion_event_count|activity_transition_count|touch_app_diversity|touch_scroll_index_change_median|median_unlocked_session_duration_seconds|screen_transition_count|touch_scroll_event_count,117.21022975334817
7,5,074,41,111.8,98.03846153846153,99.78501982327887,keyboard_long_pause_count_2s|keyboard_deletion_event_count|activity_transition_count|touch_app_diversity|touch_scroll_index_change_median|median_unlocked_session_duration_seconds|screen_transition_count|touch_scroll_event_count,117.21022975334817
7,5,075,53,89.1,98.03846153846153,100.13151793404762,keyboard_long_pause_count_2s|keyboard_deletion_event_count|activity_transition_count|touch_app_diversity|touch_scroll_index_change_median|median_unlocked_session_duration_seconds|screen_transition_count|touch_scroll_event_count,117.21022975334817
7,5,078,84,106.2,98.03846153846153,97.9891234619401,keyboard_long_pause_count_2s|keyboard_deletion_event_count|activity_transition_count|touch_app_diversity|touch_scroll_index_change_median|median_unlocked_session_duration_seconds|screen_transition_count|touch_scroll_event_count,117.21022975334817
7,5,082,70,92.0,98.03846153846153,96.85352792670261,keyboard_long_pause_count_2s|keyboard_deletion_event_count|activity_transition_count|touch_app_diversity|touch_scroll_index_change_median|median_unlocked_session_duration_seconds|screen_transition_count|touch_scroll_event_count,117.21022975334817
7,5,083,36,102.8,98.03846153846153,98.73404222164106,keyboard_long_pause_count_2s|keyboard_deletion_event_count|activity_transition_count|touch_app_diversity|touch_scroll_index_change_median|median_unlocked_session_duration_seconds|screen_transition_count|touch_scroll_event_count,117.21022975334817
7,5,084,49,87.5,98.03846153846153,96.23086217366405,keyboard_long_pause_count_2s|keyboard_deletion_event_count|activity_transition_count|touch_app_diversity|touch_scroll_index_change_median|median_unlocked_session_duration_seconds|screen_transition_count|touch_scroll_event_count,117.21022975334817
7,5,087,72,100.3,98.03846153846153,97.88394071746924,keyboard_long_pause_count_2s|keyboard_deletion_event_count|activity_transition_count|touch_app_diversity|touch_scroll_index_change_median|median_unlocked_session_duration_seconds|screen_transition_count|touch_scroll_event_count,117.21022975334817
8,1,014,21,104.0,96.9171875,99.65594417177591,touch_scroll_index_change_median|touch_app_diversity|touch_active_hour_count|activity_active_hour_count|screen_unlock_event_count|median_unlocked_session_duration_seconds|activity_unknown_fraction|touch_scroll_event_count,117.21022975334817
8,1,015,12,95.9,96.9171875,93.80036200263164,touch_scroll_index_change_median|touch_app_diversity|touch_active_hour_count|activity_active_hour_count|screen_unlock_event_count|median_unlocked_session_duration_seconds|activity_unknown_fraction|touch_scroll_event_count,117.21022975334817
8,1,020,18,90.0,96.9171875,97.02879894281956,touch_scroll_index_change_median|touch_app_diversity|touch_active_hour_count|activity_active_hour_count|screen_unlock_event_count|median_unlocked_session_duration_seconds|activity_unknown_fraction|touch_scroll_event_count,117.21022975334817
8,1,023,20,101.0,96.9171875,98.08653024678149,touch_scroll_index_change_median|touch_app_diversity|touch_active_hour_count|activity_active_hour_count|screen_unlock_event_count|median_unlocked_session_duration_seconds|activity_unknown_fraction|touch_scroll_event_count,117.21022975334817
8,1,029,80,100.2,96.9171875,96.01409002300193,touch_scroll_index_change_median|touch_app_diversity|touch_active_hour_count|activity_active_hour_count|screen_unlock_event_count|median_unlocked_session_duration_seconds|activity_unknown_fraction|touch_scroll_event_count,117.21022975334817
8,1,030,13,103.8,96.9171875,99.21825507159484,touch_scroll_index_change_median|touch_app_diversity|touch_active_hour_count|activity_active_hour_count|screen_unlock_event_count|median_unlocked_session_duration_seconds|activity_unknown_fraction|touch_scroll_event_count,117.21022975334817
8,1,034,73,101.8,96.9171875,96.62774110340769,touch_scroll_index_change_median|touch_app_diversity|touch_active_hour_count|activity_active_hour_count|screen_unlock_event_count|median_unlocked_session_duration_seconds|activity_unknown_fraction|touch_scroll_event_count,117.21022975334817
8,1,041,15,119.4,96.9171875,95.26917988505852,touch_scroll_index_change_median|touch_app_diversity|touch_active_hour_count|activity_active_hour_count|screen_unlock_event_count|median_unlocked_session_duration_seconds|activity_unknown_fraction|touch_scroll_event_count,117.21022975334817
8,1,050,39,104.4,96.9171875,95.75266204735757,touch_scroll_index_change_median|touch_app_diversity|touch_active_hour_count|activity_active_hour_count|screen_unlock_event_count|median_unlocked_session_duration_seconds|activity_unknown_fraction|touch_scroll_event_count,117.21022975334817
8,1,053,32,104.6,96.9171875,94.93816113532067,touch_scroll_index_change_median|touch_app_diversity|touch_active_hour_count|activity_active_hour_count|screen_unlock_event_count|median_unlocked_session_duration_seconds|activity_unknown_fraction|touch_scroll_event_count,117.21022975334817
8,1,060,26,96.9,96.9171875,96.45811960833976,touch_scroll_index_change_median|touch_app_diversity|touch_active_hour_count|activity_active_hour_count|screen_unlock_event_count|median_unlocked_session_duration_seconds|activity_unknown_fraction|touch_scroll_event_count,117.21022975334817
8,1,061,58,92.7,96.9171875,95.21182126837823,touch_scroll_index_change_median|touch_app_diversity|touch_active_hour_count|activity_active_hour_count|screen_unlock_event_count|median_unlocked_session_duration_seconds|activity_unknown_fraction|touch_scroll_event_count,117.21022975334817
8,1,070,24,95.5,96.9171875,96.93380813091392,touch_scroll_index_change_median|touch_app_diversity|touch_active_hour_count|activity_active_hour_count|screen_unlock_event_count|median_unlocked_session_duration_seconds|activity_unknown_fraction|touch_scroll_event_count,117.21022975334817
8,1,072,83,106.1,96.9171875,96.38884405850219,touch_scroll_index_change_median|touch_app_diversity|touch_active_hour_count|activity_active_hour_count|screen_unlock_event_count|median_unlocked_session_duration_seconds|activity_unknown_fraction|touch_scroll_event_count,117.21022975334817
8,1,076,71,107.5,96.9171875,95.30865517366284,touch_scroll_index_change_median|touch_app_diversity|touch_active_hour_count|activity_active_hour_count|screen_unlock_event_count|median_unlocked_session_duration_seconds|activity_unknown_fraction|touch_scroll_event_count,117.21022975334817
8,1,078,84,106.2,96.9171875,103.24150477997257,touch_scroll_index_change_median|touch_app_diversity|touch_active_hour_count|activity_active_hour_count|screen_unlock_event_count|median_unlocked_session_duration_seconds|activity_unknown_fraction|touch_scroll_event_count,117.21022975334817
8,1,093,82,99.6,96.9171875,96.60042965957365,touch_scroll_index_change_median|touch_app_diversity|touch_active_hour_count|activity_active_hour_count|screen_unlock_event_count|median_unlocked_session_duration_seconds|activity_unknown_fraction|touch_scroll_event_count,117.21022975334817
8,2,004,5,101.0,98.39384615384616,109.55171576074807,unique_gsm_cell_count|keyboard_deletion_event_count|keyboard_long_pause_count_2s|message_distinct_event_count|keyboard_typing_burst_count|telephony_mobile_data_enabled_fraction|median_unlocked_session_duration_seconds|keyboard_median_inter_event_interval_ms,67.23357536499334
8,2,006,8,90.1,98.39384615384616,97.16204202233733,unique_gsm_cell_count|keyboard_deletion_event_count|keyboard_long_pause_count_2s|message_distinct_event_count|keyboard_typing_burst_count|telephony_mobile_data_enabled_fraction|median_unlocked_session_duration_seconds|keyboard_median_inter_event_interval_ms,67.23357536499334
8,2,007,57,108.2,98.39384615384616,97.81857002316899,unique_gsm_cell_count|keyboard_deletion_event_count|keyboard_long_pause_count_2s|message_distinct_event_count|keyboard_typing_burst_count|telephony_mobile_data_enabled_fraction|median_unlocked_session_duration_seconds|keyboard_median_inter_event_interval_ms,67.23357536499334
8,2,011,74,88.0,98.39384615384616,97.01261095406305,unique_gsm_cell_count|keyboard_deletion_event_count|keyboard_long_pause_count_2s|message_distinct_event_count|keyboard_typing_burst_count|telephony_mobile_data_enabled_fraction|median_unlocked_session_duration_seconds|keyboard_median_inter_event_interval_ms,67.23357536499334
8,2,021,17,97.8,98.39384615384616,101.6870705145553,unique_gsm_cell_count|keyboard_deletion_event_count|keyboard_long_pause_count_2s|message_distinct_event_count|keyboard_typing_burst_count|telephony_mobile_data_enabled_fraction|median_unlocked_session_duration_seconds|keyboard_median_inter_event_interval_ms,67.23357536499334
8,2,024,68,103.4,98.39384615384616,95.96821646713433,unique_gsm_cell_count|keyboard_deletion_event_count|keyboard_long_pause_count_2s|message_distinct_event_count|keyboard_typing_burst_count|telephony_mobile_data_enabled_fraction|median_unlocked_session_duration_seconds|keyboard_median_inter_event_interval_ms,67.23357536499334
8,2,039,27,99.3,98.39384615384616,129.6459104119632,unique_gsm_cell_count|keyboard_deletion_event_count|keyboard_long_pause_count_2s|message_distinct_event_count|keyboard_typing_burst_count|telephony_mobile_data_enabled_fraction|median_unlocked_session_duration_seconds|keyboard_median_inter_event_interval_ms,67.23357536499334
8,2,048,7,95.2,98.39384615384616,100.44545558660357,unique_gsm_cell_count|keyboard_deletion_event_count|keyboard_long_pause_count_2s|message_distinct_event_count|keyboard_typing_burst_count|telephony_mobile_data_enabled_fraction|median_unlocked_session_duration_seconds|keyboard_median_inter_event_interval_ms,67.23357536499334
8,2,049,85,91.6,98.39384615384616,95.38679185153786,unique_gsm_cell_count|keyboard_deletion_event_count|keyboard_long_pause_count_2s|message_distinct_event_count|keyboard_typing_burst_count|telephony_mobile_data_enabled_fraction|median_unlocked_session_duration_seconds|keyboard_median_inter_event_interval_ms,67.23357536499334
8,2,062,40,103.9,98.39384615384616,96.86361925348241,unique_gsm_cell_count|keyboard_deletion_event_count|keyboard_long_pause_count_2s|message_distinct_event_count|keyboard_typing_burst_count|telephony_mobile_data_enabled_fraction|median_unlocked_session_duration_seconds|keyboard_median_inter_event_interval_ms,67.23357536499334
8,2,069,46,85.9,98.39384615384616,95.28998617129795,unique_gsm_cell_count|keyboard_deletion_event_count|keyboard_long_pause_count_2s|message_distinct_event_count|keyboard_typing_burst_count|telephony_mobile_data_enabled_fraction|median_unlocked_session_duration_seconds|keyboard_median_inter_event_interval_ms,67.23357536499334
8,2,071,33,99.6,98.39384615384616,96.31659029312092,unique_gsm_cell_count|keyboard_deletion_event_count|keyboard_long_pause_count_2s|message_distinct_event_count|keyboard_typing_burst_count|telephony_mobile_data_enabled_fraction|median_unlocked_session_duration_seconds|keyboard_median_inter_event_interval_ms,67.23357536499334
8,2,075,53,89.1,98.39384615384616,111.97776854866443,unique_gsm_cell_count|keyboard_deletion_event_count|keyboard_long_pause_count_2s|message_distinct_event_count|keyboard_typing_burst_count|telephony_mobile_data_enabled_fraction|median_unlocked_session_duration_seconds|keyboard_median_inter_event_interval_ms,67.23357536499334
8,2,091,60,82.0,98.39384615384616,98.43782188676653,unique_gsm_cell_count|keyboard_deletion_event_count|keyboard_long_pause_count_2s|message_distinct_event_count|keyboard_typing_burst_count|telephony_mobile_data_enabled_fraction|median_unlocked_session_duration_seconds|keyboard_median_inter_event_interval_ms,67.23357536499334
8,2,095,86,99.5,98.39384615384616,97.45189452762392,unique_gsm_cell_count|keyboard_deletion_event_count|keyboard_long_pause_count_2s|message_distinct_event_count|keyboard_typing_burst_count|telephony_mobile_data_enabled_fraction|median_unlocked_session_duration_seconds|keyboard_median_inter_event_interval_ms,67.23357536499334
8,2,096,87,102.1,98.39384615384616,95.61110713006077,unique_gsm_cell_count|keyboard_deletion_event_count|keyboard_long_pause_count_2s|message_distinct_event_count|keyboard_typing_burst_count|telephony_mobile_data_enabled_fraction|median_unlocked_session_duration_seconds|keyboard_median_inter_event_interval_ms,67.23357536499334
8,3,005,9,81.1,98.21076923076924,98.1592465002935,keyboard_long_pause_count_2s|message_distinct_event_count|screen_unlock_event_count|touch_app_diversity|touch_scroll_index_change_median|keyboard_median_inter_event_interval_ms|median_unlocked_session_duration_seconds|activity_unknown_fraction,10000.0
8,3,012,4,75.6,98.21076923076924,98.19838981662116,keyboard_long_pause_count_2s|message_distinct_event_count|screen_unlock_event_count|touch_app_diversity|touch_scroll_index_change_median|keyboard_median_inter_event_interval_ms|median_unlocked_session_duration_seconds|activity_unknown_fraction,10000.0
8,3,013,10,109.6,98.21076923076924,98.24347685665256,keyboard_long_pause_count_2s|message_distinct_event_count|screen_unlock_event_count|touch_app_diversity|touch_scroll_index_change_median|keyboard_median_inter_event_interval_ms|median_unlocked_session_duration_seconds|activity_unknown_fraction,10000.0
8,3,019,28,103.7,98.21076923076924,98.24347685665256,keyboard_long_pause_count_2s|message_distinct_event_count|screen_unlock_event_count|touch_app_diversity|touch_scroll_index_change_median|keyboard_median_inter_event_interval_ms|median_unlocked_session_duration_seconds|activity_unknown_fraction,10000.0
8,3,026,75,104.1,98.21076923076924,98.2096572112155,keyboard_long_pause_count_2s|message_distinct_event_count|screen_unlock_event_count|touch_app_diversity|touch_scroll_index_change_median|keyboard_median_inter_event_interval_ms|median_unlocked_session_duration_seconds|activity_unknown_fraction,10000.0
8,3,028,45,93.5,98.21076923076924,98.19514173931195,keyboard_long_pause_count_2s|message_distinct_event_count|screen_unlock_event_count|touch_app_diversity|touch_scroll_index_change_median|keyboard_median_inter_event_interval_ms|median_unlocked_session_duration_seconds|activity_unknown_fraction,10000.0
8,3,038,50,94.5,98.21076923076924,98.24347685665256,keyboard_long_pause_count_2s|message_distinct_event_count|screen_unlock_event_count|touch_app_diversity|touch_scroll_index_change_median|keyboard_median_inter_event_interval_ms|median_unlocked_session_duration_seconds|activity_unknown_fraction,10000.0
8,3,042,14,83.8,98.21076923076924,98.16522262127505,keyboard_long_pause_count_2s|message_distinct_event_count|screen_unlock_event_count|touch_app_diversity|touch_scroll_index_change_median|keyboard_median_inter_event_interval_ms|median_unlocked_session_duration_seconds|activity_unknown_fraction,10000.0
8,3,046,66,101.8,98.21076923076924,98.17948878429804,keyboard_long_pause_count_2s|message_distinct_event_count|screen_unlock_event_count|touch_app_diversity|touch_scroll_index_change_median|keyboard_median_inter_event_interval_ms|median_unlocked_session_duration_seconds|activity_unknown_fraction,10000.0
8,3,055,29,104.1,98.21076923076924,98.17744260332519,keyboard_long_pause_count_2s|message_distinct_event_count|screen_unlock_event_count|touch_app_diversity|touch_scroll_index_change_median|keyboard_median_inter_event_interval_ms|median_unlocked_session_duration_seconds|activity_unknown_fraction,10000.0
8,3,073,30,95.7,98.21076923076924,98.21779060633682,keyboard_long_pause_count_2s|message_distinct_event_count|screen_unlock_event_count|touch_app_diversity|touch_scroll_index_change_median|keyboard_median_inter_event_interval_ms|median_unlocked_session_duration_seconds|activity_unknown_fraction,10000.0
8,3,079,47,101.3,98.21076923076924,98.17301186971024,keyboard_long_pause_count_2s|message_distinct_event_count|screen_unlock_event_count|touch_app_diversity|touch_scroll_index_change_median|keyboard_median_inter_event_interval_ms|median_unlocked_session_duration_seconds|activity_unknown_fraction,10000.0
8,3,082,70,92.0,98.21076923076924,98.18279119100913,keyboard_long_pause_count_2s|message_distinct_event_count|screen_unlock_event_count|touch_app_diversity|touch_scroll_index_change_median|keyboard_median_inter_event_interval_ms|median_unlocked_session_duration_seconds|activity_unknown_fraction,10000.0
8,3,083,36,102.8,98.21076923076924,98.21763795607252,keyboard_long_pause_count_2s|message_distinct_event_count|screen_unlock_event_count|touch_app_diversity|touch_scroll_index_change_median|keyboard_median_inter_event_interval_ms|median_unlocked_session_duration_seconds|activity_unknown_fraction,10000.0
8,3,086,76,95.7,98.21076923076924,98.23670915467117,keyboard_long_pause_count_2s|message_distinct_event_count|screen_unlock_event_count|touch_app_diversity|touch_scroll_index_change_median|keyboard_median_inter_event_interval_ms|median_unlocked_session_duration_seconds|activity_unknown_fraction,10000.0
8,3,089,61,109.3,98.21076923076924,98.1581745256666,keyboard_long_pause_count_2s|message_distinct_event_count|screen_unlock_event_count|touch_app_diversity|touch_scroll_index_change_median|keyboard_median_inter_event_interval_ms|median_unlocked_session_duration_seconds|activity_unknown_fraction,10000.0
8,4,003,11,106.5,98.40307692307694,98.3880246732543,touch_app_diversity|screen_unlock_event_count|activity_active_hour_count|activity_transition_count|touch_active_hour_count|median_unlocked_session_duration_seconds|keyboard_median_inter_event_interval_ms|touch_scroll_event_count,117.21022975334817
8,4,010,35,100.0,98.40307692307694,98.3286066130403,touch_app_diversity|screen_unlock_event_count|activity_active_hour_count|activity_transition_count|touch_active_hour_count|median_unlocked_session_duration_seconds|keyboard_median_inter_event_interval_ms|touch_scroll_event_count,117.21022975334817
8,4,018,79,96.1,98.40307692307694,97.95265527844472,touch_app_diversity|screen_unlock_event_count|activity_active_hour_count|activity_transition_count|touch_active_hour_count|median_unlocked_session_duration_seconds|keyboard_median_inter_event_interval_ms|touch_scroll_event_count,117.21022975334817
8,4,025,16,104.9,98.40307692307694,100.49382306501427,touch_app_diversity|screen_unlock_event_count|activity_active_hour_count|activity_transition_count|touch_active_hour_count|median_unlocked_session_duration_seconds|keyboard_median_inter_event_interval_ms|touch_scroll_event_count,117.21022975334817
8,4,031,67,96.3,98.40307692307694,98.26730248787975,touch_app_diversity|screen_unlock_event_count|activity_active_hour_count|activity_transition_count|touch_active_hour_count|median_unlocked_session_duration_seconds|keyboard_median_inter_event_interval_ms|touch_scroll_event_count,117.21022975334817
8,4,032,62,110.6,98.40307692307694,98.6214752258194,touch_app_diversity|screen_unlock_event_count|activity_active_hour_count|activity_transition_count|touch_active_hour_count|median_unlocked_session_duration_seconds|keyboard_median_inter_event_interval_ms|touch_scroll_event_count,117.21022975334817
8,4,035,54,98.1,98.40307692307694,97.57683228157258,touch_app_diversity|screen_unlock_event_count|activity_active_hour_count|activity_transition_count|touch_active_hour_count|median_unlocked_session_duration_seconds|keyboard_median_inter_event_interval_ms|touch_scroll_event_count,117.21022975334817
8,4,036,19,93.0,98.40307692307694,100.49382306501427,touch_app_diversity|screen_unlock_event_count|activity_active_hour_count|activity_transition_count|touch_active_hour_count|median_unlocked_session_duration_seconds|keyboard_median_inter_event_interval_ms|touch_scroll_event_count,117.21022975334817
8,4,040,65,92.8,98.40307692307694,97.77426189971074,touch_app_diversity|screen_unlock_event_count|activity_active_hour_count|activity_transition_count|touch_active_hour_count|median_unlocked_session_duration_seconds|keyboard_median_inter_event_interval_ms|touch_scroll_event_count,117.21022975334817
8,4,045,51,93.4,98.40307692307694,97.7252304812918,touch_app_diversity|screen_unlock_event_count|activity_active_hour_count|activity_transition_count|touch_active_hour_count|median_unlocked_session_duration_seconds|keyboard_median_inter_event_interval_ms|touch_scroll_event_count,117.21022975334817
8,4,052,22,90.6,98.40307692307694,96.52886673625603,touch_app_diversity|screen_unlock_event_count|activity_active_hour_count|activity_transition_count|touch_active_hour_count|median_unlocked_session_duration_seconds|keyboard_median_inter_event_interval_ms|touch_scroll_event_count,117.21022975334817
8,4,058,59,76.2,98.40307692307694,97.02728211514062,touch_app_diversity|screen_unlock_event_count|activity_active_hour_count|activity_transition_count|touch_active_hour_count|median_unlocked_session_duration_seconds|keyboard_median_inter_event_interval_ms|touch_scroll_event_count,117.21022975334817
8,4,066,43,99.4,98.40307692307694,98.0911026861405,touch_app_diversity|screen_unlock_event_count|activity_active_hour_count|activity_transition_count|touch_active_hour_count|median_unlocked_session_duration_seconds|keyboard_median_inter_event_interval_ms|touch_scroll_event_count,117.21022975334817
8,4,080,31,95.7,98.40307692307694,96.56552495221014,touch_app_diversity|screen_unlock_event_count|activity_active_hour_count|activity_transition_count|touch_active_hour_count|median_unlocked_session_duration_seconds|keyboard_median_inter_event_interval_ms|touch_scroll_event_count,117.21022975334817
8,4,081,55,82.2,98.40307692307694,97.5324814540341,touch_app_diversity|screen_unlock_event_count|activity_active_hour_count|activity_transition_count|touch_active_hour_count|median_unlocked_session_duration_seconds|keyboard_median_inter_event_interval_ms|touch_scroll_event_count,117.21022975334817
8,4,087,72,100.3,98.40307692307694,97.40200977835438,touch_app_diversity|screen_unlock_event_count|activity_active_hour_count|activity_transition_count|touch_active_hour_count|median_unlocked_session_duration_seconds|keyboard_median_inter_event_interval_ms|touch_scroll_event_count,117.21022975334817
8,5,002,64,104.8,97.70769230769231,96.6235831356036,keyboard_long_pause_count_2s|screen_unlock_event_count|gsm_cell_transition_count|message_distinct_event_count|touch_unique_app_count|telephony_mobile_data_enabled_fraction|median_unlocked_session_duration_seconds|activity_unknown_fraction,204.33597178569437
8,5,022,52,107.2,97.70769230769231,97.43552591454139,keyboard_long_pause_count_2s|screen_unlock_event_count|gsm_cell_transition_count|message_distinct_event_count|touch_unique_app_count|telephony_mobile_data_enabled_fraction|median_unlocked_session_duration_seconds|activity_unknown_fraction,204.33597178569437
8,5,037,48,101.9,97.70769230769231,99.72561182743915,keyboard_long_pause_count_2s|screen_unlock_event_count|gsm_cell_transition_count|message_distinct_event_count|touch_unique_app_count|telephony_mobile_data_enabled_fraction|median_unlocked_session_duration_seconds|activity_unknown_fraction,204.33597178569437
8,5,043,42,95.5,97.70769230769231,96.74114128168553,keyboard_long_pause_count_2s|screen_unlock_event_count|gsm_cell_transition_count|message_distinct_event_count|touch_unique_app_count|telephony_mobile_data_enabled_fraction|median_unlocked_session_duration_seconds|activity_unknown_fraction,204.33597178569437
8,5,044,44,108.3,97.70769230769231,98.82009521840897,keyboard_long_pause_count_2s|screen_unlock_event_count|gsm_cell_transition_count|message_distinct_event_count|touch_unique_app_count|telephony_mobile_data_enabled_fraction|median_unlocked_session_duration_seconds|activity_unknown_fraction,204.33597178569437
8,5,056,38,109.6,97.70769230769231,98.82009521840897,keyboard_long_pause_count_2s|screen_unlock_event_count|gsm_cell_transition_count|message_distinct_event_count|touch_unique_app_count|telephony_mobile_data_enabled_fraction|median_unlocked_session_duration_seconds|activity_unknown_fraction,204.33597178569437
8,5,057,37,93.7,97.70769230769231,98.05746498332691,keyboard_long_pause_count_2s|screen_unlock_event_count|gsm_cell_transition_count|message_distinct_event_count|touch_unique_app_count|telephony_mobile_data_enabled_fraction|median_unlocked_session_duration_seconds|activity_unknown_fraction,204.33597178569437
8,5,064,69,99.3,97.70769230769231,95.9318602224557,keyboard_long_pause_count_2s|screen_unlock_event_count|gsm_cell_transition_count|message_distinct_event_count|touch_unique_app_count|telephony_mobile_data_enabled_fraction|median_unlocked_session_duration_seconds|activity_unknown_fraction,204.33597178569437
8,5,067,25,87.1,97.70769230769231,99.66705780943944,keyboard_long_pause_count_2s|screen_unlock_event_count|gsm_cell_transition_count|message_distinct_event_count|touch_unique_app_count|telephony_mobile_data_enabled_fraction|median_unlocked_session_duration_seconds|activity_unknown_fraction,204.33597178569437
8,5,068,34,97.8,97.70769230769231,98.82009521840897,keyboard_long_pause_count_2s|screen_unlock_event_count|gsm_cell_transition_count|message_distinct_event_count|touch_unique_app_count|telephony_mobile_data_enabled_fraction|median_unlocked_session_duration_seconds|activity_unknown_fraction,204.33597178569437
8,5,074,41,111.8,97.70769230769231,98.82009521840897,keyboard_long_pause_count_2s|screen_unlock_event_count|gsm_cell_transition_count|message_distinct_event_count|touch_unique_app_count|telephony_mobile_data_enabled_fraction|median_unlocked_session_duration_seconds|activity_unknown_fraction,204.33597178569437
8,5,077,77,87.8,97.70769230769231,97.36615580455035,keyboard_long_pause_count_2s|screen_unlock_event_count|gsm_cell_transition_count|message_distinct_event_count|touch_unique_app_count|telephony_mobile_data_enabled_fraction|median_unlocked_session_duration_seconds|activity_unknown_fraction,204.33597178569437
8,5,084,49,87.5,97.70769230769231,96.41071424764739,keyboard_long_pause_count_2s|screen_unlock_event_count|gsm_cell_transition_count|message_distinct_event_count|touch_unique_app_count|telephony_mobile_data_enabled_fraction|median_unlocked_session_duration_seconds|activity_unknown_fraction,204.33597178569437
8,5,085,81,100.0,97.70769230769231,98.2737662323258,keyboard_long_pause_count_2s|screen_unlock_event_count|gsm_cell_transition_count|message_distinct_event_count|touch_unique_app_count|telephony_mobile_data_enabled_fraction|median_unlocked_session_duration_seconds|activity_unknown_fraction,204.33597178569437
8,5,090,56,79.9,97.70769230769231,98.82009521840897,keyboard_long_pause_count_2s|screen_unlock_event_count|gsm_cell_transition_count|message_distinct_event_count|touch_unique_app_count|telephony_mobile_data_enabled_fraction|median_unlocked_session_duration_seconds|activity_unknown_fraction,204.33597178569437
8,5,092,63,109.1,97.70769230769231,98.82009521840897,keyboard_long_pause_count_2s|screen_unlock_event_count|gsm_cell_transition_count|message_distinct_event_count|touch_unique_app_count|telephony_mobile_data_enabled_fraction|median_unlocked_session_duration_seconds|activity_unknown_fraction,204.33597178569437
9,1,002,64,104.8,97.2890625,95.33721904545924,message_distinct_event_count|screen_off_event_count|touch_app_diversity|screen_unlock_event_count|screen_event_count|telephony_mobile_data_enabled_fraction|keyboard_median_inter_event_interval_ms|activity_unknown_fraction,38.56620421163472
9,1,003,11,106.5,97.2890625,99.77360067740638,message_distinct_event_count|screen_off_event_count|touch_app_diversity|screen_unlock_event_count|screen_event_count|telephony_mobile_data_enabled_fraction|keyboard_median_inter_event_interval_ms|activity_unknown_fraction,38.56620421163472
9,1,005,9,81.1,97.2890625,92.53553867567018,message_distinct_event_count|screen_off_event_count|touch_app_diversity|screen_unlock_event_count|screen_event_count|telephony_mobile_data_enabled_fraction|keyboard_median_inter_event_interval_ms|activity_unknown_fraction,38.56620421163472
9,1,011,74,88.0,97.2890625,95.89439288506213,message_distinct_event_count|screen_off_event_count|touch_app_diversity|screen_unlock_event_count|screen_event_count|telephony_mobile_data_enabled_fraction|keyboard_median_inter_event_interval_ms|activity_unknown_fraction,38.56620421163472
9,1,036,19,93.0,97.2890625,100.41216235043213,message_distinct_event_count|screen_off_event_count|touch_app_diversity|screen_unlock_event_count|screen_event_count|telephony_mobile_data_enabled_fraction|keyboard_median_inter_event_interval_ms|activity_unknown_fraction,38.56620421163472
9,1,044,44,108.3,97.2890625,100.41216235043213,message_distinct_event_count|screen_off_event_count|touch_app_diversity|screen_unlock_event_count|screen_event_count|telephony_mobile_data_enabled_fraction|keyboard_median_inter_event_interval_ms|activity_unknown_fraction,38.56620421163472
9,1,046,66,101.8,97.2890625,94.08107239356245,message_distinct_event_count|screen_off_event_count|touch_app_diversity|screen_unlock_event_count|screen_event_count|telephony_mobile_data_enabled_fraction|keyboard_median_inter_event_interval_ms|activity_unknown_fraction,38.56620421163472
9,1,053,32,104.6,97.2890625,93.0861402076244,message_distinct_event_count|screen_off_event_count|touch_app_diversity|screen_unlock_event_count|screen_event_count|telephony_mobile_data_enabled_fraction|keyboard_median_inter_event_interval_ms|activity_unknown_fraction,38.56620421163472
9,1,055,29,104.1,97.2890625,96.9921012409698,message_distinct_event_count|screen_off_event_count|touch_app_diversity|screen_unlock_event_count|screen_event_count|telephony_mobile_data_enabled_fraction|keyboard_median_inter_event_interval_ms|activity_unknown_fraction,38.56620421163472
9,1,062,40,103.9,97.2890625,93.37884727196702,message_distinct_event_count|screen_off_event_count|touch_app_diversity|screen_unlock_event_count|screen_event_count|telephony_mobile_data_enabled_fraction|keyboard_median_inter_event_interval_ms|activity_unknown_fraction,38.56620421163472
9,1,066,43,99.4,97.2890625,94.92530359141104,message_distinct_event_count|screen_off_event_count|touch_app_diversity|screen_unlock_event_count|screen_event_count|telephony_mobile_data_enabled_fraction|keyboard_median_inter_event_interval_ms|activity_unknown_fraction,38.56620421163472
9,1,069,46,85.9,97.2890625,94.86235224999957,message_distinct_event_count|screen_off_event_count|touch_app_diversity|screen_unlock_event_count|screen_event_count|telephony_mobile_data_enabled_fraction|keyboard_median_inter_event_interval_ms|activity_unknown_fraction,38.56620421163472
9,1,071,33,99.6,97.2890625,94.29107949153442,message_distinct_event_count|screen_off_event_count|touch_app_diversity|screen_unlock_event_count|screen_event_count|telephony_mobile_data_enabled_fraction|keyboard_median_inter_event_interval_ms|activity_unknown_fraction,38.56620421163472
9,1,072,83,106.1,97.2890625,96.60383317865565,message_distinct_event_count|screen_off_event_count|touch_app_diversity|screen_unlock_event_count|screen_event_count|telephony_mobile_data_enabled_fraction|keyboard_median_inter_event_interval_ms|activity_unknown_fraction,38.56620421163472
9,1,076,71,107.5,97.2890625,96.25291121407116,message_distinct_event_count|screen_off_event_count|touch_app_diversity|screen_unlock_event_count|screen_event_count|telephony_mobile_data_enabled_fraction|keyboard_median_inter_event_interval_ms|activity_unknown_fraction,38.56620421163472
9,1,092,63,109.1,97.2890625,100.41216235043213,message_distinct_event_count|screen_off_event_count|touch_app_diversity|screen_unlock_event_count|screen_event_count|telephony_mobile_data_enabled_fraction|keyboard_median_inter_event_interval_ms|activity_unknown_fraction,38.56620421163472
9,1,096,87,102.1,97.2890625,95.56646101243777,message_distinct_event_count|screen_off_event_count|touch_app_diversity|screen_unlock_event_count|screen_event_count|telephony_mobile_data_enabled_fraction|keyboard_median_inter_event_interval_ms|activity_unknown_fraction,38.56620421163472
9,2,007,57,108.2,98.72923076923077,96.45344191087794,touch_app_diversity|keyboard_long_pause_count_2s|screen_unlock_event_count|gsm_cell_transition_count|activity_transition_count|telephony_mobile_data_enabled_fraction|median_unlocked_session_duration_seconds|touch_distinct_event_count,38.56620421163472
9,2,012,4,75.6,98.72923076923077,100.14962774676424,touch_app_diversity|keyboard_long_pause_count_2s|screen_unlock_event_count|gsm_cell_transition_count|activity_transition_count|telephony_mobile_data_enabled_fraction|median_unlocked_session_duration_seconds|touch_distinct_event_count,38.56620421163472
9,2,013,10,109.6,98.72923076923077,102.91383469078156,touch_app_diversity|keyboard_long_pause_count_2s|screen_unlock_event_count|gsm_cell_transition_count|activity_transition_count|telephony_mobile_data_enabled_fraction|median_unlocked_session_duration_seconds|touch_distinct_event_count,38.56620421163472
9,2,015,12,95.9,98.72923076923077,91.85234147757454,touch_app_diversity|keyboard_long_pause_count_2s|screen_unlock_event_count|gsm_cell_transition_count|activity_transition_count|telephony_mobile_data_enabled_fraction|median_unlocked_session_duration_seconds|touch_distinct_event_count,38.56620421163472
9,2,025,16,104.9,98.72923076923077,102.91383469078156,touch_app_diversity|keyboard_long_pause_count_2s|screen_unlock_event_count|gsm_cell_transition_count|activity_transition_count|telephony_mobile_data_enabled_fraction|median_unlocked_session_duration_seconds|touch_distinct_event_count,38.56620421163472
9,2,034,73,101.8,98.72923076923077,97.72302920411526,touch_app_diversity|keyboard_long_pause_count_2s|screen_unlock_event_count|gsm_cell_transition_count|activity_transition_count|telephony_mobile_data_enabled_fraction|median_unlocked_session_duration_seconds|touch_distinct_event_count,38.56620421163472
9,2,035,54,98.1,98.72923076923077,97.99620171563218,touch_app_diversity|keyboard_long_pause_count_2s|screen_unlock_event_count|gsm_cell_transition_count|activity_transition_count|telephony_mobile_data_enabled_fraction|median_unlocked_session_duration_seconds|touch_distinct_event_count,38.56620421163472
9,2,038,50,94.5,98.72923076923077,102.91383469078156,touch_app_diversity|keyboard_long_pause_count_2s|screen_unlock_event_count|gsm_cell_transition_count|activity_transition_count|telephony_mobile_data_enabled_fraction|median_unlocked_session_duration_seconds|touch_distinct_event_count,38.56620421163472
9,2,045,51,93.4,98.72923076923077,97.13666529561075,touch_app_diversity|keyboard_long_pause_count_2s|screen_unlock_event_count|gsm_cell_transition_count|activity_transition_count|telephony_mobile_data_enabled_fraction|median_unlocked_session_duration_seconds|touch_distinct_event_count,38.56620421163472
9,2,057,37,93.7,98.72923076923077,95.61796778451827,touch_app_diversity|keyboard_long_pause_count_2s|screen_unlock_event_count|gsm_cell_transition_count|activity_transition_count|telephony_mobile_data_enabled_fraction|median_unlocked_session_duration_seconds|touch_distinct_event_count,38.56620421163472
9,2,058,59,76.2,98.72923076923077,94.75901653972942,touch_app_diversity|keyboard_long_pause_count_2s|screen_unlock_event_count|gsm_cell_transition_count|activity_transition_count|telephony_mobile_data_enabled_fraction|median_unlocked_session_duration_seconds|touch_distinct_event_count,38.56620421163472
9,2,060,26,96.9,98.72923076923077,98.87261246396146,touch_app_diversity|keyboard_long_pause_count_2s|screen_unlock_event_count|gsm_cell_transition_count|activity_transition_count|telephony_mobile_data_enabled_fraction|median_unlocked_session_duration_seconds|touch_distinct_event_count,38.56620421163472
9,2,064,69,99.3,98.72923076923077,93.7054203684208,touch_app_diversity|keyboard_long_pause_count_2s|screen_unlock_event_count|gsm_cell_transition_count|activity_transition_count|telephony_mobile_data_enabled_fraction|median_unlocked_session_duration_seconds|touch_distinct_event_count,38.56620421163472
9,2,068,34,97.8,98.72923076923077,102.91383469078156,touch_app_diversity|keyboard_long_pause_count_2s|screen_unlock_event_count|gsm_cell_transition_count|activity_transition_count|telephony_mobile_data_enabled_fraction|median_unlocked_session_duration_seconds|touch_distinct_event_count,38.56620421163472
9,2,075,53,89.1,98.72923076923077,102.6400429022267,touch_app_diversity|keyboard_long_pause_count_2s|screen_unlock_event_count|gsm_cell_transition_count|activity_transition_count|telephony_mobile_data_enabled_fraction|median_unlocked_session_duration_seconds|touch_distinct_event_count,38.56620421163472
9,2,090,56,79.9,98.72923076923077,102.91383469078156,touch_app_diversity|keyboard_long_pause_count_2s|screen_unlock_event_count|gsm_cell_transition_count|activity_transition_count|telephony_mobile_data_enabled_fraction|median_unlocked_session_duration_seconds|touch_distinct_event_count,38.56620421163472
9,3,021,17,97.8,96.74923076923078,91.82179390045144,message_distinct_event_count|touch_unique_app_count|keyboard_deletion_event_count|touch_active_hour_count|keyboard_long_pause_count_2s|median_unlocked_session_duration_seconds|activity_unknown_fraction|touch_scroll_event_count,1.3738237958832638
9,3,022,52,107.2,96.74923076923078,98.62759633997273,message_distinct_event_count|touch_unique_app_count|keyboard_deletion_event_count|touch_active_hour_count|keyboard_long_pause_count_2s|median_unlocked_session_duration_seconds|activity_unknown_fraction|touch_scroll_event_count,1.3738237958832638
9,3,023,20,101.0,96.74923076923078,86.2740205083982,message_distinct_event_count|touch_unique_app_count|keyboard_deletion_event_count|touch_active_hour_count|keyboard_long_pause_count_2s|median_unlocked_session_duration_seconds|activity_unknown_fraction|touch_scroll_event_count,1.3738237958832638
9,3,026,75,104.1,96.74923076923078,104.6435133394278,message_distinct_event_count|touch_unique_app_count|keyboard_deletion_event_count|touch_active_hour_count|keyboard_long_pause_count_2s|median_unlocked_session_duration_seconds|activity_unknown_fraction|touch_scroll_event_count,1.3738237958832638
9,3,028,45,93.5,96.74923076923078,93.10286990721893,message_distinct_event_count|touch_unique_app_count|keyboard_deletion_event_count|touch_active_hour_count|keyboard_long_pause_count_2s|median_unlocked_session_duration_seconds|activity_unknown_fraction|touch_scroll_event_count,1.3738237958832638
9,3,029,80,100.2,96.74923076923078,99.52867551162541,message_distinct_event_count|touch_unique_app_count|keyboard_deletion_event_count|touch_active_hour_count|keyboard_long_pause_count_2s|median_unlocked_session_duration_seconds|activity_unknown_fraction|touch_scroll_event_count,1.3738237958832638
9,3,032,62,110.6,96.74923076923078,91.90125488294319,message_distinct_event_count|touch_unique_app_count|keyboard_deletion_event_count|touch_active_hour_count|keyboard_long_pause_count_2s|median_unlocked_session_duration_seconds|activity_unknown_fraction|touch_scroll_event_count,1.3738237958832638
9,3,041,15,119.4,96.74923076923078,100.81024492490576,message_distinct_event_count|touch_unique_app_count|keyboard_deletion_event_count|touch_active_hour_count|keyboard_long_pause_count_2s|median_unlocked_session_duration_seconds|activity_unknown_fraction|touch_scroll_event_count,1.3738237958832638
9,3,056,38,109.6,96.74923076923078,99.57906907058732,message_distinct_event_count|touch_unique_app_count|keyboard_deletion_event_count|touch_active_hour_count|keyboard_long_pause_count_2s|median_unlocked_session_duration_seconds|activity_unknown_fraction|touch_scroll_event_count,1.3738237958832638
9,3,074,41,111.8,96.74923076923078,99.57906907058732,message_distinct_event_count|touch_unique_app_count|keyboard_deletion_event_count|touch_active_hour_count|keyboard_long_pause_count_2s|median_unlocked_session_duration_seconds|activity_unknown_fraction|touch_scroll_event_count,1.3738237958832638
9,3,077,77,87.8,96.74923076923078,97.87423204364453,message_distinct_event_count|touch_unique_app_count|keyboard_deletion_event_count|touch_active_hour_count|keyboard_long_pause_count_2s|median_unlocked_session_duration_seconds|activity_unknown_fraction|touch_scroll_event_count,1.3738237958832638
9,3,078,84,106.2,96.74923076923078,101.66049167789708,message_distinct_event_count|touch_unique_app_count|keyboard_deletion_event_count|touch_active_hour_count|keyboard_long_pause_count_2s|median_unlocked_session_duration_seconds|activity_unknown_fraction|touch_scroll_event_count,1.3738237958832638
9,3,083,36,102.8,96.74923076923078,97.02733000675723,message_distinct_event_count|touch_unique_app_count|keyboard_deletion_event_count|touch_active_hour_count|keyboard_long_pause_count_2s|median_unlocked_session_duration_seconds|activity_unknown_fraction|touch_scroll_event_count,1.3738237958832638
9,3,087,72,100.3,96.74923076923078,102.49750775404236,message_distinct_event_count|touch_unique_app_count|keyboard_deletion_event_count|touch_active_hour_count|keyboard_long_pause_count_2s|median_unlocked_session_duration_seconds|activity_unknown_fraction|touch_scroll_event_count,1.3738237958832638
9,3,089,61,109.3,96.74923076923078,75.26468834108685,message_distinct_event_count|touch_unique_app_count|keyboard_deletion_event_count|touch_active_hour_count|keyboard_long_pause_count_2s|median_unlocked_session_duration_seconds|activity_unknown_fraction|touch_scroll_event_count,1.3738237958832638
9,3,091,60,82.0,96.74923076923078,87.97435284576953,message_distinct_event_count|touch_unique_app_count|keyboard_deletion_event_count|touch_active_hour_count|keyboard_long_pause_count_2s|median_unlocked_session_duration_seconds|activity_unknown_fraction|touch_scroll_event_count,1.3738237958832638
9,4,004,5,101.0,97.95230769230768,102.57706014223275,message_distinct_event_count|touch_app_diversity|screen_unlock_event_count|keyboard_long_pause_count_2s|touch_unique_app_count|telephony_mobile_data_enabled_fraction|median_unlocked_session_duration_seconds|keyboard_median_inter_event_interval_ms,38.56620421163472
9,4,006,8,90.1,97.95230769230768,96.92567687217385,message_distinct_event_count|touch_app_diversity|screen_unlock_event_count|keyboard_long_pause_count_2s|touch_unique_app_count|telephony_mobile_data_enabled_fraction|median_unlocked_session_duration_seconds|keyboard_median_inter_event_interval_ms,38.56620421163472
9,4,010,35,100.0,97.95230769230768,97.24981690473903,message_distinct_event_count|touch_app_diversity|screen_unlock_event_count|keyboard_long_pause_count_2s|touch_unique_app_count|telephony_mobile_data_enabled_fraction|median_unlocked_session_duration_seconds|keyboard_median_inter_event_interval_ms,38.56620421163472
9,4,014,21,104.0,97.95230769230768,100.62365783769974,message_distinct_event_count|touch_app_diversity|screen_unlock_event_count|keyboard_long_pause_count_2s|touch_unique_app_count|telephony_mobile_data_enabled_fraction|median_unlocked_session_duration_seconds|keyboard_median_inter_event_interval_ms,38.56620421163472
9,4,018,79,96.1,97.95230769230768,95.82140815275466,message_distinct_event_count|touch_app_diversity|screen_unlock_event_count|keyboard_long_pause_count_2s|touch_unique_app_count|telephony_mobile_data_enabled_fraction|median_unlocked_session_duration_seconds|keyboard_median_inter_event_interval_ms,38.56620421163472
9,4,024,68,103.4,97.95230769230768,96.38623800277333,message_distinct_event_count|touch_app_diversity|screen_unlock_event_count|keyboard_long_pause_count_2s|touch_unique_app_count|telephony_mobile_data_enabled_fraction|median_unlocked_session_duration_seconds|keyboard_median_inter_event_interval_ms,38.56620421163472
9,4,031,67,96.3,97.95230769230768,99.24752772194768,message_distinct_event_count|touch_app_diversity|screen_unlock_event_count|keyboard_long_pause_count_2s|touch_unique_app_count|telephony_mobile_data_enabled_fraction|median_unlocked_session_duration_seconds|keyboard_median_inter_event_interval_ms,38.56620421163472
9,4,039,27,99.3,97.95230769230768,115.23024123698369,message_distinct_event_count|touch_app_diversity|screen_unlock_event_count|keyboard_long_pause_count_2s|touch_unique_app_count|telephony_mobile_data_enabled_fraction|median_unlocked_session_duration_seconds|keyboard_median_inter_event_interval_ms,38.56620421163472
9,4,040,65,92.8,97.95230769230768,95.69749676151753,message_distinct_event_count|touch_app_diversity|screen_unlock_event_count|keyboard_long_pause_count_2s|touch_unique_app_count|telephony_mobile_data_enabled_fraction|median_unlocked_session_duration_seconds|keyboard_median_inter_event_interval_ms,38.56620421163472
9,4,050,39,104.4,97.95230769230768,97.37800054315134,message_distinct_event_count|touch_app_diversity|screen_unlock_event_count|keyboard_long_pause_count_2s|touch_unique_app_count|telephony_mobile_data_enabled_fraction|median_unlocked_session_duration_seconds|keyboard_median_inter_event_interval_ms,38.56620421163472
9,4,070,24,95.5,97.95230769230768,95.08310033117104,message_distinct_event_count|touch_app_diversity|screen_unlock_event_count|keyboard_long_pause_count_2s|touch_unique_app_count|telephony_mobile_data_enabled_fraction|median_unlocked_session_duration_seconds|keyboard_median_inter_event_interval_ms,38.56620421163472
9,4,073,30,95.7,97.95230769230768,98.6823307969745,message_distinct_event_count|touch_app_diversity|screen_unlock_event_count|keyboard_long_pause_count_2s|touch_unique_app_count|telephony_mobile_data_enabled_fraction|median_unlocked_session_duration_seconds|keyboard_median_inter_event_interval_ms,38.56620421163472
9,4,082,70,92.0,97.95230769230768,95.60499070782672,message_distinct_event_count|touch_app_diversity|screen_unlock_event_count|keyboard_long_pause_count_2s|touch_unique_app_count|telephony_mobile_data_enabled_fraction|median_unlocked_session_duration_seconds|keyboard_median_inter_event_interval_ms,38.56620421163472
9,4,086,76,95.7,97.95230769230768,100.2544754477758,message_distinct_event_count|touch_app_diversity|screen_unlock_event_count|keyboard_long_pause_count_2s|touch_unique_app_count|telephony_mobile_data_enabled_fraction|median_unlocked_session_duration_seconds|keyboard_median_inter_event_interval_ms,38.56620421163472
9,4,093,82,99.6,97.95230769230768,97.647490520792,message_distinct_event_count|touch_app_diversity|screen_unlock_event_count|keyboard_long_pause_count_2s|touch_unique_app_count|telephony_mobile_data_enabled_fraction|median_unlocked_session_duration_seconds|keyboard_median_inter_event_interval_ms,38.56620421163472
9,4,095,86,99.5,97.95230769230768,99.56585455571128,message_distinct_event_count|touch_app_diversity|screen_unlock_event_count|keyboard_long_pause_count_2s|touch_unique_app_count|telephony_mobile_data_enabled_fraction|median_unlocked_session_duration_seconds|keyboard_median_inter_event_interval_ms,38.56620421163472
9,5,019,28,103.7,98.91846153846154,98.94822468397881,keyboard_long_pause_count_2s|touch_app_diversity|touch_scroll_index_change_median|app_foreground_event_count|keyboard_inter_event_interval_iqr_ms|telephony_mobile_data_enabled_fraction|screen_transition_count|keyboard_median_inter_event_interval_ms,10000.0
9,5,020,18,90.0,98.91846153846154,98.90973852640988,keyboard_long_pause_count_2s|touch_app_diversity|touch_scroll_index_change_median|app_foreground_event_count|keyboard_inter_event_interval_iqr_ms|telephony_mobile_data_enabled_fraction|screen_transition_count|keyboard_median_inter_event_interval_ms,10000.0
9,5,030,13,103.8,98.91846153846154,98.8984055602549,keyboard_long_pause_count_2s|touch_app_diversity|touch_scroll_index_change_median|app_foreground_event_count|keyboard_inter_event_interval_iqr_ms|telephony_mobile_data_enabled_fraction|screen_transition_count|keyboard_median_inter_event_interval_ms,10000.0
9,5,037,48,101.9,98.91846153846154,98.91176846818142,keyboard_long_pause_count_2s|touch_app_diversity|touch_scroll_index_change_median|app_foreground_event_count|keyboard_inter_event_interval_iqr_ms|telephony_mobile_data_enabled_fraction|screen_transition_count|keyboard_median_inter_event_interval_ms,10000.0
9,5,042,14,83.8,98.91846153846154,98.9014164914583,keyboard_long_pause_count_2s|touch_app_diversity|touch_scroll_index_change_median|app_foreground_event_count|keyboard_inter_event_interval_iqr_ms|telephony_mobile_data_enabled_fraction|screen_transition_count|keyboard_median_inter_event_interval_ms,10000.0
9,5,043,42,95.5,98.91846153846154,98.90793854309888,keyboard_long_pause_count_2s|touch_app_diversity|touch_scroll_index_change_median|app_foreground_event_count|keyboard_inter_event_interval_iqr_ms|telephony_mobile_data_enabled_fraction|screen_transition_count|keyboard_median_inter_event_interval_ms,10000.0
9,5,048,7,95.2,98.91846153846154,98.94822468397881,keyboard_long_pause_count_2s|touch_app_diversity|touch_scroll_index_change_median|app_foreground_event_count|keyboard_inter_event_interval_iqr_ms|telephony_mobile_data_enabled_fraction|screen_transition_count|keyboard_median_inter_event_interval_ms,10000.0
9,5,049,85,91.6,98.91846153846154,98.88730202702462,keyboard_long_pause_count_2s|touch_app_diversity|touch_scroll_index_change_median|app_foreground_event_count|keyboard_inter_event_interval_iqr_ms|telephony_mobile_data_enabled_fraction|screen_transition_count|keyboard_median_inter_event_interval_ms,10000.0
9,5,052,22,90.6,98.91846153846154,98.89077477835275,keyboard_long_pause_count_2s|touch_app_diversity|touch_scroll_index_change_median|app_foreground_event_count|keyboard_inter_event_interval_iqr_ms|telephony_mobile_data_enabled_fraction|screen_transition_count|keyboard_median_inter_event_interval_ms,10000.0
9,5,061,58,92.7,98.91846153846154,98.92950158924862,keyboard_long_pause_count_2s|touch_app_diversity|touch_scroll_index_change_median|app_foreground_event_count|keyboard_inter_event_interval_iqr_ms|telephony_mobile_data_enabled_fraction|screen_transition_count|keyboard_median_inter_event_interval_ms,10000.0
9,5,067,25,87.1,98.91846153846154,98.9247991058666,keyboard_long_pause_count_2s|touch_app_diversity|touch_scroll_index_change_median|app_foreground_event_count|keyboard_inter_event_interval_iqr_ms|telephony_mobile_data_enabled_fraction|screen_transition_count|keyboard_median_inter_event_interval_ms,10000.0
9,5,079,47,101.3,98.91846153846154,98.90865527983829,keyboard_long_pause_count_2s|touch_app_diversity|touch_scroll_index_change_median|app_foreground_event_count|keyboard_inter_event_interval_iqr_ms|telephony_mobile_data_enabled_fraction|screen_transition_count|keyboard_median_inter_event_interval_ms,10000.0
9,5,080,31,95.7,98.91846153846154,98.9014164914583,keyboard_long_pause_count_2s|touch_app_diversity|touch_scroll_index_change_median|app_foreground_event_count|keyboard_inter_event_interval_iqr_ms|telephony_mobile_data_enabled_fraction|screen_transition_count|keyboard_median_inter_event_interval_ms,10000.0
9,5,081,55,82.2,98.91846153846154,98.9348770960846,keyboard_long_pause_count_2s|touch_app_diversity|touch_scroll_index_change_median|app_foreground_event_count|keyboard_inter_event_interval_iqr_ms|telephony_mobile_data_enabled_fraction|screen_transition_count|keyboard_median_inter_event_interval_ms,10000.0
9,5,084,49,87.5,98.91846153846154,98.87948466201813,keyboard_long_pause_count_2s|touch_app_diversity|touch_scroll_index_change_median|app_foreground_event_count|keyboard_inter_event_interval_iqr_ms|telephony_mobile_data_enabled_fraction|screen_transition_count|keyboard_median_inter_event_interval_ms,10000.0
9,5,085,81,100.0,98.91846153846154,98.93158141967608,keyboard_long_pause_count_2s|touch_app_diversity|touch_scroll_index_change_median|app_foreground_event_count|keyboard_inter_event_interval_iqr_ms|telephony_mobile_data_enabled_fraction|screen_transition_count|keyboard_median_inter_event_interval_ms,10000.0
10,1,011,74,88.0,98.55625,97.85156830225934,screen_unlock_event_count|touch_scroll_index_change_median|keyboard_long_pause_count_2s|touch_app_diversity|app_foreground_event_count|median_unlocked_session_duration_seconds|touch_distinct_event_count|touch_scroll_event_count,117.21022975334817
10,1,013,10,109.6,98.55625,99.90397456737928,screen_unlock_event_count|touch_scroll_index_change_median|keyboard_long_pause_count_2s|touch_app_diversity|app_foreground_event_count|median_unlocked_session_duration_seconds|touch_distinct_event_count|touch_scroll_event_count,117.21022975334817
10,1,021,17,97.8,98.55625,98.19805616165115,screen_unlock_event_count|touch_scroll_index_change_median|keyboard_long_pause_count_2s|touch_app_diversity|app_foreground_event_count|median_unlocked_session_duration_seconds|touch_distinct_event_count|touch_scroll_event_count,117.21022975334817
10,1,024,68,103.4,98.55625,97.68732581593403,screen_unlock_event_count|touch_scroll_index_change_median|keyboard_long_pause_count_2s|touch_app_diversity|app_foreground_event_count|median_unlocked_session_duration_seconds|touch_distinct_event_count|touch_scroll_event_count,117.21022975334817
10,1,028,45,93.5,98.55625,98.02532210631489,screen_unlock_event_count|touch_scroll_index_change_median|keyboard_long_pause_count_2s|touch_app_diversity|app_foreground_event_count|median_unlocked_session_duration_seconds|touch_distinct_event_count|touch_scroll_event_count,117.21022975334817
10,1,029,80,100.2,98.55625,97.87816268778158,screen_unlock_event_count|touch_scroll_index_change_median|keyboard_long_pause_count_2s|touch_app_diversity|app_foreground_event_count|median_unlocked_session_duration_seconds|touch_distinct_event_count|touch_scroll_event_count,117.21022975334817
10,1,032,62,110.6,98.55625,98.73279916915891,screen_unlock_event_count|touch_scroll_index_change_median|keyboard_long_pause_count_2s|touch_app_diversity|app_foreground_event_count|median_unlocked_session_duration_seconds|touch_distinct_event_count|touch_scroll_event_count,117.21022975334817
10,1,042,14,83.8,98.55625,99.22433890897247,screen_unlock_event_count|touch_scroll_index_change_median|keyboard_long_pause_count_2s|touch_app_diversity|app_foreground_event_count|median_unlocked_session_duration_seconds|touch_distinct_event_count|touch_scroll_event_count,117.21022975334817
10,1,048,7,95.2,98.55625,99.90397456737928,screen_unlock_event_count|touch_scroll_index_change_median|keyboard_long_pause_count_2s|touch_app_diversity|app_foreground_event_count|median_unlocked_session_duration_seconds|touch_distinct_event_count|touch_scroll_event_count,117.21022975334817
10,1,052,22,90.6,98.55625,96.88533583554694,screen_unlock_event_count|touch_scroll_index_change_median|keyboard_long_pause_count_2s|touch_app_diversity|app_foreground_event_count|median_unlocked_session_duration_seconds|touch_distinct_event_count|touch_scroll_event_count,117.21022975334817
10,1,058,59,76.2,98.55625,99.50438209279012,screen_unlock_event_count|touch_scroll_index_change_median|keyboard_long_pause_count_2s|touch_app_diversity|app_foreground_event_count|median_unlocked_session_duration_seconds|touch_distinct_event_count|touch_scroll_event_count,117.21022975334817
10,1,074,41,111.8,98.55625,99.90397456737928,screen_unlock_event_count|touch_scroll_index_change_median|keyboard_long_pause_count_2s|touch_app_diversity|app_foreground_event_count|median_unlocked_session_duration_seconds|touch_distinct_event_count|touch_scroll_event_count,117.21022975334817
10,1,076,71,107.5,98.55625,98.00591592554514,screen_unlock_event_count|touch_scroll_index_change_median|keyboard_long_pause_count_2s|touch_app_diversity|app_foreground_event_count|median_unlocked_session_duration_seconds|touch_distinct_event_count|touch_scroll_event_count,117.21022975334817
10,1,081,55,82.2,98.55625,98.19974549471618,screen_unlock_event_count|touch_scroll_index_change_median|keyboard_long_pause_count_2s|touch_app_diversity|app_foreground_event_count|median_unlocked_session_duration_seconds|touch_distinct_event_count|touch_scroll_event_count,117.21022975334817
10,1,082,70,92.0,98.55625,97.42254802461481,screen_unlock_event_count|touch_scroll_index_change_median|keyboard_long_pause_count_2s|touch_app_diversity|app_foreground_event_count|median_unlocked_session_duration_seconds|touch_distinct_event_count|touch_scroll_event_count,117.21022975334817
10,1,087,72,100.3,98.55625,97.77656183307995,screen_unlock_event_count|touch_scroll_index_change_median|keyboard_long_pause_count_2s|touch_app_diversity|app_foreground_event_count|median_unlocked_session_duration_seconds|touch_distinct_event_count|touch_scroll_event_count,117.21022975334817
10,1,091,60,82.0,98.55625,98.90341465157228,screen_unlock_event_count|touch_scroll_index_change_median|keyboard_long_pause_count_2s|touch_app_diversity|app_foreground_event_count|median_unlocked_session_duration_seconds|touch_distinct_event_count|touch_scroll_event_count,117.21022975334817
10,2,005,9,81.1,98.14153846153847,98.12220346482009,screen_unlock_event_count|touch_app_diversity|unique_gsm_lac_count|activity_active_hour_count|screen_off_event_count|telephony_mobile_data_enabled_fraction|median_unlocked_session_duration_seconds|keyboard_median_inter_event_interval_ms,10000.0
10,2,006,8,90.1,98.14153846153847,98.1091295114444,screen_unlock_event_count|touch_app_diversity|unique_gsm_lac_count|activity_active_hour_count|screen_off_event_count|telephony_mobile_data_enabled_fraction|median_unlocked_session_duration_seconds|keyboard_median_inter_event_interval_ms,10000.0
10,2,014,21,104.0,98.14153846153847,98.16841565653937,screen_unlock_event_count|touch_app_diversity|unique_gsm_lac_count|activity_active_hour_count|screen_off_event_count|telephony_mobile_data_enabled_fraction|median_unlocked_session_duration_seconds|keyboard_median_inter_event_interval_ms,10000.0
10,2,019,28,103.7,98.14153846153847,98.16841565653937,screen_unlock_event_count|touch_app_diversity|unique_gsm_lac_count|activity_active_hour_count|screen_off_event_count|telephony_mobile_data_enabled_fraction|median_unlocked_session_duration_seconds|keyboard_median_inter_event_interval_ms,10000.0
10,2,025,16,104.9,98.14153846153847,98.16841565653937,screen_unlock_event_count|touch_app_diversity|unique_gsm_lac_count|activity_active_hour_count|screen_off_event_count|telephony_mobile_data_enabled_fraction|median_unlocked_session_duration_seconds|keyboard_median_inter_event_interval_ms,10000.0
10,2,026,75,104.1,98.14153846153847,98.17413559595381,screen_unlock_event_count|touch_app_diversity|unique_gsm_lac_count|activity_active_hour_count|screen_off_event_count|telephony_mobile_data_enabled_fraction|median_unlocked_session_duration_seconds|keyboard_median_inter_event_interval_ms,10000.0
10,2,035,54,98.1,98.14153846153847,98.1681995418939,screen_unlock_event_count|touch_app_diversity|unique_gsm_lac_count|activity_active_hour_count|screen_off_event_count|telephony_mobile_data_enabled_fraction|median_unlocked_session_duration_seconds|keyboard_median_inter_event_interval_ms,10000.0
10,2,043,42,95.5,98.14153846153847,98.09844604110275,screen_unlock_event_count|touch_app_diversity|unique_gsm_lac_count|activity_active_hour_count|screen_off_event_count|telephony_mobile_data_enabled_fraction|median_unlocked_session_duration_seconds|keyboard_median_inter_event_interval_ms,10000.0
10,2,061,58,92.7,98.14153846153847,98.1376853251645,screen_unlock_event_count|touch_app_diversity|unique_gsm_lac_count|activity_active_hour_count|screen_off_event_count|telephony_mobile_data_enabled_fraction|median_unlocked_session_duration_seconds|keyboard_median_inter_event_interval_ms,10000.0
10,2,062,40,103.9,98.14153846153847,98.12815615361986,screen_unlock_event_count|touch_app_diversity|unique_gsm_lac_count|activity_active_hour_count|screen_off_event_count|telephony_mobile_data_enabled_fraction|median_unlocked_session_duration_seconds|keyboard_median_inter_event_interval_ms,10000.0
10,2,067,25,87.1,98.14153846153847,98.18508399064886,screen_unlock_event_count|touch_app_diversity|unique_gsm_lac_count|activity_active_hour_count|screen_off_event_count|telephony_mobile_data_enabled_fraction|median_unlocked_session_duration_seconds|keyboard_median_inter_event_interval_ms,10000.0
10,2,068,34,97.8,98.14153846153847,98.16841565653937,screen_unlock_event_count|touch_app_diversity|unique_gsm_lac_count|activity_active_hour_count|screen_off_event_count|telephony_mobile_data_enabled_fraction|median_unlocked_session_duration_seconds|keyboard_median_inter_event_interval_ms,10000.0
10,2,069,46,85.9,98.14153846153847,98.13390641387957,screen_unlock_event_count|touch_app_diversity|unique_gsm_lac_count|activity_active_hour_count|screen_off_event_count|telephony_mobile_data_enabled_fraction|median_unlocked_session_duration_seconds|keyboard_median_inter_event_interval_ms,10000.0
10,2,070,24,95.5,98.14153846153847,98.08433589266512,screen_unlock_event_count|touch_app_diversity|unique_gsm_lac_count|activity_active_hour_count|screen_off_event_count|telephony_mobile_data_enabled_fraction|median_unlocked_session_duration_seconds|keyboard_median_inter_event_interval_ms,10000.0
10,2,071,33,99.6,98.14153846153847,98.13710410265561,screen_unlock_event_count|touch_app_diversity|unique_gsm_lac_count|activity_active_hour_count|screen_off_event_count|telephony_mobile_data_enabled_fraction|median_unlocked_session_duration_seconds|keyboard_median_inter_event_interval_ms,10000.0
10,2,092,63,109.1,98.14153846153847,98.16841565653937,screen_unlock_event_count|touch_app_diversity|unique_gsm_lac_count|activity_active_hour_count|screen_off_event_count|telephony_mobile_data_enabled_fraction|median_unlocked_session_duration_seconds|keyboard_median_inter_event_interval_ms,10000.0
10,3,007,57,108.2,97.88461538461539,98.38911080742785,keyboard_deletion_event_count|keyboard_long_pause_count_2s|keyboard_typing_burst_count|touch_app_diversity|message_distinct_event_count|median_unlocked_session_duration_seconds|keyboard_median_inter_event_interval_ms|activity_still_fraction,67.23357536499334
10,3,012,4,75.6,97.88461538461539,97.677294593308,keyboard_deletion_event_count|keyboard_long_pause_count_2s|keyboard_typing_burst_count|touch_app_diversity|message_distinct_event_count|median_unlocked_session_duration_seconds|keyboard_median_inter_event_interval_ms|activity_still_fraction,67.23357536499334
10,3,034,73,101.8,97.88461538461539,96.9480790649262,keyboard_deletion_event_count|keyboard_long_pause_count_2s|keyboard_typing_burst_count|touch_app_diversity|message_distinct_event_count|median_unlocked_session_duration_seconds|keyboard_median_inter_event_interval_ms|activity_still_fraction,67.23357536499334
10,3,039,27,99.3,97.88461538461539,132.76014799413264,keyboard_deletion_event_count|keyboard_long_pause_count_2s|keyboard_typing_burst_count|touch_app_diversity|message_distinct_event_count|median_unlocked_session_duration_seconds|keyboard_median_inter_event_interval_ms|activity_still_fraction,67.23357536499334
10,3,044,44,108.3,97.88461538461539,99.20444104903017,keyboard_deletion_event_count|keyboard_long_pause_count_2s|keyboard_typing_burst_count|touch_app_diversity|message_distinct_event_count|median_unlocked_session_duration_seconds|keyboard_median_inter_event_interval_ms|activity_still_fraction,67.23357536499334
10,3,050,39,104.4,97.88461538461539,96.19432009370612,keyboard_deletion_event_count|keyboard_long_pause_count_2s|keyboard_typing_burst_count|touch_app_diversity|message_distinct_event_count|median_unlocked_session_duration_seconds|keyboard_median_inter_event_interval_ms|activity_still_fraction,67.23357536499334
10,3,053,32,104.6,97.88461538461539,93.39645487755682,keyboard_deletion_event_count|keyboard_long_pause_count_2s|keyboard_typing_burst_count|touch_app_diversity|message_distinct_event_count|median_unlocked_session_duration_seconds|keyboard_median_inter_event_interval_ms|activity_still_fraction,67.23357536499334
10,3,057,37,93.7,97.88461538461539,100.56284133907079,keyboard_deletion_event_count|keyboard_long_pause_count_2s|keyboard_typing_burst_count|touch_app_diversity|message_distinct_event_count|median_unlocked_session_duration_seconds|keyboard_median_inter_event_interval_ms|activity_still_fraction,67.23357536499334
10,3,060,26,96.9,97.88461538461539,96.40169214685258,keyboard_deletion_event_count|keyboard_long_pause_count_2s|keyboard_typing_burst_count|touch_app_diversity|message_distinct_event_count|median_unlocked_session_duration_seconds|keyboard_median_inter_event_interval_ms|activity_still_fraction,67.23357536499334
10,3,075,53,89.1,97.88461538461539,112.10721464822231,keyboard_deletion_event_count|keyboard_long_pause_count_2s|keyboard_typing_burst_count|touch_app_diversity|message_distinct_event_count|median_unlocked_session_duration_seconds|keyboard_median_inter_event_interval_ms|activity_still_fraction,67.23357536499334
10,3,078,84,106.2,97.88461538461539,97.81116635723029,keyboard_deletion_event_count|keyboard_long_pause_count_2s|keyboard_typing_burst_count|touch_app_diversity|message_distinct_event_count|median_unlocked_session_duration_seconds|keyboard_median_inter_event_interval_ms|activity_still_fraction,67.23357536499334
10,3,080,31,95.7,97.88461538461539,94.58983478233318,keyboard_deletion_event_count|keyboard_long_pause_count_2s|keyboard_typing_burst_count|touch_app_diversity|message_distinct_event_count|median_unlocked_session_duration_seconds|keyboard_median_inter_event_interval_ms|activity_still_fraction,67.23357536499334
10,3,083,36,102.8,97.88461538461539,96.73349556892795,keyboard_deletion_event_count|keyboard_long_pause_count_2s|keyboard_typing_burst_count|touch_app_diversity|message_distinct_event_count|median_unlocked_session_duration_seconds|keyboard_median_inter_event_interval_ms|activity_still_fraction,67.23357536499334
10,3,084,49,87.5,97.88461538461539,95.06356605703084,keyboard_deletion_event_count|keyboard_long_pause_count_2s|keyboard_typing_burst_count|touch_app_diversity|message_distinct_event_count|median_unlocked_session_duration_seconds|keyboard_median_inter_event_interval_ms|activity_still_fraction,67.23357536499334
10,3,085,81,100.0,97.88461538461539,96.7771773330468,keyboard_deletion_event_count|keyboard_long_pause_count_2s|keyboard_typing_burst_count|touch_app_diversity|message_distinct_event_count|median_unlocked_session_duration_seconds|keyboard_median_inter_event_interval_ms|activity_still_fraction,67.23357536499334
10,3,086,76,95.7,97.88461538461539,97.61029954807769,keyboard_deletion_event_count|keyboard_long_pause_count_2s|keyboard_typing_burst_count|touch_app_diversity|message_distinct_event_count|median_unlocked_session_duration_seconds|keyboard_median_inter_event_interval_ms|activity_still_fraction,67.23357536499334
10,4,015,12,95.9,97.41384615384617,93.57055524680294,touch_app_diversity|message_distinct_event_count|activity_active_hour_count|screen_unlock_event_count|activity_transition_count|telephony_mobile_data_enabled_fraction|median_unlocked_session_duration_seconds|activity_unknown_fraction,12.689610031679234
10,4,020,18,90.0,97.41384615384617,95.70970745693826,touch_app_diversity|message_distinct_event_count|activity_active_hour_count|screen_unlock_event_count|activity_transition_count|telephony_mobile_data_enabled_fraction|median_unlocked_session_duration_seconds|activity_unknown_fraction,12.689610031679234
10,4,022,52,107.2,97.41384615384617,96.223270156169,touch_app_diversity|message_distinct_event_count|activity_active_hour_count|screen_unlock_event_count|activity_transition_count|telephony_mobile_data_enabled_fraction|median_unlocked_session_duration_seconds|activity_unknown_fraction,12.689610031679234
10,4,036,19,93.0,97.41384615384617,103.59207749006117,touch_app_diversity|message_distinct_event_count|activity_active_hour_count|screen_unlock_event_count|activity_transition_count|telephony_mobile_data_enabled_fraction|median_unlocked_session_duration_seconds|activity_unknown_fraction,12.689610031679234
10,4,037,48,101.9,97.41384615384617,97.93252366023874,touch_app_diversity|message_distinct_event_count|activity_active_hour_count|screen_unlock_event_count|activity_transition_count|telephony_mobile_data_enabled_fraction|median_unlocked_session_duration_seconds|activity_unknown_fraction,12.689610031679234
10,4,041,15,119.4,97.41384615384617,99.7541598019904,touch_app_diversity|message_distinct_event_count|activity_active_hour_count|screen_unlock_event_count|activity_transition_count|telephony_mobile_data_enabled_fraction|median_unlocked_session_duration_seconds|activity_unknown_fraction,12.689610031679234
10,4,046,66,101.8,97.41384615384617,93.2431306662274,touch_app_diversity|message_distinct_event_count|activity_active_hour_count|screen_unlock_event_count|activity_transition_count|telephony_mobile_data_enabled_fraction|median_unlocked_session_duration_seconds|activity_unknown_fraction,12.689610031679234
10,4,055,29,104.1,97.41384615384617,100.61004550462891,touch_app_diversity|message_distinct_event_count|activity_active_hour_count|screen_unlock_event_count|activity_transition_count|telephony_mobile_data_enabled_fraction|median_unlocked_session_duration_seconds|activity_unknown_fraction,12.689610031679234
10,4,056,38,109.6,97.41384615384617,103.59207749006117,touch_app_diversity|message_distinct_event_count|activity_active_hour_count|screen_unlock_event_count|activity_transition_count|telephony_mobile_data_enabled_fraction|median_unlocked_session_duration_seconds|activity_unknown_fraction,12.689610031679234
10,4,064,69,99.3,97.41384615384617,90.12079917471542,touch_app_diversity|message_distinct_event_count|activity_active_hour_count|screen_unlock_event_count|activity_transition_count|telephony_mobile_data_enabled_fraction|median_unlocked_session_duration_seconds|activity_unknown_fraction,12.689610031679234
10,4,066,43,99.4,97.41384615384617,93.17495159446635,touch_app_diversity|message_distinct_event_count|activity_active_hour_count|screen_unlock_event_count|activity_transition_count|telephony_mobile_data_enabled_fraction|median_unlocked_session_duration_seconds|activity_unknown_fraction,12.689610031679234
10,4,072,83,106.1,97.41384615384617,94.3630752556291,touch_app_diversity|message_distinct_event_count|activity_active_hour_count|screen_unlock_event_count|activity_transition_count|telephony_mobile_data_enabled_fraction|median_unlocked_session_duration_seconds|activity_unknown_fraction,12.689610031679234
10,4,073,30,95.7,97.41384615384617,101.52161597837497,touch_app_diversity|message_distinct_event_count|activity_active_hour_count|screen_unlock_event_count|activity_transition_count|telephony_mobile_data_enabled_fraction|median_unlocked_session_duration_seconds|activity_unknown_fraction,12.689610031679234
10,4,077,77,87.8,97.41384615384617,98.24432371271034,touch_app_diversity|message_distinct_event_count|activity_active_hour_count|screen_unlock_event_count|activity_transition_count|telephony_mobile_data_enabled_fraction|median_unlocked_session_duration_seconds|activity_unknown_fraction,12.689610031679234
10,4,089,61,109.3,97.41384615384617,84.76395107467579,touch_app_diversity|message_distinct_event_count|activity_active_hour_count|screen_unlock_event_count|activity_transition_count|telephony_mobile_data_enabled_fraction|median_unlocked_session_duration_seconds|activity_unknown_fraction,12.689610031679234
10,4,090,56,79.9,97.41384615384617,103.59207749006117,touch_app_diversity|message_distinct_event_count|activity_active_hour_count|screen_unlock_event_count|activity_transition_count|telephony_mobile_data_enabled_fraction|median_unlocked_session_duration_seconds|activity_unknown_fraction,12.689610031679234
10,5,002,64,104.8,97.66153846153846,95.6747189889584,message_distinct_event_count|touch_app_diversity|unique_gsm_lac_count|keyboard_long_pause_count_2s|activity_active_hour_count|telephony_mobile_data_enabled_fraction|median_unlocked_session_duration_seconds|keyboard_median_inter_event_interval_ms,117.21022975334817
10,5,003,11,106.5,97.66153846153846,97.41463206166375,message_distinct_event_count|touch_app_diversity|unique_gsm_lac_count|keyboard_long_pause_count_2s|activity_active_hour_count|telephony_mobile_data_enabled_fraction|median_unlocked_session_duration_seconds|keyboard_median_inter_event_interval_ms,117.21022975334817
10,5,004,5,101.0,97.66153846153846,104.01486467205889,message_distinct_event_count|touch_app_diversity|unique_gsm_lac_count|keyboard_long_pause_count_2s|activity_active_hour_count|telephony_mobile_data_enabled_fraction|median_unlocked_session_duration_seconds|keyboard_median_inter_event_interval_ms,117.21022975334817
10,5,010,35,100.0,97.66153846153846,95.68889331378998,message_distinct_event_count|touch_app_diversity|unique_gsm_lac_count|keyboard_long_pause_count_2s|activity_active_hour_count|telephony_mobile_data_enabled_fraction|median_unlocked_session_duration_seconds|keyboard_median_inter_event_interval_ms,117.21022975334817
10,5,018,79,96.1,97.66153846153846,96.57271659974654,message_distinct_event_count|touch_app_diversity|unique_gsm_lac_count|keyboard_long_pause_count_2s|activity_active_hour_count|telephony_mobile_data_enabled_fraction|median_unlocked_session_duration_seconds|keyboard_median_inter_event_interval_ms,117.21022975334817
10,5,023,20,101.0,97.66153846153846,98.7513777742419,message_distinct_event_count|touch_app_diversity|unique_gsm_lac_count|keyboard_long_pause_count_2s|activity_active_hour_count|telephony_mobile_data_enabled_fraction|median_unlocked_session_duration_seconds|keyboard_median_inter_event_interval_ms,117.21022975334817
10,5,030,13,103.8,97.66153846153846,96.50834217308302,message_distinct_event_count|touch_app_diversity|unique_gsm_lac_count|keyboard_long_pause_count_2s|activity_active_hour_count|telephony_mobile_data_enabled_fraction|median_unlocked_session_duration_seconds|keyboard_median_inter_event_interval_ms,117.21022975334817
10,5,031,67,96.3,97.66153846153846,97.98636172411693,message_distinct_event_count|touch_app_diversity|unique_gsm_lac_count|keyboard_long_pause_count_2s|activity_active_hour_count|telephony_mobile_data_enabled_fraction|median_unlocked_session_duration_seconds|keyboard_median_inter_event_interval_ms,117.21022975334817
10,5,038,50,94.5,97.66153846153846,100.25551430202894,message_distinct_event_count|touch_app_diversity|unique_gsm_lac_count|keyboard_long_pause_count_2s|activity_active_hour_count|telephony_mobile_data_enabled_fraction|median_unlocked_session_duration_seconds|keyboard_median_inter_event_interval_ms,117.21022975334817
10,5,040,65,92.8,97.66153846153846,96.88807919971329,message_distinct_event_count|touch_app_diversity|unique_gsm_lac_count|keyboard_long_pause_count_2s|activity_active_hour_count|telephony_mobile_data_enabled_fraction|median_unlocked_session_duration_seconds|keyboard_median_inter_event_interval_ms,117.21022975334817
10,5,045,51,93.4,97.66153846153846,96.17233516540234,message_distinct_event_count|touch_app_diversity|unique_gsm_lac_count|keyboard_long_pause_count_2s|activity_active_hour_count|telephony_mobile_data_enabled_fraction|median_unlocked_session_duration_seconds|keyboard_median_inter_event_interval_ms,117.21022975334817
10,5,049,85,91.6,97.66153846153846,95.37445698959921,message_distinct_event_count|touch_app_diversity|unique_gsm_lac_count|keyboard_long_pause_count_2s|activity_active_hour_count|telephony_mobile_data_enabled_fraction|median_unlocked_session_duration_seconds|keyboard_median_inter_event_interval_ms,117.21022975334817
10,5,079,47,101.3,97.66153846153846,95.78009359457273,message_distinct_event_count|touch_app_diversity|unique_gsm_lac_count|keyboard_long_pause_count_2s|activity_active_hour_count|telephony_mobile_data_enabled_fraction|median_unlocked_session_duration_seconds|keyboard_median_inter_event_interval_ms,117.21022975334817
10,5,093,82,99.6,97.66153846153846,97.87852626282253,message_distinct_event_count|touch_app_diversity|unique_gsm_lac_count|keyboard_long_pause_count_2s|activity_active_hour_count|telephony_mobile_data_enabled_fraction|median_unlocked_session_duration_seconds|keyboard_median_inter_event_interval_ms,117.21022975334817
10,5,095,86,99.5,97.66153846153846,97.63731161499706,message_distinct_event_count|touch_app_diversity|unique_gsm_lac_count|keyboard_long_pause_count_2s|activity_active_hour_count|telephony_mobile_data_enabled_fraction|median_unlocked_session_duration_seconds|keyboard_median_inter_event_interval_ms,117.21022975334817
10,5,096,87,102.1,97.66153846153846,95.28599658376797,message_distinct_event_count|touch_app_diversity|unique_gsm_lac_count|keyboard_long_pause_count_2s|activity_active_hour_count|telephony_mobile_data_enabled_fraction|median_unlocked_session_duration_seconds|keyboard_median_inter_event_interval_ms,117.21022975334817
11,1,004,5,101.0,98.228125,101.95365211250841,keyboard_long_pause_count_2s|touch_app_diversity|screen_unlock_event_count|touch_unique_app_count|message_distinct_event_count|telephony_mobile_data_enabled_fraction|keyboard_median_inter_event_interval_ms|telephony_event_count,38.56620421163472
11,1,006,8,90.1,98.228125,97.49048599509545,keyboard_long_pause_count_2s|touch_app_diversity|screen_unlock_event_count|touch_unique_app_count|message_distinct_event_count|telephony_mobile_data_enabled_fraction|keyboard_median_inter_event_interval_ms|telephony_event_count,38.56620421163472
11,1,013,10,109.6,98.228125,101.62534612428011,keyboard_long_pause_count_2s|touch_app_diversity|screen_unlock_event_count|touch_unique_app_count|message_distinct_event_count|telephony_mobile_data_enabled_fraction|keyboard_median_inter_event_interval_ms|telephony_event_count,38.56620421163472
11,1,020,18,90.0,98.228125,96.15161568773216,keyboard_long_pause_count_2s|touch_app_diversity|screen_unlock_event_count|touch_unique_app_count|message_distinct_event_count|telephony_mobile_data_enabled_fraction|keyboard_median_inter_event_interval_ms|telephony_event_count,38.56620421163472
11,1,026,75,104.1,98.228125,99.24706590163137,keyboard_long_pause_count_2s|touch_app_diversity|screen_unlock_event_count|touch_unique_app_count|message_distinct_event_count|telephony_mobile_data_enabled_fraction|keyboard_median_inter_event_interval_ms|telephony_event_count,38.56620421163472
11,1,028,45,93.5,98.228125,97.53479534912509,keyboard_long_pause_count_2s|touch_app_diversity|screen_unlock_event_count|touch_unique_app_count|message_distinct_event_count|telephony_mobile_data_enabled_fraction|keyboard_median_inter_event_interval_ms|telephony_event_count,38.56620421163472
11,1,048,7,95.2,98.228125,101.62534612428011,keyboard_long_pause_count_2s|touch_app_diversity|screen_unlock_event_count|touch_unique_app_count|message_distinct_event_count|telephony_mobile_data_enabled_fraction|keyboard_median_inter_event_interval_ms|telephony_event_count,38.56620421163472
11,1,050,39,104.4,98.228125,97.49866510560324,keyboard_long_pause_count_2s|touch_app_diversity|screen_unlock_event_count|touch_unique_app_count|message_distinct_event_count|telephony_mobile_data_enabled_fraction|keyboard_median_inter_event_interval_ms|telephony_event_count,38.56620421163472
11,1,057,37,93.7,98.228125,99.45250869112262,keyboard_long_pause_count_2s|touch_app_diversity|screen_unlock_event_count|touch_unique_app_count|message_distinct_event_count|telephony_mobile_data_enabled_fraction|keyboard_median_inter_event_interval_ms|telephony_event_count,38.56620421163472
11,1,058,59,76.2,98.228125,92.54555762984802,keyboard_long_pause_count_2s|touch_app_diversity|screen_unlock_event_count|touch_unique_app_count|message_distinct_event_count|telephony_mobile_data_enabled_fraction|keyboard_median_inter_event_interval_ms|telephony_event_count,38.56620421163472
11,1,064,69,99.3,98.228125,93.2515838960789,keyboard_long_pause_count_2s|touch_app_diversity|screen_unlock_event_count|touch_unique_app_count|message_distinct_event_count|telephony_mobile_data_enabled_fraction|keyboard_median_inter_event_interval_ms|telephony_event_count,38.56620421163472
11,1,083,36,102.8,98.228125,97.04564972133171,keyboard_long_pause_count_2s|touch_app_diversity|screen_unlock_event_count|touch_unique_app_count|message_distinct_event_count|telephony_mobile_data_enabled_fraction|keyboard_median_inter_event_interval_ms|telephony_event_count,38.56620421163472
11,1,084,49,87.5,98.228125,97.28154349675346,keyboard_long_pause_count_2s|touch_app_diversity|screen_unlock_event_count|touch_unique_app_count|message_distinct_event_count|telephony_mobile_data_enabled_fraction|keyboard_median_inter_event_interval_ms|telephony_event_count,38.56620421163472
11,1,085,81,100.0,98.228125,98.64351740687304,keyboard_long_pause_count_2s|touch_app_diversity|screen_unlock_event_count|touch_unique_app_count|message_distinct_event_count|telephony_mobile_data_enabled_fraction|keyboard_median_inter_event_interval_ms|telephony_event_count,38.56620421163472
11,1,089,61,109.3,98.228125,95.1514607582456,keyboard_long_pause_count_2s|touch_app_diversity|screen_unlock_event_count|touch_unique_app_count|message_distinct_event_count|telephony_mobile_data_enabled_fraction|keyboard_median_inter_event_interval_ms|telephony_event_count,38.56620421163472
11,1,090,56,79.9,98.228125,101.62534612428011,keyboard_long_pause_count_2s|touch_app_diversity|screen_unlock_event_count|touch_unique_app_count|message_distinct_event_count|telephony_mobile_data_enabled_fraction|keyboard_median_inter_event_interval_ms|telephony_event_count,38.56620421163472
11,1,092,63,109.1,98.228125,101.62534612428011,keyboard_long_pause_count_2s|touch_app_diversity|screen_unlock_event_count|touch_unique_app_count|message_distinct_event_count|telephony_mobile_data_enabled_fraction|keyboard_median_inter_event_interval_ms|telephony_event_count,38.56620421163472
11,2,003,11,106.5,97.93076923076923,97.08071795763095,touch_app_diversity|touch_active_hour_count|unique_gsm_cell_count|gsm_cell_transition_count|activity_active_hour_count|median_unlocked_session_duration_seconds|keyboard_median_inter_event_interval_ms|touch_scroll_index_change_median,117.21022975334817
11,2,007,57,108.2,97.93076923076923,96.91166641412684,touch_app_diversity|touch_active_hour_count|unique_gsm_cell_count|gsm_cell_transition_count|activity_active_hour_count|median_unlocked_session_duration_seconds|keyboard_median_inter_event_interval_ms|touch_scroll_index_change_median,117.21022975334817
11,2,014,21,104.0,97.93076923076923,100.3938035673451,touch_app_diversity|touch_active_hour_count|unique_gsm_cell_count|gsm_cell_transition_count|activity_active_hour_count|median_unlocked_session_duration_seconds|keyboard_median_inter_event_interval_ms|touch_scroll_index_change_median,117.21022975334817
11,2,018,79,96.1,97.93076923076923,96.45747267889185,touch_app_diversity|touch_active_hour_count|unique_gsm_cell_count|gsm_cell_transition_count|activity_active_hour_count|median_unlocked_session_duration_seconds|keyboard_median_inter_event_interval_ms|touch_scroll_index_change_median,117.21022975334817
11,2,034,73,101.8,97.93076923076923,96.06308668283972,touch_app_diversity|touch_active_hour_count|unique_gsm_cell_count|gsm_cell_transition_count|activity_active_hour_count|median_unlocked_session_duration_seconds|keyboard_median_inter_event_interval_ms|touch_scroll_index_change_median,117.21022975334817
11,2,036,19,93.0,97.93076923076923,100.3938035673451,touch_app_diversity|touch_active_hour_count|unique_gsm_cell_count|gsm_cell_transition_count|activity_active_hour_count|median_unlocked_session_duration_seconds|keyboard_median_inter_event_interval_ms|touch_scroll_index_change_median,117.21022975334817
11,2,040,65,92.8,97.93076923076923,97.89058326345472,touch_app_diversity|touch_active_hour_count|unique_gsm_cell_count|gsm_cell_transition_count|activity_active_hour_count|median_unlocked_session_duration_seconds|keyboard_median_inter_event_interval_ms|touch_scroll_index_change_median,117.21022975334817
11,2,043,42,95.5,97.93076923076923,96.96707933262775,touch_app_diversity|touch_active_hour_count|unique_gsm_cell_count|gsm_cell_transition_count|activity_active_hour_count|median_unlocked_session_duration_seconds|keyboard_median_inter_event_interval_ms|touch_scroll_index_change_median,117.21022975334817
11,2,053,32,104.6,97.93076923076923,94.23828347147327,touch_app_diversity|touch_active_hour_count|unique_gsm_cell_count|gsm_cell_transition_count|activity_active_hour_count|median_unlocked_session_duration_seconds|keyboard_median_inter_event_interval_ms|touch_scroll_index_change_median,117.21022975334817
11,2,060,26,96.9,97.93076923076923,97.29086651023695,touch_app_diversity|touch_active_hour_count|unique_gsm_cell_count|gsm_cell_transition_count|activity_active_hour_count|median_unlocked_session_duration_seconds|keyboard_median_inter_event_interval_ms|touch_scroll_index_change_median,117.21022975334817
11,2,067,25,87.1,97.93076923076923,98.89489239064953,touch_app_diversity|touch_active_hour_count|unique_gsm_cell_count|gsm_cell_transition_count|activity_active_hour_count|median_unlocked_session_duration_seconds|keyboard_median_inter_event_interval_ms|touch_scroll_index_change_median,117.21022975334817
11,2,073,30,95.7,97.93076923076923,100.3938035673451,touch_app_diversity|touch_active_hour_count|unique_gsm_cell_count|gsm_cell_transition_count|activity_active_hour_count|median_unlocked_session_duration_seconds|keyboard_median_inter_event_interval_ms|touch_scroll_index_change_median,117.21022975334817
11,2,075,53,89.1,97.93076923076923,101.09008149995385,touch_app_diversity|touch_active_hour_count|unique_gsm_cell_count|gsm_cell_transition_count|activity_active_hour_count|median_unlocked_session_duration_seconds|keyboard_median_inter_event_interval_ms|touch_scroll_index_change_median,117.21022975334817
11,2,086,76,95.7,97.93076923076923,97.18746382256147,touch_app_diversity|touch_active_hour_count|unique_gsm_cell_count|gsm_cell_transition_count|activity_active_hour_count|median_unlocked_session_duration_seconds|keyboard_median_inter_event_interval_ms|touch_scroll_index_change_median,117.21022975334817
11,2,087,72,100.3,97.93076923076923,97.9452175490677,touch_app_diversity|touch_active_hour_count|unique_gsm_cell_count|gsm_cell_transition_count|activity_active_hour_count|median_unlocked_session_duration_seconds|keyboard_median_inter_event_interval_ms|touch_scroll_index_change_median,117.21022975334817
11,2,095,86,99.5,97.93076923076923,98.2469306761715,touch_app_diversity|touch_active_hour_count|unique_gsm_cell_count|gsm_cell_transition_count|activity_active_hour_count|median_unlocked_session_duration_seconds|keyboard_median_inter_event_interval_ms|touch_scroll_index_change_median,117.21022975334817
11,3,012,4,75.6,98.71384615384615,98.76590832610529,unique_gsm_lac_count|keyboard_long_pause_count_2s|telephony_network_type_diversity|gsm_cell_transition_count|touch_app_diversity|telephony_mobile_data_enabled_fraction|median_unlocked_session_duration_seconds|keyboard_median_inter_event_interval_ms,67.23357536499334
11,3,021,17,97.8,98.71384615384615,97.3870435693334,unique_gsm_lac_count|keyboard_long_pause_count_2s|telephony_network_type_diversity|gsm_cell_transition_count|touch_app_diversity|telephony_mobile_data_enabled_fraction|median_unlocked_session_duration_seconds|keyboard_median_inter_event_interval_ms,67.23357536499334
11,3,022,52,107.2,98.71384615384615,99.13633421852974,unique_gsm_lac_count|keyboard_long_pause_count_2s|telephony_network_type_diversity|gsm_cell_transition_count|touch_app_diversity|telephony_mobile_data_enabled_fraction|median_unlocked_session_duration_seconds|keyboard_median_inter_event_interval_ms,67.23357536499334
11,3,030,13,103.8,98.71384615384615,95.85249478490829,unique_gsm_lac_count|keyboard_long_pause_count_2s|telephony_network_type_diversity|gsm_cell_transition_count|touch_app_diversity|telephony_mobile_data_enabled_fraction|median_unlocked_session_duration_seconds|keyboard_median_inter_event_interval_ms,67.23357536499334
11,3,035,54,98.1,98.71384615384615,98.83442481061253,unique_gsm_lac_count|keyboard_long_pause_count_2s|telephony_network_type_diversity|gsm_cell_transition_count|touch_app_diversity|telephony_mobile_data_enabled_fraction|median_unlocked_session_duration_seconds|keyboard_median_inter_event_interval_ms,67.23357536499334
11,3,037,48,101.9,98.71384615384615,98.25903617294092,unique_gsm_lac_count|keyboard_long_pause_count_2s|telephony_network_type_diversity|gsm_cell_transition_count|touch_app_diversity|telephony_mobile_data_enabled_fraction|median_unlocked_session_duration_seconds|keyboard_median_inter_event_interval_ms,67.23357536499334
11,3,038,50,94.5,98.71384615384615,100.76564514349744,unique_gsm_lac_count|keyboard_long_pause_count_2s|telephony_network_type_diversity|gsm_cell_transition_count|touch_app_diversity|telephony_mobile_data_enabled_fraction|median_unlocked_session_duration_seconds|keyboard_median_inter_event_interval_ms,67.23357536499334
11,3,042,14,83.8,98.71384615384615,95.79156523012378,unique_gsm_lac_count|keyboard_long_pause_count_2s|telephony_network_type_diversity|gsm_cell_transition_count|touch_app_diversity|telephony_mobile_data_enabled_fraction|median_unlocked_session_duration_seconds|keyboard_median_inter_event_interval_ms,67.23357536499334
11,3,044,44,108.3,98.71384615384615,100.76564514349744,unique_gsm_lac_count|keyboard_long_pause_count_2s|telephony_network_type_diversity|gsm_cell_transition_count|touch_app_diversity|telephony_mobile_data_enabled_fraction|median_unlocked_session_duration_seconds|keyboard_median_inter_event_interval_ms,67.23357536499334
11,3,049,85,91.6,98.71384615384615,96.48420201498743,unique_gsm_lac_count|keyboard_long_pause_count_2s|telephony_network_type_diversity|gsm_cell_transition_count|touch_app_diversity|telephony_mobile_data_enabled_fraction|median_unlocked_session_duration_seconds|keyboard_median_inter_event_interval_ms,67.23357536499334
11,3,052,22,90.6,98.71384615384615,97.15973828695837,unique_gsm_lac_count|keyboard_long_pause_count_2s|telephony_network_type_diversity|gsm_cell_transition_count|touch_app_diversity|telephony_mobile_data_enabled_fraction|median_unlocked_session_duration_seconds|keyboard_median_inter_event_interval_ms,67.23357536499334
11,3,066,43,99.4,98.71384615384615,97.95358236585514,unique_gsm_lac_count|keyboard_long_pause_count_2s|telephony_network_type_diversity|gsm_cell_transition_count|touch_app_diversity|telephony_mobile_data_enabled_fraction|median_unlocked_session_duration_seconds|keyboard_median_inter_event_interval_ms,67.23357536499334
11,3,068,34,97.8,98.71384615384615,100.76564514349744,unique_gsm_lac_count|keyboard_long_pause_count_2s|telephony_network_type_diversity|gsm_cell_transition_count|touch_app_diversity|telephony_mobile_data_enabled_fraction|median_unlocked_session_duration_seconds|keyboard_median_inter_event_interval_ms,67.23357536499334
11,3,079,47,101.3,98.71384615384615,96.04005493937608,unique_gsm_lac_count|keyboard_long_pause_count_2s|telephony_network_type_diversity|gsm_cell_transition_count|touch_app_diversity|telephony_mobile_data_enabled_fraction|median_unlocked_session_duration_seconds|keyboard_median_inter_event_interval_ms,67.23357536499334
11,3,081,55,82.2,98.71384615384615,96.92557127109481,unique_gsm_lac_count|keyboard_long_pause_count_2s|telephony_network_type_diversity|gsm_cell_transition_count|touch_app_diversity|telephony_mobile_data_enabled_fraction|median_unlocked_session_duration_seconds|keyboard_median_inter_event_interval_ms,67.23357536499334
11,3,091,60,82.0,98.71384615384615,99.71020328447752,unique_gsm_lac_count|keyboard_long_pause_count_2s|telephony_network_type_diversity|gsm_cell_transition_count|touch_app_diversity|telephony_mobile_data_enabled_fraction|median_unlocked_session_duration_seconds|keyboard_median_inter_event_interval_ms,67.23357536499334
11,4,011,74,88.0,97.81846153846153,97.51474769064694,screen_unlock_event_count|activity_transition_count|touch_active_hour_count|gsm_cell_transition_count|screen_off_event_count|activity_unknown_fraction|telephony_mobile_data_enabled_fraction|median_unlocked_session_duration_seconds,117.21022975334817
11,4,015,12,95.9,97.81846153846153,96.04588281554187,screen_unlock_event_count|activity_transition_count|touch_active_hour_count|gsm_cell_transition_count|screen_off_event_count|activity_unknown_fraction|telephony_mobile_data_enabled_fraction|median_unlocked_session_duration_seconds,117.21022975334817
11,4,031,67,96.3,97.81846153846153,96.67098761601642,screen_unlock_event_count|activity_transition_count|touch_active_hour_count|gsm_cell_transition_count|screen_off_event_count|activity_unknown_fraction|telephony_mobile_data_enabled_fraction|median_unlocked_session_duration_seconds,117.21022975334817
11,4,039,27,99.3,97.81846153846153,98.04839688963342,screen_unlock_event_count|activity_transition_count|touch_active_hour_count|gsm_cell_transition_count|screen_off_event_count|activity_unknown_fraction|telephony_mobile_data_enabled_fraction|median_unlocked_session_duration_seconds,117.21022975334817
11,4,046,66,101.8,97.81846153846153,95.31133405186563,screen_unlock_event_count|activity_transition_count|touch_active_hour_count|gsm_cell_transition_count|screen_off_event_count|activity_unknown_fraction|telephony_mobile_data_enabled_fraction|median_unlocked_session_duration_seconds,117.21022975334817
11,4,056,38,109.6,97.81846153846153,99.91197960989348,screen_unlock_event_count|activity_transition_count|touch_active_hour_count|gsm_cell_transition_count|screen_off_event_count|activity_unknown_fraction|telephony_mobile_data_enabled_fraction|median_unlocked_session_duration_seconds,117.21022975334817
11,4,061,58,92.7,97.81846153846153,97.8779385481206,screen_unlock_event_count|activity_transition_count|touch_active_hour_count|gsm_cell_transition_count|screen_off_event_count|activity_unknown_fraction|telephony_mobile_data_enabled_fraction|median_unlocked_session_duration_seconds,117.21022975334817
11,4,069,46,85.9,97.81846153846153,96.60400559993536,screen_unlock_event_count|activity_transition_count|touch_active_hour_count|gsm_cell_transition_count|screen_off_event_count|activity_unknown_fraction|telephony_mobile_data_enabled_fraction|median_unlocked_session_duration_seconds,117.21022975334817
11,4,071,33,99.6,97.81846153846153,96.3521874175799,screen_unlock_event_count|activity_transition_count|touch_active_hour_count|gsm_cell_transition_count|screen_off_event_count|activity_unknown_fraction|telephony_mobile_data_enabled_fraction|median_unlocked_session_duration_seconds,117.21022975334817
11,4,072,83,106.1,97.81846153846153,95.9786936530116,screen_unlock_event_count|activity_transition_count|touch_active_hour_count|gsm_cell_transition_count|screen_off_event_count|activity_unknown_fraction|telephony_mobile_data_enabled_fraction|median_unlocked_session_duration_seconds,117.21022975334817
11,4,076,71,107.5,97.81846153846153,97.7102209142587,screen_unlock_event_count|activity_transition_count|touch_active_hour_count|gsm_cell_transition_count|screen_off_event_count|activity_unknown_fraction|telephony_mobile_data_enabled_fraction|median_unlocked_session_duration_seconds,117.21022975334817
11,4,077,77,87.8,97.81846153846153,96.5612646692284,screen_unlock_event_count|activity_transition_count|touch_active_hour_count|gsm_cell_transition_count|screen_off_event_count|activity_unknown_fraction|telephony_mobile_data_enabled_fraction|median_unlocked_session_duration_seconds,117.21022975334817
11,4,078,84,106.2,97.81846153846153,105.67816235449541,screen_unlock_event_count|activity_transition_count|touch_active_hour_count|gsm_cell_transition_count|screen_off_event_count|activity_unknown_fraction|telephony_mobile_data_enabled_fraction|median_unlocked_session_duration_seconds,117.21022975334817
11,4,080,31,95.7,97.81846153846153,95.53747366149688,screen_unlock_event_count|activity_transition_count|touch_active_hour_count|gsm_cell_transition_count|screen_off_event_count|activity_unknown_fraction|telephony_mobile_data_enabled_fraction|median_unlocked_session_duration_seconds,117.21022975334817
11,4,093,82,99.6,97.81846153846153,96.65986310065315,screen_unlock_event_count|activity_transition_count|touch_active_hour_count|gsm_cell_transition_count|screen_off_event_count|activity_unknown_fraction|telephony_mobile_data_enabled_fraction|median_unlocked_session_duration_seconds,117.21022975334817
11,4,096,87,102.1,97.81846153846153,98.19431609412705,screen_unlock_event_count|activity_transition_count|touch_active_hour_count|gsm_cell_transition_count|screen_off_event_count|activity_unknown_fraction|telephony_mobile_data_enabled_fraction|median_unlocked_session_duration_seconds,117.21022975334817
11,5,002,64,104.8,96.96153846153847,96.9210154371072,message_distinct_event_count|touch_app_diversity|screen_unlock_event_count|activity_active_hour_count|keyboard_deletion_event_count|median_unlocked_session_duration_seconds|telephony_mobile_data_enabled_fraction|touch_distinct_event_count,10000.0
11,5,005,9,81.1,96.96153846153847,96.93448795338865,message_distinct_event_count|touch_app_diversity|screen_unlock_event_count|activity_active_hour_count|keyboard_deletion_event_count|median_unlocked_session_duration_seconds|telephony_mobile_data_enabled_fraction|touch_distinct_event_count,10000.0
11,5,010,35,100.0,96.96153846153847,96.94695534692117,message_distinct_event_count|touch_app_diversity|screen_unlock_event_count|activity_active_hour_count|keyboard_deletion_event_count|median_unlocked_session_duration_seconds|telephony_mobile_data_enabled_fraction|touch_distinct_event_count,10000.0
11,5,019,28,103.7,96.96153846153847,97.0273353727378,message_distinct_event_count|touch_app_diversity|screen_unlock_event_count|activity_active_hour_count|keyboard_deletion_event_count|median_unlocked_session_duration_seconds|telephony_mobile_data_enabled_fraction|touch_distinct_event_count,10000.0
11,5,023,20,101.0,96.96153846153847,96.93879907398943,message_distinct_event_count|touch_app_diversity|screen_unlock_event_count|activity_active_hour_count|keyboard_deletion_event_count|median_unlocked_session_duration_seconds|telephony_mobile_data_enabled_fraction|touch_distinct_event_count,10000.0
11,5,024,68,103.4,96.96153846153847,96.94598307010556,message_distinct_event_count|touch_app_diversity|screen_unlock_event_count|activity_active_hour_count|keyboard_deletion_event_count|median_unlocked_session_duration_seconds|telephony_mobile_data_enabled_fraction|touch_distinct_event_count,10000.0
11,5,025,16,104.9,96.96153846153847,97.0273353727378,message_distinct_event_count|touch_app_diversity|screen_unlock_event_count|activity_active_hour_count|keyboard_deletion_event_count|median_unlocked_session_duration_seconds|telephony_mobile_data_enabled_fraction|touch_distinct_event_count,10000.0
11,5,029,80,100.2,96.96153846153847,96.95773227092417,message_distinct_event_count|touch_app_diversity|screen_unlock_event_count|activity_active_hour_count|keyboard_deletion_event_count|median_unlocked_session_duration_seconds|telephony_mobile_data_enabled_fraction|touch_distinct_event_count,10000.0
11,5,032,62,110.6,96.96153846153847,96.93129011846757,message_distinct_event_count|touch_app_diversity|screen_unlock_event_count|activity_active_hour_count|keyboard_deletion_event_count|median_unlocked_session_duration_seconds|telephony_mobile_data_enabled_fraction|touch_distinct_event_count,10000.0
11,5,041,15,119.4,96.96153846153847,96.94935838252904,message_distinct_event_count|touch_app_diversity|screen_unlock_event_count|activity_active_hour_count|keyboard_deletion_event_count|median_unlocked_session_duration_seconds|telephony_mobile_data_enabled_fraction|touch_distinct_event_count,10000.0
11,5,045,51,93.4,96.96153846153847,96.94105326940482,message_distinct_event_count|touch_app_diversity|screen_unlock_event_count|activity_active_hour_count|keyboard_deletion_event_count|median_unlocked_session_duration_seconds|telephony_mobile_data_enabled_fraction|touch_distinct_event_count,10000.0
11,5,055,29,104.1,96.96153846153847,96.94747424008557,message_distinct_event_count|touch_app_diversity|screen_unlock_event_count|activity_active_hour_count|keyboard_deletion_event_count|median_unlocked_session_duration_seconds|telephony_mobile_data_enabled_fraction|touch_distinct_event_count,10000.0
11,5,062,40,103.9,96.96153846153847,96.9437158975385,message_distinct_event_count|touch_app_diversity|screen_unlock_event_count|activity_active_hour_count|keyboard_deletion_event_count|median_unlocked_session_duration_seconds|telephony_mobile_data_enabled_fraction|touch_distinct_event_count,10000.0
11,5,070,24,95.5,96.96153846153847,96.9203371557505,message_distinct_event_count|touch_app_diversity|screen_unlock_event_count|activity_active_hour_count|keyboard_deletion_event_count|median_unlocked_session_duration_seconds|telephony_mobile_data_enabled_fraction|touch_distinct_event_count,10000.0
11,5,074,41,111.8,96.96153846153847,97.0273353727378,message_distinct_event_count|touch_app_diversity|screen_unlock_event_count|activity_active_hour_count|keyboard_deletion_event_count|median_unlocked_session_duration_seconds|telephony_mobile_data_enabled_fraction|touch_distinct_event_count,10000.0
11,5,082,70,92.0,96.96153846153847,96.90920643185666,message_distinct_event_count|touch_app_diversity|screen_unlock_event_count|activity_active_hour_count|keyboard_deletion_event_count|median_unlocked_session_duration_seconds|telephony_mobile_data_enabled_fraction|touch_distinct_event_count,10000.0
12,1,018,79,96.1,97.196875,94.93263982065389,message_distinct_event_count|touch_active_hour_count|touch_scroll_index_change_median|activity_active_hour_count|telephony_network_type_diversity|telephony_mobile_data_enabled_fraction|median_unlocked_session_duration_seconds|telephony_event_count,38.56620421163472
12,1,022,52,107.2,97.196875,97.41524294803227,message_distinct_event_count|touch_active_hour_count|touch_scroll_index_change_median|activity_active_hour_count|telephony_network_type_diversity|telephony_mobile_data_enabled_fraction|median_unlocked_session_duration_seconds|telephony_event_count,38.56620421163472
12,1,024,68,103.4,97.196875,94.93767818967308,message_distinct_event_count|touch_active_hour_count|touch_scroll_index_change_median|activity_active_hour_count|telephony_network_type_diversity|telephony_mobile_data_enabled_fraction|median_unlocked_session_duration_seconds|telephony_event_count,38.56620421163472
12,1,029,80,100.2,97.196875,97.33981324527996,message_distinct_event_count|touch_active_hour_count|touch_scroll_index_change_median|activity_active_hour_count|telephony_network_type_diversity|telephony_mobile_data_enabled_fraction|median_unlocked_session_duration_seconds|telephony_event_count,38.56620421163472
12,1,037,48,101.9,97.196875,102.41878777540985,message_distinct_event_count|touch_active_hour_count|touch_scroll_index_change_median|activity_active_hour_count|telephony_network_type_diversity|telephony_mobile_data_enabled_fraction|median_unlocked_session_duration_seconds|telephony_event_count,38.56620421163472
12,1,043,42,95.5,97.196875,94.01223303440008,message_distinct_event_count|touch_active_hour_count|touch_scroll_index_change_median|activity_active_hour_count|telephony_network_type_diversity|telephony_mobile_data_enabled_fraction|median_unlocked_session_duration_seconds|telephony_event_count,38.56620421163472
12,1,048,7,95.2,97.196875,100.36336681932498,message_distinct_event_count|touch_active_hour_count|touch_scroll_index_change_median|activity_active_hour_count|telephony_network_type_diversity|telephony_mobile_data_enabled_fraction|median_unlocked_session_duration_seconds|telephony_event_count,38.56620421163472
12,1,049,85,91.6,97.196875,94.8699135512044,message_distinct_event_count|touch_active_hour_count|touch_scroll_index_change_median|activity_active_hour_count|telephony_network_type_diversity|telephony_mobile_data_enabled_fraction|median_unlocked_session_duration_seconds|telephony_event_count,38.56620421163472
12,1,050,39,104.4,97.196875,97.24644869451926,message_distinct_event_count|touch_active_hour_count|touch_scroll_index_change_median|activity_active_hour_count|telephony_network_type_diversity|telephony_mobile_data_enabled_fraction|median_unlocked_session_duration_seconds|telephony_event_count,38.56620421163472
12,1,056,38,109.6,97.196875,100.36336681932498,message_distinct_event_count|touch_active_hour_count|touch_scroll_index_change_median|activity_active_hour_count|telephony_network_type_diversity|telephony_mobile_data_enabled_fraction|median_unlocked_session_duration_seconds|telephony_event_count,38.56620421163472
12,1,057,37,93.7,97.196875,98.75541659054716,message_distinct_event_count|touch_active_hour_count|touch_scroll_index_change_median|activity_active_hour_count|telephony_network_type_diversity|telephony_mobile_data_enabled_fraction|median_unlocked_session_duration_seconds|telephony_event_count,38.56620421163472
12,1,064,69,99.3,97.196875,92.3696618823208,message_distinct_event_count|touch_active_hour_count|touch_scroll_index_change_median|activity_active_hour_count|telephony_network_type_diversity|telephony_mobile_data_enabled_fraction|median_unlocked_session_duration_seconds|telephony_event_count,38.56620421163472
12,1,070,24,95.5,97.196875,95.15598316419458,message_distinct_event_count|touch_active_hour_count|touch_scroll_index_change_median|activity_active_hour_count|telephony_network_type_diversity|telephony_mobile_data_enabled_fraction|median_unlocked_session_duration_seconds|telephony_event_count,38.56620421163472
12,1,076,71,107.5,97.196875,96.50594724162998,message_distinct_event_count|touch_active_hour_count|touch_scroll_index_change_median|activity_active_hour_count|telephony_network_type_diversity|telephony_mobile_data_enabled_fraction|median_unlocked_session_duration_seconds|telephony_event_count,38.56620421163472
12,1,079,47,101.3,97.196875,95.28884029202483,message_distinct_event_count|touch_active_hour_count|touch_scroll_index_change_median|activity_active_hour_count|telephony_network_type_diversity|telephony_mobile_data_enabled_fraction|median_unlocked_session_duration_seconds|telephony_event_count,38.56620421163472
12,1,085,81,100.0,97.196875,97.55224363399068,message_distinct_event_count|touch_active_hour_count|touch_scroll_index_change_median|activity_active_hour_count|telephony_network_type_diversity|telephony_mobile_data_enabled_fraction|median_unlocked_session_duration_seconds|telephony_event_count,38.56620421163472
12,1,089,61,109.3,97.196875,90.5874766569016,message_distinct_event_count|touch_active_hour_count|touch_scroll_index_change_median|activity_active_hour_count|telephony_network_type_diversity|telephony_mobile_data_enabled_fraction|median_unlocked_session_duration_seconds|telephony_event_count,38.56620421163472
12,2,004,5,101.0,98.32461538461538,99.17574553514932,keyboard_long_pause_count_2s|unique_gsm_cell_count|screen_unlock_event_count|touch_unique_app_count|keyboard_deletion_event_count|telephony_mobile_data_enabled_fraction|keyboard_median_inter_event_interval_ms|screen_transition_count,117.21022975334817
12,2,014,21,104.0,98.32461538461538,100.93612879023185,keyboard_long_pause_count_2s|unique_gsm_cell_count|screen_unlock_event_count|touch_unique_app_count|keyboard_deletion_event_count|telephony_mobile_data_enabled_fraction|keyboard_median_inter_event_interval_ms|screen_transition_count,117.21022975334817
12,2,021,17,97.8,98.32461538461538,98.74839302074972,keyboard_long_pause_count_2s|unique_gsm_cell_count|screen_unlock_event_count|touch_unique_app_count|keyboard_deletion_event_count|telephony_mobile_data_enabled_fraction|keyboard_median_inter_event_interval_ms|screen_transition_count,117.21022975334817
12,2,023,20,101.0,98.32461538461538,98.96536376406908,keyboard_long_pause_count_2s|unique_gsm_cell_count|screen_unlock_event_count|touch_unique_app_count|keyboard_deletion_event_count|telephony_mobile_data_enabled_fraction|keyboard_median_inter_event_interval_ms|screen_transition_count,117.21022975334817
12,2,036,19,93.0,98.32461538461538,100.93612879023185,keyboard_long_pause_count_2s|unique_gsm_cell_count|screen_unlock_event_count|touch_unique_app_count|keyboard_deletion_event_count|telephony_mobile_data_enabled_fraction|keyboard_median_inter_event_interval_ms|screen_transition_count,117.21022975334817
12,2,038,50,94.5,98.32461538461538,100.93612879023185,keyboard_long_pause_count_2s|unique_gsm_cell_count|screen_unlock_event_count|touch_unique_app_count|keyboard_deletion_event_count|telephony_mobile_data_enabled_fraction|keyboard_median_inter_event_interval_ms|screen_transition_count,117.21022975334817
12,2,046,66,101.8,98.32461538461538,95.56445740855122,keyboard_long_pause_count_2s|unique_gsm_cell_count|screen_unlock_event_count|touch_unique_app_count|keyboard_deletion_event_count|telephony_mobile_data_enabled_fraction|keyboard_median_inter_event_interval_ms|screen_transition_count,117.21022975334817
12,2,052,22,90.6,98.32461538461538,97.43865022613531,keyboard_long_pause_count_2s|unique_gsm_cell_count|screen_unlock_event_count|touch_unique_app_count|keyboard_deletion_event_count|telephony_mobile_data_enabled_fraction|keyboard_median_inter_event_interval_ms|screen_transition_count,117.21022975334817
12,2,058,59,76.2,98.32461538461538,95.91137859198751,keyboard_long_pause_count_2s|unique_gsm_cell_count|screen_unlock_event_count|touch_unique_app_count|keyboard_deletion_event_count|telephony_mobile_data_enabled_fraction|keyboard_median_inter_event_interval_ms|screen_transition_count,117.21022975334817
12,2,061,58,92.7,98.32461538461538,97.971860554919,keyboard_long_pause_count_2s|unique_gsm_cell_count|screen_unlock_event_count|touch_unique_app_count|keyboard_deletion_event_count|telephony_mobile_data_enabled_fraction|keyboard_median_inter_event_interval_ms|screen_transition_count,117.21022975334817
12,2,071,33,99.6,98.32461538461538,96.93752714708927,keyboard_long_pause_count_2s|unique_gsm_cell_count|screen_unlock_event_count|touch_unique_app_count|keyboard_deletion_event_count|telephony_mobile_data_enabled_fraction|keyboard_median_inter_event_interval_ms|screen_transition_count,117.21022975334817
12,2,072,83,106.1,98.32461538461538,97.87916706868232,keyboard_long_pause_count_2s|unique_gsm_cell_count|screen_unlock_event_count|touch_unique_app_count|keyboard_deletion_event_count|telephony_mobile_data_enabled_fraction|keyboard_median_inter_event_interval_ms|screen_transition_count,117.21022975334817
12,2,077,77,87.8,98.32461538461538,97.4715238706416,keyboard_long_pause_count_2s|unique_gsm_cell_count|screen_unlock_event_count|touch_unique_app_count|keyboard_deletion_event_count|telephony_mobile_data_enabled_fraction|keyboard_median_inter_event_interval_ms|screen_transition_count,117.21022975334817
12,2,082,70,92.0,98.32461538461538,98.65371535108511,keyboard_long_pause_count_2s|unique_gsm_cell_count|screen_unlock_event_count|touch_unique_app_count|keyboard_deletion_event_count|telephony_mobile_data_enabled_fraction|keyboard_median_inter_event_interval_ms|screen_transition_count,117.21022975334817
12,2,083,36,102.8,98.32461538461538,98.04977376773041,keyboard_long_pause_count_2s|unique_gsm_cell_count|screen_unlock_event_count|touch_unique_app_count|keyboard_deletion_event_count|telephony_mobile_data_enabled_fraction|keyboard_median_inter_event_interval_ms|screen_transition_count,117.21022975334817
12,2,087,72,100.3,98.32461538461538,97.84884029304298,keyboard_long_pause_count_2s|unique_gsm_cell_count|screen_unlock_event_count|touch_unique_app_count|keyboard_deletion_event_count|telephony_mobile_data_enabled_fraction|keyboard_median_inter_event_interval_ms|screen_transition_count,117.21022975334817
12,3,005,9,81.1,99.0676923076923,98.65764038528654,keyboard_long_pause_count_2s|touch_app_diversity|app_foreground_event_count|activity_active_hour_count|keyboard_deletion_event_count|keyboard_median_inter_event_interval_ms|median_unlocked_session_duration_seconds|app_use_diversity,621.0169418915616
12,3,007,57,108.2,99.0676923076923,99.10935739261018,keyboard_long_pause_count_2s|touch_app_diversity|app_foreground_event_count|activity_active_hour_count|keyboard_deletion_event_count|keyboard_median_inter_event_interval_ms|median_unlocked_session_duration_seconds|app_use_diversity,621.0169418915616
12,3,012,4,75.6,99.0676923076923,99.20367579319122,keyboard_long_pause_count_2s|touch_app_diversity|app_foreground_event_count|activity_active_hour_count|keyboard_deletion_event_count|keyboard_median_inter_event_interval_ms|median_unlocked_session_duration_seconds|app_use_diversity,621.0169418915616
12,3,015,12,95.9,99.0676923076923,98.63307278594125,keyboard_long_pause_count_2s|touch_app_diversity|app_foreground_event_count|activity_active_hour_count|keyboard_deletion_event_count|keyboard_median_inter_event_interval_ms|median_unlocked_session_duration_seconds|app_use_diversity,621.0169418915616
12,3,025,16,104.9,99.0676923076923,99.55897498678804,keyboard_long_pause_count_2s|touch_app_diversity|app_foreground_event_count|activity_active_hour_count|keyboard_deletion_event_count|keyboard_median_inter_event_interval_ms|median_unlocked_session_duration_seconds|app_use_diversity,621.0169418915616
12,3,028,45,93.5,99.0676923076923,98.70825090751946,keyboard_long_pause_count_2s|touch_app_diversity|app_foreground_event_count|activity_active_hour_count|keyboard_deletion_event_count|keyboard_median_inter_event_interval_ms|median_unlocked_session_duration_seconds|app_use_diversity,621.0169418915616
12,3,031,67,96.3,99.0676923076923,99.32143358724973,keyboard_long_pause_count_2s|touch_app_diversity|app_foreground_event_count|activity_active_hour_count|keyboard_deletion_event_count|keyboard_median_inter_event_interval_ms|median_unlocked_session_duration_seconds|app_use_diversity,621.0169418915616
12,3,034,73,101.8,99.0676923076923,98.99225327888082,keyboard_long_pause_count_2s|touch_app_diversity|app_foreground_event_count|activity_active_hour_count|keyboard_deletion_event_count|keyboard_median_inter_event_interval_ms|median_unlocked_session_duration_seconds|app_use_diversity,621.0169418915616
12,3,035,54,98.1,99.0676923076923,99.06664615052186,keyboard_long_pause_count_2s|touch_app_diversity|app_foreground_event_count|activity_active_hour_count|keyboard_deletion_event_count|keyboard_median_inter_event_interval_ms|median_unlocked_session_duration_seconds|app_use_diversity,621.0169418915616
12,3,040,65,92.8,99.0676923076923,99.0708354428179,keyboard_long_pause_count_2s|touch_app_diversity|app_foreground_event_count|activity_active_hour_count|keyboard_deletion_event_count|keyboard_median_inter_event_interval_ms|median_unlocked_session_duration_seconds|app_use_diversity,621.0169418915616
12,3,055,29,104.1,99.0676923076923,98.72785151202821,keyboard_long_pause_count_2s|touch_app_diversity|app_foreground_event_count|activity_active_hour_count|keyboard_deletion_event_count|keyboard_median_inter_event_interval_ms|median_unlocked_session_duration_seconds|app_use_diversity,621.0169418915616
12,3,067,25,87.1,99.0676923076923,99.11882725778516,keyboard_long_pause_count_2s|touch_app_diversity|app_foreground_event_count|activity_active_hour_count|keyboard_deletion_event_count|keyboard_median_inter_event_interval_ms|median_unlocked_session_duration_seconds|app_use_diversity,621.0169418915616
12,3,073,30,95.7,99.0676923076923,99.3344322901011,keyboard_long_pause_count_2s|touch_app_diversity|app_foreground_event_count|activity_active_hour_count|keyboard_deletion_event_count|keyboard_median_inter_event_interval_ms|median_unlocked_session_duration_seconds|app_use_diversity,621.0169418915616
12,3,081,55,82.2,99.0676923076923,98.81120295127785,keyboard_long_pause_count_2s|touch_app_diversity|app_foreground_event_count|activity_active_hour_count|keyboard_deletion_event_count|keyboard_median_inter_event_interval_ms|median_unlocked_session_duration_seconds|app_use_diversity,621.0169418915616
12,3,086,76,95.7,99.0676923076923,99.1070567117623,keyboard_long_pause_count_2s|touch_app_diversity|app_foreground_event_count|activity_active_hour_count|keyboard_deletion_event_count|keyboard_median_inter_event_interval_ms|median_unlocked_session_duration_seconds|app_use_diversity,621.0169418915616
12,3,090,56,79.9,99.0676923076923,99.55897498678804,keyboard_long_pause_count_2s|touch_app_diversity|app_foreground_event_count|activity_active_hour_count|keyboard_deletion_event_count|keyboard_median_inter_event_interval_ms|median_unlocked_session_duration_seconds|app_use_diversity,621.0169418915616
12,4,011,74,88.0,97.5353846153846,97.53076483165349,unique_gsm_lac_count|unique_gsm_cell_count|gsm_cell_transition_count|screen_unlock_event_count|touch_app_diversity|telephony_mobile_data_enabled_fraction|keyboard_median_inter_event_interval_ms|median_unlocked_session_duration_seconds,10000.0
12,4,020,18,90.0,97.5353846153846,97.52295922216742,unique_gsm_lac_count|unique_gsm_cell_count|gsm_cell_transition_count|screen_unlock_event_count|touch_app_diversity|telephony_mobile_data_enabled_fraction|keyboard_median_inter_event_interval_ms|median_unlocked_session_duration_seconds,10000.0
12,4,026,75,104.1,97.5353846153846,97.55739466032499,unique_gsm_lac_count|unique_gsm_cell_count|gsm_cell_transition_count|screen_unlock_event_count|touch_app_diversity|telephony_mobile_data_enabled_fraction|keyboard_median_inter_event_interval_ms|median_unlocked_session_duration_seconds,10000.0
12,4,030,13,103.8,97.5353846153846,97.56305769319444,unique_gsm_lac_count|unique_gsm_cell_count|gsm_cell_transition_count|screen_unlock_event_count|touch_app_diversity|telephony_mobile_data_enabled_fraction|keyboard_median_inter_event_interval_ms|median_unlocked_session_duration_seconds,10000.0
12,4,039,27,99.3,97.5353846153846,97.51632767438225,unique_gsm_lac_count|unique_gsm_cell_count|gsm_cell_transition_count|screen_unlock_event_count|touch_app_diversity|telephony_mobile_data_enabled_fraction|keyboard_median_inter_event_interval_ms|median_unlocked_session_duration_seconds,10000.0
12,4,044,44,108.3,97.5353846153846,97.56297930240454,unique_gsm_lac_count|unique_gsm_cell_count|gsm_cell_transition_count|screen_unlock_event_count|touch_app_diversity|telephony_mobile_data_enabled_fraction|keyboard_median_inter_event_interval_ms|median_unlocked_session_duration_seconds,10000.0
12,4,062,40,103.9,97.5353846153846,97.52381474278896,unique_gsm_lac_count|unique_gsm_cell_count|gsm_cell_transition_count|screen_unlock_event_count|touch_app_diversity|telephony_mobile_data_enabled_fraction|keyboard_median_inter_event_interval_ms|median_unlocked_session_duration_seconds,10000.0
12,4,074,41,111.8,97.5353846153846,97.56297930240454,unique_gsm_lac_count|unique_gsm_cell_count|gsm_cell_transition_count|screen_unlock_event_count|touch_app_diversity|telephony_mobile_data_enabled_fraction|keyboard_median_inter_event_interval_ms|median_unlocked_session_duration_seconds,10000.0
12,4,075,53,89.1,97.5353846153846,97.55894565269283,unique_gsm_lac_count|unique_gsm_cell_count|gsm_cell_transition_count|screen_unlock_event_count|touch_app_diversity|telephony_mobile_data_enabled_fraction|keyboard_median_inter_event_interval_ms|median_unlocked_session_duration_seconds,10000.0
12,4,078,84,106.2,97.5353846153846,97.62831115878326,unique_gsm_lac_count|unique_gsm_cell_count|gsm_cell_transition_count|screen_unlock_event_count|touch_app_diversity|telephony_mobile_data_enabled_fraction|keyboard_median_inter_event_interval_ms|median_unlocked_session_duration_seconds,10000.0
12,4,080,31,95.7,97.5353846153846,97.48848707011064,unique_gsm_lac_count|unique_gsm_cell_count|gsm_cell_transition_count|screen_unlock_event_count|touch_app_diversity|telephony_mobile_data_enabled_fraction|keyboard_median_inter_event_interval_ms|median_unlocked_session_duration_seconds,10000.0
12,4,091,60,82.0,97.5353846153846,97.53987354125562,unique_gsm_lac_count|unique_gsm_cell_count|gsm_cell_transition_count|screen_unlock_event_count|touch_app_diversity|telephony_mobile_data_enabled_fraction|keyboard_median_inter_event_interval_ms|median_unlocked_session_duration_seconds,10000.0
12,4,092,63,109.1,97.5353846153846,97.56297930240454,unique_gsm_lac_count|unique_gsm_cell_count|gsm_cell_transition_count|screen_unlock_event_count|touch_app_diversity|telephony_mobile_data_enabled_fraction|keyboard_median_inter_event_interval_ms|median_unlocked_session_duration_seconds,10000.0
12,4,093,82,99.6,97.5353846153846,97.52580615766641,unique_gsm_lac_count|unique_gsm_cell_count|gsm_cell_transition_count|screen_unlock_event_count|touch_app_diversity|telephony_mobile_data_enabled_fraction|keyboard_median_inter_event_interval_ms|median_unlocked_session_duration_seconds,10000.0
12,4,095,86,99.5,97.5353846153846,97.54131623738424,unique_gsm_lac_count|unique_gsm_cell_count|gsm_cell_transition_count|screen_unlock_event_count|touch_app_diversity|telephony_mobile_data_enabled_fraction|keyboard_median_inter_event_interval_ms|median_unlocked_session_duration_seconds,10000.0
12,4,096,87,102.1,97.5353846153846,97.531264794614,unique_gsm_lac_count|unique_gsm_cell_count|gsm_cell_transition_count|screen_unlock_event_count|touch_app_diversity|telephony_mobile_data_enabled_fraction|keyboard_median_inter_event_interval_ms|median_unlocked_session_duration_seconds,10000.0
12,5,002,64,104.8,97.5123076923077,95.01048301003988,touch_app_diversity|touch_active_hour_count|unique_gsm_lac_count|message_distinct_event_count|screen_unlock_event_count|telephony_mobile_data_enabled_fraction|median_unlocked_session_duration_seconds|touch_scroll_event_count,117.21022975334817
12,5,003,11,106.5,97.5123076923077,97.1536907846891,touch_app_diversity|touch_active_hour_count|unique_gsm_lac_count|message_distinct_event_count|screen_unlock_event_count|telephony_mobile_data_enabled_fraction|median_unlocked_session_duration_seconds|touch_scroll_event_count,117.21022975334817
12,5,006,8,90.1,97.5123076923077,98.26001027519342,touch_app_diversity|touch_active_hour_count|unique_gsm_lac_count|message_distinct_event_count|screen_unlock_event_count|telephony_mobile_data_enabled_fraction|median_unlocked_session_duration_seconds|touch_scroll_event_count,117.21022975334817
12,5,010,35,100.0,97.5123076923077,96.1987463402693,touch_app_diversity|touch_active_hour_count|unique_gsm_lac_count|message_distinct_event_count|screen_unlock_event_count|telephony_mobile_data_enabled_fraction|median_unlocked_session_duration_seconds|touch_scroll_event_count,117.21022975334817
12,5,013,10,109.6,97.5123076923077,99.68522547021605,touch_app_diversity|touch_active_hour_count|unique_gsm_lac_count|message_distinct_event_count|screen_unlock_event_count|telephony_mobile_data_enabled_fraction|median_unlocked_session_duration_seconds|touch_scroll_event_count,117.21022975334817
12,5,019,28,103.7,97.5123076923077,99.68522547021605,touch_app_diversity|touch_active_hour_count|unique_gsm_lac_count|message_distinct_event_count|screen_unlock_event_count|telephony_mobile_data_enabled_fraction|median_unlocked_session_duration_seconds|touch_scroll_event_count,117.21022975334817
12,5,032,62,110.6,97.5123076923077,97.09958146110385,touch_app_diversity|touch_active_hour_count|unique_gsm_lac_count|message_distinct_event_count|screen_unlock_event_count|telephony_mobile_data_enabled_fraction|median_unlocked_session_duration_seconds|touch_scroll_event_count,117.21022975334817
12,5,041,15,119.4,97.5123076923077,96.82810673481761,touch_app_diversity|touch_active_hour_count|unique_gsm_lac_count|message_distinct_event_count|screen_unlock_event_count|telephony_mobile_data_enabled_fraction|median_unlocked_session_duration_seconds|touch_scroll_event_count,117.21022975334817
12,5,042,14,83.8,97.5123076923077,94.85426832221316,touch_app_diversity|touch_active_hour_count|unique_gsm_lac_count|message_distinct_event_count|screen_unlock_event_count|telephony_mobile_data_enabled_fraction|median_unlocked_session_duration_seconds|touch_scroll_event_count,117.21022975334817
12,5,045,51,93.4,97.5123076923077,96.48892142326326,touch_app_diversity|touch_active_hour_count|unique_gsm_lac_count|message_distinct_event_count|screen_unlock_event_count|telephony_mobile_data_enabled_fraction|median_unlocked_session_duration_seconds|touch_scroll_event_count,117.21022975334817
12,5,053,32,104.6,97.5123076923077,94.96407855017988,touch_app_diversity|touch_active_hour_count|unique_gsm_lac_count|message_distinct_event_count|screen_unlock_event_count|telephony_mobile_data_enabled_fraction|median_unlocked_session_duration_seconds|touch_scroll_event_count,117.21022975334817
12,5,060,26,96.9,97.5123076923077,96.43488819798635,touch_app_diversity|touch_active_hour_count|unique_gsm_lac_count|message_distinct_event_count|screen_unlock_event_count|telephony_mobile_data_enabled_fraction|median_unlocked_session_duration_seconds|touch_scroll_event_count,117.21022975334817
12,5,066,43,99.4,97.5123076923077,96.9756720137466,touch_app_diversity|touch_active_hour_count|unique_gsm_lac_count|message_distinct_event_count|screen_unlock_event_count|telephony_mobile_data_enabled_fraction|median_unlocked_session_duration_seconds|touch_scroll_event_count,117.21022975334817
12,5,068,34,97.8,97.5123076923077,99.68522547021605,touch_app_diversity|touch_active_hour_count|unique_gsm_lac_count|message_distinct_event_count|screen_unlock_event_count|telephony_mobile_data_enabled_fraction|median_unlocked_session_duration_seconds|touch_scroll_event_count,117.21022975334817
12,5,069,46,85.9,97.5123076923077,96.22725429922433,touch_app_diversity|touch_active_hour_count|unique_gsm_lac_count|message_distinct_event_count|screen_unlock_event_count|telephony_mobile_data_enabled_fraction|median_unlocked_session_duration_seconds|touch_scroll_event_count,117.21022975334817
12,5,084,49,87.5,97.5123076923077,96.36429944084327,touch_app_diversity|touch_active_hour_count|unique_gsm_lac_count|message_distinct_event_count|screen_unlock_event_count|telephony_mobile_data_enabled_fraction|median_unlocked_session_duration_seconds|touch_scroll_event_count,117.21022975334817
13,1,003,11,106.5,97.4765625,99.97233042239625,touch_app_diversity|activity_active_hour_count|keyboard_long_pause_count_2s|screen_unlock_event_count|unique_gsm_cell_count|telephony_mobile_data_enabled_fraction|median_unlocked_session_duration_seconds|keyboard_median_inter_event_interval_ms,38.56620421163472
13,1,006,8,90.1,97.4765625,93.63687087637884,touch_app_diversity|activity_active_hour_count|keyboard_long_pause_count_2s|screen_unlock_event_count|unique_gsm_cell_count|telephony_mobile_data_enabled_fraction|median_unlocked_session_duration_seconds|keyboard_median_inter_event_interval_ms,38.56620421163472
13,1,007,57,108.2,97.4765625,96.05631588484346,touch_app_diversity|activity_active_hour_count|keyboard_long_pause_count_2s|screen_unlock_event_count|unique_gsm_cell_count|telephony_mobile_data_enabled_fraction|median_unlocked_session_duration_seconds|keyboard_median_inter_event_interval_ms,38.56620421163472
13,1,014,21,104.0,97.4765625,100.16739087622777,touch_app_diversity|activity_active_hour_count|keyboard_long_pause_count_2s|screen_unlock_event_count|unique_gsm_cell_count|telephony_mobile_data_enabled_fraction|median_unlocked_session_duration_seconds|keyboard_median_inter_event_interval_ms,38.56620421163472
13,1,020,18,90.0,97.4765625,98.24342890880982,touch_app_diversity|activity_active_hour_count|keyboard_long_pause_count_2s|screen_unlock_event_count|unique_gsm_cell_count|telephony_mobile_data_enabled_fraction|median_unlocked_session_duration_seconds|keyboard_median_inter_event_interval_ms,38.56620421163472
13,1,023,20,101.0,97.4765625,97.96172820798071,touch_app_diversity|activity_active_hour_count|keyboard_long_pause_count_2s|screen_unlock_event_count|unique_gsm_cell_count|telephony_mobile_data_enabled_fraction|median_unlocked_session_duration_seconds|keyboard_median_inter_event_interval_ms,38.56620421163472
13,1,024,68,103.4,97.4765625,98.14905369073219,touch_app_diversity|activity_active_hour_count|keyboard_long_pause_count_2s|screen_unlock_event_count|unique_gsm_cell_count|telephony_mobile_data_enabled_fraction|median_unlocked_session_duration_seconds|keyboard_median_inter_event_interval_ms,38.56620421163472
13,1,025,16,104.9,97.4765625,100.16739087622777,touch_app_diversity|activity_active_hour_count|keyboard_long_pause_count_2s|screen_unlock_event_count|unique_gsm_cell_count|telephony_mobile_data_enabled_fraction|median_unlocked_session_duration_seconds|keyboard_median_inter_event_interval_ms,38.56620421163472
13,1,031,67,96.3,97.4765625,98.2040746015704,touch_app_diversity|activity_active_hour_count|keyboard_long_pause_count_2s|screen_unlock_event_count|unique_gsm_cell_count|telephony_mobile_data_enabled_fraction|median_unlocked_session_duration_seconds|keyboard_median_inter_event_interval_ms,38.56620421163472
13,1,039,27,99.3,97.4765625,112.90205558836378,touch_app_diversity|activity_active_hour_count|keyboard_long_pause_count_2s|screen_unlock_event_count|unique_gsm_cell_count|telephony_mobile_data_enabled_fraction|median_unlocked_session_duration_seconds|keyboard_median_inter_event_interval_ms,38.56620421163472
13,1,053,32,104.6,97.4765625,93.27995933371704,touch_app_diversity|activity_active_hour_count|keyboard_long_pause_count_2s|screen_unlock_event_count|unique_gsm_cell_count|telephony_mobile_data_enabled_fraction|median_unlocked_session_duration_seconds|keyboard_median_inter_event_interval_ms,38.56620421163472
13,1,066,43,99.4,97.4765625,96.98597766054826,touch_app_diversity|activity_active_hour_count|keyboard_long_pause_count_2s|screen_unlock_event_count|unique_gsm_cell_count|telephony_mobile_data_enabled_fraction|median_unlocked_session_duration_seconds|keyboard_median_inter_event_interval_ms,38.56620421163472
13,1,070,24,95.5,97.4765625,95.17902927454529,touch_app_diversity|activity_active_hour_count|keyboard_long_pause_count_2s|screen_unlock_event_count|unique_gsm_cell_count|telephony_mobile_data_enabled_fraction|median_unlocked_session_duration_seconds|keyboard_median_inter_event_interval_ms,38.56620421163472
13,1,081,55,82.2,97.4765625,96.72523401152358,touch_app_diversity|activity_active_hour_count|keyboard_long_pause_count_2s|screen_unlock_event_count|unique_gsm_cell_count|telephony_mobile_data_enabled_fraction|median_unlocked_session_duration_seconds|keyboard_median_inter_event_interval_ms,38.56620421163472
13,1,089,61,109.3,97.4765625,93.49267959438819,touch_app_diversity|activity_active_hour_count|keyboard_long_pause_count_2s|screen_unlock_event_count|unique_gsm_cell_count|telephony_mobile_data_enabled_fraction|median_unlocked_session_duration_seconds|keyboard_median_inter_event_interval_ms,38.56620421163472
13,1,093,82,99.6,97.4765625,98.20724548193864,touch_app_diversity|activity_active_hour_count|keyboard_long_pause_count_2s|screen_unlock_event_count|unique_gsm_cell_count|telephony_mobile_data_enabled_fraction|median_unlocked_session_duration_seconds|keyboard_median_inter_event_interval_ms,38.56620421163472
13,1,095,86,99.5,97.4765625,97.39816674939354,touch_app_diversity|activity_active_hour_count|keyboard_long_pause_count_2s|screen_unlock_event_count|unique_gsm_cell_count|telephony_mobile_data_enabled_fraction|median_unlocked_session_duration_seconds|keyboard_median_inter_event_interval_ms,38.56620421163472
13,2,004,5,101.0,97.74153846153847,97.79104403090673,keyboard_long_pause_count_2s|keyboard_deletion_event_count|touch_app_diversity|message_distinct_event_count|touch_active_hour_count|median_unlocked_session_duration_seconds|touch_scroll_event_count|keyboard_median_inter_event_interval_ms,10000.0
13,2,012,4,75.6,97.74153846153847,97.73548154035102,keyboard_long_pause_count_2s|keyboard_deletion_event_count|touch_app_diversity|message_distinct_event_count|touch_active_hour_count|median_unlocked_session_duration_seconds|touch_scroll_event_count|keyboard_median_inter_event_interval_ms,10000.0
13,2,013,10,109.6,97.74153846153847,97.77877254650494,keyboard_long_pause_count_2s|keyboard_deletion_event_count|touch_app_diversity|message_distinct_event_count|touch_active_hour_count|median_unlocked_session_duration_seconds|touch_scroll_event_count|keyboard_median_inter_event_interval_ms,10000.0
13,2,015,12,95.9,97.74153846153847,97.70589766614371,keyboard_long_pause_count_2s|keyboard_deletion_event_count|touch_app_diversity|message_distinct_event_count|touch_active_hour_count|median_unlocked_session_duration_seconds|touch_scroll_event_count|keyboard_median_inter_event_interval_ms,10000.0
13,2,022,52,107.2,97.74153846153847,97.76017045968341,keyboard_long_pause_count_2s|keyboard_deletion_event_count|touch_app_diversity|message_distinct_event_count|touch_active_hour_count|median_unlocked_session_duration_seconds|touch_scroll_event_count|keyboard_median_inter_event_interval_ms,10000.0
13,2,041,15,119.4,97.74153846153847,97.75769108260887,keyboard_long_pause_count_2s|keyboard_deletion_event_count|touch_app_diversity|message_distinct_event_count|touch_active_hour_count|median_unlocked_session_duration_seconds|touch_scroll_event_count|keyboard_median_inter_event_interval_ms,10000.0
13,2,045,51,93.4,97.74153846153847,97.72610103508593,keyboard_long_pause_count_2s|keyboard_deletion_event_count|touch_app_diversity|message_distinct_event_count|touch_active_hour_count|median_unlocked_session_duration_seconds|touch_scroll_event_count|keyboard_median_inter_event_interval_ms,10000.0
13,2,050,39,104.4,97.74153846153847,97.73013682567705,keyboard_long_pause_count_2s|keyboard_deletion_event_count|touch_app_diversity|message_distinct_event_count|touch_active_hour_count|median_unlocked_session_duration_seconds|touch_scroll_event_count|keyboard_median_inter_event_interval_ms,10000.0
13,2,055,29,104.1,97.74153846153847,97.71224774280536,keyboard_long_pause_count_2s|keyboard_deletion_event_count|touch_app_diversity|message_distinct_event_count|touch_active_hour_count|median_unlocked_session_duration_seconds|touch_scroll_event_count|keyboard_median_inter_event_interval_ms,10000.0
13,2,057,37,93.7,97.74153846153847,97.74214751768591,keyboard_long_pause_count_2s|keyboard_deletion_event_count|touch_app_diversity|message_distinct_event_count|touch_active_hour_count|median_unlocked_session_duration_seconds|touch_scroll_event_count|keyboard_median_inter_event_interval_ms,10000.0
13,2,064,69,99.3,97.74153846153847,97.73450257495152,keyboard_long_pause_count_2s|keyboard_deletion_event_count|touch_app_diversity|message_distinct_event_count|touch_active_hour_count|median_unlocked_session_duration_seconds|touch_scroll_event_count|keyboard_median_inter_event_interval_ms,10000.0
13,2,071,33,99.6,97.74153846153847,97.74564353407618,keyboard_long_pause_count_2s|keyboard_deletion_event_count|touch_app_diversity|message_distinct_event_count|touch_active_hour_count|median_unlocked_session_duration_seconds|touch_scroll_event_count|keyboard_median_inter_event_interval_ms,10000.0
13,2,080,31,95.7,97.74153846153847,97.73051500827916,keyboard_long_pause_count_2s|keyboard_deletion_event_count|touch_app_diversity|message_distinct_event_count|touch_active_hour_count|median_unlocked_session_duration_seconds|touch_scroll_event_count|keyboard_median_inter_event_interval_ms,10000.0
13,2,085,81,100.0,97.74153846153847,97.72975379578855,keyboard_long_pause_count_2s|keyboard_deletion_event_count|touch_app_diversity|message_distinct_event_count|touch_active_hour_count|median_unlocked_session_duration_seconds|touch_scroll_event_count|keyboard_median_inter_event_interval_ms,10000.0
13,2,087,72,100.3,97.74153846153847,97.75989633601303,keyboard_long_pause_count_2s|keyboard_deletion_event_count|touch_app_diversity|message_distinct_event_count|touch_active_hour_count|median_unlocked_session_duration_seconds|touch_scroll_event_count|keyboard_median_inter_event_interval_ms,10000.0
13,2,090,56,79.9,97.74153846153847,97.77877254650494,keyboard_long_pause_count_2s|keyboard_deletion_event_count|touch_app_diversity|message_distinct_event_count|touch_active_hour_count|median_unlocked_session_duration_seconds|touch_scroll_event_count|keyboard_median_inter_event_interval_ms,10000.0
13,3,005,9,81.1,97.12307692307692,97.13735791599849,touch_app_diversity|message_distinct_event_count|activity_active_hour_count|app_foreground_event_count|activity_transition_count|median_unlocked_session_duration_seconds|touch_scroll_event_count|telephony_event_count,10000.0
13,3,019,28,103.7,97.12307692307692,97.09232520869577,touch_app_diversity|message_distinct_event_count|activity_active_hour_count|app_foreground_event_count|activity_transition_count|median_unlocked_session_duration_seconds|touch_scroll_event_count|telephony_event_count,10000.0
13,3,021,17,97.8,97.12307692307692,97.13766016724233,touch_app_diversity|message_distinct_event_count|activity_active_hour_count|app_foreground_event_count|activity_transition_count|median_unlocked_session_duration_seconds|touch_scroll_event_count|telephony_event_count,10000.0
13,3,026,75,104.1,97.12307692307692,97.15192380125939,touch_app_diversity|message_distinct_event_count|activity_active_hour_count|app_foreground_event_count|activity_transition_count|median_unlocked_session_duration_seconds|touch_scroll_event_count|telephony_event_count,10000.0
13,3,032,62,110.6,97.12307692307692,97.12119677876066,touch_app_diversity|message_distinct_event_count|activity_active_hour_count|app_foreground_event_count|activity_transition_count|median_unlocked_session_duration_seconds|touch_scroll_event_count|telephony_event_count,10000.0
13,3,040,65,92.8,97.12307692307692,97.13101381273918,touch_app_diversity|message_distinct_event_count|activity_active_hour_count|app_foreground_event_count|activity_transition_count|median_unlocked_session_duration_seconds|touch_scroll_event_count|telephony_event_count,10000.0
13,3,043,42,95.5,97.12307692307692,97.13080580119441,touch_app_diversity|message_distinct_event_count|activity_active_hour_count|app_foreground_event_count|activity_transition_count|median_unlocked_session_duration_seconds|touch_scroll_event_count|telephony_event_count,10000.0
13,3,044,44,108.3,97.12307692307692,97.09232520869577,touch_app_diversity|message_distinct_event_count|activity_active_hour_count|app_foreground_event_count|activity_transition_count|median_unlocked_session_duration_seconds|touch_scroll_event_count|telephony_event_count,10000.0
13,3,056,38,109.6,97.12307692307692,97.09232520869577,touch_app_diversity|message_distinct_event_count|activity_active_hour_count|app_foreground_event_count|activity_transition_count|median_unlocked_session_duration_seconds|touch_scroll_event_count|telephony_event_count,10000.0
13,3,061,58,92.7,97.12307692307692,97.12167553441151,touch_app_diversity|message_distinct_event_count|activity_active_hour_count|app_foreground_event_count|activity_transition_count|median_unlocked_session_duration_seconds|touch_scroll_event_count|telephony_event_count,10000.0
13,3,072,83,106.1,97.12307692307692,97.1478277847892,touch_app_diversity|message_distinct_event_count|activity_active_hour_count|app_foreground_event_count|activity_transition_count|median_unlocked_session_duration_seconds|touch_scroll_event_count|telephony_event_count,10000.0
13,3,074,41,111.8,97.12307692307692,97.09232520869577,touch_app_diversity|message_distinct_event_count|activity_active_hour_count|app_foreground_event_count|activity_transition_count|median_unlocked_session_duration_seconds|touch_scroll_event_count|telephony_event_count,10000.0
13,3,077,77,87.8,97.12307692307692,97.14551842484303,touch_app_diversity|message_distinct_event_count|activity_active_hour_count|app_foreground_event_count|activity_transition_count|median_unlocked_session_duration_seconds|touch_scroll_event_count|telephony_event_count,10000.0
13,3,078,84,106.2,97.12307692307692,97.15665083405382,touch_app_diversity|message_distinct_event_count|activity_active_hour_count|app_foreground_event_count|activity_transition_count|median_unlocked_session_duration_seconds|touch_scroll_event_count|telephony_event_count,10000.0
13,3,092,63,109.1,97.12307692307692,97.09232520869577,touch_app_diversity|message_distinct_event_count|activity_active_hour_count|app_foreground_event_count|activity_transition_count|median_unlocked_session_duration_seconds|touch_scroll_event_count|telephony_event_count,10000.0
13,3,096,87,102.1,97.12307692307692,97.13111958009173,touch_app_diversity|message_distinct_event_count|activity_active_hour_count|app_foreground_event_count|activity_transition_count|median_unlocked_session_duration_seconds|touch_scroll_event_count|telephony_event_count,10000.0
13,4,002,64,104.8,99.17384615384616,98.44508991418898,keyboard_long_pause_count_2s|keyboard_deletion_event_count|touch_app_diversity|gsm_cell_transition_count|screen_unlock_event_count|median_unlocked_session_duration_seconds|keyboard_median_inter_event_interval_ms|touch_scroll_event_count,204.33597178569437
13,4,011,74,88.0,99.17384615384616,98.49804193125097,keyboard_long_pause_count_2s|keyboard_deletion_event_count|touch_app_diversity|gsm_cell_transition_count|screen_unlock_event_count|median_unlocked_session_duration_seconds|keyboard_median_inter_event_interval_ms|touch_scroll_event_count,204.33597178569437
13,4,028,45,93.5,99.17384615384616,97.98542856748283,keyboard_long_pause_count_2s|keyboard_deletion_event_count|touch_app_diversity|gsm_cell_transition_count|screen_unlock_event_count|median_unlocked_session_duration_seconds|keyboard_median_inter_event_interval_ms|touch_scroll_event_count,204.33597178569437
13,4,030,13,103.8,99.17384615384616,100.14247012003081,keyboard_long_pause_count_2s|keyboard_deletion_event_count|touch_app_diversity|gsm_cell_transition_count|screen_unlock_event_count|median_unlocked_session_duration_seconds|keyboard_median_inter_event_interval_ms|touch_scroll_event_count,204.33597178569437
13,4,034,73,101.8,99.17384615384616,98.44696877869801,keyboard_long_pause_count_2s|keyboard_deletion_event_count|touch_app_diversity|gsm_cell_transition_count|screen_unlock_event_count|median_unlocked_session_duration_seconds|keyboard_median_inter_event_interval_ms|touch_scroll_event_count,204.33597178569437
13,4,048,7,95.2,99.17384615384616,100.48409270494031,keyboard_long_pause_count_2s|keyboard_deletion_event_count|touch_app_diversity|gsm_cell_transition_count|screen_unlock_event_count|median_unlocked_session_duration_seconds|keyboard_median_inter_event_interval_ms|touch_scroll_event_count,204.33597178569437
13,4,058,59,76.2,99.17384615384616,98.7928253952079,keyboard_long_pause_count_2s|keyboard_deletion_event_count|touch_app_diversity|gsm_cell_transition_count|screen_unlock_event_count|median_unlocked_session_duration_seconds|keyboard_median_inter_event_interval_ms|touch_scroll_event_count,204.33597178569437
13,4,060,26,96.9,99.17384615384616,98.63213054941471,keyboard_long_pause_count_2s|keyboard_deletion_event_count|touch_app_diversity|gsm_cell_transition_count|screen_unlock_event_count|median_unlocked_session_duration_seconds|keyboard_median_inter_event_interval_ms|touch_scroll_event_count,204.33597178569437
13,4,067,25,87.1,99.17384615384616,99.15635777827615,keyboard_long_pause_count_2s|keyboard_deletion_event_count|touch_app_diversity|gsm_cell_transition_count|screen_unlock_event_count|median_unlocked_session_duration_seconds|keyboard_median_inter_event_interval_ms|touch_scroll_event_count,204.33597178569437
13,4,069,46,85.9,99.17384615384616,98.65277647095053,keyboard_long_pause_count_2s|keyboard_deletion_event_count|touch_app_diversity|gsm_cell_transition_count|screen_unlock_event_count|median_unlocked_session_duration_seconds|keyboard_median_inter_event_interval_ms|touch_scroll_event_count,204.33597178569437
13,4,073,30,95.7,99.17384615384616,99.74963624429702,keyboard_long_pause_count_2s|keyboard_deletion_event_count|touch_app_diversity|gsm_cell_transition_count|screen_unlock_event_count|median_unlocked_session_duration_seconds|keyboard_median_inter_event_interval_ms|touch_scroll_event_count,204.33597178569437
13,4,075,53,89.1,99.17384615384616,100.39080827702176,keyboard_long_pause_count_2s|keyboard_deletion_event_count|touch_app_diversity|gsm_cell_transition_count|screen_unlock_event_count|median_unlocked_session_duration_seconds|keyboard_median_inter_event_interval_ms|touch_scroll_event_count,204.33597178569437
13,4,083,36,102.8,99.17384615384616,98.95795222458952,keyboard_long_pause_count_2s|keyboard_deletion_event_count|touch_app_diversity|gsm_cell_transition_count|screen_unlock_event_count|median_unlocked_session_duration_seconds|keyboard_median_inter_event_interval_ms|touch_scroll_event_count,204.33597178569437
13,4,084,49,87.5,99.17384615384616,97.6365050704521,keyboard_long_pause_count_2s|keyboard_deletion_event_count|touch_app_diversity|gsm_cell_transition_count|screen_unlock_event_count|median_unlocked_session_duration_seconds|keyboard_median_inter_event_interval_ms|touch_scroll_event_count,204.33597178569437
13,4,086,76,95.7,99.17384615384616,98.91568343536872,keyboard_long_pause_count_2s|keyboard_deletion_event_count|touch_app_diversity|gsm_cell_transition_count|screen_unlock_event_count|median_unlocked_session_duration_seconds|keyboard_median_inter_event_interval_ms|touch_scroll_event_count,204.33597178569437
13,4,091,60,82.0,99.17384615384616,98.95486434139531,keyboard_long_pause_count_2s|keyboard_deletion_event_count|touch_app_diversity|gsm_cell_transition_count|screen_unlock_event_count|median_unlocked_session_duration_seconds|keyboard_median_inter_event_interval_ms|touch_scroll_event_count,204.33597178569437
13,5,010,35,100.0,98.12615384615385,98.7428018814615,message_distinct_event_count|unique_gsm_cell_count|screen_unlock_event_count|touch_scroll_index_change_median|screen_off_event_count|telephony_mobile_data_enabled_fraction|keyboard_median_inter_event_interval_ms|median_unlocked_session_duration_seconds,67.23357536499334
13,5,018,79,96.1,98.12615384615385,95.66634861334293,message_distinct_event_count|unique_gsm_cell_count|screen_unlock_event_count|touch_scroll_index_change_median|screen_off_event_count|telephony_mobile_data_enabled_fraction|keyboard_median_inter_event_interval_ms|median_unlocked_session_duration_seconds,67.23357536499334
13,5,029,80,100.2,98.12615384615385,98.42603488799895,message_distinct_event_count|unique_gsm_cell_count|screen_unlock_event_count|touch_scroll_index_change_median|screen_off_event_count|telephony_mobile_data_enabled_fraction|keyboard_median_inter_event_interval_ms|median_unlocked_session_duration_seconds,67.23357536499334
13,5,035,54,98.1,98.12615384615385,97.01863723070626,message_distinct_event_count|unique_gsm_cell_count|screen_unlock_event_count|touch_scroll_index_change_median|screen_off_event_count|telephony_mobile_data_enabled_fraction|keyboard_median_inter_event_interval_ms|median_unlocked_session_duration_seconds,67.23357536499334
13,5,036,19,93.0,98.12615384615385,102.28545100723866,message_distinct_event_count|unique_gsm_cell_count|screen_unlock_event_count|touch_scroll_index_change_median|screen_off_event_count|telephony_mobile_data_enabled_fraction|keyboard_median_inter_event_interval_ms|median_unlocked_session_duration_seconds,67.23357536499334
13,5,037,48,101.9,98.12615384615385,99.59623466771376,message_distinct_event_count|unique_gsm_cell_count|screen_unlock_event_count|touch_scroll_index_change_median|screen_off_event_count|telephony_mobile_data_enabled_fraction|keyboard_median_inter_event_interval_ms|median_unlocked_session_duration_seconds,67.23357536499334
13,5,038,50,94.5,98.12615384615385,102.28545100723866,message_distinct_event_count|unique_gsm_cell_count|screen_unlock_event_count|touch_scroll_index_change_median|screen_off_event_count|telephony_mobile_data_enabled_fraction|keyboard_median_inter_event_interval_ms|median_unlocked_session_duration_seconds,67.23357536499334
13,5,042,14,83.8,98.12615384615385,94.67831611431541,message_distinct_event_count|unique_gsm_cell_count|screen_unlock_event_count|touch_scroll_index_change_median|screen_off_event_count|telephony_mobile_data_enabled_fraction|keyboard_median_inter_event_interval_ms|median_unlocked_session_duration_seconds,67.23357536499334
13,5,046,66,101.8,98.12615384615385,95.88377209693347,message_distinct_event_count|unique_gsm_cell_count|screen_unlock_event_count|touch_scroll_index_change_median|screen_off_event_count|telephony_mobile_data_enabled_fraction|keyboard_median_inter_event_interval_ms|median_unlocked_session_duration_seconds,67.23357536499334
13,5,049,85,91.6,98.12615384615385,95.1850600747255,message_distinct_event_count|unique_gsm_cell_count|screen_unlock_event_count|touch_scroll_index_change_median|screen_off_event_count|telephony_mobile_data_enabled_fraction|keyboard_median_inter_event_interval_ms|median_unlocked_session_duration_seconds,67.23357536499334
13,5,052,22,90.6,98.12615384615385,95.21601449945783,message_distinct_event_count|unique_gsm_cell_count|screen_unlock_event_count|touch_scroll_index_change_median|screen_off_event_count|telephony_mobile_data_enabled_fraction|keyboard_median_inter_event_interval_ms|median_unlocked_session_duration_seconds,67.23357536499334
13,5,062,40,103.9,98.12615384615385,95.54432825266005,message_distinct_event_count|unique_gsm_cell_count|screen_unlock_event_count|touch_scroll_index_change_median|screen_off_event_count|telephony_mobile_data_enabled_fraction|keyboard_median_inter_event_interval_ms|median_unlocked_session_duration_seconds,67.23357536499334
13,5,068,34,97.8,98.12615384615385,102.28545100723866,message_distinct_event_count|unique_gsm_cell_count|screen_unlock_event_count|touch_scroll_index_change_median|screen_off_event_count|telephony_mobile_data_enabled_fraction|keyboard_median_inter_event_interval_ms|median_unlocked_session_duration_seconds,67.23357536499334
13,5,076,71,107.5,98.12615384615385,96.91319043549649,message_distinct_event_count|unique_gsm_cell_count|screen_unlock_event_count|touch_scroll_index_change_median|screen_off_event_count|telephony_mobile_data_enabled_fraction|keyboard_median_inter_event_interval_ms|median_unlocked_session_duration_seconds,67.23357536499334
13,5,079,47,101.3,98.12615384615385,94.28409471905304,message_distinct_event_count|unique_gsm_cell_count|screen_unlock_event_count|touch_scroll_index_change_median|screen_off_event_count|telephony_mobile_data_enabled_fraction|keyboard_median_inter_event_interval_ms|median_unlocked_session_duration_seconds,67.23357536499334
13,5,082,70,92.0,98.12615384615385,97.7230779152824,message_distinct_event_count|unique_gsm_cell_count|screen_unlock_event_count|touch_scroll_index_change_median|screen_off_event_count|telephony_mobile_data_enabled_fraction|keyboard_median_inter_event_interval_ms|median_unlocked_session_duration_seconds,67.23357536499334
14,1,002,64,104.8,97.3421875,95.65615396557921,message_distinct_event_count|telephony_network_type_diversity|touch_app_diversity|touch_scroll_index_change_median|unique_gsm_cell_count|touch_scroll_event_count|activity_unknown_fraction|keyboard_median_inter_event_interval_ms,356.2247890262444
14,1,003,11,106.5,97.3421875,97.11845841717793,message_distinct_event_count|telephony_network_type_diversity|touch_app_diversity|touch_scroll_index_change_median|unique_gsm_cell_count|touch_scroll_event_count|activity_unknown_fraction|keyboard_median_inter_event_interval_ms,356.2247890262444
14,1,018,79,96.1,97.3421875,96.05028851054873,message_distinct_event_count|telephony_network_type_diversity|touch_app_diversity|touch_scroll_index_change_median|unique_gsm_cell_count|touch_scroll_event_count|activity_unknown_fraction|keyboard_median_inter_event_interval_ms,356.2247890262444
14,1,023,20,101.0,97.3421875,97.69089919047303,message_distinct_event_count|telephony_network_type_diversity|touch_app_diversity|touch_scroll_index_change_median|unique_gsm_cell_count|touch_scroll_event_count|activity_unknown_fraction|keyboard_median_inter_event_interval_ms,356.2247890262444
14,1,030,13,103.8,97.3421875,96.31980988412722,message_distinct_event_count|telephony_network_type_diversity|touch_app_diversity|touch_scroll_index_change_median|unique_gsm_cell_count|touch_scroll_event_count|activity_unknown_fraction|keyboard_median_inter_event_interval_ms,356.2247890262444
14,1,031,67,96.3,97.3421875,97.99998691951323,message_distinct_event_count|telephony_network_type_diversity|touch_app_diversity|touch_scroll_index_change_median|unique_gsm_cell_count|touch_scroll_event_count|activity_unknown_fraction|keyboard_median_inter_event_interval_ms,356.2247890262444
14,1,038,50,94.5,97.3421875,99.16751314925381,message_distinct_event_count|telephony_network_type_diversity|touch_app_diversity|touch_scroll_index_change_median|unique_gsm_cell_count|touch_scroll_event_count|activity_unknown_fraction|keyboard_median_inter_event_interval_ms,356.2247890262444
14,1,041,15,119.4,97.3421875,96.30979421986628,message_distinct_event_count|telephony_network_type_diversity|touch_app_diversity|touch_scroll_index_change_median|unique_gsm_cell_count|touch_scroll_event_count|activity_unknown_fraction|keyboard_median_inter_event_interval_ms,356.2247890262444
14,1,044,44,108.3,97.3421875,99.16751314925381,message_distinct_event_count|telephony_network_type_diversity|touch_app_diversity|touch_scroll_index_change_median|unique_gsm_cell_count|touch_scroll_event_count|activity_unknown_fraction|keyboard_median_inter_event_interval_ms,356.2247890262444
14,1,045,51,93.4,97.3421875,97.57932964467797,message_distinct_event_count|telephony_network_type_diversity|touch_app_diversity|touch_scroll_index_change_median|unique_gsm_cell_count|touch_scroll_event_count|activity_unknown_fraction|keyboard_median_inter_event_interval_ms,356.2247890262444
14,1,048,7,95.2,97.3421875,99.16751314925381,message_distinct_event_count|telephony_network_type_diversity|touch_app_diversity|touch_scroll_index_change_median|unique_gsm_cell_count|touch_scroll_event_count|activity_unknown_fraction|keyboard_median_inter_event_interval_ms,356.2247890262444
14,1,052,22,90.6,97.3421875,96.29770867168946,message_distinct_event_count|telephony_network_type_diversity|touch_app_diversity|touch_scroll_index_change_median|unique_gsm_cell_count|touch_scroll_event_count|activity_unknown_fraction|keyboard_median_inter_event_interval_ms,356.2247890262444
14,1,069,46,85.9,97.3421875,96.43705998691422,message_distinct_event_count|telephony_network_type_diversity|touch_app_diversity|touch_scroll_index_change_median|unique_gsm_cell_count|touch_scroll_event_count|activity_unknown_fraction|keyboard_median_inter_event_interval_ms,356.2247890262444
14,1,073,30,95.7,97.3421875,99.16751314925381,message_distinct_event_count|telephony_network_type_diversity|touch_app_diversity|touch_scroll_index_change_median|unique_gsm_cell_count|touch_scroll_event_count|activity_unknown_fraction|keyboard_median_inter_event_interval_ms,356.2247890262444
14,1,076,71,107.5,97.3421875,96.20318496285252,message_distinct_event_count|telephony_network_type_diversity|touch_app_diversity|touch_scroll_index_change_median|unique_gsm_cell_count|touch_scroll_event_count|activity_unknown_fraction|keyboard_median_inter_event_interval_ms,356.2247890262444
14,1,079,47,101.3,97.3421875,96.43669317937609,message_distinct_event_count|telephony_network_type_diversity|touch_app_diversity|touch_scroll_index_change_median|unique_gsm_cell_count|touch_scroll_event_count|activity_unknown_fraction|keyboard_median_inter_event_interval_ms,356.2247890262444
14,1,096,87,102.1,97.3421875,96.80546143864295,message_distinct_event_count|telephony_network_type_diversity|touch_app_diversity|touch_scroll_index_change_median|unique_gsm_cell_count|touch_scroll_event_count|activity_unknown_fraction|keyboard_median_inter_event_interval_ms,356.2247890262444
14,2,004,5,101.0,98.79538461538462,98.5588445591789,keyboard_deletion_event_count|keyboard_long_pause_count_2s|screen_unlock_event_count|app_foreground_event_count|touch_app_diversity|telephony_mobile_data_enabled_fraction|touch_scroll_event_count|keyboard_median_inter_event_interval_ms,67.23357536499334
14,2,005,9,81.1,98.79538461538462,96.59845433912567,keyboard_deletion_event_count|keyboard_long_pause_count_2s|screen_unlock_event_count|app_foreground_event_count|touch_app_diversity|telephony_mobile_data_enabled_fraction|touch_scroll_event_count|keyboard_median_inter_event_interval_ms,67.23357536499334
14,2,006,8,90.1,98.79538461538462,96.15472988373998,keyboard_deletion_event_count|keyboard_long_pause_count_2s|screen_unlock_event_count|app_foreground_event_count|touch_app_diversity|telephony_mobile_data_enabled_fraction|touch_scroll_event_count|keyboard_median_inter_event_interval_ms,67.23357536499334
14,2,010,35,100.0,98.79538461538462,99.57265376299651,keyboard_deletion_event_count|keyboard_long_pause_count_2s|screen_unlock_event_count|app_foreground_event_count|touch_app_diversity|telephony_mobile_data_enabled_fraction|touch_scroll_event_count|keyboard_median_inter_event_interval_ms,67.23357536499334
14,2,014,21,104.0,98.79538461538462,100.73156690578976,keyboard_deletion_event_count|keyboard_long_pause_count_2s|screen_unlock_event_count|app_foreground_event_count|touch_app_diversity|telephony_mobile_data_enabled_fraction|touch_scroll_event_count|keyboard_median_inter_event_interval_ms,67.23357536499334
14,2,025,16,104.9,98.79538461538462,100.73156690578976,keyboard_deletion_event_count|keyboard_long_pause_count_2s|screen_unlock_event_count|app_foreground_event_count|touch_app_diversity|telephony_mobile_data_enabled_fraction|touch_scroll_event_count|keyboard_median_inter_event_interval_ms,67.23357536499334
14,2,037,48,101.9,98.79538461538462,98.36273220127427,keyboard_deletion_event_count|keyboard_long_pause_count_2s|screen_unlock_event_count|app_foreground_event_count|touch_app_diversity|telephony_mobile_data_enabled_fraction|touch_scroll_event_count|keyboard_median_inter_event_interval_ms,67.23357536499334
14,2,043,42,95.5,98.79538461538462,98.6880378060032,keyboard_deletion_event_count|keyboard_long_pause_count_2s|screen_unlock_event_count|app_foreground_event_count|touch_app_diversity|telephony_mobile_data_enabled_fraction|touch_scroll_event_count|keyboard_median_inter_event_interval_ms,67.23357536499334
14,2,050,39,104.4,98.79538461538462,99.35196430704586,keyboard_deletion_event_count|keyboard_long_pause_count_2s|screen_unlock_event_count|app_foreground_event_count|touch_app_diversity|telephony_mobile_data_enabled_fraction|touch_scroll_event_count|keyboard_median_inter_event_interval_ms,67.23357536499334
14,2,064,69,99.3,98.79538461538462,95.10005405743904,keyboard_deletion_event_count|keyboard_long_pause_count_2s|screen_unlock_event_count|app_foreground_event_count|touch_app_diversity|telephony_mobile_data_enabled_fraction|touch_scroll_event_count|keyboard_median_inter_event_interval_ms,67.23357536499334
14,2,066,43,99.4,98.79538461538462,97.89931612900669,keyboard_deletion_event_count|keyboard_long_pause_count_2s|screen_unlock_event_count|app_foreground_event_count|touch_app_diversity|telephony_mobile_data_enabled_fraction|touch_scroll_event_count|keyboard_median_inter_event_interval_ms,67.23357536499334
14,2,067,25,87.1,98.79538461538462,101.3289318576102,keyboard_deletion_event_count|keyboard_long_pause_count_2s|screen_unlock_event_count|app_foreground_event_count|touch_app_diversity|telephony_mobile_data_enabled_fraction|touch_scroll_event_count|keyboard_median_inter_event_interval_ms,67.23357536499334
14,2,077,77,87.8,98.79538461538462,97.93812776792147,keyboard_deletion_event_count|keyboard_long_pause_count_2s|screen_unlock_event_count|app_foreground_event_count|touch_app_diversity|telephony_mobile_data_enabled_fraction|touch_scroll_event_count|keyboard_median_inter_event_interval_ms,67.23357536499334
14,2,081,55,82.2,98.79538461538462,97.71943837728605,keyboard_deletion_event_count|keyboard_long_pause_count_2s|screen_unlock_event_count|app_foreground_event_count|touch_app_diversity|telephony_mobile_data_enabled_fraction|touch_scroll_event_count|keyboard_median_inter_event_interval_ms,67.23357536499334
14,2,082,70,92.0,98.79538461538462,99.78073593695215,keyboard_deletion_event_count|keyboard_long_pause_count_2s|screen_unlock_event_count|app_foreground_event_count|touch_app_diversity|telephony_mobile_data_enabled_fraction|touch_scroll_event_count|keyboard_median_inter_event_interval_ms,67.23357536499334
14,2,090,56,79.9,98.79538461538462,100.73156690578976,keyboard_deletion_event_count|keyboard_long_pause_count_2s|screen_unlock_event_count|app_foreground_event_count|touch_app_diversity|telephony_mobile_data_enabled_fraction|touch_scroll_event_count|keyboard_median_inter_event_interval_ms,67.23357536499334
14,3,013,10,109.6,97.61538461538461,100.52683170315139,message_distinct_event_count|screen_off_event_count|unique_gsm_cell_count|keyboard_long_pause_count_2s|touch_app_diversity|median_unlocked_session_duration_seconds|activity_unknown_fraction|keyboard_median_inter_event_interval_ms,38.56620421163472
14,3,019,28,103.7,97.61538461538461,100.52683170315139,message_distinct_event_count|screen_off_event_count|unique_gsm_cell_count|keyboard_long_pause_count_2s|touch_app_diversity|median_unlocked_session_duration_seconds|activity_unknown_fraction|keyboard_median_inter_event_interval_ms,38.56620421163472
14,3,021,17,97.8,97.61538461538461,96.8496880273047,message_distinct_event_count|screen_off_event_count|unique_gsm_cell_count|keyboard_long_pause_count_2s|touch_app_diversity|median_unlocked_session_duration_seconds|activity_unknown_fraction|keyboard_median_inter_event_interval_ms,38.56620421163472
14,3,024,68,103.4,97.61538461538461,98.81586213721467,message_distinct_event_count|screen_off_event_count|unique_gsm_cell_count|keyboard_long_pause_count_2s|touch_app_diversity|median_unlocked_session_duration_seconds|activity_unknown_fraction|keyboard_median_inter_event_interval_ms,38.56620421163472
14,3,034,73,101.8,97.61538461538461,99.15286827085889,message_distinct_event_count|screen_off_event_count|unique_gsm_cell_count|keyboard_long_pause_count_2s|touch_app_diversity|median_unlocked_session_duration_seconds|activity_unknown_fraction|keyboard_median_inter_event_interval_ms,38.56620421163472
14,3,035,54,98.1,97.61538461538461,95.34240074612077,message_distinct_event_count|screen_off_event_count|unique_gsm_cell_count|keyboard_long_pause_count_2s|touch_app_diversity|median_unlocked_session_duration_seconds|activity_unknown_fraction|keyboard_median_inter_event_interval_ms,38.56620421163472
14,3,036,19,93.0,97.61538461538461,100.52683170315139,message_distinct_event_count|screen_off_event_count|unique_gsm_cell_count|keyboard_long_pause_count_2s|touch_app_diversity|median_unlocked_session_duration_seconds|activity_unknown_fraction|keyboard_median_inter_event_interval_ms,38.56620421163472
14,3,042,14,83.8,97.61538461538461,93.99762042462166,message_distinct_event_count|screen_off_event_count|unique_gsm_cell_count|keyboard_long_pause_count_2s|touch_app_diversity|median_unlocked_session_duration_seconds|activity_unknown_fraction|keyboard_median_inter_event_interval_ms,38.56620421163472
14,3,046,66,101.8,97.61538461538461,93.66776403466076,message_distinct_event_count|screen_off_event_count|unique_gsm_cell_count|keyboard_long_pause_count_2s|touch_app_diversity|median_unlocked_session_duration_seconds|activity_unknown_fraction|keyboard_median_inter_event_interval_ms,38.56620421163472
14,3,053,32,104.6,97.61538461538461,94.52144631407594,message_distinct_event_count|screen_off_event_count|unique_gsm_cell_count|keyboard_long_pause_count_2s|touch_app_diversity|median_unlocked_session_duration_seconds|activity_unknown_fraction|keyboard_median_inter_event_interval_ms,38.56620421163472
14,3,060,26,96.9,97.61538461538461,96.96723709425805,message_distinct_event_count|screen_off_event_count|unique_gsm_cell_count|keyboard_long_pause_count_2s|touch_app_diversity|median_unlocked_session_duration_seconds|activity_unknown_fraction|keyboard_median_inter_event_interval_ms,38.56620421163472
14,3,078,84,106.2,97.61538461538461,106.9286354438703,message_distinct_event_count|screen_off_event_count|unique_gsm_cell_count|keyboard_long_pause_count_2s|touch_app_diversity|median_unlocked_session_duration_seconds|activity_unknown_fraction|keyboard_median_inter_event_interval_ms,38.56620421163472
14,3,086,76,95.7,97.61538461538461,99.64859192420343,message_distinct_event_count|screen_off_event_count|unique_gsm_cell_count|keyboard_long_pause_count_2s|touch_app_diversity|median_unlocked_session_duration_seconds|activity_unknown_fraction|keyboard_median_inter_event_interval_ms,38.56620421163472
14,3,089,61,109.3,97.61538461538461,88.42072612825132,message_distinct_event_count|screen_off_event_count|unique_gsm_cell_count|keyboard_long_pause_count_2s|touch_app_diversity|median_unlocked_session_duration_seconds|activity_unknown_fraction|keyboard_median_inter_event_interval_ms,38.56620421163472
14,3,091,60,82.0,97.61538461538461,93.26750204686938,message_distinct_event_count|screen_off_event_count|unique_gsm_cell_count|keyboard_long_pause_count_2s|touch_app_diversity|median_unlocked_session_duration_seconds|activity_unknown_fraction|keyboard_median_inter_event_interval_ms,38.56620421163472
14,3,093,82,99.6,97.61538461538461,99.68524543220502,message_distinct_event_count|screen_off_event_count|unique_gsm_cell_count|keyboard_long_pause_count_2s|touch_app_diversity|median_unlocked_session_duration_seconds|activity_unknown_fraction|keyboard_median_inter_event_interval_ms,38.56620421163472
14,4,011,74,88.0,97.62307692307692,95.37949382833898,keyboard_deletion_event_count|message_distinct_event_count|keyboard_long_pause_count_2s|screen_unlock_event_count|unique_gsm_cell_count|median_unlocked_session_duration_seconds|keyboard_median_inter_event_interval_ms|app_use_diversity,38.56620421163472
14,4,015,12,95.9,97.62307692307692,94.76301920282152,keyboard_deletion_event_count|message_distinct_event_count|keyboard_long_pause_count_2s|screen_unlock_event_count|unique_gsm_cell_count|median_unlocked_session_duration_seconds|keyboard_median_inter_event_interval_ms|app_use_diversity,38.56620421163472
14,4,022,52,107.2,97.62307692307692,97.27947073496004,keyboard_deletion_event_count|message_distinct_event_count|keyboard_long_pause_count_2s|screen_unlock_event_count|unique_gsm_cell_count|median_unlocked_session_duration_seconds|keyboard_median_inter_event_interval_ms|app_use_diversity,38.56620421163472
14,4,032,62,110.6,97.62307692307692,98.60824499925886,keyboard_deletion_event_count|message_distinct_event_count|keyboard_long_pause_count_2s|screen_unlock_event_count|unique_gsm_cell_count|median_unlocked_session_duration_seconds|keyboard_median_inter_event_interval_ms|app_use_diversity,38.56620421163472
14,4,039,27,99.3,97.62307692307692,131.30198978123508,keyboard_deletion_event_count|message_distinct_event_count|keyboard_long_pause_count_2s|screen_unlock_event_count|unique_gsm_cell_count|median_unlocked_session_duration_seconds|keyboard_median_inter_event_interval_ms|app_use_diversity,38.56620421163472
14,4,055,29,104.1,97.62307692307692,94.76316398873458,keyboard_deletion_event_count|message_distinct_event_count|keyboard_long_pause_count_2s|screen_unlock_event_count|unique_gsm_cell_count|median_unlocked_session_duration_seconds|keyboard_median_inter_event_interval_ms|app_use_diversity,38.56620421163472
14,4,057,37,93.7,97.62307692307692,99.79768152087912,keyboard_deletion_event_count|message_distinct_event_count|keyboard_long_pause_count_2s|screen_unlock_event_count|unique_gsm_cell_count|median_unlocked_session_duration_seconds|keyboard_median_inter_event_interval_ms|app_use_diversity,38.56620421163472
14,4,062,40,103.9,97.62307692307692,96.58756510016494,keyboard_deletion_event_count|message_distinct_event_count|keyboard_long_pause_count_2s|screen_unlock_event_count|unique_gsm_cell_count|median_unlocked_session_duration_seconds|keyboard_median_inter_event_interval_ms|app_use_diversity,38.56620421163472
14,4,071,33,99.6,97.62307692307692,96.05369188672847,keyboard_deletion_event_count|message_distinct_event_count|keyboard_long_pause_count_2s|screen_unlock_event_count|unique_gsm_cell_count|median_unlocked_session_duration_seconds|keyboard_median_inter_event_interval_ms|app_use_diversity,38.56620421163472
14,4,075,53,89.1,97.62307692307692,108.00571412621989,keyboard_deletion_event_count|message_distinct_event_count|keyboard_long_pause_count_2s|screen_unlock_event_count|unique_gsm_cell_count|median_unlocked_session_duration_seconds|keyboard_median_inter_event_interval_ms|app_use_diversity,38.56620421163472
14,4,080,31,95.7,97.62307692307692,93.8756554458715,keyboard_deletion_event_count|message_distinct_event_count|keyboard_long_pause_count_2s|screen_unlock_event_count|unique_gsm_cell_count|median_unlocked_session_duration_seconds|keyboard_median_inter_event_interval_ms|app_use_diversity,38.56620421163472
14,4,083,36,102.8,97.62307692307692,95.4891540612333,keyboard_deletion_event_count|message_distinct_event_count|keyboard_long_pause_count_2s|screen_unlock_event_count|unique_gsm_cell_count|median_unlocked_session_duration_seconds|keyboard_median_inter_event_interval_ms|app_use_diversity,38.56620421163472
14,4,084,49,87.5,97.62307692307692,95.08958638883819,keyboard_deletion_event_count|message_distinct_event_count|keyboard_long_pause_count_2s|screen_unlock_event_count|unique_gsm_cell_count|median_unlocked_session_duration_seconds|keyboard_median_inter_event_interval_ms|app_use_diversity,38.56620421163472
14,4,085,81,100.0,97.62307692307692,99.86841696121613,keyboard_deletion_event_count|message_distinct_event_count|keyboard_long_pause_count_2s|screen_unlock_event_count|unique_gsm_cell_count|median_unlocked_session_duration_seconds|keyboard_median_inter_event_interval_ms|app_use_diversity,38.56620421163472
14,4,087,72,100.3,97.62307692307692,97.73230782371789,keyboard_deletion_event_count|message_distinct_event_count|keyboard_long_pause_count_2s|screen_unlock_event_count|unique_gsm_cell_count|median_unlocked_session_duration_seconds|keyboard_median_inter_event_interval_ms|app_use_diversity,38.56620421163472
14,4,092,63,109.1,97.62307692307692,100.1481109247346,keyboard_deletion_event_count|message_distinct_event_count|keyboard_long_pause_count_2s|screen_unlock_event_count|unique_gsm_cell_count|median_unlocked_session_duration_seconds|keyboard_median_inter_event_interval_ms|app_use_diversity,38.56620421163472
14,5,007,57,108.2,98.26307692307692,98.25565122056324,touch_app_diversity|touch_scroll_index_change_median|app_foreground_event_count|keyboard_inter_event_interval_iqr_ms|touch_active_hour_count|telephony_mobile_data_enabled_fraction|median_unlocked_session_duration_seconds|keyboard_median_inter_event_interval_ms,10000.0
14,5,012,4,75.6,98.26307692307692,98.2603339326706,touch_app_diversity|touch_scroll_index_change_median|app_foreground_event_count|keyboard_inter_event_interval_iqr_ms|touch_active_hour_count|telephony_mobile_data_enabled_fraction|median_unlocked_session_duration_seconds|keyboard_median_inter_event_interval_ms,10000.0
14,5,020,18,90.0,98.26307692307692,98.26888752858225,touch_app_diversity|touch_scroll_index_change_median|app_foreground_event_count|keyboard_inter_event_interval_iqr_ms|touch_active_hour_count|telephony_mobile_data_enabled_fraction|median_unlocked_session_duration_seconds|keyboard_median_inter_event_interval_ms,10000.0
14,5,026,75,104.1,98.26307692307692,98.27923865583077,touch_app_diversity|touch_scroll_index_change_median|app_foreground_event_count|keyboard_inter_event_interval_iqr_ms|touch_active_hour_count|telephony_mobile_data_enabled_fraction|median_unlocked_session_duration_seconds|keyboard_median_inter_event_interval_ms,10000.0
14,5,028,45,93.5,98.26307692307692,98.25651852885814,touch_app_diversity|touch_scroll_index_change_median|app_foreground_event_count|keyboard_inter_event_interval_iqr_ms|touch_active_hour_count|telephony_mobile_data_enabled_fraction|median_unlocked_session_duration_seconds|keyboard_median_inter_event_interval_ms,10000.0
14,5,029,80,100.2,98.26307692307692,98.2660122412353,touch_app_diversity|touch_scroll_index_change_median|app_foreground_event_count|keyboard_inter_event_interval_iqr_ms|touch_active_hour_count|telephony_mobile_data_enabled_fraction|median_unlocked_session_duration_seconds|keyboard_median_inter_event_interval_ms,10000.0
14,5,040,65,92.8,98.26307692307692,98.2579765275003,touch_app_diversity|touch_scroll_index_change_median|app_foreground_event_count|keyboard_inter_event_interval_iqr_ms|touch_active_hour_count|telephony_mobile_data_enabled_fraction|median_unlocked_session_duration_seconds|keyboard_median_inter_event_interval_ms,10000.0
14,5,049,85,91.6,98.26307692307692,98.23796234686245,touch_app_diversity|touch_scroll_index_change_median|app_foreground_event_count|keyboard_inter_event_interval_iqr_ms|touch_active_hour_count|telephony_mobile_data_enabled_fraction|median_unlocked_session_duration_seconds|keyboard_median_inter_event_interval_ms,10000.0
14,5,056,38,109.6,98.26307692307692,98.26948066489203,touch_app_diversity|touch_scroll_index_change_median|app_foreground_event_count|keyboard_inter_event_interval_iqr_ms|touch_active_hour_count|telephony_mobile_data_enabled_fraction|median_unlocked_session_duration_seconds|keyboard_median_inter_event_interval_ms,10000.0
14,5,058,59,76.2,98.26307692307692,98.2437160362641,touch_app_diversity|touch_scroll_index_change_median|app_foreground_event_count|keyboard_inter_event_interval_iqr_ms|touch_active_hour_count|telephony_mobile_data_enabled_fraction|median_unlocked_session_duration_seconds|keyboard_median_inter_event_interval_ms,10000.0
14,5,061,58,92.7,98.26307692307692,98.27262172462783,touch_app_diversity|touch_scroll_index_change_median|app_foreground_event_count|keyboard_inter_event_interval_iqr_ms|touch_active_hour_count|telephony_mobile_data_enabled_fraction|median_unlocked_session_duration_seconds|keyboard_median_inter_event_interval_ms,10000.0
14,5,068,34,97.8,98.26307692307692,98.26948066489203,touch_app_diversity|touch_scroll_index_change_median|app_foreground_event_count|keyboard_inter_event_interval_iqr_ms|touch_active_hour_count|telephony_mobile_data_enabled_fraction|median_unlocked_session_duration_seconds|keyboard_median_inter_event_interval_ms,10000.0
14,5,070,24,95.5,98.26307692307692,98.24607174059662,touch_app_diversity|touch_scroll_index_change_median|app_foreground_event_count|keyboard_inter_event_interval_iqr_ms|touch_active_hour_count|telephony_mobile_data_enabled_fraction|median_unlocked_session_duration_seconds|keyboard_median_inter_event_interval_ms,10000.0
14,5,072,83,106.1,98.26307692307692,98.26376128156437,touch_app_diversity|touch_scroll_index_change_median|app_foreground_event_count|keyboard_inter_event_interval_iqr_ms|touch_active_hour_count|telephony_mobile_data_enabled_fraction|median_unlocked_session_duration_seconds|keyboard_median_inter_event_interval_ms,10000.0
14,5,074,41,111.8,98.26307692307692,98.26948066489203,touch_app_diversity|touch_scroll_index_change_median|app_foreground_event_count|keyboard_inter_event_interval_iqr_ms|touch_active_hour_count|telephony_mobile_data_enabled_fraction|median_unlocked_session_duration_seconds|keyboard_median_inter_event_interval_ms,10000.0
14,5,095,86,99.5,98.26307692307692,98.27895869137369,touch_app_diversity|touch_scroll_index_change_median|app_foreground_event_count|keyboard_inter_event_interval_iqr_ms|touch_active_hour_count|telephony_mobile_data_enabled_fraction|median_unlocked_session_duration_seconds|keyboard_median_inter_event_interval_ms,10000.0
15,1,002,64,104.8,97.38749999999999,95.47802120705154,touch_app_diversity|touch_unique_app_count|keyboard_long_pause_count_2s|touch_scroll_index_change_median|unique_gsm_cell_count|telephony_mobile_data_enabled_fraction|median_unlocked_session_duration_seconds|activity_state_diversity,204.33597178569437
15,1,003,11,106.5,97.38749999999999,96.79636373197076,touch_app_diversity|touch_unique_app_count|keyboard_long_pause_count_2s|touch_scroll_index_change_median|unique_gsm_cell_count|telephony_mobile_data_enabled_fraction|median_unlocked_session_duration_seconds|activity_state_diversity,204.33597178569437
15,1,007,57,108.2,97.38749999999999,96.41885464056342,touch_app_diversity|touch_unique_app_count|keyboard_long_pause_count_2s|touch_scroll_index_change_median|unique_gsm_cell_count|telephony_mobile_data_enabled_fraction|median_unlocked_session_duration_seconds|activity_state_diversity,204.33597178569437
15,1,018,79,96.1,97.38749999999999,96.03141243034241,touch_app_diversity|touch_unique_app_count|keyboard_long_pause_count_2s|touch_scroll_index_change_median|unique_gsm_cell_count|telephony_mobile_data_enabled_fraction|median_unlocked_session_duration_seconds|activity_state_diversity,204.33597178569437
15,1,019,28,103.7,97.38749999999999,99.36388587744631,touch_app_diversity|touch_unique_app_count|keyboard_long_pause_count_2s|touch_scroll_index_change_median|unique_gsm_cell_count|telephony_mobile_data_enabled_fraction|median_unlocked_session_duration_seconds|activity_state_diversity,204.33597178569437
15,1,021,17,97.8,97.38749999999999,98.20135439742367,touch_app_diversity|touch_unique_app_count|keyboard_long_pause_count_2s|touch_scroll_index_change_median|unique_gsm_cell_count|telephony_mobile_data_enabled_fraction|median_unlocked_session_duration_seconds|activity_state_diversity,204.33597178569437
15,1,032,62,110.6,97.38749999999999,98.32914843379628,touch_app_diversity|touch_unique_app_count|keyboard_long_pause_count_2s|touch_scroll_index_change_median|unique_gsm_cell_count|telephony_mobile_data_enabled_fraction|median_unlocked_session_duration_seconds|activity_state_diversity,204.33597178569437
15,1,034,73,101.8,97.38749999999999,96.47835786711411,touch_app_diversity|touch_unique_app_count|keyboard_long_pause_count_2s|touch_scroll_index_change_median|unique_gsm_cell_count|telephony_mobile_data_enabled_fraction|median_unlocked_session_duration_seconds|activity_state_diversity,204.33597178569437
15,1,040,65,92.8,97.38749999999999,96.7612635531879,touch_app_diversity|touch_unique_app_count|keyboard_long_pause_count_2s|touch_scroll_index_change_median|unique_gsm_cell_count|telephony_mobile_data_enabled_fraction|median_unlocked_session_duration_seconds|activity_state_diversity,204.33597178569437
15,1,048,7,95.2,97.38749999999999,99.36388587744631,touch_app_diversity|touch_unique_app_count|keyboard_long_pause_count_2s|touch_scroll_index_change_median|unique_gsm_cell_count|telephony_mobile_data_enabled_fraction|median_unlocked_session_duration_seconds|activity_state_diversity,204.33597178569437
15,1,049,85,91.6,97.38749999999999,96.31296093442526,touch_app_diversity|touch_unique_app_count|keyboard_long_pause_count_2s|touch_scroll_index_change_median|unique_gsm_cell_count|telephony_mobile_data_enabled_fraction|median_unlocked_session_duration_seconds|activity_state_diversity,204.33597178569437
15,1,050,39,104.4,97.38749999999999,97.08036155302642,touch_app_diversity|touch_unique_app_count|keyboard_long_pause_count_2s|touch_scroll_index_change_median|unique_gsm_cell_count|telephony_mobile_data_enabled_fraction|median_unlocked_session_duration_seconds|activity_state_diversity,204.33597178569437
15,1,064,69,99.3,97.38749999999999,96.18716883830992,touch_app_diversity|touch_unique_app_count|keyboard_long_pause_count_2s|touch_scroll_index_change_median|unique_gsm_cell_count|telephony_mobile_data_enabled_fraction|median_unlocked_session_duration_seconds|activity_state_diversity,204.33597178569437
15,1,070,24,95.5,97.38749999999999,96.73596126124359,touch_app_diversity|touch_unique_app_count|keyboard_long_pause_count_2s|touch_scroll_index_change_median|unique_gsm_cell_count|telephony_mobile_data_enabled_fraction|median_unlocked_session_duration_seconds|activity_state_diversity,204.33597178569437
15,1,071,33,99.6,97.38749999999999,97.13509230281943,touch_app_diversity|touch_unique_app_count|keyboard_long_pause_count_2s|touch_scroll_index_change_median|unique_gsm_cell_count|telephony_mobile_data_enabled_fraction|median_unlocked_session_duration_seconds|activity_state_diversity,204.33597178569437
15,1,082,70,92.0,97.38749999999999,96.82642843213154,touch_app_diversity|touch_unique_app_count|keyboard_long_pause_count_2s|touch_scroll_index_change_median|unique_gsm_cell_count|telephony_mobile_data_enabled_fraction|median_unlocked_session_duration_seconds|activity_state_diversity,204.33597178569437
15,1,093,82,99.6,97.38749999999999,97.15052080481318,touch_app_diversity|touch_unique_app_count|keyboard_long_pause_count_2s|touch_scroll_index_change_median|unique_gsm_cell_count|telephony_mobile_data_enabled_fraction|median_unlocked_session_duration_seconds|activity_state_diversity,204.33597178569437
15,2,006,8,90.1,98.14307692307693,97.40916061390946,unique_gsm_lac_count|message_distinct_event_count|screen_unlock_event_count|touch_app_diversity|unique_gsm_cell_count|telephony_mobile_data_enabled_fraction|activity_unknown_fraction|keyboard_median_inter_event_interval_ms,7.278953843983154
15,2,020,18,90.0,98.14307692307693,89.76008983131824,unique_gsm_lac_count|message_distinct_event_count|screen_unlock_event_count|touch_app_diversity|unique_gsm_cell_count|telephony_mobile_data_enabled_fraction|activity_unknown_fraction|keyboard_median_inter_event_interval_ms,7.278953843983154
15,2,026,75,104.1,98.14307692307693,99.60389462165341,unique_gsm_lac_count|message_distinct_event_count|screen_unlock_event_count|touch_app_diversity|unique_gsm_cell_count|telephony_mobile_data_enabled_fraction|activity_unknown_fraction|keyboard_median_inter_event_interval_ms,7.278953843983154
15,2,031,67,96.3,98.14307692307693,98.9420613571043,unique_gsm_lac_count|message_distinct_event_count|screen_unlock_event_count|touch_app_diversity|unique_gsm_cell_count|telephony_mobile_data_enabled_fraction|activity_unknown_fraction|keyboard_median_inter_event_interval_ms,7.278953843983154
15,2,057,37,93.7,98.14307692307693,101.44663339160974,unique_gsm_lac_count|message_distinct_event_count|screen_unlock_event_count|touch_app_diversity|unique_gsm_cell_count|telephony_mobile_data_enabled_fraction|activity_unknown_fraction|keyboard_median_inter_event_interval_ms,7.278953843983154
15,2,062,40,103.9,98.14307692307693,89.45568107377234,unique_gsm_lac_count|message_distinct_event_count|screen_unlock_event_count|touch_app_diversity|unique_gsm_cell_count|telephony_mobile_data_enabled_fraction|activity_unknown_fraction|keyboard_median_inter_event_interval_ms,7.278953843983154
15,2,066,43,99.4,98.14307692307693,92.88200710235452,unique_gsm_lac_count|message_distinct_event_count|screen_unlock_event_count|touch_app_diversity|unique_gsm_cell_count|telephony_mobile_data_enabled_fraction|activity_unknown_fraction|keyboard_median_inter_event_interval_ms,7.278953843983154
15,2,067,25,87.1,98.14307692307693,102.31325632308221,unique_gsm_lac_count|message_distinct_event_count|screen_unlock_event_count|touch_app_diversity|unique_gsm_cell_count|telephony_mobile_data_enabled_fraction|activity_unknown_fraction|keyboard_median_inter_event_interval_ms,7.278953843983154
15,2,076,71,107.5,98.14307692307693,94.19210852689255,unique_gsm_lac_count|message_distinct_event_count|screen_unlock_event_count|touch_app_diversity|unique_gsm_cell_count|telephony_mobile_data_enabled_fraction|activity_unknown_fraction|keyboard_median_inter_event_interval_ms,7.278953843983154
15,2,078,84,106.2,98.14307692307693,116.63332193748673,unique_gsm_lac_count|message_distinct_event_count|screen_unlock_event_count|touch_app_diversity|unique_gsm_cell_count|telephony_mobile_data_enabled_fraction|activity_unknown_fraction|keyboard_median_inter_event_interval_ms,7.278953843983154
15,2,083,36,102.8,98.14307692307693,95.9883039233623,unique_gsm_lac_count|message_distinct_event_count|screen_unlock_event_count|touch_app_diversity|unique_gsm_cell_count|telephony_mobile_data_enabled_fraction|activity_unknown_fraction|keyboard_median_inter_event_interval_ms,7.278953843983154
15,2,084,49,87.5,98.14307692307693,97.18267750311523,unique_gsm_lac_count|message_distinct_event_count|screen_unlock_event_count|touch_app_diversity|unique_gsm_cell_count|telephony_mobile_data_enabled_fraction|activity_unknown_fraction|keyboard_median_inter_event_interval_ms,7.278953843983154
15,2,086,76,95.7,98.14307692307693,103.91938466559527,unique_gsm_lac_count|message_distinct_event_count|screen_unlock_event_count|touch_app_diversity|unique_gsm_cell_count|telephony_mobile_data_enabled_fraction|activity_unknown_fraction|keyboard_median_inter_event_interval_ms,7.278953843983154
15,2,089,61,109.3,98.14307692307693,88.35106389349836,unique_gsm_lac_count|message_distinct_event_count|screen_unlock_event_count|touch_app_diversity|unique_gsm_cell_count|telephony_mobile_data_enabled_fraction|activity_unknown_fraction|keyboard_median_inter_event_interval_ms,7.278953843983154
15,2,090,56,79.9,98.14307692307693,103.07789002231291,unique_gsm_lac_count|message_distinct_event_count|screen_unlock_event_count|touch_app_diversity|unique_gsm_cell_count|telephony_mobile_data_enabled_fraction|activity_unknown_fraction|keyboard_median_inter_event_interval_ms,7.278953843983154
15,2,095,86,99.5,98.14307692307693,102.53048405877911,unique_gsm_lac_count|message_distinct_event_count|screen_unlock_event_count|touch_app_diversity|unique_gsm_cell_count|telephony_mobile_data_enabled_fraction|activity_unknown_fraction|keyboard_median_inter_event_interval_ms,7.278953843983154
15,3,005,9,81.1,98.23384615384616,95.19463166880738,message_distinct_event_count|gsm_cell_transition_count|keyboard_long_pause_count_2s|screen_unlock_event_count|screen_event_count|telephony_mobile_data_enabled_fraction|median_unlocked_session_duration_seconds|keyboard_median_inter_event_interval_ms,38.56620421163472
15,3,024,68,103.4,98.23384615384616,96.23649294263028,message_distinct_event_count|gsm_cell_transition_count|keyboard_long_pause_count_2s|screen_unlock_event_count|screen_event_count|telephony_mobile_data_enabled_fraction|median_unlocked_session_duration_seconds|keyboard_median_inter_event_interval_ms,38.56620421163472
15,3,028,45,93.5,98.23384615384616,97.70613353728558,message_distinct_event_count|gsm_cell_transition_count|keyboard_long_pause_count_2s|screen_unlock_event_count|screen_event_count|telephony_mobile_data_enabled_fraction|median_unlocked_session_duration_seconds|keyboard_median_inter_event_interval_ms,38.56620421163472
15,3,039,27,99.3,98.23384615384616,114.45215327028836,message_distinct_event_count|gsm_cell_transition_count|keyboard_long_pause_count_2s|screen_unlock_event_count|screen_event_count|telephony_mobile_data_enabled_fraction|median_unlocked_session_duration_seconds|keyboard_median_inter_event_interval_ms,38.56620421163472
15,3,043,42,95.5,98.23384615384616,94.35676242712134,message_distinct_event_count|gsm_cell_transition_count|keyboard_long_pause_count_2s|screen_unlock_event_count|screen_event_count|telephony_mobile_data_enabled_fraction|median_unlocked_session_duration_seconds|keyboard_median_inter_event_interval_ms,38.56620421163472
15,3,053,32,104.6,98.23384615384616,94.64779405800465,message_distinct_event_count|gsm_cell_transition_count|keyboard_long_pause_count_2s|screen_unlock_event_count|screen_event_count|telephony_mobile_data_enabled_fraction|median_unlocked_session_duration_seconds|keyboard_median_inter_event_interval_ms,38.56620421163472
15,3,055,29,104.1,98.23384615384616,97.24286212303913,message_distinct_event_count|gsm_cell_transition_count|keyboard_long_pause_count_2s|screen_unlock_event_count|screen_event_count|telephony_mobile_data_enabled_fraction|median_unlocked_session_duration_seconds|keyboard_median_inter_event_interval_ms,38.56620421163472
15,3,056,38,109.6,98.23384615384616,100.03699430476358,message_distinct_event_count|gsm_cell_transition_count|keyboard_long_pause_count_2s|screen_unlock_event_count|screen_event_count|telephony_mobile_data_enabled_fraction|median_unlocked_session_duration_seconds|keyboard_median_inter_event_interval_ms,38.56620421163472
15,3,058,59,76.2,98.23384615384616,95.02322625522876,message_distinct_event_count|gsm_cell_transition_count|keyboard_long_pause_count_2s|screen_unlock_event_count|screen_event_count|telephony_mobile_data_enabled_fraction|median_unlocked_session_duration_seconds|keyboard_median_inter_event_interval_ms,38.56620421163472
15,3,060,26,96.9,98.23384615384616,95.77455707716021,message_distinct_event_count|gsm_cell_transition_count|keyboard_long_pause_count_2s|screen_unlock_event_count|screen_event_count|telephony_mobile_data_enabled_fraction|median_unlocked_session_duration_seconds|keyboard_median_inter_event_interval_ms,38.56620421163472
15,3,061,58,92.7,98.23384615384616,97.16569372881446,message_distinct_event_count|gsm_cell_transition_count|keyboard_long_pause_count_2s|screen_unlock_event_count|screen_event_count|telephony_mobile_data_enabled_fraction|median_unlocked_session_duration_seconds|keyboard_median_inter_event_interval_ms,38.56620421163472
15,3,068,34,97.8,98.23384615384616,100.03699430476358,message_distinct_event_count|gsm_cell_transition_count|keyboard_long_pause_count_2s|screen_unlock_event_count|screen_event_count|telephony_mobile_data_enabled_fraction|median_unlocked_session_duration_seconds|keyboard_median_inter_event_interval_ms,38.56620421163472
15,3,079,47,101.3,98.23384615384616,93.80523095730805,message_distinct_event_count|gsm_cell_transition_count|keyboard_long_pause_count_2s|screen_unlock_event_count|screen_event_count|telephony_mobile_data_enabled_fraction|median_unlocked_session_duration_seconds|keyboard_median_inter_event_interval_ms,38.56620421163472
15,3,085,81,100.0,98.23384615384616,99.52651124131087,message_distinct_event_count|gsm_cell_transition_count|keyboard_long_pause_count_2s|screen_unlock_event_count|screen_event_count|telephony_mobile_data_enabled_fraction|median_unlocked_session_duration_seconds|keyboard_median_inter_event_interval_ms,38.56620421163472
15,3,091,60,82.0,98.23384615384616,98.8348547151174,message_distinct_event_count|gsm_cell_transition_count|keyboard_long_pause_count_2s|screen_unlock_event_count|screen_event_count|telephony_mobile_data_enabled_fraction|median_unlocked_session_duration_seconds|keyboard_median_inter_event_interval_ms,38.56620421163472
15,3,092,63,109.1,98.23384615384616,100.03699430476358,message_distinct_event_count|gsm_cell_transition_count|keyboard_long_pause_count_2s|screen_unlock_event_count|screen_event_count|telephony_mobile_data_enabled_fraction|median_unlocked_session_duration_seconds|keyboard_median_inter_event_interval_ms,38.56620421163472
15,4,004,5,101.0,98.14307692307693,100.28579978663268,keyboard_deletion_event_count|keyboard_long_pause_count_2s|activity_transition_count|screen_unlock_event_count|touch_app_diversity|median_unlocked_session_duration_seconds|telephony_event_count|keyboard_median_inter_event_interval_ms,38.56620421163472
15,4,010,35,100.0,98.14307692307693,99.63857894448482,keyboard_deletion_event_count|keyboard_long_pause_count_2s|activity_transition_count|screen_unlock_event_count|touch_app_diversity|median_unlocked_session_duration_seconds|telephony_event_count|keyboard_median_inter_event_interval_ms,38.56620421163472
15,4,011,74,88.0,98.14307692307693,99.52008851564014,keyboard_deletion_event_count|keyboard_long_pause_count_2s|activity_transition_count|screen_unlock_event_count|touch_app_diversity|median_unlocked_session_duration_seconds|telephony_event_count|keyboard_median_inter_event_interval_ms,38.56620421163472
15,4,012,4,75.6,98.14307692307693,100.19295423236356,keyboard_deletion_event_count|keyboard_long_pause_count_2s|activity_transition_count|screen_unlock_event_count|touch_app_diversity|median_unlocked_session_duration_seconds|telephony_event_count|keyboard_median_inter_event_interval_ms,38.56620421163472
15,4,013,10,109.6,98.14307692307693,99.15646594594062,keyboard_deletion_event_count|keyboard_long_pause_count_2s|activity_transition_count|screen_unlock_event_count|touch_app_diversity|median_unlocked_session_duration_seconds|telephony_event_count|keyboard_median_inter_event_interval_ms,38.56620421163472
15,4,014,21,104.0,98.14307692307693,99.15646594594062,keyboard_deletion_event_count|keyboard_long_pause_count_2s|activity_transition_count|screen_unlock_event_count|touch_app_diversity|median_unlocked_session_duration_seconds|telephony_event_count|keyboard_median_inter_event_interval_ms,38.56620421163472
15,4,025,16,104.9,98.14307692307693,99.15646594594062,keyboard_deletion_event_count|keyboard_long_pause_count_2s|activity_transition_count|screen_unlock_event_count|touch_app_diversity|median_unlocked_session_duration_seconds|telephony_event_count|keyboard_median_inter_event_interval_ms,38.56620421163472
15,4,035,54,98.1,98.14307692307693,97.68432135698596,keyboard_deletion_event_count|keyboard_long_pause_count_2s|activity_transition_count|screen_unlock_event_count|touch_app_diversity|median_unlocked_session_duration_seconds|telephony_event_count|keyboard_median_inter_event_interval_ms,38.56620421163472
15,4,036,19,93.0,98.14307692307693,99.15646594594062,keyboard_deletion_event_count|keyboard_long_pause_count_2s|activity_transition_count|screen_unlock_event_count|touch_app_diversity|median_unlocked_session_duration_seconds|telephony_event_count|keyboard_median_inter_event_interval_ms,38.56620421163472
15,4,037,48,101.9,98.14307692307693,97.45957406822235,keyboard_deletion_event_count|keyboard_long_pause_count_2s|activity_transition_count|screen_unlock_event_count|touch_app_diversity|median_unlocked_session_duration_seconds|telephony_event_count|keyboard_median_inter_event_interval_ms,38.56620421163472
15,4,044,44,108.3,98.14307692307693,99.15646594594062,keyboard_deletion_event_count|keyboard_long_pause_count_2s|activity_transition_count|screen_unlock_event_count|touch_app_diversity|median_unlocked_session_duration_seconds|telephony_event_count|keyboard_median_inter_event_interval_ms,38.56620421163472
15,4,045,51,93.4,98.14307692307693,98.45069789905858,keyboard_deletion_event_count|keyboard_long_pause_count_2s|activity_transition_count|screen_unlock_event_count|touch_app_diversity|median_unlocked_session_duration_seconds|telephony_event_count|keyboard_median_inter_event_interval_ms,38.56620421163472
15,4,052,22,90.6,98.14307692307693,97.07825056065849,keyboard_deletion_event_count|keyboard_long_pause_count_2s|activity_transition_count|screen_unlock_event_count|touch_app_diversity|median_unlocked_session_duration_seconds|telephony_event_count|keyboard_median_inter_event_interval_ms,38.56620421163472
15,4,081,55,82.2,98.14307692307693,98.40512029433053,keyboard_deletion_event_count|keyboard_long_pause_count_2s|activity_transition_count|screen_unlock_event_count|touch_app_diversity|median_unlocked_session_duration_seconds|telephony_event_count|keyboard_median_inter_event_interval_ms,38.56620421163472
15,4,087,72,100.3,98.14307692307693,98.34554673992581,keyboard_deletion_event_count|keyboard_long_pause_count_2s|activity_transition_count|screen_unlock_event_count|touch_app_diversity|median_unlocked_session_duration_seconds|telephony_event_count|keyboard_median_inter_event_interval_ms,38.56620421163472
15,4,096,87,102.1,98.14307692307693,96.34478155455412,keyboard_deletion_event_count|keyboard_long_pause_count_2s|activity_transition_count|screen_unlock_event_count|touch_app_diversity|median_unlocked_session_duration_seconds|telephony_event_count|keyboard_median_inter_event_interval_ms,38.56620421163472
15,5,015,12,95.9,97.7323076923077,97.67405715124862,touch_app_diversity|touch_active_hour_count|gsm_cell_transition_count|touch_unique_app_count|activity_transition_count|activity_unknown_fraction|keyboard_median_inter_event_interval_ms|median_unlocked_session_duration_seconds,10000.0
15,5,022,52,107.2,97.7323076923077,97.70775097208822,touch_app_diversity|touch_active_hour_count|gsm_cell_transition_count|touch_unique_app_count|activity_transition_count|activity_unknown_fraction|keyboard_median_inter_event_interval_ms|median_unlocked_session_duration_seconds,10000.0
15,5,023,20,101.0,97.7323076923077,97.76439465889351,touch_app_diversity|touch_active_hour_count|gsm_cell_transition_count|touch_unique_app_count|activity_transition_count|activity_unknown_fraction|keyboard_median_inter_event_interval_ms|median_unlocked_session_duration_seconds,10000.0
15,5,029,80,100.2,97.7323076923077,97.7131519096106,touch_app_diversity|touch_active_hour_count|gsm_cell_transition_count|touch_unique_app_count|activity_transition_count|activity_unknown_fraction|keyboard_median_inter_event_interval_ms|median_unlocked_session_duration_seconds,10000.0
15,5,030,13,103.8,97.7323076923077,97.72212311068536,touch_app_diversity|touch_active_hour_count|gsm_cell_transition_count|touch_unique_app_count|activity_transition_count|activity_unknown_fraction|keyboard_median_inter_event_interval_ms|median_unlocked_session_duration_seconds,10000.0
15,5,038,50,94.5,97.7323076923077,97.82712629499193,touch_app_diversity|touch_active_hour_count|gsm_cell_transition_count|touch_unique_app_count|activity_transition_count|activity_unknown_fraction|keyboard_median_inter_event_interval_ms|median_unlocked_session_duration_seconds,10000.0
15,5,041,15,119.4,97.7323076923077,97.73629358080414,touch_app_diversity|touch_active_hour_count|gsm_cell_transition_count|touch_unique_app_count|activity_transition_count|activity_unknown_fraction|keyboard_median_inter_event_interval_ms|median_unlocked_session_duration_seconds,10000.0
15,5,042,14,83.8,97.7323076923077,97.73548060102385,touch_app_diversity|touch_active_hour_count|gsm_cell_transition_count|touch_unique_app_count|activity_transition_count|activity_unknown_fraction|keyboard_median_inter_event_interval_ms|median_unlocked_session_duration_seconds,10000.0
15,5,046,66,101.8,97.7323076923077,97.68396859398673,touch_app_diversity|touch_active_hour_count|gsm_cell_transition_count|touch_unique_app_count|activity_transition_count|activity_unknown_fraction|keyboard_median_inter_event_interval_ms|median_unlocked_session_duration_seconds,10000.0
15,5,069,46,85.9,97.7323076923077,97.71554206102469,touch_app_diversity|touch_active_hour_count|gsm_cell_transition_count|touch_unique_app_count|activity_transition_count|activity_unknown_fraction|keyboard_median_inter_event_interval_ms|median_unlocked_session_duration_seconds,10000.0
15,5,072,83,106.1,97.7323076923077,97.69764809517288,touch_app_diversity|touch_active_hour_count|gsm_cell_transition_count|touch_unique_app_count|activity_transition_count|activity_unknown_fraction|keyboard_median_inter_event_interval_ms|median_unlocked_session_duration_seconds,10000.0
15,5,073,30,95.7,97.7323076923077,97.82712629499193,touch_app_diversity|touch_active_hour_count|gsm_cell_transition_count|touch_unique_app_count|activity_transition_count|activity_unknown_fraction|keyboard_median_inter_event_interval_ms|median_unlocked_session_duration_seconds,10000.0
15,5,074,41,111.8,97.7323076923077,97.82712629499193,touch_app_diversity|touch_active_hour_count|gsm_cell_transition_count|touch_unique_app_count|activity_transition_count|activity_unknown_fraction|keyboard_median_inter_event_interval_ms|median_unlocked_session_duration_seconds,10000.0
15,5,075,53,89.1,97.7323076923077,97.75660414973115,touch_app_diversity|touch_active_hour_count|gsm_cell_transition_count|touch_unique_app_count|activity_transition_count|activity_unknown_fraction|keyboard_median_inter_event_interval_ms|median_unlocked_session_duration_seconds,10000.0
15,5,077,77,87.8,97.7323076923077,97.70581157670834,touch_app_diversity|touch_active_hour_count|gsm_cell_transition_count|touch_unique_app_count|activity_transition_count|activity_unknown_fraction|keyboard_median_inter_event_interval_ms|median_unlocked_session_duration_seconds,10000.0
15,5,080,31,95.7,97.7323076923077,97.7218114378042,touch_app_diversity|touch_active_hour_count|gsm_cell_transition_count|touch_unique_app_count|activity_transition_count|activity_unknown_fraction|keyboard_median_inter_event_interval_ms|median_unlocked_session_duration_seconds,10000.0
16,1,002,64,104.8,98.4125,98.3566587367965,keyboard_long_pause_count_2s|touch_app_diversity|touch_unique_app_count|app_foreground_event_count|activity_transition_count|telephony_mobile_data_enabled_fraction|median_unlocked_session_duration_seconds|telephony_event_count,10000.0
16,1,020,18,90.0,98.4125,98.39826148860577,keyboard_long_pause_count_2s|touch_app_diversity|touch_unique_app_count|app_foreground_event_count|activity_transition_count|telephony_mobile_data_enabled_fraction|median_unlocked_session_duration_seconds|telephony_event_count,10000.0
16,1,022,52,107.2,98.4125,98.39145902208016,keyboard_long_pause_count_2s|touch_app_diversity|touch_unique_app_count|app_foreground_event_count|activity_transition_count|telephony_mobile_data_enabled_fraction|median_unlocked_session_duration_seconds|telephony_event_count,10000.0
16,1,031,67,96.3,98.4125,98.39944343085412,keyboard_long_pause_count_2s|touch_app_diversity|touch_unique_app_count|app_foreground_event_count|activity_transition_count|telephony_mobile_data_enabled_fraction|median_unlocked_session_duration_seconds|telephony_event_count,10000.0
16,1,036,19,93.0,98.4125,98.51729085044215,keyboard_long_pause_count_2s|touch_app_diversity|touch_unique_app_count|app_foreground_event_count|activity_transition_count|telephony_mobile_data_enabled_fraction|median_unlocked_session_duration_seconds|telephony_event_count,10000.0
16,1,045,51,93.4,98.4125,98.38173410698484,keyboard_long_pause_count_2s|touch_app_diversity|touch_unique_app_count|app_foreground_event_count|activity_transition_count|telephony_mobile_data_enabled_fraction|median_unlocked_session_duration_seconds|telephony_event_count,10000.0
16,1,048,7,95.2,98.4125,98.51729085044215,keyboard_long_pause_count_2s|touch_app_diversity|touch_unique_app_count|app_foreground_event_count|activity_transition_count|telephony_mobile_data_enabled_fraction|median_unlocked_session_duration_seconds|telephony_event_count,10000.0
16,1,049,85,91.6,98.4125,98.36037879770612,keyboard_long_pause_count_2s|touch_app_diversity|touch_unique_app_count|app_foreground_event_count|activity_transition_count|telephony_mobile_data_enabled_fraction|median_unlocked_session_duration_seconds|telephony_event_count,10000.0
16,1,056,38,109.6,98.4125,98.51729085044215,keyboard_long_pause_count_2s|touch_app_diversity|touch_unique_app_count|app_foreground_event_count|activity_transition_count|telephony_mobile_data_enabled_fraction|median_unlocked_session_duration_seconds|telephony_event_count,10000.0
16,1,058,59,76.2,98.4125,98.40986093665857,keyboard_long_pause_count_2s|touch_app_diversity|touch_unique_app_count|app_foreground_event_count|activity_transition_count|telephony_mobile_data_enabled_fraction|median_unlocked_session_duration_seconds|telephony_event_count,10000.0
16,1,068,34,97.8,98.4125,98.51729085044215,keyboard_long_pause_count_2s|touch_app_diversity|touch_unique_app_count|app_foreground_event_count|activity_transition_count|telephony_mobile_data_enabled_fraction|median_unlocked_session_duration_seconds|telephony_event_count,10000.0
16,1,069,46,85.9,98.4125,98.38390259775,keyboard_long_pause_count_2s|touch_app_diversity|touch_unique_app_count|app_foreground_event_count|activity_transition_count|telephony_mobile_data_enabled_fraction|median_unlocked_session_duration_seconds|telephony_event_count,10000.0
16,1,072,83,106.1,98.4125,98.39887719802867,keyboard_long_pause_count_2s|touch_app_diversity|touch_unique_app_count|app_foreground_event_count|activity_transition_count|telephony_mobile_data_enabled_fraction|median_unlocked_session_duration_seconds|telephony_event_count,10000.0
16,1,075,53,89.1,98.4125,98.44400126253693,keyboard_long_pause_count_2s|touch_app_diversity|touch_unique_app_count|app_foreground_event_count|activity_transition_count|telephony_mobile_data_enabled_fraction|median_unlocked_session_duration_seconds|telephony_event_count,10000.0
16,1,078,84,106.2,98.4125,98.39862490465421,keyboard_long_pause_count_2s|touch_app_diversity|touch_unique_app_count|app_foreground_event_count|activity_transition_count|telephony_mobile_data_enabled_fraction|median_unlocked_session_duration_seconds|telephony_event_count,10000.0
16,1,082,70,92.0,98.4125,98.3752563217769,keyboard_long_pause_count_2s|touch_app_diversity|touch_unique_app_count|app_foreground_event_count|activity_transition_count|telephony_mobile_data_enabled_fraction|median_unlocked_session_duration_seconds|telephony_event_count,10000.0
16,1,095,86,99.5,98.4125,98.38786350454755,keyboard_long_pause_count_2s|touch_app_diversity|touch_unique_app_count|app_foreground_event_count|activity_transition_count|telephony_mobile_data_enabled_fraction|median_unlocked_session_duration_seconds|telephony_event_count,10000.0
16,2,010,35,100.0,97.35538461538462,97.27492054927198,touch_app_diversity|unique_gsm_lac_count|screen_unlock_event_count|message_distinct_event_count|screen_off_event_count|median_unlocked_session_duration_seconds|touch_scroll_event_count|telephony_mobile_data_enabled_fraction,117.21022975334817
16,2,011,74,88.0,97.35538461538462,96.3337544004544,touch_app_diversity|unique_gsm_lac_count|screen_unlock_event_count|message_distinct_event_count|screen_off_event_count|median_unlocked_session_duration_seconds|touch_scroll_event_count|telephony_mobile_data_enabled_fraction,117.21022975334817
16,2,013,10,109.6,97.35538461538462,101.11255409017694,touch_app_diversity|unique_gsm_lac_count|screen_unlock_event_count|message_distinct_event_count|screen_off_event_count|median_unlocked_session_duration_seconds|touch_scroll_event_count|telephony_mobile_data_enabled_fraction,117.21022975334817
16,2,014,21,104.0,97.35538461538462,101.11255409017694,touch_app_diversity|unique_gsm_lac_count|screen_unlock_event_count|message_distinct_event_count|screen_off_event_count|median_unlocked_session_duration_seconds|touch_scroll_event_count|telephony_mobile_data_enabled_fraction,117.21022975334817
16,2,030,13,103.8,97.35538461538462,101.96947215427745,touch_app_diversity|unique_gsm_lac_count|screen_unlock_event_count|message_distinct_event_count|screen_off_event_count|median_unlocked_session_duration_seconds|touch_scroll_event_count|telephony_mobile_data_enabled_fraction,117.21022975334817
16,2,032,62,110.6,97.35538461538462,96.50622638209477,touch_app_diversity|unique_gsm_lac_count|screen_unlock_event_count|message_distinct_event_count|screen_off_event_count|median_unlocked_session_duration_seconds|touch_scroll_event_count|telephony_mobile_data_enabled_fraction,117.21022975334817
16,2,034,73,101.8,97.35538461538462,97.13172494074313,touch_app_diversity|unique_gsm_lac_count|screen_unlock_event_count|message_distinct_event_count|screen_off_event_count|median_unlocked_session_duration_seconds|touch_scroll_event_count|telephony_mobile_data_enabled_fraction,117.21022975334817
16,2,038,50,94.5,97.35538461538462,101.11255409017694,touch_app_diversity|unique_gsm_lac_count|screen_unlock_event_count|message_distinct_event_count|screen_off_event_count|median_unlocked_session_duration_seconds|touch_scroll_event_count|telephony_mobile_data_enabled_fraction,117.21022975334817
16,2,041,15,119.4,97.35538461538462,96.94869317089201,touch_app_diversity|unique_gsm_lac_count|screen_unlock_event_count|message_distinct_event_count|screen_off_event_count|median_unlocked_session_duration_seconds|touch_scroll_event_count|telephony_mobile_data_enabled_fraction,117.21022975334817
16,2,044,44,108.3,97.35538461538462,101.11255409017694,touch_app_diversity|unique_gsm_lac_count|screen_unlock_event_count|message_distinct_event_count|screen_off_event_count|median_unlocked_session_duration_seconds|touch_scroll_event_count|telephony_mobile_data_enabled_fraction,117.21022975334817
16,2,046,66,101.8,97.35538461538462,96.94726045364523,touch_app_diversity|unique_gsm_lac_count|screen_unlock_event_count|message_distinct_event_count|screen_off_event_count|median_unlocked_session_duration_seconds|touch_scroll_event_count|telephony_mobile_data_enabled_fraction,117.21022975334817
16,2,066,43,99.4,97.35538461538462,96.29285944093553,touch_app_diversity|unique_gsm_lac_count|screen_unlock_event_count|message_distinct_event_count|screen_off_event_count|median_unlocked_session_duration_seconds|touch_scroll_event_count|telephony_mobile_data_enabled_fraction,117.21022975334817
16,2,077,77,87.8,97.35538461538462,96.45947692571983,touch_app_diversity|unique_gsm_lac_count|screen_unlock_event_count|message_distinct_event_count|screen_off_event_count|median_unlocked_session_duration_seconds|touch_scroll_event_count|telephony_mobile_data_enabled_fraction,117.21022975334817
16,2,080,31,95.7,97.35538461538462,94.53785519598154,touch_app_diversity|unique_gsm_lac_count|screen_unlock_event_count|message_distinct_event_count|screen_off_event_count|median_unlocked_session_duration_seconds|touch_scroll_event_count|telephony_mobile_data_enabled_fraction,117.21022975334817
16,2,090,56,79.9,97.35538461538462,101.11255409017694,touch_app_diversity|unique_gsm_lac_count|screen_unlock_event_count|message_distinct_event_count|screen_off_event_count|median_unlocked_session_duration_seconds|touch_scroll_event_count|telephony_mobile_data_enabled_fraction,117.21022975334817
16,2,093,82,99.6,97.35538461538462,97.1054987480479,touch_app_diversity|unique_gsm_lac_count|screen_unlock_event_count|message_distinct_event_count|screen_off_event_count|median_unlocked_session_duration_seconds|touch_scroll_event_count|telephony_mobile_data_enabled_fraction,117.21022975334817
16,3,003,11,106.5,97.28615384615385,97.28647969939811,message_distinct_event_count|activity_active_hour_count|touch_scroll_index_change_median|keyboard_deletion_event_count|screen_unlock_event_count|median_unlocked_session_duration_seconds|touch_scroll_event_count|activity_unknown_fraction,10000.0
16,3,004,5,101.0,97.28615384615385,97.2964550287243,message_distinct_event_count|activity_active_hour_count|touch_scroll_index_change_median|keyboard_deletion_event_count|screen_unlock_event_count|median_unlocked_session_duration_seconds|touch_scroll_event_count|activity_unknown_fraction,10000.0
16,3,019,28,103.7,97.28615384615385,97.38483616141198,message_distinct_event_count|activity_active_hour_count|touch_scroll_index_change_median|keyboard_deletion_event_count|screen_unlock_event_count|median_unlocked_session_duration_seconds|touch_scroll_event_count|activity_unknown_fraction,10000.0
16,3,023,20,101.0,97.28615384615385,97.267277629075,message_distinct_event_count|activity_active_hour_count|touch_scroll_index_change_median|keyboard_deletion_event_count|screen_unlock_event_count|median_unlocked_session_duration_seconds|touch_scroll_event_count|activity_unknown_fraction,10000.0
16,3,026,75,104.1,97.28615384615385,97.25750523287466,message_distinct_event_count|activity_active_hour_count|touch_scroll_index_change_median|keyboard_deletion_event_count|screen_unlock_event_count|median_unlocked_session_duration_seconds|touch_scroll_event_count|activity_unknown_fraction,10000.0
16,3,037,48,101.9,97.28615384615385,97.28237116504775,message_distinct_event_count|activity_active_hour_count|touch_scroll_index_change_median|keyboard_deletion_event_count|screen_unlock_event_count|median_unlocked_session_duration_seconds|touch_scroll_event_count|activity_unknown_fraction,10000.0
16,3,040,65,92.8,97.28615384615385,97.24775484434257,message_distinct_event_count|activity_active_hour_count|touch_scroll_index_change_median|keyboard_deletion_event_count|screen_unlock_event_count|median_unlocked_session_duration_seconds|touch_scroll_event_count|activity_unknown_fraction,10000.0
16,3,050,39,104.4,97.28615384615385,97.25808433035915,message_distinct_event_count|activity_active_hour_count|touch_scroll_index_change_median|keyboard_deletion_event_count|screen_unlock_event_count|median_unlocked_session_duration_seconds|touch_scroll_event_count|activity_unknown_fraction,10000.0
16,3,052,22,90.6,97.28615384615385,97.21562047122679,message_distinct_event_count|activity_active_hour_count|touch_scroll_index_change_median|keyboard_deletion_event_count|screen_unlock_event_count|median_unlocked_session_duration_seconds|touch_scroll_event_count|activity_unknown_fraction,10000.0
16,3,055,29,104.1,97.28615384615385,97.26849530078253,message_distinct_event_count|activity_active_hour_count|touch_scroll_index_change_median|keyboard_deletion_event_count|screen_unlock_event_count|median_unlocked_session_duration_seconds|touch_scroll_event_count|activity_unknown_fraction,10000.0
16,3,070,24,95.5,97.28615384615385,97.24203841370586,message_distinct_event_count|activity_active_hour_count|touch_scroll_index_change_median|keyboard_deletion_event_count|screen_unlock_event_count|median_unlocked_session_duration_seconds|touch_scroll_event_count|activity_unknown_fraction,10000.0
16,3,076,71,107.5,97.28615384615385,97.23609695384317,message_distinct_event_count|activity_active_hour_count|touch_scroll_index_change_median|keyboard_deletion_event_count|screen_unlock_event_count|median_unlocked_session_duration_seconds|touch_scroll_event_count|activity_unknown_fraction,10000.0
16,3,079,47,101.3,97.28615384615385,97.24912126743955,message_distinct_event_count|activity_active_hour_count|touch_scroll_index_change_median|keyboard_deletion_event_count|screen_unlock_event_count|median_unlocked_session_duration_seconds|touch_scroll_event_count|activity_unknown_fraction,10000.0
16,3,081,55,82.2,97.28615384615385,97.2564128887756,message_distinct_event_count|activity_active_hour_count|touch_scroll_index_change_median|keyboard_deletion_event_count|screen_unlock_event_count|median_unlocked_session_duration_seconds|touch_scroll_event_count|activity_unknown_fraction,10000.0
16,3,083,36,102.8,97.28615384615385,97.25983890601272,message_distinct_event_count|activity_active_hour_count|touch_scroll_index_change_median|keyboard_deletion_event_count|screen_unlock_event_count|median_unlocked_session_duration_seconds|touch_scroll_event_count|activity_unknown_fraction,10000.0
16,3,089,61,109.3,97.28615384615385,97.22576500123417,message_distinct_event_count|activity_active_hour_count|touch_scroll_index_change_median|keyboard_deletion_event_count|screen_unlock_event_count|median_unlocked_session_duration_seconds|touch_scroll_event_count|activity_unknown_fraction,10000.0
16,4,012,4,75.6,98.3046153846154,99.93886452443998,keyboard_deletion_event_count|screen_unlock_event_count|touch_app_diversity|unique_gsm_lac_count|screen_on_event_count|median_unlocked_session_duration_seconds|keyboard_median_inter_event_interval_ms|touch_scroll_event_count,22.122162910704503
16,4,015,12,95.9,98.3046153846154,90.34728079414506,keyboard_deletion_event_count|screen_unlock_event_count|touch_app_diversity|unique_gsm_lac_count|screen_on_event_count|median_unlocked_session_duration_seconds|keyboard_median_inter_event_interval_ms|touch_scroll_event_count,22.122162910704503
16,4,035,54,98.1,98.3046153846154,99.35315698961242,keyboard_deletion_event_count|screen_unlock_event_count|touch_app_diversity|unique_gsm_lac_count|screen_on_event_count|median_unlocked_session_duration_seconds|keyboard_median_inter_event_interval_ms|touch_scroll_event_count,22.122162910704503
16,4,043,42,95.5,98.3046153846154,96.68259047865422,keyboard_deletion_event_count|screen_unlock_event_count|touch_app_diversity|unique_gsm_lac_count|screen_on_event_count|median_unlocked_session_duration_seconds|keyboard_median_inter_event_interval_ms|touch_scroll_event_count,22.122162910704503
16,4,053,32,104.6,98.3046153846154,91.59725994969855,keyboard_deletion_event_count|screen_unlock_event_count|touch_app_diversity|unique_gsm_lac_count|screen_on_event_count|median_unlocked_session_duration_seconds|keyboard_median_inter_event_interval_ms|touch_scroll_event_count,22.122162910704503
16,4,057,37,93.7,98.3046153846154,98.04748230634527,keyboard_deletion_event_count|screen_unlock_event_count|touch_app_diversity|unique_gsm_lac_count|screen_on_event_count|median_unlocked_session_duration_seconds|keyboard_median_inter_event_interval_ms|touch_scroll_event_count,22.122162910704503
16,4,062,40,103.9,98.3046153846154,98.3103742181747,keyboard_deletion_event_count|screen_unlock_event_count|touch_app_diversity|unique_gsm_lac_count|screen_on_event_count|median_unlocked_session_duration_seconds|keyboard_median_inter_event_interval_ms|touch_scroll_event_count,22.122162910704503
16,4,064,69,99.3,98.3046153846154,92.18748143017069,keyboard_deletion_event_count|screen_unlock_event_count|touch_app_diversity|unique_gsm_lac_count|screen_on_event_count|median_unlocked_session_duration_seconds|keyboard_median_inter_event_interval_ms|touch_scroll_event_count,22.122162910704503
16,4,067,25,87.1,98.3046153846154,100.40736069223082,keyboard_deletion_event_count|screen_unlock_event_count|touch_app_diversity|unique_gsm_lac_count|screen_on_event_count|median_unlocked_session_duration_seconds|keyboard_median_inter_event_interval_ms|touch_scroll_event_count,22.122162910704503
16,4,071,33,99.6,98.3046153846154,98.01796935209344,keyboard_deletion_event_count|screen_unlock_event_count|touch_app_diversity|unique_gsm_lac_count|screen_on_event_count|median_unlocked_session_duration_seconds|keyboard_median_inter_event_interval_ms|touch_scroll_event_count,22.122162910704503
16,4,085,81,100.0,98.3046153846154,103.01872435925887,keyboard_deletion_event_count|screen_unlock_event_count|touch_app_diversity|unique_gsm_lac_count|screen_on_event_count|median_unlocked_session_duration_seconds|keyboard_median_inter_event_interval_ms|touch_scroll_event_count,22.122162910704503
16,4,086,76,95.7,98.3046153846154,100.0834039409842,keyboard_deletion_event_count|screen_unlock_event_count|touch_app_diversity|unique_gsm_lac_count|screen_on_event_count|median_unlocked_session_duration_seconds|keyboard_median_inter_event_interval_ms|touch_scroll_event_count,22.122162910704503
16,4,087,72,100.3,98.3046153846154,100.12662458550474,keyboard_deletion_event_count|screen_unlock_event_count|touch_app_diversity|unique_gsm_lac_count|screen_on_event_count|median_unlocked_session_duration_seconds|keyboard_median_inter_event_interval_ms|touch_scroll_event_count,22.122162910704503
16,4,091,60,82.0,98.3046153846154,92.48630393745849,keyboard_deletion_event_count|screen_unlock_event_count|touch_app_diversity|unique_gsm_lac_count|screen_on_event_count|median_unlocked_session_duration_seconds|keyboard_median_inter_event_interval_ms|touch_scroll_event_count,22.122162910704503
16,4,092,63,109.1,98.3046153846154,100.38734970709503,keyboard_deletion_event_count|screen_unlock_event_count|touch_app_diversity|unique_gsm_lac_count|screen_on_event_count|median_unlocked_session_duration_seconds|keyboard_median_inter_event_interval_ms|touch_scroll_event_count,22.122162910704503
16,4,096,87,102.1,98.3046153846154,96.31149928837036,keyboard_deletion_event_count|screen_unlock_event_count|touch_app_diversity|unique_gsm_lac_count|screen_on_event_count|median_unlocked_session_duration_seconds|keyboard_median_inter_event_interval_ms|touch_scroll_event_count,22.122162910704503
16,5,005,9,81.1,98.29692307692308,95.84985967420039,keyboard_long_pause_count_2s|screen_unlock_event_count|message_distinct_event_count|touch_app_diversity|touch_scroll_index_change_median|telephony_mobile_data_enabled_fraction|median_unlocked_session_duration_seconds|screen_transition_count,38.56620421163472
16,5,006,8,90.1,98.29692307692308,96.25326723982703,keyboard_long_pause_count_2s|screen_unlock_event_count|message_distinct_event_count|touch_app_diversity|touch_scroll_index_change_median|telephony_mobile_data_enabled_fraction|median_unlocked_session_duration_seconds|screen_transition_count,38.56620421163472
16,5,007,57,108.2,98.29692307692308,97.13239474858086,keyboard_long_pause_count_2s|screen_unlock_event_count|message_distinct_event_count|touch_app_diversity|touch_scroll_index_change_median|telephony_mobile_data_enabled_fraction|median_unlocked_session_duration_seconds|screen_transition_count,38.56620421163472
16,5,018,79,96.1,98.29692307692308,95.47319249174498,keyboard_long_pause_count_2s|screen_unlock_event_count|message_distinct_event_count|touch_app_diversity|touch_scroll_index_change_median|telephony_mobile_data_enabled_fraction|median_unlocked_session_duration_seconds|screen_transition_count,38.56620421163472
16,5,021,17,97.8,98.29692307692308,100.31802452704503,keyboard_long_pause_count_2s|screen_unlock_event_count|message_distinct_event_count|touch_app_diversity|touch_scroll_index_change_median|telephony_mobile_data_enabled_fraction|median_unlocked_session_duration_seconds|screen_transition_count,38.56620421163472
16,5,024,68,103.4,98.29692307692308,96.01724316722256,keyboard_long_pause_count_2s|screen_unlock_event_count|message_distinct_event_count|touch_app_diversity|touch_scroll_index_change_median|telephony_mobile_data_enabled_fraction|median_unlocked_session_duration_seconds|screen_transition_count,38.56620421163472
16,5,025,16,104.9,98.29692307692308,99.93732520246311,keyboard_long_pause_count_2s|screen_unlock_event_count|message_distinct_event_count|touch_app_diversity|touch_scroll_index_change_median|telephony_mobile_data_enabled_fraction|median_unlocked_session_duration_seconds|screen_transition_count,38.56620421163472
16,5,028,45,93.5,98.29692307692308,98.2362948251423,keyboard_long_pause_count_2s|screen_unlock_event_count|message_distinct_event_count|touch_app_diversity|touch_scroll_index_change_median|telephony_mobile_data_enabled_fraction|median_unlocked_session_duration_seconds|screen_transition_count,38.56620421163472
16,5,029,80,100.2,98.29692307692308,97.93221939442361,keyboard_long_pause_count_2s|screen_unlock_event_count|message_distinct_event_count|touch_app_diversity|touch_scroll_index_change_median|telephony_mobile_data_enabled_fraction|median_unlocked_session_duration_seconds|screen_transition_count,38.56620421163472
16,5,039,27,99.3,98.29692307692308,116.16037025971796,keyboard_long_pause_count_2s|screen_unlock_event_count|message_distinct_event_count|touch_app_diversity|touch_scroll_index_change_median|telephony_mobile_data_enabled_fraction|median_unlocked_session_duration_seconds|screen_transition_count,38.56620421163472
16,5,042,14,83.8,98.29692307692308,93.68567184483848,keyboard_long_pause_count_2s|screen_unlock_event_count|message_distinct_event_count|touch_app_diversity|touch_scroll_index_change_median|telephony_mobile_data_enabled_fraction|median_unlocked_session_duration_seconds|screen_transition_count,38.56620421163472
16,5,060,26,96.9,98.29692307692308,96.78580990918563,keyboard_long_pause_count_2s|screen_unlock_event_count|message_distinct_event_count|touch_app_diversity|touch_scroll_index_change_median|telephony_mobile_data_enabled_fraction|median_unlocked_session_duration_seconds|screen_transition_count,38.56620421163472
16,5,061,58,92.7,98.29692307692308,98.20440464550636,keyboard_long_pause_count_2s|screen_unlock_event_count|message_distinct_event_count|touch_app_diversity|touch_scroll_index_change_median|telephony_mobile_data_enabled_fraction|median_unlocked_session_duration_seconds|screen_transition_count,38.56620421163472
16,5,073,30,95.7,98.29692307692308,97.71928424228886,keyboard_long_pause_count_2s|screen_unlock_event_count|message_distinct_event_count|touch_app_diversity|touch_scroll_index_change_median|telephony_mobile_data_enabled_fraction|median_unlocked_session_duration_seconds|screen_transition_count,38.56620421163472
16,5,074,41,111.8,98.29692307692308,99.93732520246311,keyboard_long_pause_count_2s|screen_unlock_event_count|message_distinct_event_count|touch_app_diversity|touch_scroll_index_change_median|telephony_mobile_data_enabled_fraction|median_unlocked_session_duration_seconds|screen_transition_count,38.56620421163472
16,5,084,49,87.5,98.29692307692308,96.89974283959418,keyboard_long_pause_count_2s|screen_unlock_event_count|message_distinct_event_count|touch_app_diversity|touch_scroll_index_change_median|telephony_mobile_data_enabled_fraction|median_unlocked_session_duration_seconds|screen_transition_count,38.56620421163472
17,1,002,64,104.8,98.240625,97.60362236694695,keyboard_deletion_event_count|keyboard_long_pause_count_2s|gsm_cell_transition_count|message_distinct_event_count|keyboard_inter_event_interval_iqr_ms|telephony_event_count|median_unlocked_session_duration_seconds|keyboard_median_inter_event_interval_ms,117.21022975334817
17,1,011,74,88.0,98.240625,97.93586027325219,keyboard_deletion_event_count|keyboard_long_pause_count_2s|gsm_cell_transition_count|message_distinct_event_count|keyboard_inter_event_interval_iqr_ms|telephony_event_count|median_unlocked_session_duration_seconds|keyboard_median_inter_event_interval_ms,117.21022975334817
17,1,015,12,95.9,98.240625,96.34118160838298,keyboard_deletion_event_count|keyboard_long_pause_count_2s|gsm_cell_transition_count|message_distinct_event_count|keyboard_inter_event_interval_iqr_ms|telephony_event_count|median_unlocked_session_duration_seconds|keyboard_median_inter_event_interval_ms,117.21022975334817
17,1,019,28,103.7,98.240625,99.43116717029385,keyboard_deletion_event_count|keyboard_long_pause_count_2s|gsm_cell_transition_count|message_distinct_event_count|keyboard_inter_event_interval_iqr_ms|telephony_event_count|median_unlocked_session_duration_seconds|keyboard_median_inter_event_interval_ms,117.21022975334817
17,1,021,17,97.8,98.240625,101.06118244135568,keyboard_deletion_event_count|keyboard_long_pause_count_2s|gsm_cell_transition_count|message_distinct_event_count|keyboard_inter_event_interval_iqr_ms|telephony_event_count|median_unlocked_session_duration_seconds|keyboard_median_inter_event_interval_ms,117.21022975334817
17,1,022,52,107.2,98.240625,98.60181822721786,keyboard_deletion_event_count|keyboard_long_pause_count_2s|gsm_cell_transition_count|message_distinct_event_count|keyboard_inter_event_interval_iqr_ms|telephony_event_count|median_unlocked_session_duration_seconds|keyboard_median_inter_event_interval_ms,117.21022975334817
17,1,028,45,93.5,98.240625,98.33112461524898,keyboard_deletion_event_count|keyboard_long_pause_count_2s|gsm_cell_transition_count|message_distinct_event_count|keyboard_inter_event_interval_iqr_ms|telephony_event_count|median_unlocked_session_duration_seconds|keyboard_median_inter_event_interval_ms,117.21022975334817
17,1,034,73,101.8,98.240625,98.3947047994611,keyboard_deletion_event_count|keyboard_long_pause_count_2s|gsm_cell_transition_count|message_distinct_event_count|keyboard_inter_event_interval_iqr_ms|telephony_event_count|median_unlocked_session_duration_seconds|keyboard_median_inter_event_interval_ms,117.21022975334817
17,1,039,27,99.3,98.240625,111.88694305341035,keyboard_deletion_event_count|keyboard_long_pause_count_2s|gsm_cell_transition_count|message_distinct_event_count|keyboard_inter_event_interval_iqr_ms|telephony_event_count|median_unlocked_session_duration_seconds|keyboard_median_inter_event_interval_ms,117.21022975334817
17,1,043,42,95.5,98.240625,98.18664674114932,keyboard_deletion_event_count|keyboard_long_pause_count_2s|gsm_cell_transition_count|message_distinct_event_count|keyboard_inter_event_interval_iqr_ms|telephony_event_count|median_unlocked_session_duration_seconds|keyboard_median_inter_event_interval_ms,117.21022975334817
17,1,061,58,92.7,98.240625,98.44233992320156,keyboard_deletion_event_count|keyboard_long_pause_count_2s|gsm_cell_transition_count|message_distinct_event_count|keyboard_inter_event_interval_iqr_ms|telephony_event_count|median_unlocked_session_duration_seconds|keyboard_median_inter_event_interval_ms,117.21022975334817
17,1,066,43,99.4,98.240625,98.11326498143926,keyboard_deletion_event_count|keyboard_long_pause_count_2s|gsm_cell_transition_count|message_distinct_event_count|keyboard_inter_event_interval_iqr_ms|telephony_event_count|median_unlocked_session_duration_seconds|keyboard_median_inter_event_interval_ms,117.21022975334817
17,1,071,33,99.6,98.240625,98.6965445137085,keyboard_deletion_event_count|keyboard_long_pause_count_2s|gsm_cell_transition_count|message_distinct_event_count|keyboard_inter_event_interval_iqr_ms|telephony_event_count|median_unlocked_session_duration_seconds|keyboard_median_inter_event_interval_ms,117.21022975334817
17,1,077,77,87.8,98.240625,98.47610547863417,keyboard_deletion_event_count|keyboard_long_pause_count_2s|gsm_cell_transition_count|message_distinct_event_count|keyboard_inter_event_interval_iqr_ms|telephony_event_count|median_unlocked_session_duration_seconds|keyboard_median_inter_event_interval_ms,117.21022975334817
17,1,081,55,82.2,98.240625,100.24145068145806,keyboard_deletion_event_count|keyboard_long_pause_count_2s|gsm_cell_transition_count|message_distinct_event_count|keyboard_inter_event_interval_iqr_ms|telephony_event_count|median_unlocked_session_duration_seconds|keyboard_median_inter_event_interval_ms,117.21022975334817
17,1,085,81,100.0,98.240625,99.8857427597407,keyboard_deletion_event_count|keyboard_long_pause_count_2s|gsm_cell_transition_count|message_distinct_event_count|keyboard_inter_event_interval_iqr_ms|telephony_event_count|median_unlocked_session_duration_seconds|keyboard_median_inter_event_interval_ms,117.21022975334817
17,1,086,76,95.7,98.240625,98.45656396944365,keyboard_deletion_event_count|keyboard_long_pause_count_2s|gsm_cell_transition_count|message_distinct_event_count|keyboard_inter_event_interval_iqr_ms|telephony_event_count|median_unlocked_session_duration_seconds|keyboard_median_inter_event_interval_ms,117.21022975334817
17,2,003,11,106.5,97.69692307692308,97.57168919467452,touch_app_diversity|touch_active_hour_count|unique_gsm_cell_count|screen_unlock_event_count|gsm_cell_transition_count|median_unlocked_session_duration_seconds|keyboard_median_inter_event_interval_ms|touch_distinct_event_count,356.2247890262444
17,2,014,21,104.0,97.69692307692308,98.62931472000102,touch_app_diversity|touch_active_hour_count|unique_gsm_cell_count|screen_unlock_event_count|gsm_cell_transition_count|median_unlocked_session_duration_seconds|keyboard_median_inter_event_interval_ms|touch_distinct_event_count,356.2247890262444
17,2,023,20,101.0,97.69692307692308,98.15817336327027,touch_app_diversity|touch_active_hour_count|unique_gsm_cell_count|screen_unlock_event_count|gsm_cell_transition_count|median_unlocked_session_duration_seconds|keyboard_median_inter_event_interval_ms|touch_distinct_event_count,356.2247890262444
17,2,026,75,104.1,97.69692307692308,97.56645754740484,touch_app_diversity|touch_active_hour_count|unique_gsm_cell_count|screen_unlock_event_count|gsm_cell_transition_count|median_unlocked_session_duration_seconds|keyboard_median_inter_event_interval_ms|touch_distinct_event_count,356.2247890262444
17,2,038,50,94.5,97.69692307692308,98.62931472000102,touch_app_diversity|touch_active_hour_count|unique_gsm_cell_count|screen_unlock_event_count|gsm_cell_transition_count|median_unlocked_session_duration_seconds|keyboard_median_inter_event_interval_ms|touch_distinct_event_count,356.2247890262444
17,2,042,14,83.8,97.69692307692308,97.4102648785806,touch_app_diversity|touch_active_hour_count|unique_gsm_cell_count|screen_unlock_event_count|gsm_cell_transition_count|median_unlocked_session_duration_seconds|keyboard_median_inter_event_interval_ms|touch_distinct_event_count,356.2247890262444
17,2,044,44,108.3,97.69692307692308,98.62931472000102,touch_app_diversity|touch_active_hour_count|unique_gsm_cell_count|screen_unlock_event_count|gsm_cell_transition_count|median_unlocked_session_duration_seconds|keyboard_median_inter_event_interval_ms|touch_distinct_event_count,356.2247890262444
17,2,046,66,101.8,97.69692307692308,96.97106926206168,touch_app_diversity|touch_active_hour_count|unique_gsm_cell_count|screen_unlock_event_count|gsm_cell_transition_count|median_unlocked_session_duration_seconds|keyboard_median_inter_event_interval_ms|touch_distinct_event_count,356.2247890262444
17,2,055,29,104.1,97.69692307692308,96.83132100651738,touch_app_diversity|touch_active_hour_count|unique_gsm_cell_count|screen_unlock_event_count|gsm_cell_transition_count|median_unlocked_session_duration_seconds|keyboard_median_inter_event_interval_ms|touch_distinct_event_count,356.2247890262444
17,2,058,59,76.2,97.69692307692308,97.52291207513227,touch_app_diversity|touch_active_hour_count|unique_gsm_cell_count|screen_unlock_event_count|gsm_cell_transition_count|median_unlocked_session_duration_seconds|keyboard_median_inter_event_interval_ms|touch_distinct_event_count,356.2247890262444
17,2,060,26,96.9,97.69692307692308,97.2577137576671,touch_app_diversity|touch_active_hour_count|unique_gsm_cell_count|screen_unlock_event_count|gsm_cell_transition_count|median_unlocked_session_duration_seconds|keyboard_median_inter_event_interval_ms|touch_distinct_event_count,356.2247890262444
17,2,062,40,103.9,97.69692307692308,97.99518704006951,touch_app_diversity|touch_active_hour_count|unique_gsm_cell_count|screen_unlock_event_count|gsm_cell_transition_count|median_unlocked_session_duration_seconds|keyboard_median_inter_event_interval_ms|touch_distinct_event_count,356.2247890262444
17,2,074,41,111.8,97.69692307692308,98.62931472000102,touch_app_diversity|touch_active_hour_count|unique_gsm_cell_count|screen_unlock_event_count|gsm_cell_transition_count|median_unlocked_session_duration_seconds|keyboard_median_inter_event_interval_ms|touch_distinct_event_count,356.2247890262444
17,2,075,53,89.1,97.69692307692308,98.56301317081143,touch_app_diversity|touch_active_hour_count|unique_gsm_cell_count|screen_unlock_event_count|gsm_cell_transition_count|median_unlocked_session_duration_seconds|keyboard_median_inter_event_interval_ms|touch_distinct_event_count,356.2247890262444
17,2,080,31,95.7,97.69692307692308,97.42007683498815,touch_app_diversity|touch_active_hour_count|unique_gsm_cell_count|screen_unlock_event_count|gsm_cell_transition_count|median_unlocked_session_duration_seconds|keyboard_median_inter_event_interval_ms|touch_distinct_event_count,356.2247890262444
17,2,087,72,100.3,97.69692307692308,97.45208368328858,touch_app_diversity|touch_active_hour_count|unique_gsm_cell_count|screen_unlock_event_count|gsm_cell_transition_count|median_unlocked_session_duration_seconds|keyboard_median_inter_event_interval_ms|touch_distinct_event_count,356.2247890262444
17,3,004,5,101.0,98.04615384615384,103.79280385752266,activity_transition_count|keyboard_long_pause_count_2s|touch_app_diversity|unique_gsm_cell_count|screen_unlock_event_count|telephony_mobile_data_enabled_fraction|median_unlocked_session_duration_seconds|keyboard_median_inter_event_interval_ms,38.56620421163472
17,3,007,57,108.2,98.04615384615384,96.46782518934751,activity_transition_count|keyboard_long_pause_count_2s|touch_app_diversity|unique_gsm_cell_count|screen_unlock_event_count|telephony_mobile_data_enabled_fraction|median_unlocked_session_duration_seconds|keyboard_median_inter_event_interval_ms,38.56620421163472
17,3,012,4,75.6,98.04615384615384,99.26782881810803,activity_transition_count|keyboard_long_pause_count_2s|touch_app_diversity|unique_gsm_cell_count|screen_unlock_event_count|telephony_mobile_data_enabled_fraction|median_unlocked_session_duration_seconds|keyboard_median_inter_event_interval_ms,38.56620421163472
17,3,020,18,90.0,98.04615384615384,98.90466552431171,activity_transition_count|keyboard_long_pause_count_2s|touch_app_diversity|unique_gsm_cell_count|screen_unlock_event_count|telephony_mobile_data_enabled_fraction|median_unlocked_session_duration_seconds|keyboard_median_inter_event_interval_ms,38.56620421163472
17,3,025,16,104.9,98.04615384615384,100.59487693159315,activity_transition_count|keyboard_long_pause_count_2s|touch_app_diversity|unique_gsm_cell_count|screen_unlock_event_count|telephony_mobile_data_enabled_fraction|median_unlocked_session_duration_seconds|keyboard_median_inter_event_interval_ms,38.56620421163472
17,3,029,80,100.2,98.04615384615384,99.5798513793649,activity_transition_count|keyboard_long_pause_count_2s|touch_app_diversity|unique_gsm_cell_count|screen_unlock_event_count|telephony_mobile_data_enabled_fraction|median_unlocked_session_duration_seconds|keyboard_median_inter_event_interval_ms,38.56620421163472
17,3,032,62,110.6,98.04615384615384,99.68499107340783,activity_transition_count|keyboard_long_pause_count_2s|touch_app_diversity|unique_gsm_cell_count|screen_unlock_event_count|telephony_mobile_data_enabled_fraction|median_unlocked_session_duration_seconds|keyboard_median_inter_event_interval_ms,38.56620421163472
17,3,048,7,95.2,98.04615384615384,100.59487693159315,activity_transition_count|keyboard_long_pause_count_2s|touch_app_diversity|unique_gsm_cell_count|screen_unlock_event_count|telephony_mobile_data_enabled_fraction|median_unlocked_session_duration_seconds|keyboard_median_inter_event_interval_ms,38.56620421163472
17,3,052,22,90.6,98.04615384615384,95.23427829972124,activity_transition_count|keyboard_long_pause_count_2s|touch_app_diversity|unique_gsm_cell_count|screen_unlock_event_count|telephony_mobile_data_enabled_fraction|median_unlocked_session_duration_seconds|keyboard_median_inter_event_interval_ms,38.56620421163472
17,3,053,32,104.6,98.04615384615384,93.16546568836398,activity_transition_count|keyboard_long_pause_count_2s|touch_app_diversity|unique_gsm_cell_count|screen_unlock_event_count|telephony_mobile_data_enabled_fraction|median_unlocked_session_duration_seconds|keyboard_median_inter_event_interval_ms,38.56620421163472
17,3,056,38,109.6,98.04615384615384,100.59487693159315,activity_transition_count|keyboard_long_pause_count_2s|touch_app_diversity|unique_gsm_cell_count|screen_unlock_event_count|telephony_mobile_data_enabled_fraction|median_unlocked_session_duration_seconds|keyboard_median_inter_event_interval_ms,38.56620421163472
17,3,073,30,95.7,98.04615384615384,99.22134846955773,activity_transition_count|keyboard_long_pause_count_2s|touch_app_diversity|unique_gsm_cell_count|screen_unlock_event_count|telephony_mobile_data_enabled_fraction|median_unlocked_session_duration_seconds|keyboard_median_inter_event_interval_ms,38.56620421163472
17,3,082,70,92.0,98.04615384615384,96.28507846822225,activity_transition_count|keyboard_long_pause_count_2s|touch_app_diversity|unique_gsm_cell_count|screen_unlock_event_count|telephony_mobile_data_enabled_fraction|median_unlocked_session_duration_seconds|keyboard_median_inter_event_interval_ms,38.56620421163472
17,3,091,60,82.0,98.04615384615384,97.1355540862372,activity_transition_count|keyboard_long_pause_count_2s|touch_app_diversity|unique_gsm_cell_count|screen_unlock_event_count|telephony_mobile_data_enabled_fraction|median_unlocked_session_duration_seconds|keyboard_median_inter_event_interval_ms,38.56620421163472
17,3,093,82,99.6,98.04615384615384,98.29429991331764,activity_transition_count|keyboard_long_pause_count_2s|touch_app_diversity|unique_gsm_cell_count|screen_unlock_event_count|telephony_mobile_data_enabled_fraction|median_unlocked_session_duration_seconds|keyboard_median_inter_event_interval_ms,38.56620421163472
17,3,095,86,99.5,98.04615384615384,98.7391965831368,activity_transition_count|keyboard_long_pause_count_2s|touch_app_diversity|unique_gsm_cell_count|screen_unlock_event_count|telephony_mobile_data_enabled_fraction|median_unlocked_session_duration_seconds|keyboard_median_inter_event_interval_ms,38.56620421163472
17,4,006,8,90.1,97.64923076923077,97.86642576800713,message_distinct_event_count|keyboard_long_pause_count_2s|touch_active_hour_count|screen_unlock_event_count|touch_app_diversity|telephony_mobile_data_enabled_fraction|median_unlocked_session_duration_seconds|keyboard_median_inter_event_interval_ms,12.689610031679234
17,4,018,79,96.1,97.64923076923077,95.92992451126418,message_distinct_event_count|keyboard_long_pause_count_2s|touch_active_hour_count|screen_unlock_event_count|touch_app_diversity|telephony_mobile_data_enabled_fraction|median_unlocked_session_duration_seconds|keyboard_median_inter_event_interval_ms,12.689610031679234
17,4,024,68,103.4,97.64923076923077,96.180617446497,message_distinct_event_count|keyboard_long_pause_count_2s|touch_active_hour_count|screen_unlock_event_count|touch_app_diversity|telephony_mobile_data_enabled_fraction|median_unlocked_session_duration_seconds|keyboard_median_inter_event_interval_ms,12.689610031679234
17,4,037,48,101.9,97.64923076923077,101.78213115543782,message_distinct_event_count|keyboard_long_pause_count_2s|touch_active_hour_count|screen_unlock_event_count|touch_app_diversity|telephony_mobile_data_enabled_fraction|median_unlocked_session_duration_seconds|keyboard_median_inter_event_interval_ms,12.689610031679234
17,4,050,39,104.4,97.64923076923077,98.27373350153795,message_distinct_event_count|keyboard_long_pause_count_2s|touch_active_hour_count|screen_unlock_event_count|touch_app_diversity|telephony_mobile_data_enabled_fraction|median_unlocked_session_duration_seconds|keyboard_median_inter_event_interval_ms,12.689610031679234
17,4,067,25,87.1,97.64923076923077,99.75082093155798,message_distinct_event_count|keyboard_long_pause_count_2s|touch_active_hour_count|screen_unlock_event_count|touch_app_diversity|telephony_mobile_data_enabled_fraction|median_unlocked_session_duration_seconds|keyboard_median_inter_event_interval_ms,12.689610031679234
17,4,068,34,97.8,97.64923076923077,102.72429917393187,message_distinct_event_count|keyboard_long_pause_count_2s|touch_active_hour_count|screen_unlock_event_count|touch_app_diversity|telephony_mobile_data_enabled_fraction|median_unlocked_session_duration_seconds|keyboard_median_inter_event_interval_ms,12.689610031679234
17,4,072,83,106.1,97.64923076923077,97.11919074332148,message_distinct_event_count|keyboard_long_pause_count_2s|touch_active_hour_count|screen_unlock_event_count|touch_app_diversity|telephony_mobile_data_enabled_fraction|median_unlocked_session_duration_seconds|keyboard_median_inter_event_interval_ms,12.689610031679234
17,4,078,84,106.2,97.64923076923077,110.01119663088473,message_distinct_event_count|keyboard_long_pause_count_2s|touch_active_hour_count|screen_unlock_event_count|touch_app_diversity|telephony_mobile_data_enabled_fraction|median_unlocked_session_duration_seconds|keyboard_median_inter_event_interval_ms,12.689610031679234
17,4,079,47,101.3,97.64923076923077,94.65592957339086,message_distinct_event_count|keyboard_long_pause_count_2s|touch_active_hour_count|screen_unlock_event_count|touch_app_diversity|telephony_mobile_data_enabled_fraction|median_unlocked_session_duration_seconds|keyboard_median_inter_event_interval_ms,12.689610031679234
17,4,083,36,102.8,97.64923076923077,96.2331758196804,message_distinct_event_count|keyboard_long_pause_count_2s|touch_active_hour_count|screen_unlock_event_count|touch_app_diversity|telephony_mobile_data_enabled_fraction|median_unlocked_session_duration_seconds|keyboard_median_inter_event_interval_ms,12.689610031679234
17,4,084,49,87.5,97.64923076923077,95.95218110511854,message_distinct_event_count|keyboard_long_pause_count_2s|touch_active_hour_count|screen_unlock_event_count|touch_app_diversity|telephony_mobile_data_enabled_fraction|median_unlocked_session_duration_seconds|keyboard_median_inter_event_interval_ms,12.689610031679234
17,4,089,61,109.3,97.64923076923077,93.54369341505026,message_distinct_event_count|keyboard_long_pause_count_2s|touch_active_hour_count|screen_unlock_event_count|touch_app_diversity|telephony_mobile_data_enabled_fraction|median_unlocked_session_duration_seconds|keyboard_median_inter_event_interval_ms,12.689610031679234
17,4,090,56,79.9,97.64923076923077,102.72429917393187,message_distinct_event_count|keyboard_long_pause_count_2s|touch_active_hour_count|screen_unlock_event_count|touch_app_diversity|telephony_mobile_data_enabled_fraction|median_unlocked_session_duration_seconds|keyboard_median_inter_event_interval_ms,12.689610031679234
17,4,092,63,109.1,97.64923076923077,102.72429917393187,message_distinct_event_count|keyboard_long_pause_count_2s|touch_active_hour_count|screen_unlock_event_count|touch_app_diversity|telephony_mobile_data_enabled_fraction|median_unlocked_session_duration_seconds|keyboard_median_inter_event_interval_ms,12.689610031679234
17,4,096,87,102.1,97.64923076923077,95.9000817458839,message_distinct_event_count|keyboard_long_pause_count_2s|touch_active_hour_count|screen_unlock_event_count|touch_app_diversity|telephony_mobile_data_enabled_fraction|median_unlocked_session_duration_seconds|keyboard_median_inter_event_interval_ms,12.689610031679234
17,5,005,9,81.1,98.02,97.79186639833694,telephony_network_type_diversity|touch_app_diversity|screen_unlock_event_count|gsm_cell_transition_count|activity_active_hour_count|median_unlocked_session_duration_seconds|touch_scroll_event_count|touch_distinct_event_count,67.23357536499334
17,5,010,35,100.0,98.02,98.9770456981058,telephony_network_type_diversity|touch_app_diversity|screen_unlock_event_count|gsm_cell_transition_count|activity_active_hour_count|median_unlocked_session_duration_seconds|touch_scroll_event_count|touch_distinct_event_count,67.23357536499334
17,5,013,10,109.6,98.02,100.37261810875165,telephony_network_type_diversity|touch_app_diversity|screen_unlock_event_count|gsm_cell_transition_count|activity_active_hour_count|median_unlocked_session_duration_seconds|touch_scroll_event_count|touch_distinct_event_count,67.23357536499334
17,5,030,13,103.8,98.02,101.54312334362258,telephony_network_type_diversity|touch_app_diversity|screen_unlock_event_count|gsm_cell_transition_count|activity_active_hour_count|median_unlocked_session_duration_seconds|touch_scroll_event_count|touch_distinct_event_count,67.23357536499334
17,5,031,67,96.3,98.02,98.4566632114783,telephony_network_type_diversity|touch_app_diversity|screen_unlock_event_count|gsm_cell_transition_count|activity_active_hour_count|median_unlocked_session_duration_seconds|touch_scroll_event_count|touch_distinct_event_count,67.23357536499334
17,5,035,54,98.1,98.02,99.24238721297343,telephony_network_type_diversity|touch_app_diversity|screen_unlock_event_count|gsm_cell_transition_count|activity_active_hour_count|median_unlocked_session_duration_seconds|touch_scroll_event_count|touch_distinct_event_count,67.23357536499334
17,5,036,19,93.0,98.02,100.37261810875165,telephony_network_type_diversity|touch_app_diversity|screen_unlock_event_count|gsm_cell_transition_count|activity_active_hour_count|median_unlocked_session_duration_seconds|touch_scroll_event_count|touch_distinct_event_count,67.23357536499334
17,5,040,65,92.8,98.02,98.17945198122656,telephony_network_type_diversity|touch_app_diversity|screen_unlock_event_count|gsm_cell_transition_count|activity_active_hour_count|median_unlocked_session_duration_seconds|touch_scroll_event_count|touch_distinct_event_count,67.23357536499334
17,5,041,15,119.4,98.02,96.27820135375794,telephony_network_type_diversity|touch_app_diversity|screen_unlock_event_count|gsm_cell_transition_count|activity_active_hour_count|median_unlocked_session_duration_seconds|touch_scroll_event_count|touch_distinct_event_count,67.23357536499334
17,5,045,51,93.4,98.02,98.16731646920407,telephony_network_type_diversity|touch_app_diversity|screen_unlock_event_count|gsm_cell_transition_count|activity_active_hour_count|median_unlocked_session_duration_seconds|touch_scroll_event_count|touch_distinct_event_count,67.23357536499334
17,5,049,85,91.6,98.02,97.05203767002163,telephony_network_type_diversity|touch_app_diversity|screen_unlock_event_count|gsm_cell_transition_count|activity_active_hour_count|median_unlocked_session_duration_seconds|touch_scroll_event_count|touch_distinct_event_count,67.23357536499334
17,5,057,37,93.7,98.02,98.4341371767496,telephony_network_type_diversity|touch_app_diversity|screen_unlock_event_count|gsm_cell_transition_count|activity_active_hour_count|median_unlocked_session_duration_seconds|touch_scroll_event_count|touch_distinct_event_count,67.23357536499334
17,5,064,69,99.3,98.02,93.7392254539876,telephony_network_type_diversity|touch_app_diversity|screen_unlock_event_count|gsm_cell_transition_count|activity_active_hour_count|median_unlocked_session_duration_seconds|touch_scroll_event_count|touch_distinct_event_count,67.23357536499334
17,5,069,46,85.9,98.02,98.14496970244949,telephony_network_type_diversity|touch_app_diversity|screen_unlock_event_count|gsm_cell_transition_count|activity_active_hour_count|median_unlocked_session_duration_seconds|touch_scroll_event_count|touch_distinct_event_count,67.23357536499334
17,5,070,24,95.5,98.02,97.44769141041492,telephony_network_type_diversity|touch_app_diversity|screen_unlock_event_count|gsm_cell_transition_count|activity_active_hour_count|median_unlocked_session_duration_seconds|touch_scroll_event_count|touch_distinct_event_count,67.23357536499334
17,5,076,71,107.5,98.02,97.08976127677151,telephony_network_type_diversity|touch_app_diversity|screen_unlock_event_count|gsm_cell_transition_count|activity_active_hour_count|median_unlocked_session_duration_seconds|touch_scroll_event_count|touch_distinct_event_count,67.23357536499334
18,1,003,11,106.5,98.20625,98.2035458887312,touch_app_diversity|keyboard_long_pause_count_2s|keyboard_inter_event_interval_iqr_ms|touch_unique_app_count|screen_unlock_event_count|telephony_mobile_data_enabled_fraction|median_unlocked_session_duration_seconds|telephony_event_count,10000.0
18,1,006,8,90.1,98.20625,98.17490238678016,touch_app_diversity|keyboard_long_pause_count_2s|keyboard_inter_event_interval_iqr_ms|touch_unique_app_count|screen_unlock_event_count|telephony_mobile_data_enabled_fraction|median_unlocked_session_duration_seconds|telephony_event_count,10000.0
18,1,007,57,108.2,98.20625,98.17899178244403,touch_app_diversity|keyboard_long_pause_count_2s|keyboard_inter_event_interval_iqr_ms|touch_unique_app_count|screen_unlock_event_count|telephony_mobile_data_enabled_fraction|median_unlocked_session_duration_seconds|telephony_event_count,10000.0
18,1,010,35,100.0,98.20625,98.18431720164256,touch_app_diversity|keyboard_long_pause_count_2s|keyboard_inter_event_interval_iqr_ms|touch_unique_app_count|screen_unlock_event_count|telephony_mobile_data_enabled_fraction|median_unlocked_session_duration_seconds|telephony_event_count,10000.0
18,1,012,4,75.6,98.20625,98.19971960747328,touch_app_diversity|keyboard_long_pause_count_2s|keyboard_inter_event_interval_iqr_ms|touch_unique_app_count|screen_unlock_event_count|telephony_mobile_data_enabled_fraction|median_unlocked_session_duration_seconds|telephony_event_count,10000.0
18,1,015,12,95.9,98.20625,98.12707350634915,touch_app_diversity|keyboard_long_pause_count_2s|keyboard_inter_event_interval_iqr_ms|touch_unique_app_count|screen_unlock_event_count|telephony_mobile_data_enabled_fraction|median_unlocked_session_duration_seconds|telephony_event_count,10000.0
18,1,020,18,90.0,98.20625,98.19531668792571,touch_app_diversity|keyboard_long_pause_count_2s|keyboard_inter_event_interval_iqr_ms|touch_unique_app_count|screen_unlock_event_count|telephony_mobile_data_enabled_fraction|median_unlocked_session_duration_seconds|telephony_event_count,10000.0
18,1,028,45,93.5,98.20625,98.1738462015444,touch_app_diversity|keyboard_long_pause_count_2s|keyboard_inter_event_interval_iqr_ms|touch_unique_app_count|screen_unlock_event_count|telephony_mobile_data_enabled_fraction|median_unlocked_session_duration_seconds|telephony_event_count,10000.0
18,1,030,13,103.8,98.20625,98.23412842268269,touch_app_diversity|keyboard_long_pause_count_2s|keyboard_inter_event_interval_iqr_ms|touch_unique_app_count|screen_unlock_event_count|telephony_mobile_data_enabled_fraction|median_unlocked_session_duration_seconds|telephony_event_count,10000.0
18,1,034,73,101.8,98.20625,98.18021800358196,touch_app_diversity|keyboard_long_pause_count_2s|keyboard_inter_event_interval_iqr_ms|touch_unique_app_count|screen_unlock_event_count|telephony_mobile_data_enabled_fraction|median_unlocked_session_duration_seconds|telephony_event_count,10000.0
18,1,042,14,83.8,98.20625,98.1575574942632,touch_app_diversity|keyboard_long_pause_count_2s|keyboard_inter_event_interval_iqr_ms|touch_unique_app_count|screen_unlock_event_count|telephony_mobile_data_enabled_fraction|median_unlocked_session_duration_seconds|telephony_event_count,10000.0
18,1,043,42,95.5,98.20625,98.18357531357623,touch_app_diversity|keyboard_long_pause_count_2s|keyboard_inter_event_interval_iqr_ms|touch_unique_app_count|screen_unlock_event_count|telephony_mobile_data_enabled_fraction|median_unlocked_session_duration_seconds|telephony_event_count,10000.0
18,1,053,32,104.6,98.20625,98.1410418701162,touch_app_diversity|keyboard_long_pause_count_2s|keyboard_inter_event_interval_iqr_ms|touch_unique_app_count|screen_unlock_event_count|telephony_mobile_data_enabled_fraction|median_unlocked_session_duration_seconds|telephony_event_count,10000.0
18,1,056,38,109.6,98.20625,98.24619194374722,touch_app_diversity|keyboard_long_pause_count_2s|keyboard_inter_event_interval_iqr_ms|touch_unique_app_count|screen_unlock_event_count|telephony_mobile_data_enabled_fraction|median_unlocked_session_duration_seconds|telephony_event_count,10000.0
18,1,061,58,92.7,98.20625,98.19039027673142,touch_app_diversity|keyboard_long_pause_count_2s|keyboard_inter_event_interval_iqr_ms|touch_unique_app_count|screen_unlock_event_count|telephony_mobile_data_enabled_fraction|median_unlocked_session_duration_seconds|telephony_event_count,10000.0
18,1,070,24,95.5,98.20625,98.17481541202105,touch_app_diversity|keyboard_long_pause_count_2s|keyboard_inter_event_interval_iqr_ms|touch_unique_app_count|screen_unlock_event_count|telephony_mobile_data_enabled_fraction|median_unlocked_session_duration_seconds|telephony_event_count,10000.0
18,1,085,81,100.0,98.20625,98.21953421563035,touch_app_diversity|keyboard_long_pause_count_2s|keyboard_inter_event_interval_iqr_ms|touch_unique_app_count|screen_unlock_event_count|telephony_mobile_data_enabled_fraction|median_unlocked_session_duration_seconds|telephony_event_count,10000.0
18,2,018,79,96.1,97.79846153846155,96.83594126933835,keyboard_deletion_event_count|activity_active_hour_count|message_distinct_event_count|screen_active_hour_count|gsm_cell_transition_count|telephony_mobile_data_enabled_fraction|keyboard_median_inter_event_interval_ms|median_unlocked_session_duration_seconds,67.23357536499334
18,2,025,16,104.9,97.79846153846155,102.465896721073,keyboard_deletion_event_count|activity_active_hour_count|message_distinct_event_count|screen_active_hour_count|gsm_cell_transition_count|telephony_mobile_data_enabled_fraction|keyboard_median_inter_event_interval_ms|median_unlocked_session_duration_seconds,67.23357536499334
18,2,026,75,104.1,97.79846153846155,97.93306611730605,keyboard_deletion_event_count|activity_active_hour_count|message_distinct_event_count|screen_active_hour_count|gsm_cell_transition_count|telephony_mobile_data_enabled_fraction|keyboard_median_inter_event_interval_ms|median_unlocked_session_duration_seconds,67.23357536499334
18,2,035,54,98.1,97.79846153846155,96.83442763604438,keyboard_deletion_event_count|activity_active_hour_count|message_distinct_event_count|screen_active_hour_count|gsm_cell_transition_count|telephony_mobile_data_enabled_fraction|keyboard_median_inter_event_interval_ms|median_unlocked_session_duration_seconds,67.23357536499334
18,2,039,27,99.3,97.79846153846155,119.82810309552161,keyboard_deletion_event_count|activity_active_hour_count|message_distinct_event_count|screen_active_hour_count|gsm_cell_transition_count|telephony_mobile_data_enabled_fraction|keyboard_median_inter_event_interval_ms|median_unlocked_session_duration_seconds,67.23357536499334
18,2,048,7,95.2,97.79846153846155,102.465896721073,keyboard_deletion_event_count|activity_active_hour_count|message_distinct_event_count|screen_active_hour_count|gsm_cell_transition_count|telephony_mobile_data_enabled_fraction|keyboard_median_inter_event_interval_ms|median_unlocked_session_duration_seconds,67.23357536499334
18,2,055,29,104.1,97.79846153846155,97.41821196323032,keyboard_deletion_event_count|activity_active_hour_count|message_distinct_event_count|screen_active_hour_count|gsm_cell_transition_count|telephony_mobile_data_enabled_fraction|keyboard_median_inter_event_interval_ms|median_unlocked_session_duration_seconds,67.23357536499334
18,2,062,40,103.9,97.79846153846155,96.92156858983216,keyboard_deletion_event_count|activity_active_hour_count|message_distinct_event_count|screen_active_hour_count|gsm_cell_transition_count|telephony_mobile_data_enabled_fraction|keyboard_median_inter_event_interval_ms|median_unlocked_session_duration_seconds,67.23357536499334
18,2,064,69,99.3,97.79846153846155,94.7808236354349,keyboard_deletion_event_count|activity_active_hour_count|message_distinct_event_count|screen_active_hour_count|gsm_cell_transition_count|telephony_mobile_data_enabled_fraction|keyboard_median_inter_event_interval_ms|median_unlocked_session_duration_seconds,67.23357536499334
18,2,068,34,97.8,97.79846153846155,102.465896721073,keyboard_deletion_event_count|activity_active_hour_count|message_distinct_event_count|screen_active_hour_count|gsm_cell_transition_count|telephony_mobile_data_enabled_fraction|keyboard_median_inter_event_interval_ms|median_unlocked_session_duration_seconds,67.23357536499334
18,2,072,83,106.1,97.79846153846155,100.18342310146883,keyboard_deletion_event_count|activity_active_hour_count|message_distinct_event_count|screen_active_hour_count|gsm_cell_transition_count|telephony_mobile_data_enabled_fraction|keyboard_median_inter_event_interval_ms|median_unlocked_session_duration_seconds,67.23357536499334
18,2,075,53,89.1,97.79846153846155,107.30203490613975,keyboard_deletion_event_count|activity_active_hour_count|message_distinct_event_count|screen_active_hour_count|gsm_cell_transition_count|telephony_mobile_data_enabled_fraction|keyboard_median_inter_event_interval_ms|median_unlocked_session_duration_seconds,67.23357536499334
18,2,078,84,106.2,97.79846153846155,98.4975118954751,keyboard_deletion_event_count|activity_active_hour_count|message_distinct_event_count|screen_active_hour_count|gsm_cell_transition_count|telephony_mobile_data_enabled_fraction|keyboard_median_inter_event_interval_ms|median_unlocked_session_duration_seconds,67.23357536499334
18,2,081,55,82.2,97.79846153846155,96.66741174774144,keyboard_deletion_event_count|activity_active_hour_count|message_distinct_event_count|screen_active_hour_count|gsm_cell_transition_count|telephony_mobile_data_enabled_fraction|keyboard_median_inter_event_interval_ms|median_unlocked_session_duration_seconds,67.23357536499334
18,2,090,56,79.9,97.79846153846155,102.465896721073,keyboard_deletion_event_count|activity_active_hour_count|message_distinct_event_count|screen_active_hour_count|gsm_cell_transition_count|telephony_mobile_data_enabled_fraction|keyboard_median_inter_event_interval_ms|median_unlocked_session_duration_seconds,67.23357536499334
18,2,092,63,109.1,97.79846153846155,102.465896721073,keyboard_deletion_event_count|activity_active_hour_count|message_distinct_event_count|screen_active_hour_count|gsm_cell_transition_count|telephony_mobile_data_enabled_fraction|keyboard_median_inter_event_interval_ms|median_unlocked_session_duration_seconds,67.23357536499334
18,3,002,64,104.8,97.70769230769231,96.79892544556697,message_distinct_event_count|unique_gsm_cell_count|touch_app_diversity|screen_unlock_event_count|gsm_cell_transition_count|median_unlocked_session_duration_seconds|touch_scroll_event_count|screen_transition_count,67.23357536499334
18,3,013,10,109.6,97.70769230769231,100.23022834821008,message_distinct_event_count|unique_gsm_cell_count|touch_app_diversity|screen_unlock_event_count|gsm_cell_transition_count|median_unlocked_session_duration_seconds|touch_scroll_event_count|screen_transition_count,67.23357536499334
18,3,021,17,97.8,97.70769230769231,96.42939338976157,message_distinct_event_count|unique_gsm_cell_count|touch_app_diversity|screen_unlock_event_count|gsm_cell_transition_count|median_unlocked_session_duration_seconds|touch_scroll_event_count|screen_transition_count,67.23357536499334
18,3,032,62,110.6,97.70769230769231,95.32446938722941,message_distinct_event_count|unique_gsm_cell_count|touch_app_diversity|screen_unlock_event_count|gsm_cell_transition_count|median_unlocked_session_duration_seconds|touch_scroll_event_count|screen_transition_count,67.23357536499334
18,3,037,48,101.9,97.70769230769231,99.13889739619125,message_distinct_event_count|unique_gsm_cell_count|touch_app_diversity|screen_unlock_event_count|gsm_cell_transition_count|median_unlocked_session_duration_seconds|touch_scroll_event_count|screen_transition_count,67.23357536499334
18,3,045,51,93.4,97.70769230769231,96.50162985640702,message_distinct_event_count|unique_gsm_cell_count|touch_app_diversity|screen_unlock_event_count|gsm_cell_transition_count|median_unlocked_session_duration_seconds|touch_scroll_event_count|screen_transition_count,67.23357536499334
18,3,050,39,104.4,97.70769230769231,96.53132839575305,message_distinct_event_count|unique_gsm_cell_count|touch_app_diversity|screen_unlock_event_count|gsm_cell_transition_count|median_unlocked_session_duration_seconds|touch_scroll_event_count|screen_transition_count,67.23357536499334
18,3,066,43,99.4,97.70769230769231,95.89914298220957,message_distinct_event_count|unique_gsm_cell_count|touch_app_diversity|screen_unlock_event_count|gsm_cell_transition_count|median_unlocked_session_duration_seconds|touch_scroll_event_count|screen_transition_count,67.23357536499334
18,3,071,33,99.6,97.70769230769231,96.87531794704715,message_distinct_event_count|unique_gsm_cell_count|touch_app_diversity|screen_unlock_event_count|gsm_cell_transition_count|median_unlocked_session_duration_seconds|touch_scroll_event_count|screen_transition_count,67.23357536499334
18,3,082,70,92.0,97.70769230769231,94.45928477671862,message_distinct_event_count|unique_gsm_cell_count|touch_app_diversity|screen_unlock_event_count|gsm_cell_transition_count|median_unlocked_session_duration_seconds|touch_scroll_event_count|screen_transition_count,67.23357536499334
18,3,083,36,102.8,97.70769230769231,96.57580278164903,message_distinct_event_count|unique_gsm_cell_count|touch_app_diversity|screen_unlock_event_count|gsm_cell_transition_count|median_unlocked_session_duration_seconds|touch_scroll_event_count|screen_transition_count,67.23357536499334
18,3,084,49,87.5,97.70769230769231,97.12000712360495,message_distinct_event_count|unique_gsm_cell_count|touch_app_diversity|screen_unlock_event_count|gsm_cell_transition_count|median_unlocked_session_duration_seconds|touch_scroll_event_count|screen_transition_count,67.23357536499334
18,3,086,76,95.7,97.70769230769231,98.02684051436738,message_distinct_event_count|unique_gsm_cell_count|touch_app_diversity|screen_unlock_event_count|gsm_cell_transition_count|median_unlocked_session_duration_seconds|touch_scroll_event_count|screen_transition_count,67.23357536499334
18,3,087,72,100.3,97.70769230769231,97.2956054464134,message_distinct_event_count|unique_gsm_cell_count|touch_app_diversity|screen_unlock_event_count|gsm_cell_transition_count|median_unlocked_session_duration_seconds|touch_scroll_event_count|screen_transition_count,67.23357536499334
18,3,091,60,82.0,97.70769230769231,95.35482037270673,message_distinct_event_count|unique_gsm_cell_count|touch_app_diversity|screen_unlock_event_count|gsm_cell_transition_count|median_unlocked_session_duration_seconds|touch_scroll_event_count|screen_transition_count,67.23357536499334
18,3,095,86,99.5,97.70769230769231,98.74944887269957,message_distinct_event_count|unique_gsm_cell_count|touch_app_diversity|screen_unlock_event_count|gsm_cell_transition_count|median_unlocked_session_duration_seconds|touch_scroll_event_count|screen_transition_count,67.23357536499334
18,4,004,5,101.0,98.2046153846154,102.16694349094351,screen_unlock_event_count|message_distinct_event_count|touch_app_diversity|keyboard_long_pause_count_2s|screen_off_event_count|activity_unknown_fraction|median_unlocked_session_duration_seconds|keyboard_median_inter_event_interval_ms,38.56620421163472
18,4,005,9,81.1,98.2046153846154,92.01575394865135,screen_unlock_event_count|message_distinct_event_count|touch_app_diversity|keyboard_long_pause_count_2s|screen_off_event_count|activity_unknown_fraction|median_unlocked_session_duration_seconds|keyboard_median_inter_event_interval_ms,38.56620421163472
18,4,011,74,88.0,98.2046153846154,98.29128854202578,screen_unlock_event_count|message_distinct_event_count|touch_app_diversity|keyboard_long_pause_count_2s|screen_off_event_count|activity_unknown_fraction|median_unlocked_session_duration_seconds|keyboard_median_inter_event_interval_ms,38.56620421163472
18,4,022,52,107.2,98.2046153846154,97.17269158044901,screen_unlock_event_count|message_distinct_event_count|touch_app_diversity|keyboard_long_pause_count_2s|screen_off_event_count|activity_unknown_fraction|median_unlocked_session_duration_seconds|keyboard_median_inter_event_interval_ms,38.56620421163472
18,4,023,20,101.0,98.2046153846154,99.70900201498326,screen_unlock_event_count|message_distinct_event_count|touch_app_diversity|keyboard_long_pause_count_2s|screen_off_event_count|activity_unknown_fraction|median_unlocked_session_duration_seconds|keyboard_median_inter_event_interval_ms,38.56620421163472
18,4,029,80,100.2,98.2046153846154,99.73405865622546,screen_unlock_event_count|message_distinct_event_count|touch_app_diversity|keyboard_long_pause_count_2s|screen_off_event_count|activity_unknown_fraction|median_unlocked_session_duration_seconds|keyboard_median_inter_event_interval_ms,38.56620421163472
18,4,031,67,96.3,98.2046153846154,99.88853887008746,screen_unlock_event_count|message_distinct_event_count|touch_app_diversity|keyboard_long_pause_count_2s|screen_off_event_count|activity_unknown_fraction|median_unlocked_session_duration_seconds|keyboard_median_inter_event_interval_ms,38.56620421163472
18,4,040,65,92.8,98.2046153846154,97.7898992829281,screen_unlock_event_count|message_distinct_event_count|touch_app_diversity|keyboard_long_pause_count_2s|screen_off_event_count|activity_unknown_fraction|median_unlocked_session_duration_seconds|keyboard_median_inter_event_interval_ms,38.56620421163472
18,4,049,85,91.6,98.2046153846154,98.64762849328703,screen_unlock_event_count|message_distinct_event_count|touch_app_diversity|keyboard_long_pause_count_2s|screen_off_event_count|activity_unknown_fraction|median_unlocked_session_duration_seconds|keyboard_median_inter_event_interval_ms,38.56620421163472
18,4,057,37,93.7,98.2046153846154,98.68198994459632,screen_unlock_event_count|message_distinct_event_count|touch_app_diversity|keyboard_long_pause_count_2s|screen_off_event_count|activity_unknown_fraction|median_unlocked_session_duration_seconds|keyboard_median_inter_event_interval_ms,38.56620421163472
18,4,060,26,96.9,98.2046153846154,97.22631997543957,screen_unlock_event_count|message_distinct_event_count|touch_app_diversity|keyboard_long_pause_count_2s|screen_off_event_count|activity_unknown_fraction|median_unlocked_session_duration_seconds|keyboard_median_inter_event_interval_ms,38.56620421163472
18,4,067,25,87.1,98.2046153846154,98.17683749658207,screen_unlock_event_count|message_distinct_event_count|touch_app_diversity|keyboard_long_pause_count_2s|screen_off_event_count|activity_unknown_fraction|median_unlocked_session_duration_seconds|keyboard_median_inter_event_interval_ms,38.56620421163472
18,4,073,30,95.7,98.2046153846154,97.31770020826555,screen_unlock_event_count|message_distinct_event_count|touch_app_diversity|keyboard_long_pause_count_2s|screen_off_event_count|activity_unknown_fraction|median_unlocked_session_duration_seconds|keyboard_median_inter_event_interval_ms,38.56620421163472
18,4,076,71,107.5,98.2046153846154,95.53947491971057,screen_unlock_event_count|message_distinct_event_count|touch_app_diversity|keyboard_long_pause_count_2s|screen_off_event_count|activity_unknown_fraction|median_unlocked_session_duration_seconds|keyboard_median_inter_event_interval_ms,38.56620421163472
18,4,089,61,109.3,98.2046153846154,88.60420586749643,screen_unlock_event_count|message_distinct_event_count|touch_app_diversity|keyboard_long_pause_count_2s|screen_off_event_count|activity_unknown_fraction|median_unlocked_session_duration_seconds|keyboard_median_inter_event_interval_ms,38.56620421163472
18,4,093,82,99.6,98.2046153846154,100.87661578930226,screen_unlock_event_count|message_distinct_event_count|touch_app_diversity|keyboard_long_pause_count_2s|screen_off_event_count|activity_unknown_fraction|median_unlocked_session_duration_seconds|keyboard_median_inter_event_interval_ms,38.56620421163472
18,5,014,21,104.0,97.7353846153846,97.80079097809362,unique_gsm_cell_count|activity_transition_count|screen_unlock_event_count|message_distinct_event_count|touch_unique_app_count|telephony_mobile_data_enabled_fraction|median_unlocked_session_duration_seconds|keyboard_median_inter_event_interval_ms,10000.0
18,5,019,28,103.7,97.7353846153846,97.80079097809362,unique_gsm_cell_count|activity_transition_count|screen_unlock_event_count|message_distinct_event_count|touch_unique_app_count|telephony_mobile_data_enabled_fraction|median_unlocked_session_duration_seconds|keyboard_median_inter_event_interval_ms,10000.0
18,5,024,68,103.4,97.7353846153846,97.72014460469309,unique_gsm_cell_count|activity_transition_count|screen_unlock_event_count|message_distinct_event_count|touch_unique_app_count|telephony_mobile_data_enabled_fraction|median_unlocked_session_duration_seconds|keyboard_median_inter_event_interval_ms,10000.0
18,5,036,19,93.0,97.7353846153846,97.80079097809362,unique_gsm_cell_count|activity_transition_count|screen_unlock_event_count|message_distinct_event_count|touch_unique_app_count|telephony_mobile_data_enabled_fraction|median_unlocked_session_duration_seconds|keyboard_median_inter_event_interval_ms,10000.0
18,5,038,50,94.5,97.7353846153846,97.80079097809362,unique_gsm_cell_count|activity_transition_count|screen_unlock_event_count|message_distinct_event_count|touch_unique_app_count|telephony_mobile_data_enabled_fraction|median_unlocked_session_duration_seconds|keyboard_median_inter_event_interval_ms,10000.0
18,5,041,15,119.4,97.7353846153846,97.74940982200823,unique_gsm_cell_count|activity_transition_count|screen_unlock_event_count|message_distinct_event_count|touch_unique_app_count|telephony_mobile_data_enabled_fraction|median_unlocked_session_duration_seconds|keyboard_median_inter_event_interval_ms,10000.0
18,5,044,44,108.3,97.7353846153846,97.80079097809362,unique_gsm_cell_count|activity_transition_count|screen_unlock_event_count|message_distinct_event_count|touch_unique_app_count|telephony_mobile_data_enabled_fraction|median_unlocked_session_duration_seconds|keyboard_median_inter_event_interval_ms,10000.0
18,5,046,66,101.8,97.7353846153846,97.70642694940867,unique_gsm_cell_count|activity_transition_count|screen_unlock_event_count|message_distinct_event_count|touch_unique_app_count|telephony_mobile_data_enabled_fraction|median_unlocked_session_duration_seconds|keyboard_median_inter_event_interval_ms,10000.0
18,5,052,22,90.6,97.7353846153846,97.7076971165504,unique_gsm_cell_count|activity_transition_count|screen_unlock_event_count|message_distinct_event_count|touch_unique_app_count|telephony_mobile_data_enabled_fraction|median_unlocked_session_duration_seconds|keyboard_median_inter_event_interval_ms,10000.0
18,5,058,59,76.2,97.7353846153846,97.6953483591191,unique_gsm_cell_count|activity_transition_count|screen_unlock_event_count|message_distinct_event_count|touch_unique_app_count|telephony_mobile_data_enabled_fraction|median_unlocked_session_duration_seconds|keyboard_median_inter_event_interval_ms,10000.0
18,5,069,46,85.9,97.7353846153846,97.71391074887015,unique_gsm_cell_count|activity_transition_count|screen_unlock_event_count|message_distinct_event_count|touch_unique_app_count|telephony_mobile_data_enabled_fraction|median_unlocked_session_duration_seconds|keyboard_median_inter_event_interval_ms,10000.0
18,5,074,41,111.8,97.7353846153846,97.80079097809362,unique_gsm_cell_count|activity_transition_count|screen_unlock_event_count|message_distinct_event_count|touch_unique_app_count|telephony_mobile_data_enabled_fraction|median_unlocked_session_duration_seconds|keyboard_median_inter_event_interval_ms,10000.0
18,5,077,77,87.8,97.7353846153846,97.73128855197,unique_gsm_cell_count|activity_transition_count|screen_unlock_event_count|message_distinct_event_count|touch_unique_app_count|telephony_mobile_data_enabled_fraction|median_unlocked_session_duration_seconds|keyboard_median_inter_event_interval_ms,10000.0
18,5,079,47,101.3,97.7353846153846,97.70368751197171,unique_gsm_cell_count|activity_transition_count|screen_unlock_event_count|message_distinct_event_count|touch_unique_app_count|telephony_mobile_data_enabled_fraction|median_unlocked_session_duration_seconds|keyboard_median_inter_event_interval_ms,10000.0
18,5,080,31,95.7,97.7353846153846,97.69814677189017,unique_gsm_cell_count|activity_transition_count|screen_unlock_event_count|message_distinct_event_count|touch_unique_app_count|telephony_mobile_data_enabled_fraction|median_unlocked_session_duration_seconds|keyboard_median_inter_event_interval_ms,10000.0
18,5,096,87,102.1,97.7353846153846,97.71255045771856,unique_gsm_cell_count|activity_transition_count|screen_unlock_event_count|message_distinct_event_count|touch_unique_app_count|telephony_mobile_data_enabled_fraction|median_unlocked_session_duration_seconds|keyboard_median_inter_event_interval_ms,10000.0
19,1,020,18,90.0,97.909375,96.70866254718446,unique_gsm_lac_count|screen_off_event_count|touch_app_diversity|touch_active_hour_count|unique_gsm_cell_count|median_unlocked_session_duration_seconds|telephony_mobile_data_enabled_fraction|touch_distinct_event_count,67.23357536499334
19,1,022,52,107.2,97.909375,97.10111206576471,unique_gsm_lac_count|screen_off_event_count|touch_app_diversity|touch_active_hour_count|unique_gsm_cell_count|median_unlocked_session_duration_seconds|telephony_mobile_data_enabled_fraction|touch_distinct_event_count,67.23357536499334
19,1,024,68,103.4,97.909375,96.86617454579796,unique_gsm_lac_count|screen_off_event_count|touch_app_diversity|touch_active_hour_count|unique_gsm_cell_count|median_unlocked_session_duration_seconds|telephony_mobile_data_enabled_fraction|touch_distinct_event_count,67.23357536499334
19,1,029,80,100.2,97.909375,96.48231218238506,unique_gsm_lac_count|screen_off_event_count|touch_app_diversity|touch_active_hour_count|unique_gsm_cell_count|median_unlocked_session_duration_seconds|telephony_mobile_data_enabled_fraction|touch_distinct_event_count,67.23357536499334
19,1,030,13,103.8,97.909375,102.57176677117143,unique_gsm_lac_count|screen_off_event_count|touch_app_diversity|touch_active_hour_count|unique_gsm_cell_count|median_unlocked_session_duration_seconds|telephony_mobile_data_enabled_fraction|touch_distinct_event_count,67.23357536499334
19,1,032,62,110.6,97.909375,99.89647177916196,unique_gsm_lac_count|screen_off_event_count|touch_app_diversity|touch_active_hour_count|unique_gsm_cell_count|median_unlocked_session_duration_seconds|telephony_mobile_data_enabled_fraction|touch_distinct_event_count,67.23357536499334
19,1,034,73,101.8,97.909375,96.32654901527968,unique_gsm_lac_count|screen_off_event_count|touch_app_diversity|touch_active_hour_count|unique_gsm_cell_count|median_unlocked_session_duration_seconds|telephony_mobile_data_enabled_fraction|touch_distinct_event_count,67.23357536499334
19,1,036,19,93.0,97.909375,101.51273822906127,unique_gsm_lac_count|screen_off_event_count|touch_app_diversity|touch_active_hour_count|unique_gsm_cell_count|median_unlocked_session_duration_seconds|telephony_mobile_data_enabled_fraction|touch_distinct_event_count,67.23357536499334
19,1,037,48,101.9,97.909375,100.0849896745922,unique_gsm_lac_count|screen_off_event_count|touch_app_diversity|touch_active_hour_count|unique_gsm_cell_count|median_unlocked_session_duration_seconds|telephony_mobile_data_enabled_fraction|touch_distinct_event_count,67.23357536499334
19,1,043,42,95.5,97.909375,96.90024307632349,unique_gsm_lac_count|screen_off_event_count|touch_app_diversity|touch_active_hour_count|unique_gsm_cell_count|median_unlocked_session_duration_seconds|telephony_mobile_data_enabled_fraction|touch_distinct_event_count,67.23357536499334
19,1,049,85,91.6,97.909375,96.62695361857206,unique_gsm_lac_count|screen_off_event_count|touch_app_diversity|touch_active_hour_count|unique_gsm_cell_count|median_unlocked_session_duration_seconds|telephony_mobile_data_enabled_fraction|touch_distinct_event_count,67.23357536499334
19,1,053,32,104.6,97.909375,95.39429957954167,unique_gsm_lac_count|screen_off_event_count|touch_app_diversity|touch_active_hour_count|unique_gsm_cell_count|median_unlocked_session_duration_seconds|telephony_mobile_data_enabled_fraction|touch_distinct_event_count,67.23357536499334
19,1,058,59,76.2,97.909375,95.91680881222419,unique_gsm_lac_count|screen_off_event_count|touch_app_diversity|touch_active_hour_count|unique_gsm_cell_count|median_unlocked_session_duration_seconds|telephony_mobile_data_enabled_fraction|touch_distinct_event_count,67.23357536499334
19,1,062,40,103.9,97.909375,98.954303810645,unique_gsm_lac_count|screen_off_event_count|touch_app_diversity|touch_active_hour_count|unique_gsm_cell_count|median_unlocked_session_duration_seconds|telephony_mobile_data_enabled_fraction|touch_distinct_event_count,67.23357536499334
19,1,068,34,97.8,97.909375,101.51273822906127,unique_gsm_lac_count|screen_off_event_count|touch_app_diversity|touch_active_hour_count|unique_gsm_cell_count|median_unlocked_session_duration_seconds|telephony_mobile_data_enabled_fraction|touch_distinct_event_count,67.23357536499334
19,1,070,24,95.5,97.909375,96.92307689543782,unique_gsm_lac_count|screen_off_event_count|touch_app_diversity|touch_active_hour_count|unique_gsm_cell_count|median_unlocked_session_duration_seconds|telephony_mobile_data_enabled_fraction|touch_distinct_event_count,67.23357536499334
19,1,075,53,89.1,97.909375,100.03191856513156,unique_gsm_lac_count|screen_off_event_count|touch_app_diversity|touch_active_hour_count|unique_gsm_cell_count|median_unlocked_session_duration_seconds|telephony_mobile_data_enabled_fraction|touch_distinct_event_count,67.23357536499334
19,2,002,64,104.8,97.85384615384616,96.29286069037241,message_distinct_event_count|keyboard_long_pause_count_2s|touch_app_diversity|unique_gsm_cell_count|keyboard_typing_burst_count|telephony_mobile_data_enabled_fraction|median_unlocked_session_duration_seconds|keyboard_median_inter_event_interval_ms,67.23357536499334
19,2,010,35,100.0,97.85384615384616,95.01575514253105,message_distinct_event_count|keyboard_long_pause_count_2s|touch_app_diversity|unique_gsm_cell_count|keyboard_typing_burst_count|telephony_mobile_data_enabled_fraction|median_unlocked_session_duration_seconds|keyboard_median_inter_event_interval_ms,67.23357536499334
19,2,014,21,104.0,97.85384615384616,99.68696101770547,message_distinct_event_count|keyboard_long_pause_count_2s|touch_app_diversity|unique_gsm_cell_count|keyboard_typing_burst_count|telephony_mobile_data_enabled_fraction|median_unlocked_session_duration_seconds|keyboard_median_inter_event_interval_ms,67.23357536499334
19,2,023,20,101.0,97.85384615384616,98.32966202617612,message_distinct_event_count|keyboard_long_pause_count_2s|touch_app_diversity|unique_gsm_cell_count|keyboard_typing_burst_count|telephony_mobile_data_enabled_fraction|median_unlocked_session_duration_seconds|keyboard_median_inter_event_interval_ms,67.23357536499334
19,2,039,27,99.3,97.85384615384616,109.8536943172081,message_distinct_event_count|keyboard_long_pause_count_2s|touch_app_diversity|unique_gsm_cell_count|keyboard_typing_burst_count|telephony_mobile_data_enabled_fraction|median_unlocked_session_duration_seconds|keyboard_median_inter_event_interval_ms,67.23357536499334
19,2,044,44,108.3,97.85384615384616,99.68696101770547,message_distinct_event_count|keyboard_long_pause_count_2s|touch_app_diversity|unique_gsm_cell_count|keyboard_typing_burst_count|telephony_mobile_data_enabled_fraction|median_unlocked_session_duration_seconds|keyboard_median_inter_event_interval_ms,67.23357536499334
19,2,048,7,95.2,97.85384615384616,99.68696101770547,message_distinct_event_count|keyboard_long_pause_count_2s|touch_app_diversity|unique_gsm_cell_count|keyboard_typing_burst_count|telephony_mobile_data_enabled_fraction|median_unlocked_session_duration_seconds|keyboard_median_inter_event_interval_ms,67.23357536499334
19,2,066,43,99.4,97.85384615384616,96.70021043573752,message_distinct_event_count|keyboard_long_pause_count_2s|touch_app_diversity|unique_gsm_cell_count|keyboard_typing_burst_count|telephony_mobile_data_enabled_fraction|median_unlocked_session_duration_seconds|keyboard_median_inter_event_interval_ms,67.23357536499334
19,2,069,46,85.9,97.85384615384616,95.72686163908918,message_distinct_event_count|keyboard_long_pause_count_2s|touch_app_diversity|unique_gsm_cell_count|keyboard_typing_burst_count|telephony_mobile_data_enabled_fraction|median_unlocked_session_duration_seconds|keyboard_median_inter_event_interval_ms,67.23357536499334
19,2,080,31,95.7,97.85384615384616,93.43341698632969,message_distinct_event_count|keyboard_long_pause_count_2s|touch_app_diversity|unique_gsm_cell_count|keyboard_typing_burst_count|telephony_mobile_data_enabled_fraction|median_unlocked_session_duration_seconds|keyboard_median_inter_event_interval_ms,67.23357536499334
19,2,084,49,87.5,97.85384615384616,95.6946868755738,message_distinct_event_count|keyboard_long_pause_count_2s|touch_app_diversity|unique_gsm_cell_count|keyboard_typing_burst_count|telephony_mobile_data_enabled_fraction|median_unlocked_session_duration_seconds|keyboard_median_inter_event_interval_ms,67.23357536499334
19,2,087,72,100.3,97.85384615384616,97.6058505470971,message_distinct_event_count|keyboard_long_pause_count_2s|touch_app_diversity|unique_gsm_cell_count|keyboard_typing_burst_count|telephony_mobile_data_enabled_fraction|median_unlocked_session_duration_seconds|keyboard_median_inter_event_interval_ms,67.23357536499334
19,2,089,61,109.3,97.85384615384616,92.57310863901769,message_distinct_event_count|keyboard_long_pause_count_2s|touch_app_diversity|unique_gsm_cell_count|keyboard_typing_burst_count|telephony_mobile_data_enabled_fraction|median_unlocked_session_duration_seconds|keyboard_median_inter_event_interval_ms,67.23357536499334
19,2,091,60,82.0,97.85384615384616,96.87835513489483,message_distinct_event_count|keyboard_long_pause_count_2s|touch_app_diversity|unique_gsm_cell_count|keyboard_typing_burst_count|telephony_mobile_data_enabled_fraction|median_unlocked_session_duration_seconds|keyboard_median_inter_event_interval_ms,67.23357536499334
19,2,093,82,99.6,97.85384615384616,98.38993216218151,message_distinct_event_count|keyboard_long_pause_count_2s|touch_app_diversity|unique_gsm_cell_count|keyboard_typing_burst_count|telephony_mobile_data_enabled_fraction|median_unlocked_session_duration_seconds|keyboard_median_inter_event_interval_ms,67.23357536499334
19,2,095,86,99.5,97.85384615384616,97.98361777576355,message_distinct_event_count|keyboard_long_pause_count_2s|touch_app_diversity|unique_gsm_cell_count|keyboard_typing_burst_count|telephony_mobile_data_enabled_fraction|median_unlocked_session_duration_seconds|keyboard_median_inter_event_interval_ms,67.23357536499334
19,3,004,5,101.0,97.99538461538461,97.91109763197659,keyboard_long_pause_count_2s|touch_scroll_index_change_median|screen_unlock_event_count|gsm_cell_transition_count|unique_foreground_apps|telephony_mobile_data_enabled_fraction|median_unlocked_session_duration_seconds|keyboard_median_inter_event_interval_ms,67.23357536499334
19,3,007,57,108.2,97.99538461538461,96.51819555516259,keyboard_long_pause_count_2s|touch_scroll_index_change_median|screen_unlock_event_count|gsm_cell_transition_count|unique_foreground_apps|telephony_mobile_data_enabled_fraction|median_unlocked_session_duration_seconds|keyboard_median_inter_event_interval_ms,67.23357536499334
19,3,015,12,95.9,97.99538461538461,93.89446538254136,keyboard_long_pause_count_2s|touch_scroll_index_change_median|screen_unlock_event_count|gsm_cell_transition_count|unique_foreground_apps|telephony_mobile_data_enabled_fraction|median_unlocked_session_duration_seconds|keyboard_median_inter_event_interval_ms,67.23357536499334
19,3,018,79,96.1,97.99538461538461,95.86599141827467,keyboard_long_pause_count_2s|touch_scroll_index_change_median|screen_unlock_event_count|gsm_cell_transition_count|unique_foreground_apps|telephony_mobile_data_enabled_fraction|median_unlocked_session_duration_seconds|keyboard_median_inter_event_interval_ms,67.23357536499334
19,3,025,16,104.9,97.99538461538461,99.68617834472722,keyboard_long_pause_count_2s|touch_scroll_index_change_median|screen_unlock_event_count|gsm_cell_transition_count|unique_foreground_apps|telephony_mobile_data_enabled_fraction|median_unlocked_session_duration_seconds|keyboard_median_inter_event_interval_ms,67.23357536499334
19,3,028,45,93.5,97.99538461538461,98.44516960933454,keyboard_long_pause_count_2s|touch_scroll_index_change_median|screen_unlock_event_count|gsm_cell_transition_count|unique_foreground_apps|telephony_mobile_data_enabled_fraction|median_unlocked_session_duration_seconds|keyboard_median_inter_event_interval_ms,67.23357536499334
19,3,035,54,98.1,97.99538461538461,98.99623861228304,keyboard_long_pause_count_2s|touch_scroll_index_change_median|screen_unlock_event_count|gsm_cell_transition_count|unique_foreground_apps|telephony_mobile_data_enabled_fraction|median_unlocked_session_duration_seconds|keyboard_median_inter_event_interval_ms,67.23357536499334
19,3,040,65,92.8,97.99538461538461,96.48277821433527,keyboard_long_pause_count_2s|touch_scroll_index_change_median|screen_unlock_event_count|gsm_cell_transition_count|unique_foreground_apps|telephony_mobile_data_enabled_fraction|median_unlocked_session_duration_seconds|keyboard_median_inter_event_interval_ms,67.23357536499334
19,3,042,14,83.8,97.99538461538461,95.28265016750709,keyboard_long_pause_count_2s|touch_scroll_index_change_median|screen_unlock_event_count|gsm_cell_transition_count|unique_foreground_apps|telephony_mobile_data_enabled_fraction|median_unlocked_session_duration_seconds|keyboard_median_inter_event_interval_ms,67.23357536499334
19,3,052,22,90.6,97.99538461538461,95.62994454868883,keyboard_long_pause_count_2s|touch_scroll_index_change_median|screen_unlock_event_count|gsm_cell_transition_count|unique_foreground_apps|telephony_mobile_data_enabled_fraction|median_unlocked_session_duration_seconds|keyboard_median_inter_event_interval_ms,67.23357536499334
19,3,061,58,92.7,97.99538461538461,98.39069468548482,keyboard_long_pause_count_2s|touch_scroll_index_change_median|screen_unlock_event_count|gsm_cell_transition_count|unique_foreground_apps|telephony_mobile_data_enabled_fraction|median_unlocked_session_duration_seconds|keyboard_median_inter_event_interval_ms,67.23357536499334
19,3,072,83,106.1,97.99538461538461,97.4770107034838,keyboard_long_pause_count_2s|touch_scroll_index_change_median|screen_unlock_event_count|gsm_cell_transition_count|unique_foreground_apps|telephony_mobile_data_enabled_fraction|median_unlocked_session_duration_seconds|keyboard_median_inter_event_interval_ms,67.23357536499334
19,3,082,70,92.0,97.99538461538461,99.32505391678336,keyboard_long_pause_count_2s|touch_scroll_index_change_median|screen_unlock_event_count|gsm_cell_transition_count|unique_foreground_apps|telephony_mobile_data_enabled_fraction|median_unlocked_session_duration_seconds|keyboard_median_inter_event_interval_ms,67.23357536499334
19,3,086,76,95.7,97.99538461538461,98.90140215763954,keyboard_long_pause_count_2s|touch_scroll_index_change_median|screen_unlock_event_count|gsm_cell_transition_count|unique_foreground_apps|telephony_mobile_data_enabled_fraction|median_unlocked_session_duration_seconds|keyboard_median_inter_event_interval_ms,67.23357536499334
19,3,092,63,109.1,97.99538461538461,99.68617834472722,keyboard_long_pause_count_2s|touch_scroll_index_change_median|screen_unlock_event_count|gsm_cell_transition_count|unique_foreground_apps|telephony_mobile_data_enabled_fraction|median_unlocked_session_duration_seconds|keyboard_median_inter_event_interval_ms,67.23357536499334
19,3,096,87,102.1,97.99538461538461,95.88010495963631,keyboard_long_pause_count_2s|touch_scroll_index_change_median|screen_unlock_event_count|gsm_cell_transition_count|unique_foreground_apps|telephony_mobile_data_enabled_fraction|median_unlocked_session_duration_seconds|keyboard_median_inter_event_interval_ms,67.23357536499334
19,4,012,4,75.6,98.29384615384616,98.53312699273025,keyboard_deletion_event_count|message_distinct_event_count|unique_gsm_cell_count|keyboard_long_pause_count_2s|gsm_cell_transition_count|keyboard_median_inter_event_interval_ms|touch_scroll_event_count|touch_distinct_event_count,38.56620421163472
19,4,021,17,97.8,98.29384615384616,97.5519545637799,keyboard_deletion_event_count|message_distinct_event_count|unique_gsm_cell_count|keyboard_long_pause_count_2s|gsm_cell_transition_count|keyboard_median_inter_event_interval_ms|touch_scroll_event_count|touch_distinct_event_count,38.56620421163472
19,4,026,75,104.1,98.29384615384616,98.42766635898016,keyboard_deletion_event_count|message_distinct_event_count|unique_gsm_cell_count|keyboard_long_pause_count_2s|gsm_cell_transition_count|keyboard_median_inter_event_interval_ms|touch_scroll_event_count|touch_distinct_event_count,38.56620421163472
19,4,055,29,104.1,98.29384615384616,95.38665973954122,keyboard_deletion_event_count|message_distinct_event_count|unique_gsm_cell_count|keyboard_long_pause_count_2s|gsm_cell_transition_count|keyboard_median_inter_event_interval_ms|touch_scroll_event_count|touch_distinct_event_count,38.56620421163472
19,4,057,37,93.7,98.29384615384616,99.56919107622922,keyboard_deletion_event_count|message_distinct_event_count|unique_gsm_cell_count|keyboard_long_pause_count_2s|gsm_cell_transition_count|keyboard_median_inter_event_interval_ms|touch_scroll_event_count|touch_distinct_event_count,38.56620421163472
19,4,060,26,96.9,98.29384615384616,97.42023254845198,keyboard_deletion_event_count|message_distinct_event_count|unique_gsm_cell_count|keyboard_long_pause_count_2s|gsm_cell_transition_count|keyboard_median_inter_event_interval_ms|touch_scroll_event_count|touch_distinct_event_count,38.56620421163472
19,4,064,69,99.3,98.29384615384616,93.94211972921731,keyboard_deletion_event_count|message_distinct_event_count|unique_gsm_cell_count|keyboard_long_pause_count_2s|gsm_cell_transition_count|keyboard_median_inter_event_interval_ms|touch_scroll_event_count|touch_distinct_event_count,38.56620421163472
19,4,067,25,87.1,98.29384615384616,98.3162055904178,keyboard_deletion_event_count|message_distinct_event_count|unique_gsm_cell_count|keyboard_long_pause_count_2s|gsm_cell_transition_count|keyboard_median_inter_event_interval_ms|touch_scroll_event_count|touch_distinct_event_count,38.56620421163472
19,4,073,30,95.7,98.29384615384616,101.17034803562285,keyboard_deletion_event_count|message_distinct_event_count|unique_gsm_cell_count|keyboard_long_pause_count_2s|gsm_cell_transition_count|keyboard_median_inter_event_interval_ms|touch_scroll_event_count|touch_distinct_event_count,38.56620421163472
19,4,074,41,111.8,98.29384615384616,101.17034803562285,keyboard_deletion_event_count|message_distinct_event_count|unique_gsm_cell_count|keyboard_long_pause_count_2s|gsm_cell_transition_count|keyboard_median_inter_event_interval_ms|touch_scroll_event_count|touch_distinct_event_count,38.56620421163472
19,4,076,71,107.5,98.29384615384616,98.19808010036867,keyboard_deletion_event_count|message_distinct_event_count|unique_gsm_cell_count|keyboard_long_pause_count_2s|gsm_cell_transition_count|keyboard_median_inter_event_interval_ms|touch_scroll_event_count|touch_distinct_event_count,38.56620421163472
19,4,078,84,106.2,98.29384615384616,99.49045834239338,keyboard_deletion_event_count|message_distinct_event_count|unique_gsm_cell_count|keyboard_long_pause_count_2s|gsm_cell_transition_count|keyboard_median_inter_event_interval_ms|touch_scroll_event_count|touch_distinct_event_count,38.56620421163472
19,4,079,47,101.3,98.29384615384616,95.72780379756476,keyboard_deletion_event_count|message_distinct_event_count|unique_gsm_cell_count|keyboard_long_pause_count_2s|gsm_cell_transition_count|keyboard_median_inter_event_interval_ms|touch_scroll_event_count|touch_distinct_event_count,38.56620421163472
19,4,081,55,82.2,98.29384615384616,97.04693845472384,keyboard_deletion_event_count|message_distinct_event_count|unique_gsm_cell_count|keyboard_long_pause_count_2s|gsm_cell_transition_count|keyboard_median_inter_event_interval_ms|touch_scroll_event_count|touch_distinct_event_count,38.56620421163472
19,4,085,81,100.0,98.29384615384616,97.44868080573292,keyboard_deletion_event_count|message_distinct_event_count|unique_gsm_cell_count|keyboard_long_pause_count_2s|gsm_cell_transition_count|keyboard_median_inter_event_interval_ms|touch_scroll_event_count|touch_distinct_event_count,38.56620421163472
19,4,090,56,79.9,98.29384615384616,101.17034803562285,keyboard_deletion_event_count|message_distinct_event_count|unique_gsm_cell_count|keyboard_long_pause_count_2s|gsm_cell_transition_count|keyboard_median_inter_event_interval_ms|touch_scroll_event_count|touch_distinct_event_count,38.56620421163472
19,5,003,11,106.5,97.59538461538462,99.56586535674795,telephony_network_type_diversity|screen_off_event_count|screen_unlock_event_count|screen_on_event_count|touch_unique_app_count|median_unlocked_session_duration_seconds|screen_transition_count|keyboard_typing_burst_count,67.23357536499334
19,5,005,9,81.1,97.59538461538462,96.3413133543877,telephony_network_type_diversity|screen_off_event_count|screen_unlock_event_count|screen_on_event_count|touch_unique_app_count|median_unlocked_session_duration_seconds|screen_transition_count|keyboard_typing_burst_count,67.23357536499334
19,5,006,8,90.1,97.59538461538462,96.22238755974738,telephony_network_type_diversity|screen_off_event_count|screen_unlock_event_count|screen_on_event_count|touch_unique_app_count|median_unlocked_session_duration_seconds|screen_transition_count|keyboard_typing_burst_count,67.23357536499334
19,5,011,74,88.0,97.59538461538462,97.63214175072474,telephony_network_type_diversity|screen_off_event_count|screen_unlock_event_count|screen_on_event_count|touch_unique_app_count|median_unlocked_session_duration_seconds|screen_transition_count|keyboard_typing_burst_count,67.23357536499334
19,5,013,10,109.6,97.59538461538462,99.6857559066532,telephony_network_type_diversity|screen_off_event_count|screen_unlock_event_count|screen_on_event_count|touch_unique_app_count|median_unlocked_session_duration_seconds|screen_transition_count|keyboard_typing_burst_count,67.23357536499334
19,5,019,28,103.7,97.59538461538462,99.6857559066532,telephony_network_type_diversity|screen_off_event_count|screen_unlock_event_count|screen_on_event_count|touch_unique_app_count|median_unlocked_session_duration_seconds|screen_transition_count|keyboard_typing_burst_count,67.23357536499334
19,5,031,67,96.3,97.59538461538462,97.61299501212486,telephony_network_type_diversity|screen_off_event_count|screen_unlock_event_count|screen_on_event_count|touch_unique_app_count|median_unlocked_session_duration_seconds|screen_transition_count|keyboard_typing_burst_count,67.23357536499334
19,5,038,50,94.5,97.59538461538462,99.6857559066532,telephony_network_type_diversity|screen_off_event_count|screen_unlock_event_count|screen_on_event_count|touch_unique_app_count|median_unlocked_session_duration_seconds|screen_transition_count|keyboard_typing_burst_count,67.23357536499334
19,5,041,15,119.4,97.59538461538462,97.45159898514122,telephony_network_type_diversity|screen_off_event_count|screen_unlock_event_count|screen_on_event_count|touch_unique_app_count|median_unlocked_session_duration_seconds|screen_transition_count|keyboard_typing_burst_count,67.23357536499334
19,5,045,51,93.4,97.59538461538462,97.26933611653388,telephony_network_type_diversity|screen_off_event_count|screen_unlock_event_count|screen_on_event_count|touch_unique_app_count|median_unlocked_session_duration_seconds|screen_transition_count|keyboard_typing_burst_count,67.23357536499334
19,5,046,66,101.8,97.59538461538462,95.71371507117902,telephony_network_type_diversity|screen_off_event_count|screen_unlock_event_count|screen_on_event_count|touch_unique_app_count|median_unlocked_session_duration_seconds|screen_transition_count|keyboard_typing_burst_count,67.23357536499334
19,5,050,39,104.4,97.59538461538462,97.09141762560141,telephony_network_type_diversity|screen_off_event_count|screen_unlock_event_count|screen_on_event_count|touch_unique_app_count|median_unlocked_session_duration_seconds|screen_transition_count|keyboard_typing_burst_count,67.23357536499334
19,5,056,38,109.6,97.59538461538462,99.6857559066532,telephony_network_type_diversity|screen_off_event_count|screen_unlock_event_count|screen_on_event_count|touch_unique_app_count|median_unlocked_session_duration_seconds|screen_transition_count|keyboard_typing_burst_count,67.23357536499334
19,5,071,33,99.6,97.59538461538462,97.54543407189173,telephony_network_type_diversity|screen_off_event_count|screen_unlock_event_count|screen_on_event_count|touch_unique_app_count|median_unlocked_session_duration_seconds|screen_transition_count|keyboard_typing_burst_count,67.23357536499334
19,5,077,77,87.8,97.59538461538462,96.56106593199678,telephony_network_type_diversity|screen_off_event_count|screen_unlock_event_count|screen_on_event_count|touch_unique_app_count|median_unlocked_session_duration_seconds|screen_transition_count|keyboard_typing_burst_count,67.23357536499334
19,5,083,36,102.8,97.59538461538462,97.01891471853668,telephony_network_type_diversity|screen_off_event_count|screen_unlock_event_count|screen_on_event_count|touch_unique_app_count|median_unlocked_session_duration_seconds|screen_transition_count|keyboard_typing_burst_count,67.23357536499334
20,1,004,5,101.0,97.74531250000001,103.26773308436384,unique_gsm_cell_count|message_distinct_event_count|screen_unlock_event_count|screen_on_event_count|touch_unique_app_count|telephony_mobile_data_enabled_fraction|median_unlocked_session_duration_seconds|keyboard_median_inter_event_interval_ms,117.21022975334817
20,1,007,57,108.2,97.74531250000001,96.39187602541043,unique_gsm_cell_count|message_distinct_event_count|screen_unlock_event_count|screen_on_event_count|touch_unique_app_count|telephony_mobile_data_enabled_fraction|median_unlocked_session_duration_seconds|keyboard_median_inter_event_interval_ms,117.21022975334817
20,1,023,20,101.0,97.74531250000001,98.98043260821511,unique_gsm_cell_count|message_distinct_event_count|screen_unlock_event_count|screen_on_event_count|touch_unique_app_count|telephony_mobile_data_enabled_fraction|median_unlocked_session_duration_seconds|keyboard_median_inter_event_interval_ms,117.21022975334817
20,1,036,19,93.0,97.74531250000001,100.36084823968329,unique_gsm_cell_count|message_distinct_event_count|screen_unlock_event_count|screen_on_event_count|touch_unique_app_count|telephony_mobile_data_enabled_fraction|median_unlocked_session_duration_seconds|keyboard_median_inter_event_interval_ms,117.21022975334817
20,1,043,42,95.5,97.74531250000001,96.21936978924424,unique_gsm_cell_count|message_distinct_event_count|screen_unlock_event_count|screen_on_event_count|touch_unique_app_count|telephony_mobile_data_enabled_fraction|median_unlocked_session_duration_seconds|keyboard_median_inter_event_interval_ms,117.21022975334817
20,1,068,34,97.8,97.74531250000001,100.36084823968329,unique_gsm_cell_count|message_distinct_event_count|screen_unlock_event_count|screen_on_event_count|touch_unique_app_count|telephony_mobile_data_enabled_fraction|median_unlocked_session_duration_seconds|keyboard_median_inter_event_interval_ms,117.21022975334817
20,1,069,46,85.9,97.74531250000001,96.24959543390978,unique_gsm_cell_count|message_distinct_event_count|screen_unlock_event_count|screen_on_event_count|touch_unique_app_count|telephony_mobile_data_enabled_fraction|median_unlocked_session_duration_seconds|keyboard_median_inter_event_interval_ms,117.21022975334817
20,1,071,33,99.6,97.74531250000001,96.46344580911807,unique_gsm_cell_count|message_distinct_event_count|screen_unlock_event_count|screen_on_event_count|touch_unique_app_count|telephony_mobile_data_enabled_fraction|median_unlocked_session_duration_seconds|keyboard_median_inter_event_interval_ms,117.21022975334817
20,1,072,83,106.1,97.74531250000001,97.31335324160041,unique_gsm_cell_count|message_distinct_event_count|screen_unlock_event_count|screen_on_event_count|touch_unique_app_count|telephony_mobile_data_enabled_fraction|median_unlocked_session_duration_seconds|keyboard_median_inter_event_interval_ms,117.21022975334817
20,1,074,41,111.8,97.74531250000001,100.36084823968329,unique_gsm_cell_count|message_distinct_event_count|screen_unlock_event_count|screen_on_event_count|touch_unique_app_count|telephony_mobile_data_enabled_fraction|median_unlocked_session_duration_seconds|keyboard_median_inter_event_interval_ms,117.21022975334817
20,1,075,53,89.1,97.74531250000001,100.07250799558035,unique_gsm_cell_count|message_distinct_event_count|screen_unlock_event_count|screen_on_event_count|touch_unique_app_count|telephony_mobile_data_enabled_fraction|median_unlocked_session_duration_seconds|keyboard_median_inter_event_interval_ms,117.21022975334817
20,1,076,71,107.5,97.74531250000001,99.02863532953454,unique_gsm_cell_count|message_distinct_event_count|screen_unlock_event_count|screen_on_event_count|touch_unique_app_count|telephony_mobile_data_enabled_fraction|median_unlocked_session_duration_seconds|keyboard_median_inter_event_interval_ms,117.21022975334817
20,1,083,36,102.8,97.74531250000001,97.0186008537277,unique_gsm_cell_count|message_distinct_event_count|screen_unlock_event_count|screen_on_event_count|touch_unique_app_count|telephony_mobile_data_enabled_fraction|median_unlocked_session_duration_seconds|keyboard_median_inter_event_interval_ms,117.21022975334817
20,1,085,81,100.0,97.74531250000001,99.12868510417304,unique_gsm_cell_count|message_distinct_event_count|screen_unlock_event_count|screen_on_event_count|touch_unique_app_count|telephony_mobile_data_enabled_fraction|median_unlocked_session_duration_seconds|keyboard_median_inter_event_interval_ms,117.21022975334817
20,1,086,76,95.7,97.74531250000001,98.95387774499618,unique_gsm_cell_count|message_distinct_event_count|screen_unlock_event_count|screen_on_event_count|touch_unique_app_count|telephony_mobile_data_enabled_fraction|median_unlocked_session_duration_seconds|keyboard_median_inter_event_interval_ms,117.21022975334817
20,1,091,60,82.0,97.74531250000001,97.44686726395629,unique_gsm_cell_count|message_distinct_event_count|screen_unlock_event_count|screen_on_event_count|touch_unique_app_count|telephony_mobile_data_enabled_fraction|median_unlocked_session_duration_seconds|keyboard_median_inter_event_interval_ms,117.21022975334817
20,1,093,82,99.6,97.74531250000001,97.20893568459783,unique_gsm_cell_count|message_distinct_event_count|screen_unlock_event_count|screen_on_event_count|touch_unique_app_count|telephony_mobile_data_enabled_fraction|median_unlocked_session_duration_seconds|keyboard_median_inter_event_interval_ms,117.21022975334817
20,2,014,21,104.0,97.62153846153845,101.0525966380901,message_distinct_event_count|touch_app_diversity|touch_unique_app_count|gsm_cell_transition_count|screen_unlock_event_count|median_unlocked_session_duration_seconds|keyboard_median_inter_event_interval_ms|telephony_mobile_data_enabled_fraction,117.21022975334817
20,2,015,12,95.9,97.62153846153845,95.19422431066121,message_distinct_event_count|touch_app_diversity|touch_unique_app_count|gsm_cell_transition_count|screen_unlock_event_count|median_unlocked_session_duration_seconds|keyboard_median_inter_event_interval_ms|telephony_mobile_data_enabled_fraction,117.21022975334817
20,2,018,79,96.1,97.62153846153845,96.2502203335989,message_distinct_event_count|touch_app_diversity|touch_unique_app_count|gsm_cell_transition_count|screen_unlock_event_count|median_unlocked_session_duration_seconds|keyboard_median_inter_event_interval_ms|telephony_mobile_data_enabled_fraction,117.21022975334817
20,2,031,67,96.3,97.62153846153845,98.0205443971323,message_distinct_event_count|touch_app_diversity|touch_unique_app_count|gsm_cell_transition_count|screen_unlock_event_count|median_unlocked_session_duration_seconds|keyboard_median_inter_event_interval_ms|telephony_mobile_data_enabled_fraction,117.21022975334817
20,2,040,65,92.8,97.62153846153845,96.59966519660342,message_distinct_event_count|touch_app_diversity|touch_unique_app_count|gsm_cell_transition_count|screen_unlock_event_count|median_unlocked_session_duration_seconds|keyboard_median_inter_event_interval_ms|telephony_mobile_data_enabled_fraction,117.21022975334817
20,2,041,15,119.4,97.62153846153845,97.65317430466544,message_distinct_event_count|touch_app_diversity|touch_unique_app_count|gsm_cell_transition_count|screen_unlock_event_count|median_unlocked_session_duration_seconds|keyboard_median_inter_event_interval_ms|telephony_mobile_data_enabled_fraction,117.21022975334817
20,2,046,66,101.8,97.62153846153845,96.00586531812156,message_distinct_event_count|touch_app_diversity|touch_unique_app_count|gsm_cell_transition_count|screen_unlock_event_count|median_unlocked_session_duration_seconds|keyboard_median_inter_event_interval_ms|telephony_mobile_data_enabled_fraction,117.21022975334817
20,2,050,39,104.4,97.62153846153845,96.80305081926836,message_distinct_event_count|touch_app_diversity|touch_unique_app_count|gsm_cell_transition_count|screen_unlock_event_count|median_unlocked_session_duration_seconds|keyboard_median_inter_event_interval_ms|telephony_mobile_data_enabled_fraction,117.21022975334817
20,2,052,22,90.6,97.62153846153845,95.68035106981041,message_distinct_event_count|touch_app_diversity|touch_unique_app_count|gsm_cell_transition_count|screen_unlock_event_count|median_unlocked_session_duration_seconds|keyboard_median_inter_event_interval_ms|telephony_mobile_data_enabled_fraction,117.21022975334817
20,2,055,29,104.1,97.62153846153845,96.26377092606913,message_distinct_event_count|touch_app_diversity|touch_unique_app_count|gsm_cell_transition_count|screen_unlock_event_count|median_unlocked_session_duration_seconds|keyboard_median_inter_event_interval_ms|telephony_mobile_data_enabled_fraction,117.21022975334817
20,2,057,37,93.7,97.62153846153845,97.2157234515228,message_distinct_event_count|touch_app_diversity|touch_unique_app_count|gsm_cell_transition_count|screen_unlock_event_count|median_unlocked_session_duration_seconds|keyboard_median_inter_event_interval_ms|telephony_mobile_data_enabled_fraction,117.21022975334817
20,2,062,40,103.9,97.62153846153845,97.18439012952861,message_distinct_event_count|touch_app_diversity|touch_unique_app_count|gsm_cell_transition_count|screen_unlock_event_count|median_unlocked_session_duration_seconds|keyboard_median_inter_event_interval_ms|telephony_mobile_data_enabled_fraction,117.21022975334817
20,2,078,84,106.2,97.62153846153845,102.47639677462259,message_distinct_event_count|touch_app_diversity|touch_unique_app_count|gsm_cell_transition_count|screen_unlock_event_count|median_unlocked_session_duration_seconds|keyboard_median_inter_event_interval_ms|telephony_mobile_data_enabled_fraction,117.21022975334817
20,2,080,31,95.7,97.62153846153845,94.894767852267,message_distinct_event_count|touch_app_diversity|touch_unique_app_count|gsm_cell_transition_count|screen_unlock_event_count|median_unlocked_session_duration_seconds|keyboard_median_inter_event_interval_ms|telephony_mobile_data_enabled_fraction,117.21022975334817
20,2,090,56,79.9,97.62153846153845,101.0525966380901,message_distinct_event_count|touch_app_diversity|touch_unique_app_count|gsm_cell_transition_count|screen_unlock_event_count|median_unlocked_session_duration_seconds|keyboard_median_inter_event_interval_ms|telephony_mobile_data_enabled_fraction,117.21022975334817
20,2,096,87,102.1,97.62153846153845,96.5277450798949,message_distinct_event_count|touch_app_diversity|touch_unique_app_count|gsm_cell_transition_count|screen_unlock_event_count|median_unlocked_session_duration_seconds|keyboard_median_inter_event_interval_ms|telephony_mobile_data_enabled_fraction,117.21022975334817
20,3,003,11,106.5,97.67692307692307,98.31469853551788,keyboard_long_pause_count_2s|touch_app_diversity|screen_unlock_event_count|message_distinct_event_count|keyboard_inter_event_interval_iqr_ms|median_unlocked_session_duration_seconds|activity_unknown_fraction|touch_distinct_event_count,67.23357536499334
20,3,019,28,103.7,97.67692307692307,100.16679722360978,keyboard_long_pause_count_2s|touch_app_diversity|screen_unlock_event_count|message_distinct_event_count|keyboard_inter_event_interval_iqr_ms|median_unlocked_session_duration_seconds|activity_unknown_fraction|touch_distinct_event_count,67.23357536499334
20,3,022,52,107.2,97.67692307692307,97.43279187937523,keyboard_long_pause_count_2s|touch_app_diversity|screen_unlock_event_count|message_distinct_event_count|keyboard_inter_event_interval_iqr_ms|median_unlocked_session_duration_seconds|activity_unknown_fraction|touch_distinct_event_count,67.23357536499334
20,3,025,16,104.9,97.67692307692307,100.16679722360978,keyboard_long_pause_count_2s|touch_app_diversity|screen_unlock_event_count|message_distinct_event_count|keyboard_inter_event_interval_iqr_ms|median_unlocked_session_duration_seconds|activity_unknown_fraction|touch_distinct_event_count,67.23357536499334
20,3,028,45,93.5,97.67692307692307,96.50971335041899,keyboard_long_pause_count_2s|touch_app_diversity|screen_unlock_event_count|message_distinct_event_count|keyboard_inter_event_interval_iqr_ms|median_unlocked_session_duration_seconds|activity_unknown_fraction|touch_distinct_event_count,67.23357536499334
20,3,029,80,100.2,97.67692307692307,98.26078771961674,keyboard_long_pause_count_2s|touch_app_diversity|screen_unlock_event_count|message_distinct_event_count|keyboard_inter_event_interval_iqr_ms|median_unlocked_session_duration_seconds|activity_unknown_fraction|touch_distinct_event_count,67.23357536499334
20,3,032,62,110.6,97.67692307692307,96.21943706258473,keyboard_long_pause_count_2s|touch_app_diversity|screen_unlock_event_count|message_distinct_event_count|keyboard_inter_event_interval_iqr_ms|median_unlocked_session_duration_seconds|activity_unknown_fraction|touch_distinct_event_count,67.23357536499334
20,3,037,48,101.9,97.67692307692307,98.47302094012478,keyboard_long_pause_count_2s|touch_app_diversity|screen_unlock_event_count|message_distinct_event_count|keyboard_inter_event_interval_iqr_ms|median_unlocked_session_duration_seconds|activity_unknown_fraction|touch_distinct_event_count,67.23357536499334
20,3,038,50,94.5,97.67692307692307,100.16679722360978,keyboard_long_pause_count_2s|touch_app_diversity|screen_unlock_event_count|message_distinct_event_count|keyboard_inter_event_interval_iqr_ms|median_unlocked_session_duration_seconds|activity_unknown_fraction|touch_distinct_event_count,67.23357536499334
20,3,045,51,93.4,97.67692307692307,97.93338226887543,keyboard_long_pause_count_2s|touch_app_diversity|screen_unlock_event_count|message_distinct_event_count|keyboard_inter_event_interval_iqr_ms|median_unlocked_session_duration_seconds|activity_unknown_fraction|touch_distinct_event_count,67.23357536499334
20,3,058,59,76.2,97.67692307692307,93.3343725346259,keyboard_long_pause_count_2s|touch_app_diversity|screen_unlock_event_count|message_distinct_event_count|keyboard_inter_event_interval_iqr_ms|median_unlocked_session_duration_seconds|activity_unknown_fraction|touch_distinct_event_count,67.23357536499334
20,3,066,43,99.4,97.67692307692307,96.5584280423669,keyboard_long_pause_count_2s|touch_app_diversity|screen_unlock_event_count|message_distinct_event_count|keyboard_inter_event_interval_iqr_ms|median_unlocked_session_duration_seconds|activity_unknown_fraction|touch_distinct_event_count,67.23357536499334
20,3,081,55,82.2,97.67692307692307,98.02012489730332,keyboard_long_pause_count_2s|touch_app_diversity|screen_unlock_event_count|message_distinct_event_count|keyboard_inter_event_interval_iqr_ms|median_unlocked_session_duration_seconds|activity_unknown_fraction|touch_distinct_event_count,67.23357536499334
20,3,087,72,100.3,97.67692307692307,97.43138043399013,keyboard_long_pause_count_2s|touch_app_diversity|screen_unlock_event_count|message_distinct_event_count|keyboard_inter_event_interval_iqr_ms|median_unlocked_session_duration_seconds|activity_unknown_fraction|touch_distinct_event_count,67.23357536499334
20,3,089,61,109.3,97.67692307692307,91.49116099465759,keyboard_long_pause_count_2s|touch_app_diversity|screen_unlock_event_count|message_distinct_event_count|keyboard_inter_event_interval_iqr_ms|median_unlocked_session_duration_seconds|activity_unknown_fraction|touch_distinct_event_count,67.23357536499334
20,3,095,86,99.5,97.67692307692307,98.49503441429889,keyboard_long_pause_count_2s|touch_app_diversity|screen_unlock_event_count|message_distinct_event_count|keyboard_inter_event_interval_iqr_ms|median_unlocked_session_duration_seconds|activity_unknown_fraction|touch_distinct_event_count,67.23357536499334
20,4,002,64,104.8,98.24307692307693,98.06370156259239,keyboard_long_pause_count_2s|activity_active_hour_count|activity_transition_count|touch_app_diversity|touch_scroll_index_change_median|telephony_mobile_data_enabled_fraction|median_unlocked_session_duration_seconds|telephony_event_count,1887.3918221350996
20,4,005,9,81.1,98.24307692307693,98.20245780164139,keyboard_long_pause_count_2s|activity_active_hour_count|activity_transition_count|touch_app_diversity|touch_scroll_index_change_median|telephony_mobile_data_enabled_fraction|median_unlocked_session_duration_seconds|telephony_event_count,1887.3918221350996
20,4,012,4,75.6,98.24307692307693,98.25638697341644,keyboard_long_pause_count_2s|activity_active_hour_count|activity_transition_count|touch_app_diversity|touch_scroll_index_change_median|telephony_mobile_data_enabled_fraction|median_unlocked_session_duration_seconds|telephony_event_count,1887.3918221350996
20,4,013,10,109.6,98.24307692307693,98.42401726234903,keyboard_long_pause_count_2s|activity_active_hour_count|activity_transition_count|touch_app_diversity|touch_scroll_index_change_median|telephony_mobile_data_enabled_fraction|median_unlocked_session_duration_seconds|telephony_event_count,1887.3918221350996
20,4,020,18,90.0,98.24307692307693,98.3496747617128,keyboard_long_pause_count_2s|activity_active_hour_count|activity_transition_count|touch_app_diversity|touch_scroll_index_change_median|telephony_mobile_data_enabled_fraction|median_unlocked_session_duration_seconds|telephony_event_count,1887.3918221350996
20,4,021,17,97.8,98.24307692307693,98.40116314558507,keyboard_long_pause_count_2s|activity_active_hour_count|activity_transition_count|touch_app_diversity|touch_scroll_index_change_median|telephony_mobile_data_enabled_fraction|median_unlocked_session_duration_seconds|telephony_event_count,1887.3918221350996
20,4,026,75,104.1,98.24307692307693,98.50274539149325,keyboard_long_pause_count_2s|activity_active_hour_count|activity_transition_count|touch_app_diversity|touch_scroll_index_change_median|telephony_mobile_data_enabled_fraction|median_unlocked_session_duration_seconds|telephony_event_count,1887.3918221350996
20,4,030,13,103.8,98.24307692307693,98.0720473426367,keyboard_long_pause_count_2s|activity_active_hour_count|activity_transition_count|touch_app_diversity|touch_scroll_index_change_median|telephony_mobile_data_enabled_fraction|median_unlocked_session_duration_seconds|telephony_event_count,1887.3918221350996
20,4,034,73,101.8,98.24307692307693,98.30077504026673,keyboard_long_pause_count_2s|activity_active_hour_count|activity_transition_count|touch_app_diversity|touch_scroll_index_change_median|telephony_mobile_data_enabled_fraction|median_unlocked_session_duration_seconds|telephony_event_count,1887.3918221350996
20,4,039,27,99.3,98.24307692307693,99.05441053580437,keyboard_long_pause_count_2s|activity_active_hour_count|activity_transition_count|touch_app_diversity|touch_scroll_index_change_median|telephony_mobile_data_enabled_fraction|median_unlocked_session_duration_seconds|telephony_event_count,1887.3918221350996
20,4,048,7,95.2,98.24307692307693,98.42401726234903,keyboard_long_pause_count_2s|activity_active_hour_count|activity_transition_count|touch_app_diversity|touch_scroll_index_change_median|telephony_mobile_data_enabled_fraction|median_unlocked_session_duration_seconds|telephony_event_count,1887.3918221350996
20,4,064,69,99.3,98.24307692307693,97.97773579152006,keyboard_long_pause_count_2s|activity_active_hour_count|activity_transition_count|touch_app_diversity|touch_scroll_index_change_median|telephony_mobile_data_enabled_fraction|median_unlocked_session_duration_seconds|telephony_event_count,1887.3918221350996
20,4,070,24,95.5,98.24307692307693,98.10357744263581,keyboard_long_pause_count_2s|activity_active_hour_count|activity_transition_count|touch_app_diversity|touch_scroll_index_change_median|telephony_mobile_data_enabled_fraction|median_unlocked_session_duration_seconds|telephony_event_count,1887.3918221350996
20,4,082,70,92.0,98.24307692307693,98.14751497071772,keyboard_long_pause_count_2s|activity_active_hour_count|activity_transition_count|touch_app_diversity|touch_scroll_index_change_median|telephony_mobile_data_enabled_fraction|median_unlocked_session_duration_seconds|telephony_event_count,1887.3918221350996
20,4,084,49,87.5,98.24307692307693,98.04163460375575,keyboard_long_pause_count_2s|activity_active_hour_count|activity_transition_count|touch_app_diversity|touch_scroll_index_change_median|telephony_mobile_data_enabled_fraction|median_unlocked_session_duration_seconds|telephony_event_count,1887.3918221350996
20,4,092,63,109.1,98.24307692307693,98.42401726234903,keyboard_long_pause_count_2s|activity_active_hour_count|activity_transition_count|touch_app_diversity|touch_scroll_index_change_median|telephony_mobile_data_enabled_fraction|median_unlocked_session_duration_seconds|telephony_event_count,1887.3918221350996
20,5,006,8,90.1,98.35846153846153,97.69918918808857,message_distinct_event_count|unique_gsm_lac_count|keyboard_long_pause_count_2s|screen_unlock_event_count|touch_app_diversity|telephony_mobile_data_enabled_fraction|median_unlocked_session_duration_seconds|keyboard_median_inter_event_interval_ms,356.2247890262444
20,5,010,35,100.0,98.35846153846153,98.19577339556679,message_distinct_event_count|unique_gsm_lac_count|keyboard_long_pause_count_2s|screen_unlock_event_count|touch_app_diversity|telephony_mobile_data_enabled_fraction|median_unlocked_session_duration_seconds|keyboard_median_inter_event_interval_ms,356.2247890262444
20,5,011,74,88.0,98.35846153846153,97.85931968704438,message_distinct_event_count|unique_gsm_lac_count|keyboard_long_pause_count_2s|screen_unlock_event_count|touch_app_diversity|telephony_mobile_data_enabled_fraction|median_unlocked_session_duration_seconds|keyboard_median_inter_event_interval_ms,356.2247890262444
20,5,024,68,103.4,98.35846153846153,97.91231859027772,message_distinct_event_count|unique_gsm_lac_count|keyboard_long_pause_count_2s|screen_unlock_event_count|touch_app_diversity|telephony_mobile_data_enabled_fraction|median_unlocked_session_duration_seconds|keyboard_median_inter_event_interval_ms,356.2247890262444
20,5,035,54,98.1,98.35846153846153,98.38982677079011,message_distinct_event_count|unique_gsm_lac_count|keyboard_long_pause_count_2s|screen_unlock_event_count|touch_app_diversity|telephony_mobile_data_enabled_fraction|median_unlocked_session_duration_seconds|keyboard_median_inter_event_interval_ms,356.2247890262444
20,5,042,14,83.8,98.35846153846153,96.80792160387989,message_distinct_event_count|unique_gsm_lac_count|keyboard_long_pause_count_2s|screen_unlock_event_count|touch_app_diversity|telephony_mobile_data_enabled_fraction|median_unlocked_session_duration_seconds|keyboard_median_inter_event_interval_ms,356.2247890262444
20,5,044,44,108.3,98.35846153846153,98.74621959765327,message_distinct_event_count|unique_gsm_lac_count|keyboard_long_pause_count_2s|screen_unlock_event_count|touch_app_diversity|telephony_mobile_data_enabled_fraction|median_unlocked_session_duration_seconds|keyboard_median_inter_event_interval_ms,356.2247890262444
20,5,049,85,91.6,98.35846153846153,97.1159335425132,message_distinct_event_count|unique_gsm_lac_count|keyboard_long_pause_count_2s|screen_unlock_event_count|touch_app_diversity|telephony_mobile_data_enabled_fraction|median_unlocked_session_duration_seconds|keyboard_median_inter_event_interval_ms,356.2247890262444
20,5,053,32,104.6,98.35846153846153,96.79004835702231,message_distinct_event_count|unique_gsm_lac_count|keyboard_long_pause_count_2s|screen_unlock_event_count|touch_app_diversity|telephony_mobile_data_enabled_fraction|median_unlocked_session_duration_seconds|keyboard_median_inter_event_interval_ms,356.2247890262444
20,5,056,38,109.6,98.35846153846153,98.74621959765327,message_distinct_event_count|unique_gsm_lac_count|keyboard_long_pause_count_2s|screen_unlock_event_count|touch_app_diversity|telephony_mobile_data_enabled_fraction|median_unlocked_session_duration_seconds|keyboard_median_inter_event_interval_ms,356.2247890262444
20,5,060,26,96.9,98.35846153846153,97.92159192455878,message_distinct_event_count|unique_gsm_lac_count|keyboard_long_pause_count_2s|screen_unlock_event_count|touch_app_diversity|telephony_mobile_data_enabled_fraction|median_unlocked_session_duration_seconds|keyboard_median_inter_event_interval_ms,356.2247890262444
20,5,061,58,92.7,98.35846153846153,98.34795992969099,message_distinct_event_count|unique_gsm_lac_count|keyboard_long_pause_count_2s|screen_unlock_event_count|touch_app_diversity|telephony_mobile_data_enabled_fraction|median_unlocked_session_duration_seconds|keyboard_median_inter_event_interval_ms,356.2247890262444
20,5,067,25,87.1,98.35846153846153,99.13926892456277,message_distinct_event_count|unique_gsm_lac_count|keyboard_long_pause_count_2s|screen_unlock_event_count|touch_app_diversity|telephony_mobile_data_enabled_fraction|median_unlocked_session_duration_seconds|keyboard_median_inter_event_interval_ms,356.2247890262444
20,5,073,30,95.7,98.35846153846153,98.34739218312772,message_distinct_event_count|unique_gsm_lac_count|keyboard_long_pause_count_2s|screen_unlock_event_count|touch_app_diversity|telephony_mobile_data_enabled_fraction|median_unlocked_session_duration_seconds|keyboard_median_inter_event_interval_ms,356.2247890262444
20,5,077,77,87.8,98.35846153846153,98.23190439840192,message_distinct_event_count|unique_gsm_lac_count|keyboard_long_pause_count_2s|screen_unlock_event_count|touch_app_diversity|telephony_mobile_data_enabled_fraction|median_unlocked_session_duration_seconds|keyboard_median_inter_event_interval_ms,356.2247890262444
20,5,079,47,101.3,98.35846153846153,97.63088083365788,message_distinct_event_count|unique_gsm_lac_count|keyboard_long_pause_count_2s|screen_unlock_event_count|touch_app_diversity|telephony_mobile_data_enabled_fraction|median_unlocked_session_duration_seconds|keyboard_median_inter_event_interval_ms,356.2247890262444
